0.988703,0.137786,0.0459572,0.0370035,0.988703,0.137786,0.0459572,0.0370035,0.954059,-0.015237,0.178485,-0.240172,0.670679,-0.723421,0.0209855,-0.162514,0.920609,0.145571,0.27931,-0.230812,0.558096,0,0,0.829776,0.674416,0,0,0.738351,0.981942,-0.0463155,-0.17291,0.0612086,0.726089,-0.015859,-0.0343428,-0.68656,0.412223,0,0,-0.911083,0.982805,0,0,-0.184648,0.654869,-0.0118638,0.00908491,0.755595,0.652317,0.21005,0.105203,0.720621,-0.37973,0.127105,0.178532,-0.813374,0.128489,-0.188938,-0.207249,0.106584,0.274037,-0.618439,0.125879,-0.14602,-0.0710614,0.158684,0.211299,-0.247642,0.129471,-0.0717186,0,0.21113,0,0.146561,0.252098,0.036868,0.290291,0.33896,0.108941,0.211013,0.319272,0.334347,0.496244,0.189881,0.0164009,0.269528,0.185784,0.327395,0.608956,0.080971,0.0957964,0.453831,0.417405,0.221577,0,0,0,0,0,0,0,0,0,0,0,0,0,0,0,0,0,0,0,0,0,0,0,0,0,0,0,0,0,0,0,0,0,0,0,0,0,0,0,0.0521223,0.22565,0.086028,1,0.682191,-0.186052,-0.329549,-0.625617,0.218572,-0.751076,-1.5708,0,0,0,0,0,0
0.989291,0.133753,0.0444105,0.0379575,0.989291,0.133753,0.0444105,0.0379575,0.956402,-0.014548,0.175107,-0.233284,0.672583,-0.719546,0.0188527,-0.171843,0.922852,0.158778,0.271404,-0.222426,0.560398,0,0,0.828223,0.679642,0,0,0.733544,0.982154,-0.0327781,-0.175238,0.059925,0.727622,-0.0118728,-0.0323675,-0.685112,0.408858,0,0,-0.912598,0.98007,0,0,-0.19865,0.657057,0.0145634,0.0257047,0.753262,0.649279,0.201245,0.120668,0.723448,-0.377073,0.125022,0.17538,-0.812682,0.131451,-0.189404,-0.20523,0.107911,0.273027,-0.618827,0.128633,-0.143982,-0.0710769,0.163906,0.212563,-0.249129,0.134218,-0.0696733,-0.00162645,0.218918,0.000534445,0.14531,0.26054,0.0354733,0.290562,0.347295,0.104808,0.21436,0.327322,0.332365,0.495631,0.198679,0.0100425,0.271553,0.192623,0.325367,0.609421,0.0901144,0.0913278,0.456765,0.426577,0.21358,-0.244438,-0.0936792,0.0570049,-0.244438,-0.0936792,0.0570049,0.0426932,-0.214361,0.431074,0.298412,-0.145132,-0.621957,0.806533,-0.500285,0.527584,0,0,-0.166602,0,0,-0.42604,0.817308,-0.139776,-0.0777378,0.264181,0.131933,0.122369,0,0,-0.221432,0,0,-0.856023,1.79678,1.12899,-0.203275,-0.582951,1.06302,0.252187,0.0521813,0.232265,0.0844034,1,0.688346,-0.184174,-0.321948,-0.623385,0.201202,-0.738048,-1.54987,-0.0487935,0.23365,0.0160334,0.386796,0.387277,0.274696
0.989788,0.130925,0.0415592,0.0381056,0.989788,0.130925,0.0415592,0.0381056,0.957447,-0.0144261,0.173453,-0.23022,0.673977,-0.717332,0.0139955,-0.176052,0.925192,0.167671,0.264516,-0.214328,0.564578,0,0,0.82538,0.682591,0,0,0.730801,0.98207,-0.0211803,-0.179106,0.0548779,0.729858,-0.00601519,-0.0246026,-0.683129,0.408905,0,0,-0.912577,0.977353,0,0,-0.211616,0.66279,0.0243382,0.0389882,0.747394,0.649051,0.193817,0.14538,0.721133,-0.375831,0.123551,0.175799,-0.812512,0.130843,-0.187626,-0.203615,0.108324,0.27404,-0.619475,0.128889,-0.140066,-0.0703938,0.167647,0.214649,-0.250672,0.138071,-0.0669726,-0.00290234,0.226347,0.00152517,0.144704,0.268046,0.0337054,0.291879,0.353962,0.100146,0.220646,0.333275,0.330486,0.495056,0.205533,0.00189614,0.277002,0.197084,0.323159,0.610023,0.0971962,0.0834797,0.46117,0.432355,0.205038,-0.171598,-0.172104,0.00853922,-0.171598,-0.172104,0.00853922,0.0077349,-0.104431,0.191531,0.17618,-0.328603,-0.27777,0.539363,-0.437419,0.509413,0,0,-0.303345,0,0,-0.241664,0.700003,-0.233749,-0.304547,0.387645,0.514808,0.169636,0,0,0.00310204,0,0,-0.794847,0.660568,0.896764,-0.514174,-0.505148,1.68557,-0.153302,0.0528619,0.237399,0.0829724,1,0.695581,-0.183073,-0.308823,-0.622318,0.172982,-0.717472,-1.52473,-0.0382767,0.222863,0.0297219,0.595721,0.652445,0.190924
0.990249,0.12803,0.0395321,0.0381207,0.990249,0.12803,0.0395321,0.0381207,0.95728,-0.0150461,0.175901,-0.229016,0.675864,-0.714192,0.0112973,-0.181684,0.926897,0.180496,0.258631,-0.203455,0.569519,0,0,0.821978,0.687073,0,0,0.726589,0.982854,-0.0181058,-0.17751,0.0464815,0.732623,-0.00493779,-0.00821148,-0.680568,0.41121,0,0,-0.911541,0.974662,0,0,-0.223682,0.664378,0.0131416,0.0329885,0.746552,0.647489,0.189578,0.168321,0.718669,-0.377984,0.124782,0.180435,-0.812288,0.128241,-0.185495,-0.205009,0.107242,0.277195,-0.620169,0.126533,-0.135717,-0.0711303,0.167673,0.218046,-0.252462,0.138773,-0.0628741,-0.00448252,0.230697,0.00489082,0.143868,0.271894,0.0344803,0.293182,0.356492,0.097964,0.226086,0.335726,0.330419,0.494909,0.207435,-0.00269846,0.280796,0.197511,0.322984,0.610905,0.0994472,0.080391,0.465821,0.433124,0.19874,-0.175515,-0.12241,0.000555233,-0.175515,-0.12241,0.000555233,-0.0377908,0.149575,0.072495,0.247728,-0.182726,-0.371087,0.782751,-0.371576,0.676518,0,0,-0.359882,0,0,-0.369028,0.185869,0.0991615,-0.50756,0.0715207,1.08343,0.216616,0,0,0.151644,0,0,-0.741781,-0.759788,-0.408235,-0.0888567,-0.280959,1.57128,-0.137422,0.0530229,0.239079,0.0837023,1,0.700083,-0.183883,-0.297902,-0.622355,0.149022,-0.702324,-1.50806,-0.0474055,0.1305,0.100969,0.4241,0.569059,0.0315849
0.9906,0.126239,0.0364894,0.0380016,0.9906,0.126239,0.0364894,0.0380016,0.957923,-0.0154752,0.173383,-0.228214,0.675478,-0.713027,0.0100238,-0.187672,0.928912,0.190888,0.252187,-0.192577,0.576047,0,0,0.817417,0.692179,0,0,0.721726,0.98286,-0.0151722,-0.180685,0.0333026,0.734864,0.000126012,0.00919564,-0.678152,0.415411,0,0,-0.909634,0.972138,0,0,-0.234411,0.665035,-0.0086031,0.0200626,0.746493,0.646937,0.182286,0.191961,0.715119,-0.381898,0.126562,0.188244,-0.812043,0.124993,-0.182055,-0.208284,0.105338,0.283245,-0.620832,0.123346,-0.13011,-0.0724724,0.165753,0.22414,-0.2542,0.138341,-0.0573526,-0.00558554,0.233121,0.0102377,0.143685,0.273227,0.0367314,0.295349,0.355884,0.0972528,0.232483,0.334025,0.331518,0.494857,0.206205,-0.00651918,0.284583,0.193082,0.323006,0.611972,0.0977592,0.0772322,0.471324,0.429937,0.194198,-0.1087,-0.183416,-0.00744148,-0.1087,-0.183416,-0.00744148,-0.0259103,-0.155548,0.0518719,0.0713156,-0.085807,-0.405884,0.630989,-0.407127,0.677298,0,0,-0.477844,0,0,-0.42304,0.177029,-0.191563,-0.795288,0.334173,1.14825,0.197602,0,0,0.276788,0,0,-0.661315,-1.4734,-0.876289,-0.0171872,-0.49472,1.61572,-0.231414,0.0533991,0.238404,0.0860839,1,0.704903,-0.184515,-0.282265,-0.624013,0.118711,-0.679262,-1.4912,-0.0330906,0.0727065,0.160406,0.640219,0.748287,-0.0735087
0.991083,0.123519,0.0331678,0.0373835,0.991083,0.123519,0.0331678,0.0373835,0.958628,-0.0161683,0.174019,-0.224698,0.678247,-0.708264,0.00872211,-0.19562,0.929746,0.204738,0.246954,-0.180745,0.580877,0,0,0.813991,0.69666,0,0,0.717402,0.982996,-0.0094559,-0.182166,0.0211193,0.736808,0.00355241,0.0257762,-0.675602,0.419269,0,0,-0.907862,0.97015,0,0,-0.242507,0.664497,-0.0225919,0.0126695,0.746842,0.648428,0.173731,0.207485,0.711554,-0.385275,0.127401,0.195078,-0.811702,0.124303,-0.177254,-0.211577,0.103177,0.289166,-0.621043,0.122446,-0.123745,-0.0739562,0.164521,0.231182,-0.255303,0.139837,-0.050961,-0.00632493,0.23694,0.0172782,0.143729,0.27596,0.0411861,0.297703,0.356357,0.0990618,0.237975,0.333525,0.334756,0.495354,0.205794,-0.00747755,0.287345,0.190328,0.32569,0.613087,0.0970686,0.0775167,0.477006,0.427782,0.192186,-0.164901,-0.200249,-0.037568,-0.164901,-0.200249,-0.037568,-0.0419479,0.0361474,0.217221,0.373274,-0.088463,-0.521863,0.847696,-0.325956,0.730467,0,0,-0.355273,0,0,-0.373637,0.344979,-0.0888769,-0.735261,0.225755,1.09202,0.2011,0,0,0.254731,0,0,-0.500169,-0.948044,-0.500686,0.0344319,-0.590826,1.05089,-0.272217,0.0539431,0.238926,0.0902014,1,0.709299,-0.183415,-0.267687,-0.625778,0.0945145,-0.655171,-1.47798,-0.0221816,0.114574,0.211216,0.670903,0.63034,-0.0528132
0.99184,0.1178,0.0303857,0.0381195,0.99184,0.1178,0.0303857,0.0381195,0.959652,-0.0168893,0.175055,-0.219406,0.683358,-0.701651,0.00894565,-0.201565,0.929006,0.222177,0.244342,-0.16698,0.584772,0,0,0.811198,0.701868,0,0,0.712307,0.983896,0.00234611,-0.178275,0.0126931,0.741504,0.00764804,0.0445981,-0.669421,0.422559,0,0,-0.906335,0.967543,0,0,-0.252706,0.660578,-0.0355884,0.0225983,0.749573,0.651017,0.170229,0.216833,0.707236,-0.386957,0.127689,0.199857,-0.810783,0.125469,-0.172168,-0.213748,0.102141,0.29392,-0.620511,0.123036,-0.117,-0.0748081,0.165812,0.238094,-0.256068,0.143574,-0.0436715,-0.0068711,0.243586,0.0252449,0.144194,0.280783,0.0462022,0.301409,0.358197,0.0996439,0.247788,0.33577,0.336942,0.495913,0.205212,-0.0111329,0.294118,0.190558,0.327194,0.615017,0.0963151,0.0745921,0.485384,0.426594,0.186292,-0.345985,-0.167887,0.0437128,-0.345985,-0.167887,0.0437128,-0.0435051,0.0593535,0.326627,0.54039,0.0138586,-0.373491,1.07503,-0.156705,0.843134,0,0,-0.287601,0,0,-0.437198,0.712119,0.237998,-0.508685,0.268958,1.23492,0.485842,0,0,0.217623,0,0,-0.631588,-0.884427,0.675181,0.263929,-0.250814,0.622231,-0.344253,0.0555494,0.241225,0.093759,1,0.711206,-0.183705,-0.254573,-0.628992,0.0732832,-0.635035,-1.47235,-0.0163851,0.199389,0.239,0.552694,0.564296,-0.214128
0.991187,0.114557,0.0439875,0.0498944,0.991187,0.114557,0.0439875,0.0498944,0.970892,0.00300918,0.106233,-0.214647,0.683377,-0.683212,-0.0394816,-0.254279,0.942374,0.246424,0.176222,-0.141959,0.575856,0,0,0.817551,0.70779,0,0,0.706423,0.984481,0.0175211,-0.174559,-0.00446018,0.740971,0.0243874,0.049391,-0.669274,0.429574,0,0,-0.903031,0.967573,0,0,-0.252592,0.657015,-0.0382483,0.0264365,0.752442,0.662012,0.161316,0.221329,0.697661,-0.388132,0.127783,0.204838,-0.807947,0.123909,-0.166223,-0.215665,0.100709,0.299256,-0.617385,0.123845,-0.109403,-0.0736833,0.167049,0.246342,-0.253493,0.149057,-0.0347475,-0.00352604,0.250491,0.0342809,0.14796,0.288099,0.0508351,0.306042,0.367829,0.0978399,0.259331,0.3426,0.348659,0.494245,0.226245,-0.0140853,0.304004,0.198933,0.347674,0.613164,0.123039,0.0816095,0.490581,0.441432,0.179514,-0.193576,0.818915,0.709076,-0.193576,0.818915,0.709076,1.20953,-4.21033,0.339071,1.24057,-3.25728,-3.54552,1.42084,-4.2364,1.57786,0,0,0.656925,0,0,-0.500841,0.915211,0.226242,-1.03471,1.1013,0.315896,0.000744029,0,0,0.465266,0,0,0.00704645,-0.184195,0.26303,0.267013,-0.655115,0.240519,-0.859569,0.0587602,0.248487,0.0984734,1,0.71505,-0.186021,-0.240268,-0.62958,0.0447462,-0.616077,-1.45808,0.100352,0.207155,0.27108,0.492394,0.750063,-0.0731309
0.989912,0.106064,0.0661697,0.0666801,0.989912,0.106064,0.0661697,0.0666801,0.975758,0.0319672,-0.00462709,-0.216454,0.681085,-0.647408,-0.108596,-0.324334,0.951115,0.274906,0.0794557,-0.116165,0.557839,0,0,0.829949,0.711114,0,0,0.703076,0.985083,0.0312452,-0.16741,-0.0246613,0.737383,0.0415353,0.0546398,-0.671979,0.440619,0,0,-0.897694,0.970253,0,0,-0.242095,0.654159,-0.045174,0.0252128,0.754585,0.676843,0.156214,0.222323,0.684144,-0.390068,0.128114,0.210783,-0.803929,0.120587,-0.160667,-0.218001,0.0985325,0.304758,-0.612534,0.124715,-0.102911,-0.0711764,0.167126,0.254559,-0.248407,0.154885,-0.0261225,0.00271703,0.256131,0.0440988,0.154592,0.294079,0.0554295,0.313624,0.376764,0.0931797,0.279676,0.349021,0.360543,0.487794,0.250617,-0.0209072,0.323466,0.210327,0.371455,0.604346,0.154714,0.0862567,0.498486,0.455957,0.168099,-0.508373,1.33656,1.01182,-0.508373,1.33656,1.01182,1.75136,-6.71646,-0.0879669,2.36909,-4.6553,-4.73155,1.69233,-5.93462,1.59928,0,0,1.31221,0,0,-0.283043,0.827352,0.433224,-1.21808,1.13179,0.350188,-0.238178,0,0,0.73597,0,0,0.650007,-0.474189,-0.0812184,0.203942,-0.407931,-0.0205245,-1.18755,0.0641454,0.255432,0.102256,1,0.717212,-0.189736,-0.227709,-0.630679,0.0182695,-0.601594,-1.44824,0.187292,0.169176,0.29454,0.354994,0.698066,-0.159214
0.990878,0.0972025,0.0641098,0.0678438,0.990878,0.0972025,0.0641098,0.0678438,0.976178,0.0292777,-0.0126503,-0.214613,0.69487,-0.630158,-0.115038,-0.326838,0.946214,0.293357,0.0787221,-0.111464,0.542414,0,0,0.840111,0.711812,0,0,0.70237,0.986051,0.040152,-0.157704,-0.0349412,0.737368,0.0515427,0.0626156,-0.670605,0.451929,0,0,-0.892054,0.973289,0,0,-0.229585,0.656806,-0.0522861,0.020565,0.751963,0.693231,0.153142,0.222872,0.668062,-0.392398,0.128404,0.217799,-0.800405,0.118176,-0.155335,-0.219496,0.0961927,0.309883,-0.607967,0.126473,-0.0971111,-0.0682863,0.167418,0.261516,-0.243456,0.161441,-0.0185151,0.0083352,0.261916,0.0542076,0.161056,0.297598,0.0630768,0.323158,0.376902,0.0953581,0.297742,0.35139,0.363935,0.491115,0.246702,-0.0243102,0.341305,0.216746,0.374519,0.607481,0.149286,0.0819969,0.512782,0.452244,0.162214,-0.535366,-0.125262,0.0687409,-0.535366,-0.125262,0.0687409,-0.162935,-0.485214,0.113165,1.38906,-0.392108,-0.0505045,1.15542,-0.0367035,0.27534,0,0,1.10833,0,0,-0.0595605,0.536292,0.5884,-0.619191,0.659248,0.525429,0.0902589,0,0,0.758315,0,0,0.77238,-0.480173,-0.317717,-0.232251,-0.273108,-0.0590443,-1.37234,0.0708193,0.256969,0.106869,1,0.716205,-0.189605,-0.218672,-0.635046,0.00737757,-0.587213,-1.45305,0.168545,0.173565,0.303263,0.395852,0.320475,-0.327081
0.992623,0.0907528,0.051852,0.0614328,0.992623,0.0907528,0.051852,0.0614328,0.978386,0.015071,0.0143892,-0.205735,0.72001,-0.613178,-0.112982,-0.304686,0.938636,0.309372,0.107114,-0.108523,0.527753,0,0,0.849398,0.711808,0,0,0.702375,0.986836,0.0500784,-0.146948,-0.0453214,0.738548,0.0596962,0.0757439,-0.667267,0.465339,0,0,-0.885133,0.976431,0,0,-0.21583,0.658719,-0.0623663,0.0149936,0.74965,0.710831,0.154334,0.220871,0.649704,-0.395116,0.12865,0.226044,-0.796304,0.116407,-0.148516,-0.221131,0.0935441,0.315446,-0.602619,0.128885,-0.0902412,-0.0647611,0.167681,0.269081,-0.237737,0.168899,-0.0100193,0.0148278,0.268257,0.0657016,0.168617,0.300295,0.0727076,0.334648,0.372917,0.101624,0.314836,0.352574,0.368338,0.499573,0.231274,-0.0220344,0.359732,0.222286,0.378328,0.614929,0.130089,0.0818231,0.53017,0.440359,0.161048,-0.391355,-0.739536,-0.387996,-0.391355,-0.739536,-0.387996,-0.859918,1.63473,0.546208,1.53385,0.210838,1.6805,1.02765,1.75177,0.162448,0,0,1.04129,0,0,0.000379455,0.597574,0.650678,-0.625007,0.53535,0.862586,0.23956,0,0,0.905455,0,0,0.846572,-0.681926,-0.379458,-0.195914,0.00954901,-0.234639,-1.52592,0.0787921,0.256384,0.113677,1,0.714372,-0.188945,-0.207401,-0.64106,-0.0047952,-0.568742,-1.46133,0.194777,0.190236,0.344819,0.515893,0.366722,-0.447877
0.993929,0.0849039,0.0409667,0.0567213,0.993929,0.0849039,0.0409667,0.0567213,0.980867,0.00485936,0.0422732,-0.189971,0.750768,-0.58626,-0.129946,-0.275245,0.93104,0.326607,0.126077,-0.102937,0.517713,0,0,0.855554,0.713051,0,0,0.701112,0.987341,0.0581397,-0.136829,-0.0552801,0.740894,0.068441,0.0838923,-0.662838,0.481723,0,0,-0.876324,0.979818,0,0,-0.19989,0.66198,-0.0762195,0.00927989,0.745578,0.733859,0.150538,0.208674,0.628685,-0.3983,0.136625,0.234978,-0.791699,0.123853,-0.138855,-0.222698,0.0986769,0.320774,-0.596097,0.140542,-0.0814684,-0.0600593,0.17573,0.27599,-0.230475,0.185295,-0.00100402,0.0231094,0.282381,0.0771516,0.177838,0.310587,0.0826091,0.347202,0.376677,0.108628,0.336337,0.361513,0.376026,0.508369,0.225592,-0.0174594,0.387544,0.236641,0.389227,0.621868,0.121259,0.0858973,0.547489,0.437758,0.161223,-0.35403,-0.655802,-0.284875,-0.35403,-0.655802,-0.284875,-0.617394,1.68307,0.962296,2.23741,-1.02469,2.16476,1.10811,1.18178,0.32569,0,0,0.706653,0,0,-0.106349,0.485223,0.611224,-0.599592,0.571794,0.531617,0.330455,0,0,1.11613,0,0,0.977765,-0.934196,-0.388882,-0.341976,-0.34065,-0.933718,-1.76638,0.088175,0.264047,0.121425,1,0.711693,-0.186499,-0.195258,-0.648526,-0.0142816,-0.546649,-1.47398,0.248449,0.423707,0.343501,0.634415,0.308436,-0.530298
0.995035,0.080408,0.0289109,0.0510235,0.995035,0.080408,0.0289109,0.0510235,0.980654,-0.0060716,0.0842551,-0.176586,0.786114,-0.553532,-0.150894,-0.229908,0.923103,0.342023,0.147959,-0.0949201,0.5188,0,0,0.854896,0.714566,0,0,0.699568,0.987765,0.0716332,-0.123133,-0.0634615,0.748332,0.0733339,0.102031,-0.651315,0.501909,0,0,-0.864921,0.982205,0,0,-0.187811,0.666386,-0.0868905,0.00372834,0.740518,0.759705,0.146912,0.195726,0.602459,-0.401571,0.145496,0.244725,-0.785717,0.134217,-0.125903,-0.223889,0.105004,0.32596,-0.587904,0.153975,-0.0695354,-0.053678,0.185797,0.283132,-0.221745,0.203485,0.0100001,0.0332632,0.298282,0.0898792,0.189102,0.320706,0.0933001,0.362216,0.377894,0.116442,0.363964,0.367897,0.384463,0.518172,0.215389,-0.0114812,0.424387,0.24743,0.401823,0.629323,0.107245,0.0912076,0.567484,0.429089,0.162118,-0.272088,-0.725458,-0.343693,-0.272088,-0.725458,-0.343693,-0.660099,2.53547,0.807489,2.62134,-1.24311,3.16924,1.00444,1.36889,0.476402,0,0,-0.0762588,0,0,-0.129744,0.812425,0.826317,-0.492425,0.30832,1.17444,0.878578,0,0,1.3911,0,0,0.738779,-0.713556,-0.377005,-0.430771,-0.33341,-0.979661,-2.11654,0.0996962,0.271138,0.130275,1,0.705248,-0.186248,-0.18016,-0.659909,-0.0287827,-0.523516,-1.49669,0.304613,0.477027,0.381827,0.659515,0.43212,-0.902918
0.995981,0.0719745,0.0227307,0.0482232,0.995981,0.0719745,0.0227307,0.0482232,0.980858,-0.00843112,0.100266,-0.166712,0.817904,-0.508227,-0.183628,-0.197533,0.915913,0.362547,0.149004,-0.0863768,0.525486,0,0,0.850802,0.715431,0,0,0.698684,0.987146,0.0813788,-0.112875,-0.0786074,0.751978,0.0746558,0.118849,-0.644073,0.523073,0,0,-0.852288,0.984922,0,0,-0.173001,0.669444,-0.0991138,-0.00570015,0.736198,0.789158,0.146537,0.171462,0.571277,-0.404111,0.153401,0.256267,-0.778774,0.143891,-0.109112,-0.224418,0.110237,0.332378,-0.578001,0.166426,-0.0551377,-0.0459302,0.193878,0.291259,-0.210886,0.220153,0.0221967,0.0455802,0.31236,0.103204,0.202101,0.330817,0.103145,0.378187,0.381062,0.120344,0.397398,0.373698,0.390721,0.52462,0.212423,-0.0121933,0.468583,0.258178,0.413502,0.633703,0.10155,0.0902042,0.587493,0.42445,0.156521,-0.508216,-0.371859,-0.169217,-0.508216,-0.371859,-0.169217,-0.142456,0.966503,0.597018,3.31208,-1.97937,2.24241,1.31968,0.0872405,0.512893,0,0,-0.470395,0,0,-0.0742163,0.588152,0.616542,-0.913457,0.0799797,1.09254,0.533224,0,0,1.47887,0,0,0.903407,-0.819566,-0.637959,-0.352627,-0.129044,-1.7072,-2.44424,0.11263,0.278625,0.137932,1,0.70298,-0.184953,-0.163012,-0.667112,-0.048391,-0.496052,-1.50619,0.36951,0.422352,0.399736,0.786347,0.569339,-0.572252
0.996799,0.0615025,0.0180884,0.0477732,0.996799,0.0615025,0.0180884,0.0477732,0.981839,-0.00764608,0.106589,-0.156755,0.844222,-0.462323,-0.216561,-0.163243,0.907579,0.385434,0.144786,-0.082331,0.540792,0,0,0.841156,0.712661,0,0,0.701509,0.985859,0.0900066,-0.104669,-0.0949993,0.757246,0.0675002,0.141059,-0.634133,0.544498,0,0,-0.838762,0.986958,0,0,-0.16098,0.671532,-0.109141,-0.0183524,0.732664,0.819318,0.148758,0.144717,0.534459,-0.405398,0.264291,0.268662,-0.76997,0.256471,-0.0896497,-0.223796,0.218793,0.339307,-0.565993,0.280831,-0.0386702,-0.0368174,0.304937,0.299951,-0.198039,0.338883,0.035319,0.0595783,0.429125,0.117131,0.216505,0.444379,0.11305,0.394829,0.488921,0.122606,0.435619,0.482758,0.394193,0.529456,0.316426,-0.01659,0.519632,0.372116,0.421052,0.636315,0.203425,0.0845286,0.607284,0.526351,0.1474,-0.630169,-0.279209,-0.0278197,-0.630169,-0.279209,-0.0278197,0.0475574,0.37965,0.604386,3.21483,-1.97413,2.29109,1.48213,-0.234461,0.235041,0,0,-1.08551,0,0,0.237395,0.522241,0.491797,-0.990225,-0.477541,1.43668,0.733522,0,0,1.52031,0,0,0.731559,-0.672049,-0.854656,-0.279797,0.0377056,-1.83088,-2.75883,0.126922,0.389842,0.145017,1,0.701807,-0.182268,-0.144906,-0.673236,-0.0680016,-0.465435,-1.51312,0.419943,3.50294,0.417826,0.884888,0.576803,-0.47996
0.997468,0.0509536,0.0132339,0.0478118,0.997468,0.0509536,0.0132339,0.0478118,0.98293,-0.00623534,0.107137,-0.149435,0.864989,-0.418984,-0.244215,-0.128864,0.898834,0.406218,0.139066,-0.0880013,0.561215,0,0,0.82767,0.704394,0,0,0.70981,0.983672,0.0991028,-0.0994813,-0.112565,0.764448,0.0516026,0.168448,-0.620147,0.566077,0,0,-0.824352,0.987729,0,0,-0.156178,0.675491,-0.119758,-0.0278446,0.727045,0.843725,0.144764,0.126967,0.50105,-0.406533,0.363839,0.280803,-0.759536,0.359763,-0.0684014,-0.22311,0.316583,0.346572,-0.55282,0.384069,-0.0204977,-0.0274319,0.404872,0.309249,-0.18426,0.445401,0.0492345,0.074233,0.534308,0.131477,0.231325,0.546899,0.123185,0.41116,0.586536,0.124729,0.473873,0.580156,0.395412,0.531492,0.411068,-0.0222906,0.571033,0.474147,0.42451,0.634358,0.295458,0.0761126,0.625764,0.618611,0.137967,-0.634293,-0.291758,0.00168025,-0.634293,-0.291758,0.00168025,0.0852984,0.0307143,0.445163,2.94071,-1.6367,2.23743,1.36384,-0.327849,-0.367767,0,0,-1.46847,0,0,0.702909,0.552744,0.308323,-1.06391,-1.04852,1.761,1.02393,0,0,1.5569,0,0,0.291792,-0.704887,-0.638504,-0.456212,-0.336507,-1.2055,-2.41624,0.141214,0.490159,0.152101,1,0.701414,-0.178128,-0.125348,-0.678658,-0.0878784,-0.430821,-1.51858,0.439642,3.15549,0.430386,1.0073,0.593668,-0.422086
0.99803,0.0418558,0.0089313,0.0458688,0.99803,0.0418558,0.0089313,0.0458688,0.98331,-0.00942012,0.111347,-0.143581,0.878404,-0.386515,-0.266034,-0.0907719,0.8901,0.426438,0.135144,-0.0872249,0.589554,0,0,0.807729,0.70156,0,0,0.71261,0.980668,0.107607,-0.0972709,-0.131338,0.771514,0.0353772,0.190732,-0.605917,0.584372,0,0,-0.811486,0.986087,0,0,-0.166231,0.680816,-0.120779,-0.0419959,0.721207,0.857631,0.127049,0.115663,0.484717,-0.405756,0.451587,0.291484,-0.747339,0.4547,-0.0467378,-0.220864,0.402879,0.353157,-0.538563,0.475489,-0.00192301,-0.0177088,0.492924,0.318321,-0.169951,0.537705,0.0631557,0.0887475,0.627261,0.144944,0.245764,0.638648,0.132819,0.426383,0.674657,0.127501,0.510079,0.666721,0.395425,0.535965,0.498248,-0.0259643,0.620961,0.564023,0.424775,0.636781,0.380348,0.0704718,0.642191,0.702191,0.130025,-0.546801,-0.258473,-0.117194,-0.546801,-0.258473,-0.117194,-0.192109,0.253201,0.354401,2.15617,-1.29205,2.42133,1.33707,-0.217816,0.0316098,0,0,-2.07921,0,0,0.239023,0.519629,0.127416,-1.14059,-1.06406,1.42019,1.03209,0,0,1.34199,0,0,-0.611147,-0.0518064,-0.948865,-0.495546,-1.162,-0.752381,-1.18704,0.155506,0.579575,0.159185,1,0.703903,-0.173059,-0.106856,-0.680553,-0.106641,-0.396275,-1.51564,0.435434,2.78858,0.403986,1.00719,0.570314,-0.13794
0.998572,0.03089,0.00691972,0.0430289,0.998572,0.03089,0.00691972,0.0430289,0.984861,-0.00714927,0.107166,-0.136064,0.88315,-0.36279,-0.292979,-0.0509207,0.879981,0.451717,0.124422,-0.0781277,0.624134,0,0,0.781317,0.701717,0,0,0.712455,0.976226,0.119837,-0.0968439,-0.152458,0.77922,0.0253756,0.210139,-0.589928,0.598712,0,0,-0.800964,0.978427,0,0,-0.206594,0.683193,-0.117768,-0.0508593,0.718882,0.838194,0.104359,0.0826585,0.528874,-0.402865,0.527911,0.299994,-0.731072,0.546923,-0.0236714,-0.217567,0.478345,0.360173,-0.522023,0.557607,0.0163592,-0.00817721,0.569497,0.329314,-0.155008,0.614502,0.0781322,0.102798,0.707954,0.159428,0.259501,0.719177,0.142839,0.440338,0.75229,0.129239,0.548665,0.743906,0.392588,0.539265,0.576436,-0.0290939,0.674581,0.644554,0.420543,0.63948,0.457977,0.0673588,0.656599,0.776485,0.12009,-0.658715,-0.120849,-0.170977,-0.658715,-0.120849,-0.170977,0.137239,-0.255647,0.457808,1.52218,-1.65491,2.4983,1.67536,-0.640299,0.549368,0,0,-2.61102,0,0,-0.0132202,0.749402,0.017032,-1.2892,-0.655162,1.22291,1.14984,0,0,1.0672,0,0,-2.46517,0.210053,-0.593575,-0.201584,-1.38388,-2.04347,3.01608,0.169798,0.658092,0.166269,1,0.708462,-0.169677,-0.0895643,-0.679168,-0.127504,-0.365466,-1.50499,0.421501,2.42079,0.434519,0.887432,0.635882,0.086822
0.998928,0.0196722,0.00296163,0.041798,0.998928,0.0196722,0.00296163,0.041798,0.985531,-0.00430377,0.105183,-0.13284,0.887336,-0.344186,-0.306608,-0.0127144,0.866919,0.476835,0.122232,-0.0783497,0.655358,0,0,0.755318,0.700158,0,0,0.713988,0.970898,0.137124,-0.0926013,-0.173145,0.79012,0.016729,0.239075,-0.564157,0.613374,0,0,-0.789792,0.963778,0,0,-0.266706,0.689668,-0.109833,-0.0599368,0.713234,0.801775,0.0731561,0.0676367,0.589262,-0.399513,0.594048,0.309932,-0.708988,0.632151,0.00152128,-0.213581,0.54364,0.368825,-0.501737,0.628656,0.0362456,0.0020975,0.636005,0.342613,-0.138826,0.678098,0.0944934,0.116983,0.777931,0.176467,0.273052,0.788681,0.154092,0.453316,0.819262,0.130101,0.587379,0.81138,0.383779,0.539027,0.642267,-0.0344746,0.726846,0.715214,0.405622,0.638847,0.52215,0.0595497,0.668978,0.840189,0.107022,-0.673534,-0.23762,-0.0741828,-0.673534,-0.23762,-0.0741828,0.171656,-0.121012,0.196196,1.19351,-0.822954,2.38723,1.70868,-0.101477,-0.0365996,0,0,-2.43801,0,0,0.131158,1.0604,0.246512,-1.26998,-0.565079,1.8139,1.81865,0,0,1.10604,0,0,-3.71291,0.552471,-0.600414,-0.501164,-1.9182,-0.896023,4.33134,0.18409,0.725709,0.173354,1,0.711348,-0.170428,-0.0708799,-0.67817,-0.155758,-0.338422,-1.49639,0.425567,2.09933,0.511185,0.75352,0.850563,-0.0342321
0.99908,0.0077835,-0.000168144,0.0421817,0.99908,0.0077835,-0.000168144,0.0421817,0.985562,-0.000533335,0.105379,-0.132525,0.889109,-0.330825,-0.315791,0.0177484,0.852331,0.502615,0.12043,-0.0800418,0.68405,0,0,0.729435,0.698454,0,0,0.715655,0.964973,0.152466,-0.0848271,-0.195924,0.799397,0.00951573,0.270841,-0.536209,0.629092,0,0,-0.777331,0.945323,0,0,-0.326137,0.696272,-0.10844,-0.0666229,0.706404,0.793094,0.0335554,0.0643996,0.604755,-0.39662,0.649747,0.320982,-0.684587,0.70441,0.0268999,-0.209933,0.598604,0.378537,-0.478092,0.685517,0.055804,0.0125613,0.691578,0.35666,-0.12106,0.72902,0.110225,0.131768,0.836006,0.194452,0.28687,0.846873,0.166054,0.465516,0.876214,0.13083,0.623984,0.870264,0.371919,0.53801,0.698227,-0.0390466,0.775166,0.777005,0.385701,0.63839,0.577349,0.0525292,0.679256,0.895213,0.0928886,-0.713598,-0.187853,0.0229021,-0.713598,-0.187853,0.0229021,0.227324,0.0117649,0.0190837,0.846023,-0.56038,1.89897,1.78408,-0.0737618,-0.132521,0,0,-2.31866,0,0,0.143065,0.948133,0.460714,-1.404,-0.467966,1.99187,1.92332,0,0,1.20353,0,0,-3.73439,0.112132,-0.437134,-0.579983,-2.53974,-0.194906,1.12085,0.198382,0.782425,0.180438,1,0.714255,-0.173706,-0.054945,-0.675757,-0.184136,-0.318619,-1.48575,0.443559,1.74223,0.539554,0.527988,0.850555,0.0443725
0.999164,0.000121468,-0.0027732,0.0407836,0.999164,0.000121468,-0.0027732,0.0407836,0.986556,0.00203483,0.099573,-0.12957,0.884765,-0.325065,-0.330905,0.0450101,0.842654,0.520543,0.111577,-0.0807382,0.709722,0,0,0.704482,0.69639,0,0,0.717663,0.95763,0.16448,-0.0821958,-0.221664,0.806356,0.00469457,0.302173,-0.508389,0.646973,0,0,-0.762513,0.926603,0,0,-0.376041,0.698814,-0.119008,-0.0737072,0.701472,0.795147,0.0338312,0.0593553,0.602556,-0.39567,0.696235,0.332631,-0.659162,0.762428,0.0491508,-0.208295,0.644173,0.388063,-0.453032,0.730962,0.0698,0.0223417,0.736126,0.369208,-0.102405,0.770315,0.121288,0.147118,0.882383,0.210374,0.301205,0.893657,0.176969,0.478219,0.922074,0.133608,0.655803,0.916997,0.364017,0.539564,0.744899,-0.0393288,0.816908,0.826792,0.370503,0.639245,0.623361,0.0510793,0.689974,0.939901,0.084991,-0.459863,-0.156347,-0.0839824,-0.459863,-0.156347,-0.0839824,0.154795,-0.352037,0.180793,0.327968,-0.973479,1.70327,1.24631,-0.534423,-0.0617054,0,0,-2.14816,0,0,0.172765,0.754263,0.147296,-1.59623,-0.311082,1.96701,1.87412,0,0,1.3934,0,0,-3.19835,-0.699415,-0.469237,-0.376444,0.0161377,-0.32833,-0.171273,0.212673,0.828242,0.187522,1,0.717542,-0.173837,-0.0368801,-0.673464,-0.210117,-0.291168,-1.47652,0.460495,1.39133,0.477643,0.753596,0.814266,0.0428589
0.999118,-0.00527588,-0.00563194,0.0412655,0.999118,-0.00527588,-0.00563194,0.0412655,0.987263,0.0036664,0.0949188,-0.127625,0.879558,-0.322044,-0.344063,0.06547,0.832216,0.538993,0.102778,-0.07962,0.730143,0,0,0.683294,0.694563,0,0,0.719432,0.951538,0.171312,-0.0755491,-0.243965,0.816319,0.00151991,0.333385,-0.471673,0.667441,0,0,-0.744662,0.903584,0,0,-0.428411,0.692267,-0.144309,-0.0751085,0.703064,0.78834,0.0500725,0.0611365,0.610143,-0.396501,0.734535,0.347023,-0.629651,0.809022,0.0713577,-0.208356,0.681464,0.397759,-0.425241,0.766496,0.0814503,0.0317146,0.771107,0.379954,-0.0827763,0.802413,0.129724,0.162584,0.9183,0.225583,0.315678,0.92878,0.187686,0.491053,0.955956,0.137441,0.683843,0.950361,0.357898,0.542816,0.780315,-0.0380055,0.852197,0.862301,0.357318,0.641337,0.658136,0.0518703,0.700679,0.972497,0.0797517,-0.323936,-0.171577,0.0289571,-0.323936,-0.171577,0.0289571,0.0982828,-0.281865,0.119043,0.151646,-0.860734,1.28454,1.29784,-0.532923,0.0518107,0,0,-1.76565,0,0,0.152602,0.4375,0.394987,-1.38815,-0.204168,1.92599,2.46727,0,0,1.62956,0,0,-3.43286,-1.71614,-0.106486,0.226291,1.05512,0.124744,0.588107,0.226965,0.863159,0.194606,1,0.716773,-0.17315,-0.017872,-0.67523,-0.234163,-0.262455,-1.48008,0.463976,1.07751,0.456295,0.793568,0.770525,-0.303876
0.999107,-0.010153,-0.00891826,0.0400313,0.999107,-0.010153,-0.00891826,0.0400313,0.987699,0.00470597,0.0957727,-0.123517,0.874224,-0.318709,-0.357039,0.0817359,0.820948,0.558134,0.0969034,-0.0716929,0.746539,0,0,0.665341,0.695549,0,0,0.718479,0.944483,0.177092,-0.0679908,-0.268268,0.826496,0.000527888,0.361925,-0.431178,0.692433,0,0,-0.721482,0.875346,0,0,-0.483497,0.687399,-0.165724,-0.0891534,0.701477,0.779062,0.0513025,0.0588381,0.622068,-0.400212,0.761226,0.363445,-0.595987,0.843182,0.0960473,-0.210575,0.708055,0.407355,-0.394349,0.791025,0.0928338,0.0404534,0.795774,0.389829,-0.0620419,0.82439,0.136711,0.178085,0.943494,0.240539,0.330072,0.953259,0.198241,0.503743,0.9788,0.141618,0.709513,0.971425,0.352566,0.547678,0.80516,-0.0362467,0.883227,0.884905,0.345289,0.646164,0.682167,0.0530631,0.711051,0.993676,0.0753236,-0.292716,-0.197239,-0.0740629,-0.292716,-0.197239,-0.0740629,0.0625993,0.0506099,0.24859,0.170875,-0.853596,1.02678,1.36274,-0.348388,0.485479,0,0,-1.45887,0,0,-0.0822818,0.378577,0.450958,-1.52167,-0.0635813,1.7401,2.69228,0,0,2.04528,0,0,-3.71471,-1.45651,-0.952767,-0.0170031,0.0909258,-0.135426,0.909242,0.241257,0.887175,0.201691,1,0.716093,-0.171194,0.00268837,-0.67668,-0.258407,-0.229856,-1.48422,0.465016,0.755815,0.448664,0.911654,0.78925,-0.301417
0.998925,-0.0222805,-0.0131415,0.0384729,0.998925,-0.0222805,-0.0131415,0.0384729,0.987842,0.0115372,0.0964222,-0.1214,0.875044,-0.308301,-0.36173,0.0916471,0.806275,0.579495,0.0974242,-0.0679268,0.759941,0,0,0.649992,0.695909,0,0,0.71813,0.936849,0.178768,-0.0617293,-0.294186,0.834909,-0.000404402,0.386318,-0.392026,0.718424,0,0,-0.695605,0.843707,0,0,-0.536804,0.682441,-0.187849,-0.10658,0.698304,0.77289,0.0416383,0.0522062,0.631017,-0.403642,0.776082,0.384565,-0.558618,0.864395,0.125112,-0.212309,0.723535,0.420357,-0.360461,0.804736,0.106356,0.0499182,0.809219,0.401897,-0.0396374,0.836364,0.144921,0.194533,0.957405,0.257829,0.345043,0.967259,0.210636,0.515498,0.99138,0.144496,0.736203,0.980416,0.340776,0.546525,0.819235,-0.0377687,0.913154,0.89402,0.323797,0.646035,0.694059,0.0474681,0.718582,1.00431,0.0657458,-0.72795,-0.253519,-0.0933888,-0.72795,-0.253519,-0.0933888,0.411531,0.038851,0.12792,0.657673,-0.287287,0.619256,1.5629,0.0666857,0.21719,0,0,-1.2226,0,0,-0.0300664,0.131098,0.372909,-1.63168,-0.0593367,1.47967,2.57111,0,0,2.20071,0,0,-3.7199,-1.51029,-1.18417,-0.122045,-0.620512,-0.422291,0.67451,0.255549,0.900292,0.208775,1,-0.717168,0.166195,-0.0234283,0.676388,-0.278745,-0.192405,-1.48521,0.493437,0.417311,0.518709,1.06801,0.691005,-0.157722
0.998785,-0.028862,-0.016129,0.0365455,0.998785,-0.028862,-0.016129,0.0365455,0.988219,0.0132456,0.0958122,-0.11861,0.87113,-0.30704,-0.370806,0.0967611,0.795945,0.594885,0.0916056,-0.0647423,0.770252,0,0,0.63774,0.69225,0,0,0.721658,0.930726,0.175899,-0.0575314,-0.315435,0.844061,0.000100196,0.402989,-0.353781,0.743297,0,0,-0.668961,0.809569,0,0,-0.587025,0.678365,-0.215134,-0.119667,0.692256,0.767345,0.0382425,0.0551367,0.637714,-0.4069,0.778133,0.404368,-0.519567,0.873763,0.149208,-0.213677,0.727021,0.431286,-0.325808,0.808346,0.115093,0.0589593,0.811044,0.410377,-0.0175841,0.838694,0.148833,0.210086,0.959729,0.271633,0.359598,0.969772,0.22145,0.528012,0.993262,0.150108,0.75764,0.976818,0.337418,0.55012,0.825103,-0.0356094,0.936461,0.889709,0.313895,0.648198,0.698585,0.0472834,0.72819,1.0054,0.0639519,-0.39511,-0.179359,-0.115588,-0.39511,-0.179359,-0.115588,0.10282,-0.0374787,0.168969,0.0522664,-0.60066,0.328708,1.13338,-0.351194,0.188639,0,0,-0.960837,0,0,0.304912,-0.153137,0.249878,-1.34322,0.0320394,0.974894,2.50398,0,0,2.18711,0,0,-3.64408,-1.85905,-0.893454,-0.332454,-0.215571,0.197911,0.521282,0.269841,0.902509,0.215859,1,-0.717297,0.15683,-0.0439912,0.677461,-0.291952,-0.149945,-1.4916,0.466603,0.0697295,0.414106,1.23735,0.493937,-0.259146
0.998621,-0.0351232,-0.0185806,0.0342987,0.998621,-0.0351232,-0.0185806,0.0342987,0.988409,0.0137639,0.0966172,-0.116287,0.866262,-0.311807,-0.37773,0.0984223,0.787627,0.605986,0.0904059,-0.0652062,0.779881,0,0,0.625928,0.686495,0,0,0.727135,0.926693,0.166067,-0.0476585,-0.333752,0.849924,-0.00194778,0.419471,-0.318856,0.768601,0,0,-0.639728,0.774372,0,0,-0.63273,0.678817,-0.246236,-0.12736,0.679967,0.757519,0.0393935,0.0639847,0.648474,-0.410544,0.767667,0.424319,-0.479249,0.872769,0.170121,-0.214877,0.719517,0.441731,-0.290974,0.803116,0.121621,0.067742,0.803245,0.417101,0.0041876,0.83165,0.151184,0.225307,0.951387,0.284114,0.374182,0.961274,0.232099,0.541021,0.983637,0.156858,0.777133,0.962591,0.336826,0.554934,0.817958,-0.0317319,0.956577,0.872541,0.308432,0.6508,0.690246,0.0486822,0.738725,0.994272,0.0648435,-0.375939,-0.147217,-0.134746,-0.375939,-0.147217,-0.134746,0.0311682,0.0481199,0.140351,-0.332817,-0.47529,0.11487,0.835537,-0.0593854,-0.0428247,0,0,-0.914395,0,0,0.476705,-0.58974,0.602373,-1.15365,-0.129433,0.987885,2.25417,0,0,2.31996,0,0,-3.46171,-2.09314,-0.516907,-0.836329,0.0844401,0.591697,0.856797,0.284133,0.893825,0.222943,1,-0.716714,0.148492,-0.0580108,0.678901,-0.298082,-0.118747,-1.49877,0.456634,-0.250247,0.374434,0.919482,0.252444,-0.239607
0.998474,-0.0405547,-0.0216337,0.0306046,0.998474,-0.0405547,-0.0216337,0.0306046,0.989199,0.018574,0.0894939,-0.114595,0.858686,-0.315876,-0.393132,0.0912593,0.776958,0.621199,0.0820032,-0.0610153,0.78539,0,0,0.619001,0.683156,0,0,0.730273,0.917054,0.170031,-0.0478585,-0.357507,0.859846,0.0103036,0.424187,-0.283945,0.794362,0,0,-0.607445,0.739981,0,0,-0.672627,0.674196,-0.27772,-0.136193,0.670659,0.751519,0.0308533,0.0674162,0.655533,-0.413079,0.747581,0.444774,-0.438491,0.858721,0.191417,-0.215879,0.702464,0.454285,-0.255395,0.786947,0.130054,0.0775207,0.783825,0.426945,0.0267338,0.814856,0.156961,0.241729,0.931154,0.298372,0.389135,0.941418,0.242437,0.553351,0.963263,0.161524,0.797149,0.934045,0.333046,0.55646,0.803913,-0.0307125,0.975708,0.841088,0.298886,0.650124,0.673784,0.0464576,0.747614,0.973007,0.0623044,-0.32616,-0.183335,-0.22166,-0.32616,-0.183335,-0.22166,0.289429,-0.430484,0.10375,-0.309276,-1.03439,-0.434534,1.14281,-0.522156,0.255268,0,0,-0.530992,0,0,0.274936,0.278784,-0.0221362,-1.53466,0.771911,0.203101,2.26973,0,0,2.47828,0,0,-3.16077,-2.15544,-0.611916,-0.545033,-0.553748,0.234307,0.558421,0.298425,0.874242,0.230028,1,-0.715472,0.13719,-0.0862306,0.679591,-0.319551,-0.0631173,-1.50919,0.492645,-0.606987,0.427729,1.6223,0.751465,-0.371087
0.998244,-0.0448627,-0.0260549,0.0285769,0.998244,-0.0448627,-0.0260549,0.0285769,0.988376,0.015276,0.0997133,-0.113739,0.850842,-0.324854,-0.404044,0.0853555,0.767475,0.632724,0.0805969,-0.0643902,0.789927,0,0,0.613201,0.674343,0,0,0.738418,0.908932,0.173105,-0.0460224,-0.37651,0.869275,0.0203157,0.425115,-0.251447,0.816883,0,0,-0.576804,0.706592,0,0,-0.707621,0.668614,-0.305612,-0.140979,0.663084,0.743741,0.0258249,0.071834,0.664095,-0.414286,0.717808,0.460755,-0.398308,0.834319,0.209644,-0.215978,0.675822,0.464228,-0.220629,0.760919,0.1374,0.0869977,0.75454,0.435396,0.0488233,0.787724,0.162427,0.257778,0.899902,0.311483,0.404101,0.909964,0.252793,0.566245,0.931313,0.167726,0.815729,0.895918,0.331905,0.559626,0.776798,-0.0283695,0.992793,0.7997,0.292418,0.649694,0.645017,0.0450059,0.756998,0.940221,0.0617731,-0.25882,-0.265527,-0.121592,-0.25882,-0.265527,-0.121592,-0.198345,0.617038,0.0496799,-0.623025,-0.758928,-0.356809,0.893549,-0.0727249,-0.233853,0,0,-0.441848,0,0,0.720051,0.219916,0.105289,-1.23842,0.626178,-0.0312303,2.09943,0,0,2.28175,0,0,-2.90229,-1.92829,-0.343997,-0.412754,-0.324493,0.303326,0.689207,0.312717,0.843759,0.237112,1,-0.711955,0.125793,-0.109491,0.682135,-0.334749,-0.015711,-1.52537,0.48147,-0.937567,0.393354,1.39577,0.531075,-0.503101
0.998016,-0.0497174,-0.0291556,0.0253575,0.998016,-0.0497174,-0.0291556,0.0253575,0.988392,0.0149686,0.102129,-0.111474,0.839367,-0.334249,-0.421857,0.0760093,0.758464,0.643977,0.0778884,-0.062925,0.795194,0,0,0.606355,0.66448,0,0,0.747306,0.899135,0.17923,-0.0474503,-0.39646,0.880119,0.0325883,0.41765,-0.223376,0.837927,0,0,-0.545783,0.675697,0,0,-0.737179,0.668225,-0.32677,-0.124032,0.656744,0.736185,0.0259255,0.0765469,0.671938,-0.416064,0.679278,0.471424,-0.359444,0.798194,0.2249,-0.216487,0.63987,0.471832,-0.186648,0.723602,0.144285,0.0958822,0.714598,0.443226,0.0709669,0.749464,0.168655,0.273837,0.85733,0.324217,0.419216,0.867362,0.263277,0.579392,0.888214,0.174496,0.834298,0.845393,0.332181,0.563471,0.740574,-0.0256849,1.01025,0.745959,0.288839,0.650072,0.607563,0.0435159,0.7669,0.896532,0.0627459,-0.29168,-0.186282,-0.193159,-0.29168,-0.186282,-0.193159,-0.0185153,0.145493,0.136456,-0.680821,-1.23542,-0.570593,0.874877,-0.159241,0.0815573,0,0,-0.518263,0,0,0.796568,0.417021,-0.0984287,-1.31879,0.762381,-0.568935,1.81548,0,0,2.24924,0,0,-2.56565,-1.43475,1.1452,-0.422099,0.0115098,0.324156,0.642197,0.327009,0.802375,0.244196,1,-0.708118,0.111053,-0.13335,0.684437,-0.346967,0.0368459,-1.54325,0.481793,-1.27716,0.382003,1.56229,0.423835,-0.532348
0.997373,-0.0611689,-0.0317453,0.0223196,0.997373,-0.0611689,-0.0317453,0.0223196,0.987642,0.017805,0.10743,-0.112715,0.832622,-0.335946,-0.435781,0.0630512,0.745901,0.658995,0.0754281,-0.0605556,0.805485,0,0,0.592616,0.652786,0,0,0.757542,0.887246,0.185933,-0.049167,-0.419292,0.890579,0.0457383,0.406516,-0.198801,0.855762,0,0,-0.517369,0.64615,0,0,-0.76321,0.667167,-0.3305,-0.105817,0.659137,0.724474,0.0205977,0.0803941,0.684288,-0.415225,0.633602,0.482516,-0.319811,0.748443,0.240838,-0.215293,0.595053,0.480686,-0.151681,0.673395,0.153497,0.105756,0.662989,0.4531,0.0945333,0.698614,0.17777,0.291137,0.80237,0.339108,0.435122,0.813337,0.275317,0.591222,0.835066,0.179943,0.85396,0.78485,0.32523,0.562178,0.695088,-0.0236431,1.02965,0.681928,0.276574,0.646972,0.561873,0.0397216,0.772461,0.843862,0.058394,-0.688334,-0.155893,-0.182107,-0.688334,-0.155893,-0.182107,0.171113,0.320917,-0.0764495,-0.159604,-0.950667,-0.812234,1.186,-0.13737,0.136051,0,0,-1.02991,0,0,0.932507,0.464577,-0.119374,-1.52674,0.811607,-0.789529,1.58211,0,0,2.01297,0,0,-2.36288,-0.261758,1.22947,0.180521,-0.345051,0.27728,1.01589,0.341301,0.750092,0.25128,1,-0.705305,0.094912,-0.157091,0.684733,-0.358093,0.0917443,-1.55781,0.519004,-1.64881,0.446752,1.63986,0.366425,-0.415473
0.996689,-0.0709297,-0.0320862,0.0234658,0.996689,-0.0709297,-0.0320862,0.0234658,0.98711,0.0207202,0.110117,-0.114271,0.829778,-0.333798,-0.444949,0.0454738,0.73387,0.672751,0.0677581,-0.0651876,0.814997,0,0,0.579465,0.636583,0,0,0.771208,0.879539,0.184395,-0.0392535,-0.436884,0.898292,0.0545855,0.401867,-0.169099,0.867664,0,0,-0.497151,0.617297,0,0,-0.78673,0.669915,-0.29393,-0.0512626,0.679847,0.707218,0.00901777,0.0782543,0.702594,-0.411344,0.584437,0.491211,-0.280438,0.685614,0.25222,-0.212259,0.543615,0.487944,-0.116404,0.61161,0.159598,0.115457,0.601661,0.461157,0.118485,0.636582,0.185168,0.307826,0.735896,0.352861,0.450704,0.746914,0.286891,0.603156,0.770257,0.186371,0.870863,0.713536,0.322166,0.561851,0.637551,-0.0187039,1.04667,0.606955,0.271298,0.643133,0.505628,0.0408365,0.778801,0.781234,0.0571209,-0.587129,-0.0209138,0.0691526,-0.587129,-0.0209138,0.0691526,0.175857,0.163037,-0.0949914,0.114741,-0.612146,-1.11475,1.10545,-0.483263,-0.323739,0,0,-0.973846,0,0,1.27183,-0.0646218,0.611564,-1.17121,0.541903,-0.357205,1.87852,0,0,1.40769,0,0,-2.23359,2.49708,3.69665,1.35199,-0.762609,-0.10716,1.52156,0.355592,0.686909,0.258365,1,-0.699914,0.083222,-0.173808,0.687739,-0.366718,0.12919,-1.57724,0.50065,-1.99421,0.412577,1.12254,0.260869,-0.554146
0.996341,-0.0761593,-0.0321617,0.0216844,0.996341,-0.0761593,-0.0321617,0.0216844,0.986639,0.0194364,0.110158,-0.118454,0.832733,-0.320689,-0.450497,0.0276909,0.724413,0.683248,0.0582492,-0.0707453,0.817201,0,0,0.576353,0.616958,0,0,0.786996,0.87124,0.177979,-0.0317529,-0.456351,0.906634,0.0641511,0.393828,-0.137107,0.880562,0,0,-0.473931,0.58928,0,0,-0.807929,0.66243,-0.261736,-0.0152413,0.701747,0.689444,0.000713262,0.0757956,0.720362,-0.407176,0.52481,0.506103,-0.241754,0.610471,0.258845,-0.209686,0.482756,0.49817,-0.080761,0.539136,0.162004,0.124458,0.530444,0.468232,0.142843,0.564833,0.190059,0.323679,0.658948,0.364265,0.465804,0.670059,0.296831,0.616152,0.694304,0.193509,0.884253,0.626392,0.324826,0.56432,0.570429,-0.0131079,1.05835,0.515816,0.274224,0.639686,0.439914,0.043443,0.787896,0.705885,0.0593325,-0.314653,-0.00475674,-0.106853,-0.314653,-0.00475674,-0.106853,-0.0771717,0.00355606,-0.253185,0.856283,-0.322494,-1.13384,0.855449,-0.613328,-0.383485,0,0,-0.228811,0,0,1.51126,-0.3685,0.463181,-1.30123,0.582625,-0.570566,2.01215,0,0,1.59373,0,0,-2.10812,2.12444,2.43263,1.62145,-0.553087,-0.128873,1.51651,0.369884,0.612825,0.265449,1,-0.694269,0.0686805,-0.193008,0.689943,-0.376047,0.174106,-1.59775,0.475584,-2.30845,0.342133,1.35192,0.254152,-0.573032
0.995844,-0.0817191,-0.0335762,0.0221112,0.995844,-0.0817191,-0.0335762,0.0221112,0.98651,0.0206827,0.106479,-0.122609,0.859526,-0.24825,-0.446561,0.0130504,0.714111,0.694532,0.0499053,-0.0719769,0.772618,0,0,0.634871,0.596771,0,0,0.802412,0.867065,0.166291,-0.0243802,-0.46899,0.918797,0.0720906,0.376374,-0.0946464,0.893569,0,0,-0.448926,0.562637,0,0,-0.826704,0.641669,-0.223319,-0.0209132,0.733452,0.672237,-0.00842137,0.0794253,0.736015,-0.400586,0.452715,0.528359,-0.202567,0.523982,0.261625,-0.206118,0.411505,0.511184,-0.0429276,0.456418,0.162719,0.133749,0.449177,0.474995,0.169405,0.484272,0.195001,0.339577,0.571442,0.375306,0.480969,0.581351,0.306327,0.62923,0.60651,0.200386,0.891989,0.520825,0.330383,0.567278,0.494526,-0.00859485,1.05715,0.419113,0.278058,0.636879,0.365228,0.0434945,0.797161,0.619427,0.0617616,-0.334812,-0.0853095,0.0258612,-0.334812,-0.0853095,0.0258612,0.0751629,-0.221444,-0.250716,4.7573,0.522235,-0.938887,0.92918,-0.539286,-0.100413,0,0,4.41497,0,0,1.52406,-0.717528,0.460118,-0.836318,0.472939,-1.17942,2.65473,0,0,1.69122,0,0,-1.95571,2.47954,-0.396434,2.56334,-0.616776,0.279638,1.38464,0.384176,0.527842,0.272533,1,-0.682134,0.0489705,-0.216954,0.696581,-0.38874,0.229776,-1.63718,0.476952,-2.62518,0.331213,1.68576,0.294793,-1.10602
0.995506,-0.0844649,-0.0352281,0.0243533,0.995506,-0.0844649,-0.0352281,0.0243533,0.98659,0.0287093,0.0930907,-0.13096,0.869876,-0.19865,-0.451491,-0.00307851,0.705272,0.704612,0.0332179,-0.0707767,0.731176,0,0,0.682189,0.576342,0,0,0.817209,0.865094,0.151821,-0.0157798,-0.477823,0.931198,0.0759698,0.354079,-0.0415564,0.90472,0,0,-0.426007,0.537401,0,0,-0.843327,0.609242,-0.16758,-0.022804,0.774739,0.651112,-0.0282086,0.076153,0.754625,-0.392399,0.370495,0.550963,-0.163527,0.423658,0.260054,-0.202563,0.330308,0.524049,-0.0034875,0.362803,0.16073,0.141801,0.357174,0.480475,0.197324,0.394509,0.198984,0.35402,0.472683,0.385369,0.494848,0.480874,0.315125,0.642138,0.507402,0.208255,0.89896,0.403678,0.336239,0.572723,0.409869,-0.00192191,1.05566,0.30961,0.283372,0.636038,0.282282,0.0469366,0.808617,0.521746,0.0684522,-0.165551,-0.0994902,0.13488,-0.165551,-0.0994902,0.13488,0.483727,-0.807105,-0.503142,3.16972,-0.205943,-1.01505,0.829977,-1.10156,0.0636985,0,0,3.77462,0,0,1.51352,-0.902144,0.539481,-0.575796,0.219235,-1.46852,3.28548,0,0,1.52933,0,0,-1.81321,3.66021,-0.149891,3.5228,-1.35277,-0.177818,1.6858,0.398468,0.431959,0.279618,1,-0.665481,0.0254557,-0.244421,0.704801,-0.406437,0.293635,-1.6891,0.433304,-2.96277,0.301899,1.95502,0.334113,-1.41964
0.994973,-0.0854713,-0.0450073,0.026401,0.994973,-0.0854713,-0.0450073,0.026401,0.982626,0.0273772,0.113335,-0.144401,0.875898,-0.187921,-0.44392,-0.020588,0.695854,0.710635,0.048163,-0.0920114,0.716404,0,0,0.697685,0.552418,0,0,0.833567,0.858448,0.13436,-0.000858047,-0.494989,0.93897,0.0818493,0.333963,0.0102142,0.916437,0,0,-0.40018,0.515237,0,0,-0.857048,0.572723,-0.129579,-0.0315634,0.808827,0.629765,-0.0492998,0.0746097,0.771621,-0.383136,0.274333,0.576885,-0.125222,0.307886,0.256238,-0.198112,0.236234,0.540174,0.0367348,0.25574,0.158255,0.150168,0.252586,0.487275,0.226342,0.291817,0.203949,0.368142,0.360786,0.395836,0.508214,0.369677,0.324228,0.654474,0.399465,0.216846,0.907692,0.287073,0.341054,0.576921,0.312827,-0.000552659,1.0587,0.192566,0.285972,0.633202,0.185969,0.0395693,0.818374,0.416493,0.0749244,-0.061391,-0.588112,0.123326,-0.061391,-0.588112,0.123326,-0.0780863,1.22922,-0.821687,0.698313,0.534445,-1.09589,0.575045,1.00845,-1.4386,0,0,1.28454,0,0,1.73897,-1.07744,0.937745,-1.15273,0.34768,-1.29014,3.17782,0,0,1.70169,0,0,-1.56405,2.49655,-0.640094,3.2127,-1.46569,-0.0614308,1.6098,0.41276,0.325175,0.286702,1,-0.653288,0.00359156,-0.273015,0.706161,-0.430037,0.359326,-1.72783,0.423648,-3.35691,0.314013,2.04412,0.393966,-0.934468
0.994699,-0.0836319,-0.0543024,0.0251342,0.994699,-0.0836319,-0.0543024,0.0251342,0.979623,0.0277796,0.12948,-0.151001,0.892471,-0.177619,-0.413404,-0.0323097,0.690792,0.709943,0.0655903,-0.120355,0.712208,0,0,0.701969,0.531764,0,0,0.846892,0.853064,0.11107,0.0234208,-0.50931,0.943172,0.086797,0.314875,0.0612099,0.924873,0,0,-0.380277,0.499227,0,0,-0.866471,0.539498,-0.10297,-0.0396652,0.834725,0.612099,-0.0543159,0.0884724,0.783937,-0.37159,0.165464,0.600503,-0.0893312,0.179768,0.248287,-0.191086,0.129756,0.555073,0.076489,0.137232,0.154991,0.159315,0.138112,0.493317,0.255941,0.178806,0.209807,0.381581,0.239847,0.40586,0.521136,0.249623,0.333298,0.667287,0.280959,0.226151,0.91221,0.156266,0.345009,0.581191,0.203892,0.00219,1.05597,0.0551564,0.286022,0.629327,0.0772581,0.0341455,0.830489,0.298951,0.0838698,0.110092,-0.558944,-0.0759943,0.110092,-0.558944,-0.0759943,0.0259809,0.982236,-0.407474,0.709782,2.06139,-0.722144,0.0474298,1.17515,-1.91306,0,0,0.359795,0,0,1.4748,-1.45383,1.53245,-0.96407,0.295398,-1.19693,3.11815,0,0,1.29703,0,0,-1.11467,1.76952,-0.609185,2.64926,-0.371496,0.996211,1.23356,0.427052,0.207492,0.293786,1,-0.643957,-0.0146593,-0.297525,0.704687,-0.453068,0.415718,-1.75794,0.403177,-3.62816,0.300719,1.77628,0.340637,-0.641897
0.994565,-0.0828764,-0.0590916,0.0219321,0.994565,-0.0828764,-0.0590916,0.0219321,0.981053,0.0403103,0.110973,-0.153609,0.896993,-0.182092,-0.400202,-0.0456435,0.683392,0.713465,0.0667496,-0.139598,0.705243,0,0,0.708966,0.515607,0,0,0.856825,0.850795,0.082504,0.0352853,-0.51778,0.950969,0.0808995,0.280369,0.102504,0.930098,0,0,-0.367312,0.49484,0,0,-0.868984,0.528793,-0.101603,-0.0467076,0.841352,0.610275,-0.0117379,0.0982171,0.78599,-0.361135,0.132658,0.621284,-0.0601114,0.129284,0.237296,-0.182983,0.100674,0.568032,0.11179,0.0982963,0.151564,0.167725,0.107595,0.496929,0.283849,0.149289,0.215488,0.393543,0.206844,0.41285,0.533673,0.217186,0.341438,0.68112,0.249336,0.236283,0.918293,0.111857,0.35167,0.589538,0.184069,0.00873019,1.05422,0.00580779,0.28853,0.62894,0.0578542,0.0363233,0.847114,0.267194,0.0975306,0.0451879,-0.28802,-0.192408,0.0451879,-0.28802,-0.192408,0.755819,-1.12122,-0.153097,-0.260472,0.861266,-0.825491,0.374762,0.0907149,-1.31764,0,0,0.592394,0,0,1.138,-1.79895,0.750734,-0.561207,-0.373873,-2.15614,2.50896,0,0,0.838717,0,0,-0.303338,0.0642862,-0.517578,0.74754,2.94596,0.679428,0.182487,0.441344,0.175004,0.30087,1,-0.636086,-0.0387495,-0.316365,0.702713,-0.460552,0.474542,-1.78351,0.358848,-0.990103,0.209705,1.76984,-0.151845,-0.670157
0.989797,-0.103509,-0.0908048,0.0366458,0.989797,-0.103509,-0.0908048,0.0366458,0.967908,0.0229038,0.192716,-0.159654,0.946103,-0.181382,-0.262547,-0.055294,0.649673,0.702294,0.154346,-0.24675,0.700383,0,0,0.713768,0.490486,0,0,0.871449,0.829879,0.0576335,0.0503856,-0.552667,0.961144,0.0657025,0.241317,0.116838,0.942605,0,0,-0.333911,0.494273,0,0,-0.869307,0.540348,-0.121284,-0.065332,0.830088,0.650546,-0.0287861,0.0806055,0.754628,-0.353018,0.152776,0.645381,-0.0346864,0.128668,0.241286,-0.174283,0.129245,0.586295,0.14333,0.111977,0.156467,0.178994,0.137791,0.504512,0.309086,0.176628,0.223942,0.408054,0.234995,0.421169,0.547346,0.256488,0.351445,0.687601,0.308679,0.245241,0.921515,0.188838,0.332996,0.575366,0.248932,-5.08511e-05,1.04399,0.0879153,0.243166,0.609606,0.124939,0.00293169,0.841991,0.353164,0.0993905,-1.25013,-1.91496,0.887936,-1.25013,-1.91496,0.887936,-1.04489,4.98749,-0.40786,0.234061,8.83005,-0.541867,-0.117683,6.03109,-7.42981,0,0,0.409913,0,0,1.7441,-1.54364,0.978028,-2.46805,-0.94088,-2.43302,0.849781,0,0,2.14006,0,0,-0.0391605,-1.36748,-1.3115,-1.09974,-1.14856,-1.30965,-3.01403,0.451299,0.218714,0.305384,1,-0.644335,-0.0634858,-0.336415,0.683833,-0.458931,0.547267,-1.76119,0.435339,0.844543,0.249556,2.12914,-0.478335,0.6456
0.985661,-0.105036,-0.12166,0.0513598,0.985661,-0.105036,-0.12166,0.0513598,0.94059,-0.0125795,0.290884,-0.174699,0.973531,-0.192585,-0.110928,-0.053327,0.615137,0.657988,0.240211,-0.36188,0.703484,0,0,0.710711,0.46778,0,0,0.883845,0.804628,0.0120144,0.0868089,-0.587277,0.968082,0.043093,0.218525,0.11492,0.95519,0,0,-0.295994,0.486572,0,0,-0.87364,0.55412,-0.13861,-0.0759066,0.817298,0.717643,-0.123587,-0.0177588,0.685128,-0.346672,0.159231,0.667002,-0.0105355,0.119134,0.259595,-0.166717,0.146506,0.604426,0.170823,0.115355,0.166313,0.189072,0.160507,0.513212,0.329168,0.191469,0.231296,0.421034,0.253973,0.429423,0.561204,0.284435,0.365318,0.700762,0.350174,0.266207,0.916272,0.250737,0.34521,0.58478,0.292205,0.00241864,1.02691,0.15291,0.236892,0.610465,0.173004,-0.0128633,0.850851,0.411082,0.122571,-0.100705,-1.86777,0.890146,-0.100705,-1.86777,0.890146,-2.1592,6.11881,-1.01155,-0.575345,9.32709,0.150405,-2.39159,6.08221,-8.19325,0,0,-0.261258,0,0,1.5522,-2.89668,2.36952,-2.54867,-1.38057,-1.41671,-0.133006,0,0,2.39723,0,0,-0.530155,-1.17786,-0.722517,-1.25088,-6.24138,-6.67112,-5.94573,0.463203,0.248463,0.317778,1,-0.659987,-0.0788655,-0.3395,0.665535,-0.430658,0.586088,-1.71097,0.3894,0.569328,0.247629,1.03099,-0.897546,1.05105
0.98864,-0.0965307,-0.107771,0.0407114,0.98864,-0.0965307,-0.107771,0.0407114,0.957761,0.00299538,0.239005,-0.159877,0.967172,-0.207014,-0.136213,-0.0563043,0.624631,0.662255,0.207213,-0.358214,0.711283,0,0,0.702906,0.466996,0,0,0.884259,0.795805,-0.0403223,0.133573,-0.58926,0.966882,0.046819,0.216667,0.126504,0.960918,0,0,-0.276832,0.473594,0,0,-0.880743,0.558866,-0.168437,-0.0884775,0.807137,0.738763,-0.147994,-0.0594698,0.654821,-0.342318,0.14343,0.688757,0.00644848,0.113926,0.273329,-0.162149,0.139887,0.623387,0.188579,0.112144,0.177506,0.193695,0.163359,0.52566,0.340486,0.189374,0.24235,0.425971,0.254119,0.440582,0.566769,0.284117,0.377111,0.709886,0.345345,0.279747,0.923411,0.233373,0.363275,0.592826,0.292448,0.0204807,1.03255,0.128091,0.257036,0.612894,0.171778,0.0110478,0.867994,0.401147,0.14192,0.518569,0.843802,-0.644425,0.518569,0.843802,-0.644425,0.95238,-3.26141,0.964579,-0.900426,-1.54836,-0.187565,0.118923,-2.33579,0.348585,0,0,-0.662071,0,0,0.053187,-3.37057,3.03207,-0.250401,0.227122,-0.10738,0.705618,0,0,1.2,0,0,-0.887723,-2.09052,-0.878592,-0.8346,-1.54104,-2.73677,-2.36081,0.471513,0.244593,0.331983,1,-0.665386,-0.0752476,-0.336252,0.662219,-0.425101,0.578939,-1.6944,0.148116,0.00437404,0.334754,-0.230938,-0.109796,0.405237
0.989781,-0.0904526,-0.102326,0.0410066,0.989781,-0.0904526,-0.102326,0.0410066,0.968243,0.0128634,0.198165,-0.151889,0.960591,-0.225674,-0.150287,-0.0612391,0.624793,0.666824,0.174303,-0.366876,0.719012,0,0,0.694998,0.470963,0,0,0.882153,0.788245,-0.0749976,0.145998,-0.593068,0.967801,0.0421871,0.215352,0.123309,0.966702,0,0,-0.255906,0.473802,0,0,-0.880631,0.55974,-0.202891,-0.107645,0.796203,0.739767,-0.135693,-0.0611424,0.656197,-0.33996,0.123807,0.705075,0.00884798,0.116267,0.27855,-0.159585,0.128239,0.638669,0.19051,0.115232,0.181978,0.196193,0.160182,0.534848,0.343272,0.190241,0.247637,0.4296,0.250462,0.447438,0.571654,0.279938,0.386348,0.718353,0.341034,0.294181,0.928959,0.220024,0.38109,0.603154,0.297823,0.0366913,1.0378,0.111838,0.27399,0.617332,0.175126,0.0299088,0.883472,0.398194,0.165005,0.368157,0.33032,0.0168345,0.368157,0.33032,0.0168345,0.597784,-2.52827,0.518963,-1.16259,-0.87417,-0.307669,0.311623,-2.26674,-0.594703,0,0,-0.663449,0,0,-0.269442,-2.24832,0.827081,-0.352307,-0.281819,-0.0838568,-0.196181,0,0,1.30268,0,0,0.0141903,-2.43222,-1.3532,-0.794168,0.813271,-0.108588,0.074094,0.47699,0.240819,0.343627,1,-0.662038,-0.0864258,-0.340728,0.661922,-0.42047,0.601117,-1.70271,0.108846,-0.109702,0.205689,0.645214,-0.199283,-0.326464
0.989939,-0.0926234,-0.0976951,0.0435663,0.989939,-0.0926234,-0.0976951,0.0435663,0.975328,0.0249904,0.158844,-0.151256,0.952076,-0.236954,-0.175692,-0.080848,0.623688,0.677867,0.133603,-0.365594,0.724479,0,0,0.689297,0.486935,0,0,0.873438,0.771736,-0.0689874,0.12977,-0.618728,0.974387,0.0490142,0.196085,0.098582,0.974026,0,0,-0.226438,0.484649,0,0,-0.874709,0.562178,-0.207953,-0.106412,0.79334,0.734746,-0.103248,-0.0254685,0.669955,-0.340796,0.123391,0.710665,0.000595167,0.129211,0.274104,-0.159322,0.130188,0.646649,0.183007,0.123436,0.180446,0.198248,0.15997,0.538306,0.341996,0.193556,0.248406,0.433462,0.249111,0.448214,0.576245,0.281777,0.390672,0.723611,0.349443,0.304462,0.935526,0.220581,0.389795,0.608361,0.3216,0.0508727,1.04631,0.113764,0.28087,0.620592,0.194693,0.0425829,0.891338,0.415787,0.183335,-0.130403,0.279106,0.15397,-0.130403,0.279106,0.15397,0.731797,-2.40758,0.0603128,-0.72763,-1.57569,-1.2065,0.78115,-2.798,0.076962,0,0,-0.473932,0,0,-1.09172,0.360998,-0.997189,-1.90447,0.407471,-1.19498,-1.51302,0,0,1.82191,0,0,0.741518,-0.342967,0.0948914,-0.25994,2.12242,2.34466,0.989758,0.479851,0.246322,0.349678,1,-0.657771,-0.112919,-0.358321,0.652834,-0.418592,0.667242,-1.71023,0.115879,-0.040531,0.0232641,1.95939,-0.313292,-0.258951
0.991102,-0.0887934,-0.0892442,0.0432137,0.991102,-0.0887934,-0.0892442,0.0432137,0.980291,0.033991,0.126635,-0.147775,0.940546,-0.253705,-0.204175,-0.0965353,0.632096,0.681033,0.0917707,-0.358087,0.730068,0,0,0.683374,0.512954,0,0,0.858416,0.764201,-0.0460727,0.116351,-0.632721,0.976803,0.0567641,0.189445,0.0821187,0.976637,0,0,-0.214897,0.490063,0,0,-0.871687,0.565923,-0.195768,-0.0956691,0.795143,0.721597,-0.0783504,-0.0104989,0.687786,-0.341939,0.124989,0.708693,-0.00575182,0.129958,0.274035,-0.159519,0.129703,0.646863,0.175383,0.121448,0.180792,0.199594,0.153364,0.538634,0.338493,0.187832,0.248486,0.435064,0.241128,0.447776,0.578019,0.275591,0.391566,0.726615,0.345643,0.309326,0.939282,0.208298,0.395295,0.61155,0.326871,0.0623931,1.05062,0.0994696,0.286436,0.621993,0.193106,0.0546703,0.897479,0.415498,0.194628,0.232658,0.51085,-0.0222405,0.232658,0.51085,-0.0222405,0.541085,-1.96141,0.225503,-1.08257,-1.78596,-0.979823,0.0590146,-2.90278,0.600696,0,0,-0.488598,0,0,-1.80275,1.48163,-0.851248,-1.02604,0.466206,-0.411193,-1.00036,0,0,0.70995,0,0,0.372006,0.882524,0.769545,0.0392654,1.61571,0.98362,1.40415,0.480862,0.241756,0.352565,1,-0.656297,-0.122374,-0.369207,0.646518,-0.426343,0.698217,-1.71305,0.0480627,-0.239487,-0.0131342,0.945366,0.0481868,0.062035
0.989977,-0.0448327,-0.116137,0.066693,0.989977,-0.0448327,-0.116137,0.066693,0.952488,-0.0436071,0.248637,-0.170427,0.937745,-0.322015,-0.107642,-0.0731723,0.650115,0.611966,0.120543,-0.433955,0.735593,0,0,0.677424,0.527259,0,0,0.849704,0.760567,-0.0280569,0.0866331,-0.642841,0.980612,0.0420645,0.18058,0.0634218,0.975439,0,0,-0.22027,0.491242,0,0,-0.871023,0.565399,-0.195391,-0.108751,0.793927,0.706701,-0.087879,-0.027197,0.701506,-0.34163,0.124599,0.704402,-0.00763599,0.123109,0.275976,-0.159711,0.127863,0.641395,0.170555,0.11586,0.179563,0.198785,0.149625,0.532328,0.335107,0.184493,0.242631,0.435025,0.239937,0.441835,0.58184,0.274368,0.395733,0.743025,0.344331,0.341085,0.924483,0.211238,0.452376,0.668545,0.330006,0.0746088,1.03603,0.105645,0.338187,0.673745,0.193409,0.0553688,0.926434,0.417485,0.252401,2.64448,-1.62098,1.41446,2.64448,-1.62098,1.41446,-4.71163,7.51068,-1.46545,-4.20073,5.90325,1.42593,-5.04352,1.91552,-4.99356,0,0,-0.487208,0,0,-1.00495,1.17233,-1.93025,-0.717143,-0.892115,-0.550041,-1.13548,0,0,-0.33026,0,0,0.0811664,0.023567,-0.924434,-0.0734962,-0.66498,-1.11699,1.17663,0.488246,0.240467,0.36458,1,-0.65959,-0.132329,-0.366812,0.642557,-0.403188,0.712792,-1.69652,-0.00117399,-0.0357154,-0.178216,0.362686,-0.582493,0.0455958
0.991637,-0.0495575,-0.101697,0.0621036,0.991637,-0.0495575,-0.101697,0.0621036,0.962232,-0.028147,0.218775,-0.159545,0.930611,-0.329366,-0.138933,-0.0786045,0.656362,0.627197,0.0908798,-0.409333,0.739025,0,0,0.673678,0.554834,0,0,0.831961,0.762961,-0.0265884,0.0667026,-0.642444,0.982574,0.0220054,0.176169,0.0550392,0.970183,0,0,-0.242372,0.487783,0,0,-0.872965,0.556,-0.193781,-0.130145,0.797731,0.702728,-0.107284,-0.0485912,0.701643,-0.341553,0.126586,0.701746,-0.0069075,0.118919,0.277265,-0.161936,0.128382,0.634873,0.16931,0.114723,0.177557,0.19401,0.151833,0.524747,0.331841,0.187967,0.236574,0.430839,0.246921,0.436537,0.578463,0.281346,0.393049,0.740277,0.350752,0.339517,0.925501,0.211017,0.450592,0.666192,0.338985,0.0779579,1.03833,0.103783,0.337724,0.670868,0.195049,0.060365,0.925862,0.423871,0.254146,-0.282782,0.872662,-0.278363,-0.282782,0.872662,-0.278363,0.948255,-1.86482,0.695647,-0.500039,-1.93834,-0.3447,0.931845,-2.03697,1.74736,0,0,-0.304805,0,0,-1.96751,0.0974533,-1.30537,0.0636248,-1.21226,-0.273379,-0.508423,0,0,-1.36313,0,0,-0.238002,0.059536,-1.54572,0.491079,-1.30443,-1.43099,0.0810624,0.485681,0.244725,0.361727,1,-0.665389,-0.137766,-0.356926,0.641001,-0.369911,0.709699,-1.67189,-0.125593,0.209498,-0.158956,-0.177786,-0.740902,0.086971
0.993094,-0.0540058,-0.0875782,0.0563797,0.993094,-0.0540058,-0.0875782,0.0563797,0.972343,-0.0134622,0.179792,-0.148469,0.921073,-0.336518,-0.177634,-0.0826281,0.664529,0.64068,0.0581241,-0.3802,0.7421,0,0,0.670289,0.580444,0,0,0.8143,0.764266,-0.0277369,0.0435439,-0.642831,0.984633,0.00962677,0.167302,0.0491478,0.965784,0,0,-0.259348,0.484271,0,0,-0.874918,0.546106,-0.196374,-0.149977,0.800445,0.70734,-0.11138,-0.0528162,0.696042,-0.34233,0.124977,0.699679,-0.00691969,0.117664,0.273487,-0.164885,0.126105,0.629462,0.169226,0.113284,0.172857,0.188429,0.152388,0.517242,0.329526,0.18953,0.229858,0.425709,0.252372,0.43012,0.574248,0.286304,0.38938,0.737054,0.3543,0.336995,0.926617,0.207361,0.448761,0.664023,0.34458,0.081553,1.04195,0.0984579,0.338709,0.668478,0.193723,0.0669394,0.925188,0.426107,0.255049,-0.266058,0.852092,-0.34605,-0.266058,0.852092,-0.34605,0.89515,-2.4062,0.703831,-0.507536,-2.41329,-0.263909,0.775803,-2.23956,2.06407,0,0,-0.274576,0,0,-1.86659,-0.0740411,-1.51229,-0.0047394,-0.747466,-0.542112,-0.357606,0,0,-1.05225,0,0,-0.241081,-0.241966,-1.44924,0.429779,-0.26017,-0.275761,-0.456743,0.482852,0.246724,0.358214,1,-0.669854,-0.145091,-0.347647,0.639833,-0.336463,0.709445,-1.65061,-0.153882,0.163535,-0.192498,-0.0763367,-0.757423,-0.0151836
0.994145,-0.0593049,-0.0753569,0.0497899,0.994145,-0.0593049,-0.0753569,0.0497899,0.978917,-0.00152472,0.147336,-0.141461,0.912359,-0.34275,-0.207793,-0.0833395,0.670733,0.650213,0.0348184,-0.355145,0.744655,0,0,0.667449,0.598046,0,0,0.801462,0.766465,-0.0282566,0.0163444,-0.641456,0.986323,0.006111,0.158901,0.0433699,0.962652,0,0,-0.270741,0.483258,0,0,-0.875478,0.539796,-0.205255,-0.163785,0.79979,0.715227,-0.0956527,-0.0392165,0.691204,-0.343334,0.119234,0.696888,-0.00916755,0.117373,0.265462,-0.167129,0.11984,0.624685,0.168393,0.10882,0.166508,0.184072,0.149183,0.510591,0.32803,0.185862,0.223023,0.421605,0.253293,0.422883,0.571015,0.285714,0.384116,0.734754,0.351048,0.331221,0.927776,0.198037,0.4422,0.661113,0.342033,0.0811394,1.04362,0.0870356,0.333636,0.664844,0.186365,0.069699,0.924718,0.419336,0.249855,-0.317431,0.736564,-0.397351,-0.317431,0.736564,-0.397351,0.723129,-1.98522,0.443401,-0.447993,-1.89752,-0.0593896,0.538124,-1.58501,1.75664,0,0,-0.229192,0,0,-1.3072,-0.0323775,-1.77454,0.12407,-0.212242,-0.512124,-0.349941,0,0,-0.708886,0,0,-0.0694733,-0.670844,-1.01341,0.106064,1.06738,0.914186,-0.462213,0.480502,0.243312,0.35267,1,-0.672695,-0.150211,-0.336613,0.641569,-0.305695,0.701831,-1.6361,-0.123118,0.027644,-0.217116,-0.278748,-0.684214,-0.163552
0.994532,-0.0516724,-0.0734176,0.0533531,0.994532,-0.0516724,-0.0734176,0.0533531,0.977622,-0.0112578,0.152433,-0.14454,0.905423,-0.363366,-0.205319,-0.0775822,0.681172,0.63955,0.0312567,-0.354969,0.744245,0,0,0.667906,0.604194,0,0,0.796837,0.769211,-0.0295851,-0.0101109,-0.63823,0.987739,0.0027267,0.15214,0.0348884,0.960432,0,0,-0.278513,0.484841,0,0,-0.874602,0.539733,-0.212094,-0.172377,0.796235,0.718466,-0.0752155,-0.0294566,0.690856,-0.343913,0.117506,0.692347,-0.01235,0.120191,0.257197,-0.168105,0.117832,0.619015,0.166154,0.106852,0.160206,0.181496,0.150239,0.503613,0.326574,0.184575,0.215572,0.419134,0.257571,0.414357,0.569955,0.288098,0.379567,0.736819,0.351,0.33382,0.923589,0.196414,0.452932,0.675202,0.341157,0.0821378,1.04069,0.0852386,0.346096,0.679046,0.1839,0.0709047,0.930794,0.416738,0.260507,0.459249,0.117152,0.213795,0.459249,0.117152,0.213795,-0.588423,0.311958,-0.18987,-1.32872,0.12225,0.344303,-0.897822,-0.249409,0.110199,0,0,0.0368431,0,0,-0.461609,-0.0845782,-1.72304,0.252894,-0.204067,-0.411844,-0.512223,0,0,-0.484997,0,0,0.108577,-0.488151,-0.61309,-0.252007,1.36396,0.65083,-0.0802657,0.480866,0.243542,0.350629,1,-0.675289,-0.152556,-0.323321,0.645116,-0.276361,0.686072,-1.62436,-0.0741303,0.128316,-0.255764,-0.512061,-0.647213,-0.210483
0.995073,-0.0491998,-0.0677108,0.0531498,0.995073,-0.0491998,-0.0677108,0.0531498,0.977598,-0.0148098,0.153983,-0.142728,0.899022,-0.376924,-0.21004,-0.0746359,0.688707,0.634444,0.0346566,-0.34923,0.742506,0,0,0.669839,0.601661,0,0,0.798752,0.774325,-0.0340177,-0.0284906,-0.63123,0.988001,-0.00293116,0.152225,0.0259336,0.957131,0,0,-0.289655,0.486517,0,0,-0.873671,0.542158,-0.206177,-0.180313,0.794382,0.715641,-0.0574921,-0.0256744,0.695624,-0.343847,0.116764,0.686492,-0.0156517,0.120996,0.250863,-0.16853,0.116169,0.611954,0.162734,0.103706,0.154959,0.179476,0.15091,0.496472,0.324305,0.182089,0.208182,0.417061,0.26073,0.406102,0.568867,0.289199,0.373847,0.737626,0.349199,0.331156,0.921217,0.193193,0.455653,0.682791,0.33793,0.078248,1.038,0.0805935,0.35079,0.687701,0.181296,0.0678222,0.933976,0.411798,0.261366,0.149163,0.343774,-0.0127983,0.149163,0.343774,-0.0127983,-0.214726,0.093817,0.109474,-0.892456,-0.321685,0.172223,-0.469417,0.222011,0.455537,0,0,0.155976,0,0,0.190505,-0.284293,-1.19278,0.533988,-0.34085,0.00428686,-0.539634,0,0,-0.697254,0,0,0.115023,0.437156,-0.552784,-0.190579,1.17184,0.249106,0.366549,0.480476,0.242517,0.345994,1,-0.678725,-0.150295,-0.306878,0.650053,-0.249072,0.658551,-1.61315,-0.0621969,0.0947735,-0.247655,-0.85533,-0.600204,-0.173666
0.995837,-0.0513749,-0.0577706,0.0482996,0.995837,-0.0513749,-0.0577706,0.0482996,0.98147,-0.00581583,0.132928,-0.137889,0.891316,-0.383862,-0.230774,-0.0703539,0.695073,0.636187,0.0359878,-0.332933,0.744431,0,0,0.667699,0.596149,0,0,0.802874,0.7811,-0.0387604,-0.0416311,-0.62181,0.988039,-0.0101292,0.152576,0.0199026,0.952922,0,0,-0.303216,0.487936,0,0,-0.87288,0.549116,-0.191042,-0.184924,0.792324,0.713553,-0.0472939,-0.0197912,0.698723,-0.343852,0.118391,0.678803,-0.0183042,0.122118,0.244911,-0.168849,0.116318,0.602969,0.160014,0.101751,0.149926,0.17757,0.152886,0.488437,0.32234,0.181315,0.200976,0.414992,0.265038,0.397901,0.567477,0.291272,0.366872,0.7374,0.34753,0.323601,0.922565,0.188295,0.449804,0.684148,0.33608,0.0711814,1.03971,0.0733401,0.347008,0.690294,0.180806,0.0623467,0.935701,0.404949,0.254353,-0.129931,0.598279,-0.292231,-0.129931,0.598279,-0.292231,0.54416,-1.28332,0.303387,-0.495323,-1.32643,0.254111,0.0111963,0.0833697,1.14923,0,0,-0.172711,0,0,0.413001,-0.301764,-0.846864,0.713654,-0.433611,0.0210334,-0.363327,0,0,-0.851941,0,0,0.0974712,1.11844,-0.289678,-0.312862,0.674882,0.389733,0.243173,0.479712,0.242169,0.338818,1,-0.681289,-0.147407,-0.291688,0.655008,-0.226545,0.631743,-1.60579,-0.0620811,0.129236,-0.246035,-0.824481,-0.508496,-0.185631
0.996435,-0.0502777,-0.051198,0.0443677,0.996435,-0.0502777,-0.051198,0.0443677,0.984244,0.000745589,0.11425,-0.134947,0.884432,-0.39375,-0.242777,-0.0616534,0.705192,0.627206,0.0479718,-0.327132,0.747145,0,0,0.664661,0.583785,0,0,0.811908,0.785294,-0.0413747,-0.0574145,-0.615065,0.988497,-0.0135279,0.150118,0.012451,0.949912,0,0,-0.312518,0.489122,0,0,-0.872215,0.557456,-0.181665,-0.195447,0.786156,0.713247,-0.0361297,-0.0119015,0.69988,-0.342897,0.117336,0.672534,-0.0204338,0.123438,0.237822,-0.168022,0.114805,0.595388,0.158164,0.0994344,0.144341,0.176821,0.154226,0.480746,0.321125,0.179948,0.193523,0.41347,0.269269,0.388909,0.566575,0.294118,0.359648,0.73786,0.347245,0.317626,0.922941,0.186285,0.446462,0.688053,0.336653,0.0634434,1.0412,0.0701582,0.344944,0.696368,0.184728,0.0534017,0.938526,0.399938,0.251205,0.0665219,0.395514,-0.236774,0.0665219,0.395514,-0.236774,0.396093,-1.13406,0.185203,-0.675221,-0.784081,0.532496,-0.765865,0.7898,0.474177,0,0,-0.244362,0,0,0.91875,-0.165242,-1.01699,0.499067,-0.20461,-0.149472,-0.449005,0,0,-0.586615,0,0,0.0815576,0.711467,-0.698783,-0.634388,0.74189,0.524397,0.0823361,0.479766,0.24245,0.332143,1,-0.685068,-0.144991,-0.278516,0.657334,-0.20569,0.609211,-1.59435,-0.0456426,0.126935,-0.269754,-0.690554,-0.489049,-0.0207231
0.996852,-0.0489898,-0.0462506,0.041786,0.996852,-0.0489898,-0.0462506,0.041786,0.98572,0.00541224,0.103413,-0.132784,0.879197,-0.402148,-0.249869,-0.053428,0.718224,0.61214,0.0705942,-0.323196,0.7482,0,0,0.663473,0.571685,0,0,0.820473,0.787515,-0.0552998,-0.0640293,-0.610461,0.989104,-0.014839,0.146422,0.00367967,0.949059,0,0,-0.3151,0.492005,0,0,-0.870592,0.566727,-0.173371,-0.204203,0.779143,0.713765,-0.0198591,0.000612573,0.700103,-0.3415,0.114846,0.667734,-0.0229571,0.127294,0.228077,-0.166861,0.114144,0.588722,0.156487,0.0985176,0.137592,0.176517,0.158025,0.472364,0.320859,0.179428,0.185675,0.412958,0.274619,0.379151,0.566751,0.297941,0.352187,0.739459,0.348139,0.312298,0.923036,0.186362,0.444913,0.695161,0.3386,0.0544077,1.04242,0.069424,0.34514,0.707366,0.190358,0.0405284,0.942406,0.396597,0.249488,0.0777766,0.297589,-0.155438,0.0777766,0.297589,-0.155438,0.281317,-0.656748,0.134436,-0.570661,-0.471553,0.507299,-1.20936,1.48516,0.370528,0,0,-0.0953832,0,0,0.889462,-0.89802,-0.424576,0.330318,-0.0787932,-0.224397,-0.52835,0,0,-0.163152,0,0,0.198501,0.634734,-0.563666,-0.710662,1.08202,0.831995,0.00556045,0.480783,0.244057,0.325384,1,-0.688397,-0.143382,-0.264066,0.660167,-0.182524,0.585813,-1.58412,-0.015377,0.160515,-0.292751,-0.712378,-0.56152,-0.0840506
0.99712,-0.0480646,-0.0424536,0.0404984,0.99712,-0.0480646,-0.0424536,0.0404984,0.986784,0.0089071,0.0957259,-0.130437,0.873158,-0.411394,-0.257357,-0.0460174,0.735747,0.592296,0.0965858,-0.313901,0.749062,0,0,0.6625,0.562433,0,0,0.826843,0.789753,-0.070972,-0.0700338,-0.605267,0.990842,-0.0163852,0.134027,-0.000549004,0.950242,0,0,-0.311512,0.497518,0,0,-0.867454,0.576032,-0.167323,-0.204074,0.773656,0.715911,-0.000630974,0.00967742,0.698124,-0.340553,0.115189,0.663181,-0.0257547,0.133232,0.217646,-0.165936,0.117423,0.58262,0.155176,0.0999061,0.131436,0.176419,0.165814,0.463631,0.321625,0.181897,0.178938,0.41328,0.282441,0.368871,0.567794,0.303027,0.343774,0.742009,0.349488,0.305878,0.923524,0.185246,0.440971,0.703799,0.342414,0.0442587,1.04297,0.067337,0.341989,0.721363,0.197751,0.0247541,0.947049,0.393271,0.246307,0.0558312,0.228283,-0.0775546,0.0558312,0.228283,-0.0775546,0.210504,-0.465499,0.144321,-0.633247,-0.502748,0.457294,-1.57919,1.68197,0.75589,0,0,-0.0779851,0,0,0.673994,-1.00936,-0.384426,0.368199,-0.092534,-0.751101,-0.254626,0,0,0.226695,0,0,0.380648,0.472199,0.0649414,-0.598446,1.27818,0.602031,-0.169803,0.482501,0.24741,0.31795,1,-0.686665,-0.144764,-0.253498,0.665788,-0.165715,0.571508,-1.58871,0.00966168,0.23466,-0.308388,-0.435686,-0.415419,-0.413566
0.997266,-0.0457728,-0.0405692,0.0414606,0.997266,-0.0457728,-0.0405692,0.0414606,0.987292,0.0115644,0.0897136,-0.130663,0.866748,-0.422212,-0.262169,-0.041861,0.754727,0.566327,0.124043,-0.30704,0.746715,0,0,0.665144,0.557436,0,0,0.83022,0.790815,-0.0836437,-0.0806327,-0.600928,0.992629,-0.0219184,0.119095,-0.0049065,0.952528,0,0,-0.304451,0.505389,0,0,-0.862892,0.587218,-0.152891,-0.200753,0.769088,0.718542,0.0169009,0.0207541,0.694968,-0.339879,0.12224,0.656892,-0.0288321,0.142724,0.206666,-0.165055,0.127161,0.575204,0.153521,0.105498,0.124638,0.176948,0.178526,0.453771,0.322959,0.189008,0.171215,0.414923,0.29389,0.357307,0.570247,0.311109,0.33473,0.746228,0.35365,0.300511,0.923135,0.186563,0.439877,0.71622,0.349726,0.0349678,1.04199,0.0677912,0.342406,0.739305,0.208264,0.00854267,0.953708,0.392477,0.246231,0.137774,0.113295,0.057667,0.137774,0.113295,0.057667,0.160028,-0.363251,-0.012283,-0.738294,-0.338968,0.254519,-1.97897,1.75131,0.597088,0,0,0.212133,0,0,0.361845,-0.816395,-0.682578,0.295512,-0.332221,-0.902931,-0.262074,0,0,0.445308,0,0,0.545824,1.06347,0.298502,-0.571003,1.16329,0.734292,-0.256304,0.485282,0.254465,0.310531,1,-0.682489,-0.149019,-0.24383,0.672718,-0.147893,0.562518,-1.59918,0.0492937,0.343457,-0.346927,-0.280056,-0.444635,-0.601025
0.997444,-0.041218,-0.0398867,0.0426124,0.997444,-0.041218,-0.0398867,0.0426124,0.987057,0.00999051,0.0919049,-0.131039,0.859654,-0.435907,-0.263467,-0.0395639,0.775161,0.535675,0.155648,-0.296566,0.743895,0,0,0.668296,0.556647,0,0,0.830749,0.789882,-0.0926153,-0.0901145,-0.59949,0.994233,-0.0253206,0.103404,-0.0128984,0.954856,0,0,-0.297068,0.514052,0,0,-0.857759,0.602391,-0.131309,-0.197388,0.762182,0.717791,0.0368939,0.0280684,0.694714,-0.339139,0.130662,0.648029,-0.0319457,0.151364,0.195047,-0.163787,0.137725,0.565314,0.15147,0.11064,0.117229,0.17833,0.190908,0.442288,0.324368,0.195499,0.162669,0.417442,0.304903,0.344569,0.573441,0.319637,0.324906,0.751092,0.358921,0.295633,0.921808,0.18961,0.440447,0.732651,0.357843,0.0258003,1.0398,0.0697747,0.344686,0.763587,0.219784,-0.00835076,0.960825,0.393795,0.24773,0.273683,0.0411309,0.0690213,0.273683,0.0411309,0.0690213,-0.094791,0.132473,-0.0232869,-0.929495,-0.123438,0.138008,-2.27328,1.9907,0.833457,0,0,0.253772,0,0,0.0570429,-0.581347,-0.614235,0.0795054,-0.203818,-0.947118,-0.48028,0,0,0.464482,0,0,0.604218,1.56605,0.321253,-0.814725,1.32725,0.485844,-0.00354212,0.488775,0.261986,0.302667,1,-0.68017,-0.153265,-0.235309,0.677133,-0.130071,0.555846,-1.60348,0.0755848,0.330407,-0.382137,-0.213882,-0.446921,-0.412716
0.997635,-0.0363336,-0.0388239,0.0435608,0.997635,-0.0363336,-0.0388239,0.0435608,0.987459,0.0093532,0.0883606,-0.130495,0.851806,-0.449835,-0.266342,-0.033724,0.796208,0.500695,0.188938,-0.28224,0.742314,0,0,0.670053,0.556271,0,0,0.831001,0.789103,-0.0996241,-0.0975888,-0.59822,0.995564,-0.028209,0.0872556,-0.0210427,0.956909,0,0,-0.290388,0.523408,0,0,-0.852082,0.620904,-0.106247,-0.191265,0.752733,0.717769,0.0528578,0.037222,0.693273,-0.338311,0.139696,0.637111,-0.0349515,0.158872,0.183417,-0.162032,0.148547,0.553496,0.149603,0.115204,0.109905,0.180387,0.203297,0.429642,0.326061,0.201958,0.153874,0.420466,0.316057,0.331049,0.57698,0.328752,0.314054,0.755989,0.365161,0.289562,0.921801,0.194349,0.439085,0.749456,0.36717,0.0158769,1.04005,0.0743892,0.344634,0.789874,0.23389,-0.0260576,0.967684,0.396508,0.248222,0.293454,0.0639677,0.0567874,0.293454,0.0639677,0.0567874,-0.0384804,-0.2143,0.0338635,-0.956722,-0.228147,0.361797,-2.52442,2.06669,1.07284,0,0,0.141807,0,0,0.0271059,-0.454556,-0.484581,0.0708733,-0.172882,-0.973123,-0.489039,0,0,0.419301,0,0,0.656592,1.79678,0.525324,-1.04982,1.05954,0.607537,-0.0952399,0.492689,0.270103,0.293797,1,-0.67864,-0.156366,-0.227561,0.680598,-0.114563,0.548852,-1.60596,0.0907013,0.334622,-0.405596,-0.223133,-0.388716,-0.318584
0.99796,-0.0317175,-0.0356557,0.0424079,0.99796,-0.0317175,-0.0356557,0.0424079,0.987911,0.0103829,0.0855656,-0.128849,0.842779,-0.462776,-0.27328,-0.0296545,0.819727,0.457895,0.228849,-0.256922,0.738456,0,0,0.674302,0.558793,0,0,0.829307,0.788222,-0.106464,-0.107126,-0.596569,0.996473,-0.0316996,0.0707949,-0.0320179,0.959452,0,0,-0.281872,0.535097,0,0,-0.84479,0.641715,-0.0893511,-0.172251,0.741989,0.717791,0.0708902,0.0455112,0.691143,-0.327943,0.246995,0.627078,-0.0294424,0.262641,0.17409,-0.149891,0.257405,0.543515,0.156281,0.215833,0.105409,0.192933,0.313821,0.41862,0.337303,0.304865,0.147029,0.433896,0.424862,0.31826,0.59089,0.435221,0.304026,0.771228,0.467718,0.283889,0.931445,0.294743,0.438925,0.778103,0.472733,0.00620616,1.04897,0.173819,0.346849,0.830651,0.346091,-0.044233,0.984767,0.49401,0.248744,0.277392,0.190478,-0.0695074,0.277392,0.190478,-0.0695074,0.0619446,-0.169187,0.100305,-0.912102,-0.494164,0.25092,-3.01109,2.44533,1.77349,0,0,0.344327,0,0,-0.182222,-0.444137,-0.618466,0.0940938,-0.209167,-0.990395,-0.658903,0,0,0.533256,0,0,0.826642,1.21659,1.4104,-1.16832,1.19678,0.550128,-0.141752,0.506827,0.37504,0.286002,1,-0.678093,-0.157348,-0.216292,0.68458,-0.0962631,0.533751,-1.60665,0.402891,3.26413,-0.383673,-0.469452,-0.454131,-0.30363
0.998136,-0.0281822,-0.0326735,0.0431532,0.998136,-0.0281822,-0.0326735,0.0431532,0.987926,0.0126011,0.0840789,-0.129514,0.834477,-0.47575,-0.276677,-0.0275735,0.837336,0.415375,0.26971,-0.231491,0.734042,0,0,0.679105,0.565687,0,0,0.82462,0.789055,-0.113718,-0.123088,-0.591025,0.996769,-0.0403998,0.0536654,-0.0440457,0.962584,0,0,-0.270984,0.549893,0,0,-0.835235,0.670176,-0.0717404,-0.16493,0.72008,0.718922,0.0867512,0.0502987,0.687819,-0.318012,0.34165,0.615802,-0.025431,0.35475,0.164882,-0.137769,0.354544,0.531979,0.161607,0.305435,0.101169,0.205618,0.414074,0.406509,0.348372,0.397348,0.139573,0.447636,0.523203,0.304175,0.605103,0.530566,0.293662,0.78662,0.559228,0.278874,0.939688,0.385094,0.44059,0.808496,0.566856,-0.00249645,1.05617,0.26268,0.35156,0.873302,0.447415,-0.0607676,1.00178,0.580437,0.251132,0.212362,0.179168,0.044594,0.212362,0.179168,0.044594,0.13363,-0.0895861,-0.0399988,-0.912306,-0.267771,0.126604,-2.88533,2.50094,1.71878,0,0,0.391411,0,0,-0.500201,-0.466612,-1.02918,0.370098,-0.522391,-1.0293,-0.722252,0,0,0.679772,0,0,1.0568,1.25942,0.627488,-2.05217,1.05018,0.316296,-0.240468,0.520965,0.469077,0.278207,1,-0.676331,-0.159222,-0.200557,0.690653,-0.0708455,0.513489,-1.61036,0.412211,2.95024,-0.422559,-0.632275,-0.63699,-0.492333
0.998203,-0.025735,-0.0294636,0.0453855,0.998203,-0.025735,-0.0294636,0.0453855,0.987767,0.0129493,0.0853692,-0.129845,0.826952,-0.488697,-0.276708,-0.0275319,0.848585,0.377243,0.308463,-0.206013,0.729686,0,0,0.683783,0.576635,0,0,0.817002,0.789581,-0.120524,-0.142903,-0.584477,0.996065,-0.0538101,0.0379423,-0.0593252,0.966536,0,0,-0.256533,0.567398,0,0,-0.823444,0.700529,-0.0551176,-0.159992,0.69327,0.719402,0.10219,0.0517539,0.685084,-0.308528,0.425285,0.603078,-0.0230397,0.435351,0.156625,-0.125791,0.441063,0.519357,0.165067,0.384185,0.0971703,0.218518,0.503855,0.393507,0.358915,0.478868,0.131196,0.461969,0.610102,0.288962,0.619784,0.614386,0.283044,0.802168,0.63984,0.274411,0.947135,0.46571,0.443404,0.840279,0.649488,-0.00971589,1.06246,0.341502,0.357816,0.917457,0.537338,-0.0742352,1.01854,0.657248,0.254682,0.146959,0.192754,0.13396,0.146959,0.192754,0.13396,0.0210157,0.0780051,-0.020392,-0.907492,-0.0499209,-0.00212574,-2.51733,2.38099,1.67016,0,0,0.383529,0,0,-0.800271,-0.438219,-1.27842,0.430391,-0.806247,-0.943869,-0.9186,0,0,0.898887,0,0,1.26635,1.16785,0.461546,-2.36573,1.02299,0.0959091,-0.189802,0.535103,0.552215,0.270413,1,-0.674368,-0.161484,-0.180918,0.697437,-0.0391451,0.488453,-1.61418,0.429983,2.60697,-0.456386,-0.784984,-0.80232,-0.571541
0.998341,-0.0215335,-0.0268971,0.046131,0.998341,-0.0215335,-0.0268971,0.046131,0.987726,0.0117243,0.0864494,-0.129564,0.819997,-0.503371,-0.271413,-0.023593,0.85403,0.340694,0.347665,-0.183547,0.725374,0,0,0.688355,0.588627,0,0,0.808404,0.788996,-0.124286,-0.159497,-0.580171,0.994373,-0.0675835,0.0266754,-0.0770889,0.971382,0,0,-0.237523,0.585787,0,0,-0.810465,0.731818,-0.0433755,-0.138228,0.665923,0.719797,0.111691,0.0581589,0.682668,-0.300675,0.499612,0.586888,-0.0211994,0.504857,0.149121,-0.114429,0.518357,0.505236,0.167798,0.452278,0.0935252,0.231725,0.583631,0.380191,0.369258,0.5493,0.122493,0.476947,0.685591,0.273584,0.634928,0.687286,0.272369,0.81796,0.709317,0.270256,0.953671,0.536396,0.446407,0.872568,0.719353,-0.0158671,1.06731,0.410462,0.36357,0.960982,0.614454,-0.0852182,1.03526,0.722449,0.259092,0.2523,0.154156,0.0446317,0.2523,0.154156,0.0446317,-0.0737919,0.0651522,0.0168543,-1.01619,0.293604,0.247179,-2.35277,2.43564,1.44301,0,0,0.377071,0,0,-0.885375,-0.244749,-1.07421,0.270082,-0.829781,-0.675991,-1.06984,0,0,1.17709,0,0,1.35053,0.819189,1.56457,-2.35925,0.629052,0.424246,-0.167109,0.549241,0.624452,0.262618,1,-0.674134,-0.160898,-0.159532,0.702997,-0.00821186,0.457062,-1.61462,0.449344,2.26465,-0.461328,-0.976766,-0.784413,-0.435661
0.998526,-0.0163087,-0.0243117,0.0457095,0.998526,-0.0163087,-0.0243117,0.0457095,0.987754,0.0111418,0.0869739,-0.129049,0.813323,-0.5185,-0.263253,-0.0190327,0.853613,0.309927,0.385039,-0.164425,0.719854,0,0,0.694125,0.602553,0,0,0.798079,0.788135,-0.123477,-0.175486,-0.576889,0.991806,-0.0802546,0.0195055,-0.0974634,0.97733,0,0,-0.211722,0.605484,0,0,-0.795858,0.76895,-0.0390554,-0.10319,0.629716,0.7204,0.121277,0.06651,0.679626,-0.294314,0.561935,0.56711,-0.020199,0.563606,0.141359,-0.103443,0.584801,0.489448,0.169715,0.50983,0.0897774,0.24537,0.653192,0.366615,0.379497,0.6085,0.113607,0.492599,0.749679,0.258037,0.650571,0.749357,0.261645,0.833941,0.768123,0.266294,0.959393,0.597683,0.449937,0.905069,0.776705,-0.0207581,1.07071,0.46994,0.369993,1.00358,0.677903,-0.0933661,1.05175,0.776861,0.264334,0.31372,0.155299,-0.0254735,0.31372,0.155299,-0.0254735,-0.0350974,0.0315445,0.0311078,-1.04714,0.480302,0.288353,-1.93851,2.36197,1.20512,0,0,0.479139,0,0,-1.04016,0.0497693,-1.03665,0.200169,-0.765838,-0.429998,-1.2298,0,0,1.58871,0,0,1.47136,0.321075,2.40777,-2.96884,0.633854,0.55281,-0.212158,0.563379,0.685789,0.254823,1,-0.675508,-0.157289,-0.135778,0.70747,0.0223055,0.418065,-1.61228,0.469559,1.92266,-0.466433,-1.20411,-0.778684,-0.317751
0.998685,-0.0094016,-0.0222043,0.0452455,0.998685,-0.0094016,-0.0222043,0.0452455,0.987642,0.0114383,0.0869876,-0.12987,0.806229,-0.533844,-0.254598,-0.0136218,0.85204,0.283395,0.414413,-0.148243,0.715176,0,0,0.698945,0.618454,0,0,0.785821,0.789291,-0.107261,-0.203037,-0.569465,0.988339,-0.0912382,0.0123335,-0.121281,0.982701,0,0,-0.185199,0.62781,0,0,-0.778367,0.80631,-0.0469756,-0.0636939,0.586175,0.721339,0.132169,0.0750561,0.675698,-0.287225,0.610347,0.543746,-0.0209605,0.611272,0.132517,-0.0914734,0.637802,0.471547,0.170112,0.557041,0.0852707,0.259922,0.710505,0.35226,0.389304,0.656968,0.104177,0.508714,0.802291,0.241734,0.666496,0.800745,0.250454,0.849761,0.817039,0.262882,0.964111,0.64996,0.454195,0.938193,0.822427,-0.0228071,1.07405,0.520674,0.377704,1.0464,0.728168,-0.0965731,1.0675,0.821982,0.271752,0.41466,0.126575,-0.0279948,0.41466,0.126575,-0.0279948,0.0178916,0.00102612,-0.0497388,-1.07146,0.511877,0.344235,-1.66438,1.86858,1.01594,0,0,0.402988,0,0,-1.20468,1.05102,-1.77508,0.49558,-0.667199,-0.430636,-1.44144,0,0,1.62375,0,0,1.70175,-0.473572,2.62799,-3.35835,0.719041,0.564846,-0.276552,0.577516,0.736226,0.247029,1,-0.677938,-0.153431,-0.112548,0.710065,0.0519172,0.37954,-1.60711,0.483442,1.57837,-0.48907,-1.18663,-0.773129,-0.189848
0.998808,-0.00210571,-0.0200862,0.0444331,0.998808,-0.00210571,-0.0200862,0.0444331,0.987077,0.0104356,0.0899192,-0.132227,0.799484,-0.549181,-0.243175,-0.00963245,0.846894,0.266687,0.440957,-0.131169,0.709305,0,0,0.704902,0.638584,0,0,0.769552,0.796634,-0.0780399,-0.233404,-0.552093,0.984465,-0.096313,0.00915796,-0.146524,0.984624,0,0,-0.174688,0.650676,0,0,-0.759355,0.838701,-0.0649325,-0.0141463,0.540522,0.721215,0.143574,0.0868675,0.672079,-0.277512,0.645341,0.518192,-0.0227781,0.647772,0.122851,-0.0768298,0.674911,0.452754,0.169591,0.593522,0.0809182,0.275941,0.752888,0.338623,0.398476,0.694018,0.0960143,0.524786,0.84322,0.22675,0.682294,0.84168,0.239647,0.865077,0.856929,0.258861,0.969371,0.694741,0.456949,0.970329,0.857847,-0.0244227,1.07738,0.564336,0.383312,1.0887,0.76681,-0.098091,1.0822,0.859591,0.277156,0.437951,0.127194,-0.0488743,0.437951,0.127194,-0.0488743,-0.060294,0.17765,-0.143539,-1.0721,0.694686,0.254591,-1.02397,1.72758,1.06288,0,0,0.501842,0,0,-1.55297,1.90147,-1.92103,1.21888,-0.313227,-0.19056,-1.53197,0,0,0.64109,0,0,1.7843,-1.10405,3.19164,-3.33721,0.756339,0.783123,-0.237792,0.591654,0.775764,0.239234,1,-0.682304,-0.145139,-0.0901607,0.710821,0.0740789,0.335636,-1.59918,0.482163,1.22786,-0.449542,-1.33651,-0.579925,0.00512812
0.998893,0.00712969,-0.0178892,0.0429084,0.998893,0.00712969,-0.0178892,0.0429084,0.986291,0.00714356,0.0940532,-0.135401,0.791096,-0.56685,-0.229887,-0.000451029,0.84006,0.252469,0.466424,-0.114052,0.705576,0,0,0.708634,0.660991,0,0,0.750394,0.81308,-0.0497404,-0.261339,-0.517811,0.979927,-0.100595,0.011226,-0.171748,0.978864,0,0,-0.204513,0.673267,0,0,-0.739399,0.849491,-0.0860955,0.0282449,0.519764,0.720651,0.156222,0.0992356,0.668138,-0.261795,0.672193,0.490857,-0.0250751,0.673867,0.111101,-0.0570255,0.696849,0.433236,0.16863,0.620199,0.0747297,0.294262,0.778775,0.324769,0.407109,0.720813,0.0868736,0.5402,0.873633,0.211438,0.69731,0.872573,0.228612,0.879212,0.887103,0.255348,0.973017,0.731433,0.460036,1.0029,0.881592,-0.023501,1.08001,0.59996,0.389258,1.13198,0.793052,-0.0954069,1.09515,0.887718,0.283955,0.554332,0.131903,-0.0915926,0.554332,0.131903,-0.0915926,-0.198265,0.250607,-0.193404,-1.25024,0.809372,0.590848,-0.860146,1.68373,1.06513,0,0,0.316562,0,0,-1.76892,1.84261,-1.69862,2.40947,-0.267512,0.125761,-1.53715,0,0,-1.82263,0,0,1.80863,-1.32163,2.68277,-1.44477,0.840603,0.821202,-0.25162,0.605792,0.804401,0.231439,1,-0.687436,-0.133626,-0.0654828,0.710836,0.0945396,0.283796,-1.59075,0.462421,0.912396,-0.459356,-1.5688,-0.546933,0.0656429
0.998974,0.0172904,-0.0161909,0.0385872,0.998974,0.0172904,-0.0161909,0.0385872,0.985478,0.00155618,0.101647,-0.136008,0.782364,-0.584114,-0.215807,0.0120093,0.831801,0.241648,0.490483,-0.0956023,0.702941,0,0,0.711248,0.686122,0,0,0.727486,0.83537,-0.028447,-0.287328,-0.46775,0.97475,-0.102902,0.0137344,-0.197698,0.959253,0,0,-0.282549,0.695215,0,0,-0.718802,0.836078,-0.102419,0.0472188,0.536893,0.719916,0.17311,0.110738,0.662941,-0.237093,0.695289,0.460656,-0.0276432,0.689265,0.0964331,-0.0292196,0.706076,0.414214,0.167559,0.636778,0.0663448,0.316125,0.787973,0.312805,0.415268,0.737366,0.076878,0.554531,0.893566,0.195683,0.7111,0.893554,0.217328,0.891731,0.907163,0.252039,0.974127,0.758055,0.462316,1.03483,0.89429,-0.0201789,1.08031,0.62545,0.394232,1.17491,0.807337,-0.0891015,1.10597,0.905641,0.29131,0.609838,0.101961,-0.25943,0.609838,0.101961,-0.25943,-0.336758,0.459372,-0.0388616,-1.23673,0.863908,0.806969,-0.640511,1.61866,1.15194,0,0,0.222645,0,0,-2.04039,1.37837,-1.51601,3.44755,-0.15019,0.152967,-1.58837,0,0,-4.82903,0,0,1.80601,-1.06305,1.21367,1.24678,1.12284,0.76464,-0.332143,0.61993,0.822138,0.223645,1,-0.693746,-0.122087,-0.0404781,0.708642,0.115346,0.231251,-1.57863,0.429936,0.598,-0.472651,-1.58454,-0.581716,0.204541
0.998989,0.0230496,-0.0136718,0.0361018,0.998989,0.0230496,-0.0136718,0.0361018,0.98519,-0.00206767,0.104059,-0.136268,0.77341,-0.600436,-0.202225,0.0204498,0.826034,0.239699,0.504367,-0.0763301,0.701772,0,0,0.712401,0.714182,0,0,0.69996,0.857529,-0.018094,-0.314904,-0.406389,0.969563,-0.105141,0.00878346,-0.220943,0.922924,0,0,-0.384982,0.716448,0,0,-0.697641,0.828159,-0.107085,0.044946,0.548329,0.71766,0.190753,0.121873,0.658578,-0.202534,0.712612,0.42957,-0.0301743,0.694206,0.0809241,0.00766524,0.70428,0.3981,0.166439,0.643655,0.0573962,0.340966,0.783635,0.304586,0.422985,0.744224,0.0671663,0.567593,0.90201,0.18055,0.723484,0.902845,0.206601,0.9027,0.916403,0.247998,0.976384,0.771226,0.460458,1.06233,0.899153,-0.0167139,1.08158,0.638138,0.392592,1.2131,0.812799,-0.0828166,1.11516,0.914295,0.295905,0.345665,0.151198,-0.149188,0.345665,0.151198,-0.149188,-0.218501,0.146058,-0.0164743,-1.18697,0.836045,0.551118,-0.092057,0.950292,1.21571,0,0,0.0985406,0,0,-2.35857,0.666796,-1.59319,4.10262,-0.146644,-0.298648,-1.43,0,0,-6.52427,0,0,1.7987,-0.315787,-0.13616,0.826201,1.18095,0.745438,-0.251486,0.634068,0.828975,0.21585,1,-0.697524,-0.116957,-0.019192,0.706692,0.139064,0.19328,-1.57035,0.391873,0.253297,-0.453976,-1.14163,-0.691408,0.0983298
0.998729,0.0310676,-0.01151,0.0379755,0.998729,0.0310676,-0.01151,0.0379755,0.984644,-0.0059109,0.10726,-0.137608,0.762213,-0.618818,-0.18849,0.0238104,0.827762,0.235053,0.505221,-0.0656639,0.702432,0,0,0.711751,0.738231,0,0,0.674547,0.87543,-0.0154719,-0.341326,-0.341877,0.964417,-0.106923,0.00142686,-0.241796,0.872512,0,0,-0.488592,0.73717,0,0,-0.675707,0.819843,-0.110701,0.0411025,0.560279,0.71665,0.2089,0.132486,0.65209,-0.157577,0.721651,0.396892,-0.033016,0.68896,0.0640768,0.0523751,0.694583,0.3838,0.164891,0.640638,0.0462637,0.368255,0.769429,0.298059,0.430193,0.740703,0.0555976,0.58036,0.898163,0.164308,0.735391,0.899634,0.194807,0.912432,0.914468,0.244136,0.975889,0.772505,0.45847,1.0876,0.8929,-0.0105044,1.08091,0.638692,0.391306,1.24719,0.805646,-0.0722213,1.12223,0.913962,0.302464,0.481403,0.129696,0.112656,0.481403,0.129696,0.112656,-0.231804,0.194201,-0.0822922,-1.36338,0.841157,0.224892,-0.30553,0.0342366,0.682498,0,0,-0.0556077,0,0,-2.0994,0.171432,-1.52876,4.2024,-0.11933,-0.445779,-1.28957,0,0,-6.91726,0,0,1.81057,-0.251694,-0.236877,0.869059,1.20985,0.707794,-0.413819,0.648206,0.824913,0.208055,1,-0.698734,-0.114571,-0.00215097,0.706144,0.15993,0.165568,-1.56805,0.382995,-0.1154,-0.487268,-0.830358,-0.617265,-0.0425784
0.998309,0.0398438,-0.00962041,0.0412168,0.998309,0.0398438,-0.00962041,0.0412168,0.983872,-0.00805839,0.11167,-0.139505,0.752276,-0.635733,-0.171139,0.0252232,0.829872,0.23589,0.502637,-0.0549908,0.703534,0,0,0.710662,0.761883,0,0,0.647715,0.888506,-0.0126508,-0.364618,-0.2783,0.959002,-0.105877,-0.00199876,-0.26287,0.813013,0,0,-0.582246,0.757456,0,0,-0.652886,0.805666,-0.113872,0.0263814,0.580723,0.714658,0.230467,0.138578,0.645713,-0.1046,0.717191,0.365231,-0.0369678,0.672383,0.0479554,0.102238,0.676105,0.372435,0.162075,0.626534,0.0349227,0.396966,0.746777,0.294785,0.436118,0.725455,0.0442782,0.592628,0.881897,0.148875,0.746889,0.884443,0.182667,0.921578,0.901728,0.238813,0.975675,0.763676,0.45406,1.11121,0.875384,-0.00478806,1.08052,0.629206,0.387162,1.2793,0.786462,-0.0604624,1.12841,0.90434,0.306692,0.527133,0.113341,0.194906,0.527133,0.113341,0.194906,-0.129639,0.267693,-0.116563,-1.25918,1.09053,0.0983617,0.041854,-0.189061,0.682561,0,0,-0.092945,0,0,-2.14621,0.180316,-1.3535,4.06156,0.051711,-0.208234,-1.30898,0,0,-6.66078,0,0,1.83211,-0.240336,-0.931698,1.49873,1.44375,0.411592,-0.39061,0.662344,0.80995,0.200261,1,-0.699949,-0.10878,0.0126121,0.705748,0.172529,0.136308,-1.56724,0.368034,-0.487967,-0.46297,-0.876601,-0.376475,-0.0326799
0.997841,0.0488133,-0.00822468,0.0431547,0.997841,0.0488133,-0.00822468,0.0431547,0.982322,-0.0125639,0.122268,-0.141195,0.745315,-0.64937,-0.148371,0.0284566,0.830484,0.236978,0.502008,-0.0461031,0.705098,0,0,0.70911,0.781385,0,0,0.624049,0.900425,-0.0120803,-0.378432,-0.214193,0.953889,-0.102973,0.000891244,-0.281944,0.747837,0,0,-0.663882,0.776069,0,0,-0.630647,0.78999,-0.0985851,0.000914821,0.605141,0.712483,0.249897,0.139651,0.640638,-0.0453271,0.697406,0.336937,-0.0408504,0.64549,0.0320151,0.156534,0.647635,0.363377,0.159166,0.602035,0.0234318,0.427031,0.716599,0.293343,0.441353,0.699317,0.033656,0.604262,0.854795,0.134761,0.757912,0.858242,0.170828,0.930444,0.877611,0.232415,0.975399,0.744537,0.44746,1.13215,0.844179,-0.000576015,1.07931,0.60897,0.380224,1.3069,0.752901,-0.0496155,1.13453,0.882915,0.30782,0.538926,0.083714,0.116746,0.538926,0.083714,0.116746,-0.272187,0.643156,-0.106405,-1.00532,1.46576,0.216709,0.0659077,-0.0471141,0.566372,0,0,-0.132171,0,0,-1.84007,0.0387027,-0.762672,4.05174,0.16574,0.175904,-1.19021,0,0,-6.27057,0,0,1.74006,0.945022,-1.63503,1.79298,1.30504,0.0790491,-0.301534,0.676482,0.784087,0.192466,1,-0.70057,-0.0979791,0.0281788,0.706263,0.178911,0.0990776,-1.56999,0.34902,-0.813085,-0.423427,-1.1165,-0.192579,-0.105079
0.997226,0.0598522,-0.00511875,0.0439531,0.997226,0.0598522,-0.00511875,0.0439531,0.981564,-0.017125,0.125955,-0.142736,0.737995,-0.661466,-0.130165,0.0297084,0.834119,0.237881,0.49622,-0.0377414,0.706378,0,0,0.707834,0.7964,0,0,0.60477,0.911887,-0.0115303,-0.381304,-0.151446,0.949189,-0.0995422,0.0112662,-0.298336,0.681385,0,0,-0.731925,0.792843,0,0,-0.609426,0.771852,-0.0753222,-0.0156056,0.631132,0.711306,0.266395,0.143025,0.634525,0.0171725,0.662575,0.310944,-0.0438583,0.607713,0.0152346,0.2133,0.609146,0.354693,0.157037,0.566723,0.0107966,0.458138,0.678567,0.291401,0.446515,0.662408,0.0226413,0.615598,0.817152,0.121199,0.768765,0.821276,0.158776,0.939046,0.842278,0.225532,0.974013,0.714025,0.441053,1.15179,0.80023,0.00456096,1.07677,0.576557,0.375016,1.33123,0.705058,-0.0354116,1.14001,0.849581,0.3086,0.663554,0.186427,0.0484818,0.663554,0.186427,0.0484818,-0.275553,0.224514,-0.0951834,-0.915188,1.17198,0.0876343,0.037538,-0.409815,0.535281,0,0,-0.108457,0,0,-1.46619,0.036995,-0.0839011,3.93251,0.199333,0.633345,-1.02814,0,0,-5.70869,0,0,1.62301,1.46962,-1.07383,1.95425,1.10521,0.228733,-0.3874,0.690619,0.747325,0.184671,1,-0.700435,-0.0824243,0.0439469,0.707578,0.17888,0.0551072,-1.576,0.34009,-1.12926,-0.406874,-1.31911,0.00384414,-0.180033
0.996531,0.0709581,-0.00233558,0.0434317,0.996531,0.0709581,-0.00233558,0.0434317,0.979938,-0.0243672,0.133276,-0.146166,0.732719,-0.671134,-0.107212,0.0347483,0.832467,0.243224,0.496787,-0.0323056,0.707192,0,0,0.707021,0.809214,0,0,0.587514,0.924419,-0.0124185,-0.371346,-0.0860048,0.944439,-0.0992255,0.0287982,-0.312026,0.615271,0,0,-0.788315,0.808065,0,0,-0.589093,0.750214,-0.0572653,-0.03613,0.657719,0.710062,0.283359,0.141082,0.628979,0.0820395,0.613818,0.28947,-0.0465701,0.559889,7.58798e-06,0.272693,0.560373,0.346494,0.155112,0.521131,-0.00146421,0.490703,0.632198,0.288241,0.451325,0.614832,0.0119023,0.626428,0.769038,0.108457,0.779201,0.773288,0.147141,0.947384,0.795384,0.218363,0.972323,0.673579,0.433423,1.17017,0.74307,0.0094683,1.07348,0.534248,0.368249,1.35292,0.643498,-0.0208227,1.14539,0.803714,0.307822,0.667958,0.167112,-0.0307067,0.667958,0.167112,-0.0307067,-0.438025,0.446333,-0.211908,-0.72554,1.49742,0.336526,0.348816,0.0548802,0.344245,0,0,-0.0690302,0,0,-1.28967,-0.0515894,0.715186,4.06906,0.00948495,1.07297,-0.866496,0,0,-5.21539,0,0,1.52405,1.14378,-1.35376,2.07763,1.13781,-0.12479,-0.348906,0.704757,0.699662,0.176877,1,-0.69835,-0.062532,0.0625323,0.710272,0.177093,0.00149071,-1.58759,0.324917,-1.44344,-0.382239,-1.60781,0.0712899,-0.346157
0.996169,0.0766224,0.000897587,0.0421348,0.996169,0.0766224,0.000897587,0.0421348,0.978752,-0.0289819,0.138306,-0.148581,0.730469,-0.676501,-0.0823441,0.0445057,0.825425,0.257546,0.501607,-0.0270735,0.709062,0,0,0.705146,0.823926,0,0,0.566698,0.936002,-0.014872,-0.351452,-0.0126602,0.939301,-0.103576,0.0469943,-0.323694,0.551889,0,0,-0.833918,0.821913,0,0,-0.569613,0.72962,-0.0463636,-0.0475328,0.680622,0.709273,0.290487,0.142188,0.626364,0.14791,0.548343,0.273304,-0.0492779,0.50179,-0.0119765,0.335005,0.499452,0.339266,0.152912,0.465227,-0.0110265,0.525124,0.576395,0.283909,0.455336,0.556794,0.00302303,0.635853,0.710408,0.0976113,0.788364,0.714425,0.13711,0.955476,0.737238,0.210426,0.974947,0.622209,0.423418,1.18512,0.675292,0.0106544,1.07474,0.481769,0.357166,1.37064,0.570964,-0.0123768,1.15186,0.746192,0.303084,0.34081,0.194221,-0.077598,0.34081,0.194221,-0.077598,-0.279451,0.307168,-0.14949,-0.392509,1.63643,0.646427,0.952648,0.388011,0.328323,0,0,-0.158867,0,0,-1.52941,-0.147389,1.31083,4.51812,-0.277144,1.1175,-0.748219,0,0,-4.68616,0,0,1.43408,0.69081,-0.771966,1.85156,0.480375,0.0765403,-0.161377,0.718895,0.641099,0.169082,1,0.694659,0.042991,-0.083108,-0.713228,0.179502,-0.0541652,-1.60205,0.28275,-1.75888,-0.325385,-1.67094,-0.0321395,-0.431707
0.995905,0.081496,0.00342192,0.0389934,0.995905,0.081496,0.00342192,0.0389934,0.977715,-0.0314085,0.139721,-0.153511,0.727388,-0.681426,-0.0595922,0.0549053,0.820235,0.268351,0.504454,-0.0269781,0.709961,0,0,0.704241,0.838745,0,0,0.544524,0.943771,-0.0137167,-0.325261,0.0575591,0.932643,-0.106284,0.0647633,-0.338655,0.495092,0,0,-0.868841,0.834311,0,0,-0.551295,0.708419,-0.0306471,-0.0525406,0.703167,0.707387,0.291848,0.144452,0.627345,0.211987,0.468802,0.26005,-0.0514981,0.433234,-0.022794,0.397107,0.427337,0.331016,0.150849,0.398475,-0.0194408,0.56048,0.509894,0.277901,0.459036,0.487234,-0.00446338,0.645041,0.640275,0.0881815,0.797449,0.644896,0.127848,0.963842,0.668722,0.20235,0.979615,0.560252,0.413042,1.1974,0.597255,0.00979921,1.07802,0.419252,0.345281,1.38446,0.487124,-0.00925274,1.15887,0.677803,0.297423,0.293219,0.151672,-0.188519,0.293219,0.151672,-0.188519,-0.147297,0.0884854,-0.301161,-0.378266,1.49809,0.691139,0.72116,0.242236,0.0028369,0,0,-0.0765399,0,0,-1.60026,0.0730766,1.65892,4.29601,-0.180734,1.09734,-0.963801,0,0,-4.00123,0,0,1.32717,1.02183,-0.359236,1.8692,0.104734,0.157695,0.0957693,0.733033,0.571636,0.161287,1,0.693257,0.0234303,-0.101146,-0.713173,0.178723,-0.107025,-1.60872,0.275632,-2.10401,-0.282894,-1.58406,0.0781108,-0.201827
0.995495,0.0890129,0.00286942,0.0325331,0.995495,0.0890129,0.00286942,0.0325331,0.9764,-0.0337401,0.142122,-0.159078,0.722224,-0.687103,-0.0405363,0.0681091,0.819179,0.272574,0.503826,-0.0284479,0.709241,0,0,0.704966,0.857119,0,0,0.515118,0.947717,-0.0116097,-0.296549,0.117287,0.923995,-0.104628,0.0777792,-0.359495,0.449626,0,0,-0.893217,0.845629,0,0,-0.533771,0.693647,-0.0177209,-0.0563918,0.717885,0.707993,0.288848,0.14132,0.628762,0.270682,0.376342,0.248652,-0.0528498,0.35495,-0.0337826,0.455964,0.343214,0.320098,0.149657,0.321413,-0.0281489,0.595823,0.431217,0.268485,0.463274,0.406701,-0.0118078,0.654929,0.558754,0.0788904,0.807246,0.565107,0.118408,0.972436,0.589973,0.195033,0.983796,0.487463,0.403418,1.2098,0.508765,0.0112466,1.0818,0.346906,0.334663,1.39808,0.391157,-0.00552854,1.16523,0.598547,0.294151,0.452366,-0.0331716,-0.387881,0.452366,-0.0331716,-0.387881,-0.141852,0.148935,-0.340784,-0.465265,1.25478,0.882022,0.276436,-0.0277632,-0.0945841,0,0,0.0613197,0,0,-2.08054,0.1298,1.7802,3.64272,0.0824331,0.813233,-1.34516,0,0,-3.09565,0,0,1.25168,0.854228,-0.278096,1.25506,-0.204407,-0.210894,0.0846115,0.747171,0.491274,0.153493,1,0.696216,0.00676018,-0.113014,-0.708848,0.172368,-0.148324,-1.60161,0.296633,-2.44563,-0.278733,-1.23172,0.231582,0.188704
0.99484,0.0985272,0.000229296,0.0241879,0.99484,0.0985272,0.000229296,0.0241879,0.974507,-0.0377324,0.147297,-0.16497,0.716455,-0.692456,-0.0239052,0.0813998,0.821087,0.270205,0.501637,-0.0341357,0.707112,0,0,0.707102,0.872351,0,0,0.488879,0.950124,-0.00770931,-0.267017,0.160953,0.913707,-0.0981338,0.088874,-0.384201,0.419555,0,0,-0.90773,0.854015,0,0,-0.520249,0.687961,-0.0123604,-0.0648065,0.722743,0.711314,0.270814,0.134633,0.634481,0.320096,0.271242,0.239932,-0.0519778,0.268837,-0.0446215,0.507429,0.246156,0.307882,0.150292,0.234872,-0.0368023,0.629089,0.339616,0.257242,0.468462,0.315117,-0.0185047,0.665883,0.465776,0.0706737,0.81823,0.474708,0.109146,0.982043,0.500855,0.187983,0.989121,0.403156,0.393745,1.22195,0.411253,0.0121073,1.0874,0.264066,0.323869,1.41012,0.286171,-0.00427978,1.17239,0.508884,0.291262,0.573008,-0.158643,-0.50115,0.573008,-0.158643,-0.50115,-0.242893,0.318684,-0.362701,-0.456388,1.09841,0.892554,-0.163358,-0.162092,-0.361937,0,0,0.180925,0,0,-1.82047,0.238576,1.81687,2.65853,0.378283,0.702621,-1.60556,0,0,-2.0035,0,0,0.954672,0.357278,-0.573358,0.432885,-1.22452,-0.456964,0.326862,0.761309,0.400011,0.145698,1,0.702799,-0.00824018,-0.117833,-0.701513,0.156855,-0.178128,-1.583,0.328607,-2.78933,-0.246503,-0.884035,0.478353,0.482731
0.994079,0.107473,-0.0049801,0.0152326,0.994079,0.107473,-0.0049801,0.0152326,0.972964,-0.0402438,0.150867,-0.17018,0.711345,-0.697024,-0.0126544,0.0893559,0.839779,0.211811,0.498611,-0.0359845,0.69972,0,0,0.714417,0.855728,0,0,0.517426,0.950562,0.000571989,-0.245501,0.190162,0.902412,-0.0859411,0.0927664,-0.411899,0.404376,0,0,-0.914593,0.860418,0,0,-0.50959,0.735472,0.0366426,-0.0483954,0.67483,0.710973,0.237456,0.130142,0.648995,0.357554,0.153478,0.229324,-0.0480144,0.175937,-0.0564663,0.550501,0.135373,0.295664,0.153177,0.14042,-0.0458547,0.659265,0.235312,0.246356,0.47532,0.213933,-0.0246311,0.678535,0.361761,0.0637988,0.830956,0.373448,0.100727,0.993584,0.400382,0.181415,0.996342,0.30526,0.385028,1.22993,0.303202,0.0069503,1.09387,0.16876,0.313985,1.41488,0.181181,-0.0105569,1.18164,0.407171,0.288478,0.539321,-0.313178,-0.538007,0.539321,-0.313178,-0.538007,-0.153249,0.220742,-0.320604,-0.394508,0.745434,0.539997,-3.82005,-0.407987,-0.102555,0,0,0.623954,0,0,1.98216,0.505302,1.31511,1.78056,0.732433,0.263098,-1.81175,0,0,-0.999513,0,0,0.746101,3.24545,1.16083,-4.03915,-2.21737,-0.297687,0.971348,0.775447,0.297848,0.137903,1,0.711811,-0.0170489,-0.114233,-0.692809,0.136825,-0.187341,-1.55662,0.379585,-3.12043,-0.206247,-0.276977,0.590652,0.682325
0.993864,0.109533,-0.00593603,0.0141907,0.993864,0.109533,-0.00593603,0.0141907,0.974166,-0.0339956,0.145052,-0.169719,0.713186,-0.696377,-0.0073692,0.0798203,0.868767,0.137836,0.47492,-0.0263999,0.688274,0,0,0.725451,0.82339,0,0,0.567475,0.95406,-0.00454276,-0.225345,0.197406,0.893666,-0.075618,0.0942351,-0.43216,0.404289,0,0,-0.914631,0.865561,0,0,-0.500804,0.780352,0.0229645,0.018149,0.624655,0.701137,0.202486,0.129321,0.671328,0.376175,0.13693,0.227028,-0.0428808,0.180458,-0.0621307,0.573632,0.121114,0.291774,0.156365,0.143111,-0.0482524,0.678719,0.224324,0.241345,0.481941,0.20909,-0.0239197,0.690362,0.353095,0.0638915,0.843021,0.366196,0.0991799,1.00587,0.394821,0.178752,1.00677,0.301055,0.382689,1.23329,0.289098,0.00384911,1.10155,0.166382,0.3119,1.41327,0.174499,-0.0118917,1.1936,0.40366,0.286365,0.124289,-0.0574948,-0.0625764,0.124289,-0.0574948,-0.0625764,0.379143,-0.355586,0.0320645,0.0759487,0.351996,-0.638204,-4.78205,-1.81338,0.625174,0,0,0.953916,0,0,3.57575,-0.311714,1.24607,0.427575,0.625973,0.109032,-1.33896,0,0,-0.00567191,0,0,0.610798,-0.927027,4.36674,-3.99673,-2.2757,-0.0217997,1.65636,0.78693,0.291068,0.135794,1,0.715071,-0.0240444,-0.113094,-0.689424,0.124248,-0.19615,-1.54652,0.354783,-0.259988,0.00278062,-0.27132,0.365225,0.230997
0.993381,0.113424,-0.00537528,0.0173469,0.993381,0.113424,-0.00537528,0.0173469,0.97425,-0.0302803,0.141261,-0.173107,0.715683,-0.696024,-0.0014517,0.0578387,0.89788,0.0608821,0.435385,-0.0233617,0.672567,0,0,0.740036,0.785814,0,0,0.618463,0.960685,-0.0180067,-0.205498,0.185827,0.882233,-0.0635169,0.0990205,-0.455878,0.410018,0,0,-0.912077,0.871855,0,0,-0.489764,0.81146,0.0133875,0.0382738,0.583,0.687347,0.169412,0.121916,0.695694,0.384928,0.126045,0.233196,-0.0391607,0.186209,-0.0668441,0.586586,0.104529,0.290879,0.157828,0.14653,-0.0500243,0.69295,0.208361,0.237637,0.48735,0.203016,-0.0219375,0.702196,0.341879,0.0654312,0.855139,0.357007,0.0982549,1.01796,0.389693,0.176087,1.01585,0.297074,0.381191,1.23537,0.276019,0.00407,1.10714,0.164659,0.311654,1.40902,0.169316,-0.00989716,1.20557,0.403499,0.28319,0.235046,0.0336614,0.189927,0.235046,0.0336614,0.189927,0.224908,-0.229697,-0.204786,0.0678714,0.39353,-1.46519,-4.86945,-2.76071,0.205688,0,0,1.2861,0,0,3.80093,-0.81797,1.23761,-0.731069,0.73702,0.322581,-1.59009,0,0,0.376337,0,0,0.762506,-0.630663,1.27619,-3.13081,-2.14838,-0.450868,1.87761,0.796602,0.283554,0.134843,1,0.718291,-0.0339677,-0.110584,-0.686058,0.105376,-0.206945,-1.53585,0.355033,-0.336492,0.0461935,-0.340132,0.544876,0.206628
0.99315,0.115086,-0.00983765,0.0176415,0.99315,0.115086,-0.00983765,0.0176415,0.973984,-0.0304474,0.144676,-0.171748,0.718535,-0.69431,0.00800782,0.0397007,0.91095,0.0072373,0.411594,-0.0266318,0.65385,0,0,0.756624,0.747483,0,0,0.664281,0.962855,-0.0330155,-0.207494,0.169608,0.869534,-0.0535431,0.0951452,-0.481654,0.41433,0,0,-0.910127,0.880284,0,0,-0.474447,0.828898,0.00214917,0.0184493,0.559091,0.664703,0.132546,0.123748,0.724767,0.389359,0.120917,0.24285,-0.0357002,0.190896,-0.0729628,0.593,0.0925513,0.295462,0.1584,0.150038,-0.0527072,0.702343,0.193531,0.237995,0.492471,0.196649,-0.0215014,0.713549,0.328726,0.065271,0.866587,0.345281,0.0967844,1.0294,0.380244,0.17355,1.02245,0.290324,0.379226,1.23883,0.257959,0.00537027,1.10892,0.160195,0.311158,1.40531,0.158249,-0.00694127,1.21712,0.397319,0.280084,0.100466,-0.26838,0.0177965,0.100466,-0.26838,0.0177965,-0.0102809,0.207431,0.0813186,0.164389,0.62775,-1.20768,-3.33498,-1.59449,-0.195646,0,0,1.50067,0,0,3.58481,-0.911039,-0.112111,-0.993683,0.608019,-0.215328,-1.74583,0,0,0.283949,0,0,1.04901,-0.721027,-1.27784,-1.75881,-2.39622,0.197388,2.38769,0.804815,0.27417,0.134241,1,0.72133,-0.0380077,-0.108396,-0.683,0.0954728,-0.209834,-1.52628,0.34058,-0.394567,-0.00480733,-0.098144,0.287003,0.225657
0.993309,0.112663,-0.000379141,0.0253845,0.993309,0.112663,-0.000379141,0.0253845,0.977163,-0.0253238,0.118589,-0.174494,0.720057,-0.693847,0.004244,-0.00873635,0.916049,0.0222815,0.395996,-0.0595334,0.630514,0,0,0.776178,0.734377,0,0,0.678742,0.964518,-0.0307291,-0.216783,0.147534,0.852109,-0.0502581,0.100153,-0.511227,0.423967,0,0,-0.905678,0.889905,0,0,-0.456145,0.840547,-0.0232819,0.0163369,0.540991,0.651746,0.0913851,0.120588,0.743192,0.390894,0.11819,0.249096,-0.0330233,0.195396,-0.0796478,0.594659,0.0899776,0.304981,0.159017,0.153341,-0.0559664,0.709088,0.187839,0.241891,0.497953,0.189698,-0.0232301,0.725474,0.31691,0.0602035,0.878643,0.337358,0.0887472,1.04198,0.380134,0.160327,1.03316,0.292169,0.371899,1.24461,0.261358,-0.012655,1.11259,0.162919,0.308436,1.40662,0.160686,-0.024172,1.23113,0.407405,0.261947,-0.146027,0.568811,0.465565,-0.146027,0.568811,0.465565,0.311755,-1.58663,-0.154879,0.0576426,-0.249896,-3.21348,0.927998,-1.00801,-2.02834,0,0,1.82673,0,0,1.17097,0.139962,-0.556892,-1.34615,0.186491,0.353402,-2.05575,0,0,0.636871,0,0,1.24064,-1.61309,-0.138877,-1.29717,-2.75702,-0.171991,1.5081,0.813419,0.27144,0.127876,1,0.724865,-0.0555858,-0.118463,-0.676349,0.0822981,-0.24951,-1.5119,0.357768,-0.354482,-0.152024,-1.20858,0.322861,0.341343
0.991378,0.127209,0.0120956,0.0289888,0.991378,0.127209,0.0120956,0.0289888,0.976858,-0.0329398,0.109303,-0.180879,0.706849,-0.704386,-0.0151707,-0.0630372,0.931553,0.0220299,0.352108,-0.0879974,0.610623,0,0,0.791922,0.725571,0,0,0.688147,0.972555,-0.0213625,-0.213176,0.0907589,0.820822,-0.0389145,0.122751,-0.556478,0.438425,0,0,-0.898768,0.902311,0,0,-0.431086,0.839662,-0.0408922,-0.0172703,0.541292,0.656545,0.0710151,0.113864,0.742254,0.389812,0.11661,0.259925,-0.0302494,0.193207,-0.0862036,0.592611,0.0843683,0.316957,0.16152,0.151064,-0.0583533,0.716041,0.177503,0.249224,0.505722,0.177892,-0.021373,0.740882,0.302626,0.0573963,0.893355,0.331713,0.0799138,1.05344,0.387774,0.148748,1.03808,0.30363,0.370533,1.25548,0.274165,-0.0156598,1.11405,0.173963,0.317548,1.41528,0.173593,-0.0171985,1.24011,0.430977,0.248791,0.879629,0.750626,0.217866,0.879629,0.750626,0.217866,-0.460673,-0.560765,-0.387153,-0.937072,-1.29255,-3.6221,-0.0228005,-2.8257,-1.72826,0,0,1.52215,0,0,0.773035,0.572255,0.254151,-3.46234,0.688377,1.515,-3.25645,0,0,0.961469,0,0,1.67776,-1.11745,-2.1313,0.0300559,-1.39656,-0.472751,-0.160301,0.822493,0.270778,0.125055,1,0.738184,-0.0917979,-0.126874,-0.656171,0.0325606,-0.312862,-1.45843,0.462223,-0.428528,-0.0842161,-2.01594,1.26607,1.18917
0.99034,0.134352,0.0147677,0.0309492,0.99034,0.134352,0.0147677,0.0309492,0.976092,-0.0400796,0.127821,-0.171174,0.699108,-0.708966,-0.0171295,-0.0912253,0.938382,0.0193076,0.327979,-0.107218,0.592739,0,0,0.805395,0.715974,0,0,0.698127,0.976201,-0.0251596,-0.209438,0.0503427,0.798683,-0.0303879,0.128496,-0.587087,0.451345,0,0,-0.89235,0.91295,0,0,-0.408072,0.833479,-0.064384,-0.0433519,0.547072,0.656463,0.0681172,0.116087,0.742253,0.387501,0.118234,0.267278,-0.0249725,0.186397,-0.0975139,0.589265,0.0822594,0.324097,0.166496,0.146817,-0.0645093,0.72057,0.170356,0.25201,0.514535,0.16884,-0.0220246,0.753768,0.291355,0.0536978,0.905367,0.325837,0.0731958,1.06278,0.390807,0.13984,1.04192,0.314412,0.366898,1.26416,0.275429,-0.0157373,1.11552,0.186168,0.321167,1.42139,0.175664,-0.00828005,1.24744,0.447735,0.237402,0.432611,0.161099,0.118612,0.432611,0.161099,0.118612,-0.432352,1.12176,0.584178,-0.447102,-0.133986,-1.897,-0.169952,-1.52898,-1.16483,0,0,1.34351,0,0,0.830785,-0.228055,0.241946,-2.45115,0.528741,0.433607,-2.25968,0,0,0.865583,0,0,1.5213,-1.49915,-1.66043,0.444144,-0.196841,0.151382,0.00160251,0.830136,0.269042,0.121622,1,0.744748,-0.113916,-0.1387,-0.642757,0.00921793,-0.360811,-1.42573,0.386577,-0.338135,-0.110956,-1.5114,0.470895,0.749405
0.991188,0.126807,0.0183877,0.0335848,0.991188,0.126807,0.0183877,0.0335848,0.978511,-0.0388854,0.123238,-0.160676,0.695101,-0.707708,-0.0248986,-0.123947,0.942448,0.0346665,0.307144,-0.127487,0.579117,0,0,0.815244,0.705366,0,0,0.708843,0.975706,-0.0374959,-0.213543,0.0314858,0.786593,-0.0255745,0.117683,-0.605614,0.460264,0,0,-0.887782,0.921065,0,0,-0.389409,0.829312,-0.0796115,-0.063577,0.54942,0.661089,0.0837817,0.118948,0.736066,0.386532,0.114005,0.269578,-0.0206317,0.174855,-0.110377,0.587848,0.0757686,0.325341,0.171202,0.138074,-0.0737968,0.724054,0.159765,0.249219,0.522028,0.1577,-0.027318,0.763073,0.277229,0.0471817,0.914409,0.314034,0.0656082,1.0724,0.382418,0.127769,1.0507,0.310877,0.360658,1.26589,0.263997,-0.0287711,1.11785,0.181556,0.319972,1.41764,0.16129,-0.0166688,1.25861,0.445794,0.219074,-0.456278,0.217586,0.158073,-0.456278,0.217586,0.158073,0.0741476,-0.283246,0.642869,0.0103445,-0.521957,-2.20035,0.937986,-1.30259,-1.2309,0,0,1.00858,0,0,0.904681,-0.746488,-0.250402,-1.14016,0.302526,-0.66227,-1.36719,0,0,0.601268,0,0,1.22105,-0.975642,-1.2918,0.201934,1.05441,0.179678,-0.512409,0.83677,0.259541,0.113834,1,0.747176,-0.119162,-0.148532,-0.636763,0.0119556,-0.383011,-1.41389,0.279175,-0.423774,-0.195484,-0.646915,-0.175822,0.385024
0.99229,0.117322,0.0200435,0.0345601,0.99229,0.117322,0.0200435,0.0345601,0.980767,-0.0386164,0.118282,-0.150382,0.692491,-0.706127,-0.0293552,-0.144841,0.94625,0.0478388,0.288778,-0.137583,0.578312,0,0,0.815816,0.702964,0,0,0.711226,0.974587,-0.0524876,-0.216611,0.0224853,0.775647,-0.0261122,0.103335,-0.622102,0.466068,0,0,-0.884749,0.927778,0,0,-0.373132,0.832341,-0.0874389,-0.0674231,0.543154,0.663655,0.0891231,0.124269,0.732241,0.388324,0.113045,0.267971,-0.0170088,0.170547,-0.121794,0.590145,0.0745505,0.322718,0.175095,0.136389,-0.0829804,0.728558,0.156123,0.242807,0.528397,0.154016,-0.0347234,0.77029,0.270963,0.0387202,0.921225,0.310182,0.056976,1.07982,0.381124,0.115215,1.05923,0.314595,0.352265,1.26731,0.259046,-0.04073,1.12243,0.182323,0.315714,1.41586,0.153461,-0.0239353,1.26756,0.449437,0.200457,-0.57339,0.0992,0.0579231,-0.57339,0.0992,0.0579231,0.0180239,-0.304969,0.628978,0.0578176,-0.300387,-1.40881,0.802048,-1.14659,-0.606698,0,0,0.0592101,0,0,0.203016,-0.908055,-0.190566,-0.543928,-0.041653,-0.900614,-1.23021,0,0,0.392922,0,0,1.05645,-0.492236,-0.240162,-0.436806,0.356292,0.352475,-0.310038,0.842571,0.25701,0.104629,1,0.750622,-0.119607,-0.158527,-0.630183,0.0219729,-0.399259,-1.40124,0.216489,-0.187996,-0.253842,-0.435801,-0.35335,0.494147
