0.998064,0.00634352,0.0587266,-0.0194619,0.998064,0.00634352,0.0587266,-0.0194619,0.989907,-0.0421924,-0.124592,-0.0527269,0.585024,-0.173052,-0.131394,-0.781367,0.633049,0.240418,0.0757293,-0.731924,0.980938,0,0,0.19432,0.882394,0,0,0.47051,0.684912,-0.0246821,-0.0425715,-0.726962,0.654722,-0.0431016,0.0618356,-0.752102,0.989577,0,0,-0.144007,0.996877,0,0,-0.0789663,0.862736,-0.0617784,0.317996,0.388265,0.910085,0.0633139,-0.0967057,0.397975,0.811652,0.100863,0.286295,0.859966,0.0983953,0.110894,0.604918,0.135583,0.246108,0.648477,0.120045,0.0615202,0.241394,0.165526,0.136767,0.273851,0.15428,-0.0135172,0,0.146057,0,-0.154059,0.129161,-0.0315791,-0.334833,0.117306,-0.0668379,-0.327696,0.131859,0.168018,-0.236189,0.0605506,-0.274574,-0.12232,0.144724,0.317755,-0.0236338,0.130723,-0.323518,-0.548424,0.116032,-0.116585,0,0,0,0,0,0,0,0,0,0,0,0,0,0,0,0,0,0,0,0,0,0,0,0,0,0,0,0,0,0,0,0,0,0,0,0,0,0,0,0.011805,0.130562,0.00925899,1,0.656387,-0.067927,-0.0773423,0.747369,-0.206238,-7.71631e-12,1.70024,0,0,0,0,0,0
0.997981,0.00509943,0.060096,-0.0199317,0.997981,0.00509943,0.060096,-0.0199317,0.990332,-0.0421405,-0.121971,-0.0508878,0.585195,-0.167173,-0.137087,-0.781542,0.633949,0.239812,0.0773394,-0.731175,0.982123,0,0,0.18824,0.871833,0,0,0.489804,0.689001,-0.0277199,-0.0389499,-0.723182,0.655971,-0.044619,0.064442,-0.750706,0.987852,0,0,-0.155397,0.996515,0,0,-0.0834187,0.862066,-0.0592553,0.311442,0.395392,0.909227,0.0638417,-0.100387,0.398939,0.810954,0.101291,0.285824,0.859956,0.0983102,0.109796,0.604553,0.137948,0.24558,0.648603,0.120837,0.0605172,0.241526,0.167574,0.136816,0.273963,0.155066,-0.0137376,8.77175e-05,0.145832,0.00044203,-0.153969,0.1289,-0.0311276,-0.334652,0.117141,-0.0668807,-0.328355,0.131806,0.167745,-0.235268,0.0598501,-0.274237,-0.123646,0.142638,0.319067,-0.0265044,0.1333,-0.322034,-0.548064,0.115648,-0.117472,-0.0746853,0.08232,-0.0282396,-0.0746853,0.08232,-0.0282396,0.00348453,0.15884,0.111156,0.412176,-0.397685,-0.0083216,-0.0475375,0.108559,0.0695733,0,0,-0.37168,0,0,1.31974,-0.201227,0.247626,0.331698,-0.101712,0.175132,0.120343,0,0,-0.691189,0,0,-0.268032,0.15783,-0.407555,0.45428,0.0338346,-0.229613,0.0670473,0.0117789,0.130891,0.00925165,1,0.656121,-0.0667415,-0.0775111,0.747691,-0.204921,-0.00190923,1.70127,0.00263152,-0.00676003,0.0132609,0.0516739,0.046599,0.0308363
0.997879,0.00447726,0.0615088,-0.0208376,0.997879,0.00447726,0.0615088,-0.0208376,0.99067,-0.0428654,-0.119578,-0.0493618,0.584577,-0.162726,-0.143526,-0.781786,0.636398,0.243867,0.0773937,-0.727693,0.984765,0,0,0.17389,0.880659,0,0,0.473751,0.694051,-0.0309047,-0.033963,-0.718459,0.654526,-0.0440154,0.0643243,-0.752011,0.984946,0,0,-0.172864,0.996518,0,0,-0.0833804,0.859228,-0.0558078,0.305333,0.406675,0.908961,0.0618559,-0.102902,0.399218,0.809353,0.101738,0.284998,0.86015,0.0983032,0.109518,0.603667,0.141597,0.244926,0.648815,0.121024,0.0604187,0.241553,0.171285,0.137037,0.2741,0.155629,-0.0132912,0.000250571,0.146202,0.00112549,-0.153756,0.128958,-0.0305063,-0.334363,0.117162,-0.0666138,-0.328925,0.131804,0.16815,-0.234544,0.0605036,-0.274537,-0.125158,0.138638,0.322099,-0.023227,0.132745,-0.323743,-0.547615,0.11544,-0.117915,-0.0373459,0.0849484,-0.0544285,-0.0373459,0.0849484,-0.0544285,-0.0433431,0.144866,0.0921909,0.308258,-0.453159,-0.0311053,0.261722,-0.00150216,0.288013,0,0,-0.875523,0,0,-1.09916,-0.209664,0.339172,0.411781,0.0393198,-0.00549506,-0.118138,0,0,-1.0624,0,0,0.0023103,0.213361,-0.364938,0.73584,-0.122534,-0.156213,0.0195494,0.0119124,0.131486,0.009482,1,0.654946,-0.0657022,-0.0782547,0.748736,-0.204675,-0.00411809,1.70465,0.00488559,0.0111123,0.0205039,0.0647127,0.0160675,0.101647
0.997769,0.00446782,0.0631884,-0.0210729,0.997769,0.00446782,0.0631884,-0.0210729,0.990888,-0.0431466,-0.11765,-0.049378,0.583141,-0.159614,-0.149085,-0.78246,0.640009,0.241576,0.0876408,-0.724119,0.987635,0,0,0.15677,0.891972,0,0,0.45209,0.701446,-0.033567,-0.0266647,-0.711432,0.652906,-0.0421252,0.0639573,-0.753558,0.980451,0,0,-0.196762,0.996587,0,0,-0.0825543,0.856572,-0.0525357,0.297423,0.418407,0.90877,0.0573932,-0.100537,0.400918,0.80659,0.102118,0.283662,0.860433,0.098469,0.109771,0.601936,0.14668,0.243902,0.649035,0.121283,0.061124,0.241235,0.17659,0.137413,0.274271,0.156511,-0.0121807,0.000353377,0.147144,0.00212765,-0.153547,0.129607,-0.0298514,-0.334053,0.117559,-0.0663792,-0.32958,0.132194,0.168646,-0.233968,0.0610149,-0.275364,-0.126942,0.134519,0.325421,-0.0197544,0.130474,-0.329423,-0.547153,0.115537,-0.118281,-0.000556858,0.100986,-0.0141734,-0.000556858,0.100986,-0.0141734,-0.016734,0.116519,-0.000754672,0.211162,-0.395275,-0.0797523,-0.180997,0.693496,0.316827,0,0,-1.04153,0,0,-1.46628,-0.171876,0.493974,0.607395,0.126742,-0.0221585,-0.138278,0,0,-1.45907,0,0,0.049732,0.202953,-0.48042,0.763932,-0.275959,0.145926,0.106865,0.0119302,0.132561,0.00974336,1,0.653918,-0.0651553,-0.0802163,0.749474,-0.206932,-0.00724547,1.70752,0.00308421,0.0282456,0.0300648,0.102097,-0.0544366,0.0854937
0.997656,0.00447246,0.0648199,-0.021482,0.997656,0.00447246,0.0648199,-0.021482,0.991021,-0.0429797,-0.116265,-0.0501206,0.582143,-0.156577,-0.155007,-0.782666,0.640127,0.238344,0.101549,-0.723269,0.990503,0,0,0.137495,0.891905,0,0,0.452223,0.711423,-0.0349718,-0.0200145,-0.701608,0.651121,-0.0405248,0.064436,-0.755147,0.973192,0,0,-0.229996,0.996432,0,0,-0.0844031,0.857934,-0.0500577,0.283755,0.425354,0.906665,0.0538432,-0.105123,0.40498,0.802356,0.102834,0.281783,0.860453,0.0988432,0.11062,0.599095,0.154523,0.242365,0.649325,0.122479,0.0619661,0.240759,0.184813,0.137873,0.274652,0.158902,-0.0109031,0.000654034,0.149247,0.00334447,-0.153106,0.131225,-0.0290329,-0.333485,0.118769,-0.0660392,-0.330067,0.133424,0.169289,-0.233318,0.0610533,-0.276423,-0.128784,0.131094,0.328992,-0.0200111,0.129433,-0.335168,-0.54643,0.116446,-0.118534,0.000288754,0.0981128,-0.0246148,0.000288754,0.0981128,-0.0246148,0.0101552,0.0837121,-0.0445609,0.208167,-0.419203,-0.0371538,-0.221948,0.951375,0.0604941,0,0,-1.16925,0,0,0.00891654,-0.0848366,0.449312,0.836512,0.106985,0.0357115,-0.144817,0,0,-2.04117,0,0,-0.111314,0.157758,-0.870395,0.424902,-0.217279,-0.288572,0.269803,0.0118872,0.134842,0.0100871,1,0.652322,-0.0645677,-0.0824296,0.750674,-0.209535,-0.0106029,1.71189,0.00901969,0.0630906,0.0365045,0.110566,-0.0633991,0.130339
0.997533,0.00504051,0.0664134,-0.0221642,0.997533,0.00504051,0.0664134,-0.0221642,0.991078,-0.0434351,-0.114772,-0.0520151,0.582155,-0.15244,-0.161955,-0.782067,0.638536,0.23742,0.111553,-0.723505,0.99224,0,0,0.124334,0.888995,0,0,0.457917,0.724877,-0.0347766,-0.0134711,-0.687868,0.650679,-0.0378699,0.0655464,-0.75557,0.961244,0,0,-0.2757,0.995742,0,0,-0.0921792,0.860135,-0.0586978,0.272851,0.426937,0.903766,0.0505877,-0.11054,0.410401,0.795092,0.102324,0.278797,0.86055,0.0989217,0.111694,0.594193,0.164457,0.240539,0.64991,0.124676,0.063026,0.2399,0.195225,0.138808,0.275502,0.162404,-0.00914554,0.00133102,0.151165,0.00509737,-0.152217,0.132403,-0.0278484,-0.332455,0.119362,-0.0653194,-0.329851,0.134002,0.170227,-0.23225,0.0605478,-0.276941,-0.129743,0.12883,0.332047,-0.0205817,0.12868,-0.338866,-0.545223,0.116806,-0.118415,0.0341217,0.0958424,-0.0410167,0.0341217,0.0958424,-0.0410167,-0.0273538,0.0899396,-0.113949,0.289936,-0.486729,0.042262,-0.0528519,0.689356,-0.0477867,0,0,-0.796476,0,0,0.383701,0.024911,0.439966,1.15004,0.180409,0.0764302,-0.0378771,0,0,-2.83463,0,0,-0.468395,-0.541536,-0.700593,0.0786457,-0.198479,-0.342473,0.361461,0.0119749,0.137346,0.010786,1,0.649866,-0.0641769,-0.0855521,0.752486,-0.213814,-0.0146109,1.71846,0.0203096,0.0575665,0.0525873,0.13746,-0.109739,0.195559
0.997471,0.00683242,0.0669071,-0.0229688,0.997471,0.00683242,0.0669071,-0.0229688,0.991258,-0.0443877,-0.111253,-0.0553226,0.582489,-0.147717,-0.168499,-0.781341,0.635467,0.237559,0.11569,-0.725509,0.992335,0,0,0.12358,0.888371,0,0,0.459125,0.74355,-0.0336324,-0.00289936,-0.667828,0.653391,-0.0320103,0.0683144,-0.753252,0.938957,0,0,-0.344035,0.993861,0,0,-0.110632,0.846564,-0.0877913,0.287021,0.439592,0.896417,0.0505082,-0.116908,0.424522,0.779057,0.0988364,0.272657,0.860175,0.0996108,0.112585,0.584002,0.177007,0.23795,0.650546,0.129379,0.0641568,0.237709,0.209953,0.140244,0.276747,0.168593,-0.00652451,0.00212082,0.153783,0.00789086,-0.151073,0.134041,-0.0260903,-0.331135,0.120226,-0.0641025,-0.329038,0.134261,0.171529,-0.230757,0.0608166,-0.276293,-0.129587,0.128995,0.334193,-0.0192877,0.128034,-0.339291,-0.543708,0.117522,-0.117772,0.107612,0.0297297,-0.048348,0.107612,0.0297297,-0.048348,-0.0571643,0.212214,-0.198842,0.332326,-0.456904,0.0584006,0.029579,0.293023,-0.198474,0,0,-0.0456221,0,0,0.0815747,0.091509,0.701097,1.6396,0.401607,0.183575,0.213369,0,0,-4.31359,0,0,-1.11291,-1.85875,0.98018,0.931589,0.00312887,-0.413493,0.943244,0.011717,0.141089,0.0119609,1,0.64662,-0.0658459,-0.0896465,0.754659,-0.222317,-0.0165527,1.72654,0.0236939,0.0785294,0.0838047,0.096125,-0.243306,0.238508
0.997465,0.00852042,0.0665572,-0.0236903,0.997465,0.00852042,0.0665572,-0.0236903,0.991411,-0.0451925,-0.10649,-0.0610034,0.583498,-0.143108,-0.173105,-0.780439,0.632656,0.234427,0.119893,-0.728297,0.990955,0,0,0.134196,0.883928,0,0,0.467623,0.769613,-0.0305427,0.00965751,-0.637707,0.662747,-0.0242523,0.0714604,-0.745031,0.901861,0,0,-0.432025,0.988639,0,0,-0.150306,0.84006,-0.108293,0.28982,0.445618,0.872618,0.0572437,-0.132388,0.46662,0.752825,0.100806,0.26316,0.85664,0.103354,0.112976,0.566654,0.19912,0.232428,0.649955,0.14066,0.0646383,0.233545,0.233089,0.141178,0.278057,0.18257,-0.00364228,0.00300195,0.160667,0.01143,-0.149799,0.140016,-0.0237374,-0.329643,0.125458,-0.0624687,-0.327958,0.137823,0.173053,-0.228721,0.0665129,-0.274772,-0.128726,0.134787,0.335482,-0.018592,0.134403,-0.337359,-0.541948,0.123097,-0.11689,0.101366,-0.0209989,-0.0433299,0.101366,-0.0209989,-0.0433299,-0.0482938,0.286924,-0.341656,0.32703,-0.317529,0.0861052,-0.196475,0.297436,-0.247643,0,0,0.642304,0,0,0.575357,0.222641,0.819049,2.38857,0.534144,0.196087,0.747592,0,0,-5.7316,0,0,-2.40117,-1.31319,0.220031,0.447278,0.448659,-1.03154,2.86117,0.0106182,0.150474,0.0131763,1,0.643405,-0.0670675,-0.0947366,0.756675,-0.231791,-0.020413,1.73463,0.0264338,0.206523,0.106176,0.159546,-0.26212,0.237289
0.997503,0.0104756,0.0654688,-0.024343,0.997503,0.0104756,0.0654688,-0.024343,0.991559,-0.0471084,-0.100056,-0.067682,0.584922,-0.140771,-0.174284,-0.779535,0.631176,0.226644,0.126897,-0.730854,0.986918,0,0,0.161226,0.875341,0,0,0.483507,0.803222,-0.0232613,0.0221574,-0.594813,0.684618,-0.0175456,0.0777968,-0.724526,0.84124,0,0,-0.540663,0.974341,0,0,-0.225075,0.843742,-0.115754,0.258917,0.4557,0.822546,0.0692699,-0.144552,0.545641,0.711002,0.106292,0.249181,0.846029,0.110579,0.113299,0.53816,0.228528,0.22254,0.645909,0.160585,0.0651018,0.226609,0.262325,0.141335,0.279478,0.205196,-0.000550306,0.00468985,0.169431,0.0155494,-0.147698,0.148033,-0.0209168,-0.327334,0.132878,-0.0603466,-0.32573,0.142514,0.175032,-0.225892,0.0756863,-0.272706,-0.126465,0.145253,0.335774,-0.0187673,0.145962,-0.334605,-0.539324,0.131223,-0.115572,0.117402,-0.0654106,-0.0391736,0.117402,-0.0654106,-0.0391736,-0.115143,0.387452,-0.401666,0.169473,-0.0753876,0.0955071,-0.524888,0.485911,-0.205417,0,0,1.63983,0,0,1.08339,0.4926,0.795645,3.27036,0.464981,0.384447,1.81156,0,0,-7.46923,0,0,-4.56852,-0.463445,-1.98157,0.60111,0.832608,-0.926856,5.57372,0.00845146,0.163907,0.0142787,1,0.64037,-0.0675002,-0.101203,0.758372,-0.242405,-0.0272377,1.74244,0.0506371,0.262922,0.123581,0.255017,-0.27971,0.226917
0.997494,0.00991633,0.064574,-0.027152,0.997494,0.00991633,0.064574,-0.027152,0.991152,-0.0492071,-0.097691,-0.0751903,0.58646,-0.137107,-0.173147,-0.779286,0.630146,0.219589,0.133176,-0.732776,0.978987,0,0,0.203923,0.863812,0,0,0.503814,0.838154,-0.0170105,0.0275587,-0.544472,0.715168,-0.0129382,0.0766231,-0.69462,0.753915,0,0,-0.656972,0.94564,0,0,-0.325214,0.835837,-0.121214,0.217733,0.489158,0.744608,0.0571636,-0.103595,0.656931,0.650707,0.111148,0.22884,0.824853,0.119742,0.108002,0.496969,0.257203,0.207577,0.634749,0.184349,0.0635188,0.21703,0.289639,0.138566,0.279276,0.2294,8.05278e-05,0.00739575,0.17364,0.0177081,-0.144779,0.150935,-0.0188129,-0.324294,0.135305,-0.0585519,-0.32242,0.142762,0.17609,-0.222383,0.0792136,-0.270781,-0.123143,0.154517,0.333129,-0.0191923,0.152189,-0.33177,-0.535918,0.135,-0.114651,-0.0335818,-0.0537237,-0.168686,-0.0335818,-0.0537237,-0.168686,-0.126682,0.141493,-0.452388,0.262511,0.0873093,0.052126,-0.478197,0.434971,-0.152897,0,0,2.60589,0,0,1.40111,0.415569,0.324787,3.67768,0.319997,-0.139598,2.56077,0,0,-8.73424,0,0,-6.25308,-0.367715,-2.56907,2.20742,-0.66562,2.41998,8.33271,0.00462688,0.17445,0.0136479,1,0.63585,-0.0655283,-0.10265,0.762144,-0.242276,-0.0306607,1.75472,0.0811772,0.126275,0.0647618,0.100387,0.0219696,0.368399
0.997484,0.00818674,0.0637832,-0.0298461,0.997484,0.00818674,0.0637832,-0.0298461,0.990273,-0.0516336,-0.0979753,-0.0842263,0.587175,-0.132662,-0.171677,-0.779842,0.62951,0.215889,0.13611,-0.733882,0.968899,0,0,0.247458,0.852181,0,0,0.523248,0.871297,-0.0126621,0.0283352,-0.489774,0.753084,-0.00735068,0.0674796,-0.654414,0.657652,0,0,-0.753322,0.896085,0,0,-0.443883,0.833219,-0.119115,0.17188,0.511874,0.68022,0.0391195,-0.0725966,0.728355,0.585186,0.119563,0.208433,0.790058,0.122102,0.0993582,0.450708,0.283963,0.191354,0.61334,0.207529,0.0591844,0.205678,0.310812,0.133859,0.27674,0.252169,-0.000917831,0.0112948,0.172965,0.0183313,-0.140886,0.149248,-0.017469,-0.3204,0.13344,-0.0570965,-0.317952,0.13956,0.176594,-0.218331,0.0776573,-0.269166,-0.119141,0.160087,0.329075,-0.0190512,0.153097,-0.32912,-0.531647,0.135047,-0.113883,-0.10386,-0.0474718,-0.16179,-0.10386,-0.0474718,-0.16179,-0.146935,-0.0188405,-0.545256,0.31359,0.106322,-0.0227579,-0.250387,0.203936,-0.0889403,0,0,2.6815,0,0,1.35898,0.285432,0.0280872,3.8375,0.378214,-0.671731,3.2944,0,0,-8.17822,0,0,-7.72138,0.126174,-2.90201,1.47362,-1.12083,1.91663,5.89414,-0.000283698,0.181174,0.0119253,1,0.632668,-0.0632265,-0.1003,0.765293,-0.235806,-0.0301444,1.76354,0.116972,-0.0202796,0.0186962,-0.0515393,0.187685,0.270623
0.9976,0.00760585,0.0620973,-0.029686,0.9976,0.00760585,0.0620973,-0.029686,0.989595,-0.0538527,-0.0955497,-0.0931181,0.587425,-0.130033,-0.172135,-0.779995,0.628893,0.213531,0.137261,-0.734886,0.958596,0,0,0.28477,0.844918,0,0,0.534896,0.905808,-0.00304634,0.0259741,-0.42288,0.800676,-0.000756963,0.0578519,-0.596298,0.560867,0,0,-0.827906,0.81792,0,0,-0.575332,0.839164,-0.0980511,0.104121,0.524737,0.668079,0.0230435,-0.0401492,0.742649,0.521069,0.13129,0.188779,0.738994,0.117715,0.0876333,0.401406,0.307408,0.173888,0.577815,0.229572,0.052483,0.191026,0.323443,0.128152,0.270654,0.270789,-0.00252643,0.0163809,0.165306,0.0185548,-0.135992,0.141977,-0.0166867,-0.315636,0.12655,-0.0558755,-0.312377,0.131771,0.177423,-0.214078,0.0708373,-0.26799,-0.114818,0.159702,0.325952,-0.0171774,0.147383,-0.327536,-0.526647,0.130166,-0.112699,-0.0349007,-0.101386,0.00968764,-0.0349007,-0.101386,0.00968764,-0.134313,0.1447,-0.536515,0.184771,-0.0307509,-0.00508016,-0.158349,0.081469,-0.0815576,0,0,2.32263,0,0,0.823588,0.605349,-0.167725,4.51512,0.432654,-0.696985,4.49138,0,0,-7.33591,0,0,-9.18492,1.3525,-4.32203,0.746182,-1.0752,2.1722,1.20215,-0.00656463,0.18271,0.00963556,1,0.634095,-0.0631482,-0.0976552,0.76446,-0.23154,-0.0273003,1.75986,0.152583,-0.229769,0.00670497,-0.108049,0.109428,-0.10675
0.997797,0.00767706,0.0596562,-0.0279782,0.997797,0.00767706,0.0596562,-0.0279782,0.989001,-0.0555923,-0.0931491,-0.100545,0.58844,-0.130715,-0.173327,-0.778851,0.628997,0.210909,0.138319,-0.735356,0.950705,0,0,0.310095,0.841488,0,0,0.540275,0.9383,0.00499732,0.0217975,-0.3451,0.849212,0.0038771,0.048489,-0.525806,0.48008,0,0,-0.877225,0.722197,0,0,-0.691688,0.85428,-0.0852283,0.061512,0.509076,0.693421,0.0379719,-0.0232185,0.719157,0.46752,0.157543,0.173109,0.676578,0.1262,0.0756171,0.35341,0.338608,0.158695,0.53154,0.262304,0.0438106,0.17236,0.339498,0.12154,0.259946,0.294832,-0.00547362,0.0219195,0.163787,0.0178773,-0.130812,0.141885,-0.016759,-0.31072,0.127474,-0.0551553,-0.306425,0.132321,0.178401,-0.210318,0.0719352,-0.267564,-0.110167,0.165467,0.324171,-0.0145401,0.148525,-0.327509,-0.521671,0.133314,-0.111335,0.00424612,-0.146819,0.102661,0.00424612,-0.146819,0.102661,-0.105409,0.143422,-0.448374,-0.0438479,-0.0782947,0.102817,-0.180863,0.072328,-0.0301823,0,0,1.59164,0,0,0.382793,0.494907,-0.273864,5.05809,0.293771,-0.656848,5.12595,0,0,-5.68119,0,0,-9.04881,0.842733,-2.72417,-1.1683,0.984756,1.16119,-2.07078,-0.0141065,0.191485,0.00688034,1,0.638743,-0.0639858,-0.0945512,0.760903,-0.227653,-0.0234161,1.74759,0.166158,-0.0455638,-0.0203251,-0.13579,0.0934323,-0.365171
0.997958,0.00146566,0.059631,-0.0228355,0.997958,0.00146566,0.059631,-0.0228355,0.987467,-0.0542306,-0.0961412,-0.112806,0.589597,-0.131309,-0.172608,-0.778036,0.633183,0.205373,0.140985,-0.73282,0.946748,0,0,0.321976,0.837439,0,0,0.546531,0.991705,0.00745615,0.0168198,-0.127209,0.948496,-0.0276028,0.0488506,-0.311781,0.40919,0,0,-0.912449,0.532326,0,0,-0.84654,0.911804,-0.108196,0.0937944,0.38485,0.866055,0.0303654,-0.0085398,0.498953,0.444105,0.342192,0.155489,0.575763,0.285077,0.0724737,0.290488,0.496818,0.137645,0.43987,0.446653,0.0312507,0.144447,0.444469,0.110069,0.240903,0.428892,-0.014433,0.066335,0.244544,0.0232468,-0.0877328,0.227106,-0.00794846,-0.268266,0.215758,-0.0445359,-0.262581,0.221425,0.188964,-0.169341,0.159551,-0.25679,-0.0659805,0.255779,0.332251,0.0249681,0.235938,-0.317971,-0.479095,0.226374,-0.0994288,-0.372963,-0.00170478,0.308862,-0.372963,-0.00170478,0.308862,0.0803255,-0.183166,-0.741882,-0.037093,0.0560472,0.0829815,-0.404311,0.166891,0.259223,0,0,0.751371,0,0,0.44714,0.142448,-0.323441,13.4889,-1.93027,-0.0825863,14.2015,0,0,-4.75075,0,0,-14.7376,-1.31208,1.91804,-8.32574,-0.636141,1.01902,-16.8322,-0.00250454,0.29799,0.0084808,1,0.653006,-0.0546527,-0.0843653,0.750653,-0.199433,-0.0281355,1.71252,1.33246,2.42273,0.161085,0.00556747,0.858098,-1.03025
0.99783,0.00528808,0.0599551,-0.0267133,0.99783,0.00528808,0.0599551,-0.0267133,0.987184,-0.0539152,-0.102051,-0.11021,0.607454,-0.12748,-0.181334,-0.762802,0.647715,0.188625,0.143387,-0.724104,0.962145,0,0,0.272537,0.83048,0,0,0.557049,0.996246,0.0389276,0.0231834,0.0737645,0.99335,-0.0589767,0.0618345,-0.0771652,0.49917,0,0,-0.866504,0.513938,0,0,-0.857827,0.886721,-0.0810007,0.10465,0.442959,0.893659,-0.00432505,0.00652306,0.448679,0.449974,0.619546,0.138602,0.545011,0.539323,0.0868823,0.237171,0.654414,0.116504,0.359593,0.628678,0.0179008,0.109472,0.511646,0.10108,0.197671,0.525364,-0.0295297,0.108738,0.317477,0.0322001,-0.0452112,0.30023,0.00040849,-0.225946,0.290744,-0.0356122,-0.217853,0.303829,0.197862,-0.127711,0.235427,-0.245478,-0.018186,0.335841,0.344267,0.0630157,0.315371,-0.30705,-0.437027,0.303851,-0.0892422,0.229515,0.0196129,-0.232896,0.229515,0.0196129,-0.232896,0.0186942,-0.356669,0.155789,0.332482,-0.516911,1.45346,-1.22433,0.107635,0.886789,0,0,-3.10727,0,0,0.75671,1.88997,0.380757,12.0852,-1.86127,0.735903,14.3946,0,0,6.06443,0,0,-1.29457,1.63732,0.728214,3.83416,-2.17701,0.942441,-3.43229,0.00909743,0.393595,0.0100813,1,0.65199,-0.0603847,-0.0841952,0.751115,-0.206728,-0.0190782,1.71384,1.2721,2.18799,0.268597,-0.237922,-0.255127,0.0343105
0.997345,0.0152457,0.0576253,-0.0418205,0.997345,0.0152457,0.0576253,-0.0418205,0.987722,-0.0532778,-0.111689,-0.095356,0.61991,-0.101481,-0.211516,-0.748782,0.664881,0.170166,0.154069,-0.710802,0.976971,0,0,0.21337,0.852652,0,0,0.522479,0.975017,0.0711137,0.0126639,0.21006,0.989253,-0.0708416,0.0471095,0.118917,0.659862,0,0,-0.751387,0.655723,0,0,-0.755001,0.850908,-0.0735819,0.150537,0.497875,0.871221,-0.0441845,0.0545498,0.485845,0.331018,0.923213,0.0987069,0.443402,0.893684,0.0657488,0.15163,0.806577,0.0959939,0.256802,0.812684,-0.00545416,0.0967211,0.558721,0.103048,0.163629,0.580599,-0.0393206,0.156196,0.387587,0.0432797,0.00370812,0.363698,0.00930067,-0.176892,0.352726,-0.0263933,-0.166222,0.371476,0.206323,-0.0797166,0.298463,-0.23525,0.0357835,0.39548,0.357534,0.115761,0.376839,-0.303789,-0.388854,0.364392,-0.0782275,0.598039,-0.139325,-0.907499,0.598039,-0.139325,-0.907499,0.0389899,-0.579537,0.896119,1.83825,-2.01843,1.23475,-1.33816,0.657202,1.23713,0,0,-3.66031,0,0,-2.46437,1.96413,-0.62652,8.27821,-0.719326,-0.881581,11.8009,0,0,11.8797,0,0,10.5222,0.403987,2.98229,3.8228,-2.50197,3.01527,2.55271,0.0206994,0.478299,0.0116817,1,0.62987,-0.0791301,-0.082841,0.768205,-0.228991,0.0172191,1.76607,1.42371,2.10328,0.332389,-0.960994,-0.841806,1.56612
0.995952,0.023816,0.0604253,-0.06214,0.995952,0.023816,0.0604253,-0.06214,0.988297,-0.0550472,-0.120036,-0.0763621,0.619123,-0.0750797,-0.236305,-0.745124,0.672104,0.148263,0.188579,-0.700523,0.980264,0,0,0.197694,0.902249,0,0,0.431216,0.950342,0.0946764,0.0127986,0.296181,0.969395,-0.073627,0.0324004,0.231952,0.790922,0,0,-0.611917,0.834403,0,0,-0.551155,0.816527,-0.0384231,0.170154,0.550323,0.86206,-0.0308449,-0.0186964,0.505521,0.109377,1.09881,0.0519225,0.165037,1.15009,-0.00879504,0.0398315,0.900888,0.0749888,0.107289,0.946443,-0.0452408,0.108915,0.606482,0.109571,0.164941,0.630655,-0.0375558,0.208946,0.465452,0.0552526,0.0590088,0.430742,0.0201745,-0.121167,0.415243,-0.0148366,-0.108471,0.435315,0.216608,-0.0258414,0.358819,-0.225918,0.0946426,0.455323,0.368338,0.183987,0.420097,-0.31008,-0.334018,0.422002,-0.0652701,0.515338,0.169835,-1.22198,0.515338,0.169835,-1.22198,-0.105966,-0.501475,1.14521,1.81963,-1.7153,0.235952,-1.51259,2.30181,0.831598,0,0,-0.961089,0,0,-6.23489,1.47381,0.0146572,5.36136,-0.197452,-0.872638,6.90018,0,0,11.5007,0,0,16.3145,2.1907,1.37368,3.74795,0.830298,-4.59753,1.33745,0.0323014,0.552104,0.0132822,1,0.593538,-0.087186,-0.0856876,0.795468,-0.242349,0.0369979,1.85502,1.58251,2.33595,0.359185,-0.481415,-0.530233,2.67934
0.992224,0.0311437,0.0645673,-0.10175,0.992224,0.0311437,0.0645673,-0.10175,0.98781,-0.052975,-0.117749,-0.0869505,0.606613,-0.0698101,-0.235772,-0.756015,0.66416,0.142632,0.200837,-0.705841,0.972882,0,0,0.231301,0.928841,0,0,0.370479,0.945953,0.0738828,0.0139491,0.315469,0.968968,-0.0295682,0.0256713,0.244066,0.861675,0,0,-0.507461,0.919175,0,0,-0.39385,0.840261,-0.0429254,0.174058,0.511686,0.820421,-0.059296,0.033724,0.567676,-0.0873964,1.15258,0.0289859,-0.0716966,1.20478,-0.0848891,-0.0593374,0.943942,0.060522,-0.014844,1.00109,-0.0743584,0.122061,0.670642,0.109035,0.171244,0.70356,-0.0300927,0.250372,0.556846,0.0619945,0.107877,0.499343,0.0283451,-0.0705265,0.471772,-0.00499074,-0.0567665,0.49059,0.225309,0.0244239,0.411674,-0.216252,0.145945,0.517755,0.373242,0.243114,0.460097,-0.305409,-0.283706,0.473421,-0.053731,0.442587,0.253692,-2.38743,0.442587,0.253692,-2.38743,0.1243,0.136573,-0.638644,0.339018,-0.0463252,-1.01818,-0.350141,0.870739,-0.509137,0,0,2.06458,0,0,-3.97897,-1.26192,0.0714741,1.2057,2.67057,-0.407687,0.736471,0,0,7.57481,0,0,10.7359,-0.26446,0.154329,-2.7516,-1.84653,3.33038,4.45039,0.0439034,0.615009,0.0148826,1,0.513423,-0.087693,-0.0838263,0.849518,-0.235092,0.0629583,2.0469,1.24279,2.74184,0.202259,-0.805126,-0.087197,5.74521
0.986303,0.0264815,0.0607229,-0.151059,0.986303,0.0264815,0.0607229,-0.151059,0.981609,-0.0475739,-0.108218,-0.1499,0.581396,-0.0644212,-0.233376,-0.776765,0.634226,0.160613,0.197212,-0.730115,0.967569,0,0,0.252605,0.921289,0,0,0.388877,0.966099,0.0424466,0.00766551,0.254543,0.979252,0.0177033,0.0256157,0.20024,0.86289,0,0,-0.505392,0.886281,0,0,-0.463148,0.862598,-0.0403297,0.121863,0.489333,0.817732,-0.0576493,0.0317368,0.571825,-0.166305,1.19357,0.0296844,-0.120769,1.23787,-0.105277,-0.104589,0.989668,0.0565032,-0.0575023,1.0371,-0.0845529,0.118438,0.748215,0.103627,0.153605,0.774293,-0.0327184,0.266141,0.645647,0.060365,0.140505,0.556412,0.0340677,-0.0321156,0.506175,0.00291954,-0.0210597,0.519009,0.232195,0.0675819,0.442673,-0.207823,0.179239,0.553465,0.379568,0.283306,0.497316,-0.295361,-0.243421,0.500504,-0.0467357,-0.277293,-0.224007,-2.98428,-0.277293,-0.224007,-2.98428,0.319415,0.560648,-3.8112,0.32711,-0.00288477,-2.00175,1.34942,-0.0850205,-2.23975,0,0,1.31741,0,0,1.19332,-1.93863,-0.387159,-3.82916,2.86228,-0.00875164,-2.69916,0,0,0.143937,0,0,-4.60366,0.184985,-3.37146,-1.66481,0.101569,-0.124937,0.300781,0.0555053,0.667014,0.0164831,1,0.390318,-0.0829104,-0.0579625,0.915105,-0.17264,0.106698,2.32602,0.473058,2.664,-0.0488867,-2.15583,0.76903,8.2108
0.982545,0.0201058,0.054351,-0.176766,0.982545,0.0201058,0.054351,-0.176766,0.966397,-0.047931,-0.0845137,-0.237986,0.530135,-0.0629095,-0.250071,-0.807752,0.579158,0.186319,0.184311,-0.771939,0.985428,0,0,0.170095,0.904996,0,0,0.425419,0.988321,0.026223,-0.00913033,0.149838,0.990163,0.0216427,0.0304191,0.134848,0.783877,0,0,-0.620916,0.764342,0,0,-0.644811,0.860143,-0.0377542,0.0730887,0.503375,0.819476,-0.0488695,0.0498593,0.568845,-0.101322,1.27678,0.0615616,-0.0357881,1.28709,-0.100414,-0.0868417,1.0629,0.0724336,-0.038267,1.07586,-0.0880149,0.0956518,0.82435,0.100593,0.121943,0.833049,-0.0444061,0.257861,0.716698,0.0535301,0.155062,0.601269,0.0349949,-0.00602576,0.521846,0.00736495,0.00180286,0.52098,0.238721,0.100856,0.455274,-0.202493,0.203363,0.538037,0.395047,0.309871,0.5226,-0.286029,-0.212222,0.499713,-0.0429468,-0.382769,-0.379935,-1.56298,-0.382769,-0.379935,-1.56298,-0.036449,1.40476,-5.39173,0.00966779,-1.55273,-3.40794,2.05412,-0.59692,-4.07437,0,0,-5.06673,0,0,2.40073,-0.996437,-1.01516,-6.4221,0.233236,0.283493,-3.98066,0,0,-8.40443,0,0,-13.1539,0.159946,-3.06431,0.911076,0.563313,1.15661,-0.213589,0.0671073,0.708119,0.0180835,1,0.27297,-0.0774126,-0.0342568,0.958291,-0.109053,0.130032,2.57948,-0.248407,2.13156,-0.205045,-1.91196,0.665557,7.37565
0.981421,0.0150473,0.0496636,-0.184715,0.981421,0.0150473,0.0496636,-0.184715,0.941229,-0.0559574,-0.067984,-0.326092,0.47738,-0.068514,-0.279363,-0.830284,0.519931,0.202431,0.174567,-0.811307,0.993585,0,0,0.113084,0.89569,0,0,0.44468,0.999555,-0.00257711,-0.0296634,0.002045,0.998234,0.0223285,0.0462638,0.0298385,0.636541,0,0,-0.771243,0.561203,0,0,-0.827678,0.83696,-0.0725834,0.0952084,0.534009,0.844399,-0.0059323,0.0586788,0.532458,0.0742165,1.32271,0.109565,0.140513,1.27468,-0.0762084,-0.0173349,1.13048,0.1014,0.0237002,1.0964,-0.0865082,0.0669711,0.900454,0.100307,0.0865989,0.891463,-0.0598559,0.234024,0.766429,0.0443922,0.153272,0.634144,0.0322505,0.00720257,0.528925,0.0093711,0.0157164,0.51451,0.244632,0.120124,0.460184,-0.20009,0.215725,0.521192,0.40707,0.323942,0.536409,-0.282105,-0.190848,0.490079,-0.039884,-0.304943,-0.281763,-0.483927,-0.304943,-0.281763,-0.483927,-0.516292,0.967522,-5.51677,-0.515267,-2.56218,-2.99388,1.49047,-0.372878,-4.2055,0,0,-3.45599,0,0,1.2835,-1.73418,-1.23011,-8.90271,0.0376611,0.946309,-6.32614,0,0,-12.6528,0,0,-16.4509,-2.23115,1.44281,2.20962,2.74679,0.529852,-2.63029,0.0787093,0.738324,0.019684,1,0.181485,-0.068758,-0.0183979,0.980814,-0.0615938,0.128554,2.77169,-0.715098,1.49191,-0.274138,-1.24323,0.674971,5.58173
0.982445,0.0117285,0.0460032,-0.180413,0.982445,0.0117285,0.0460032,-0.180413,0.918752,-0.0596178,-0.0658475,-0.384713,0.446434,-0.0825498,-0.288222,-0.843096,0.478036,0.209947,0.181789,-0.83328,0.991,0,0,0.133863,0.900747,0,0,0.434343,0.984716,-0.0324113,-0.0545888,-0.162182,0.992567,0.0197728,0.0491947,-0.109539,0.48536,0,0,-0.874315,0.369168,0,0,-0.929363,0.820797,-0.0864042,0.0895769,0.557496,0.894162,0.0196689,0.0476732,0.444763,0.251256,1.26589,0.13936,0.286244,1.1697,-0.0438403,0.0691815,1.15859,0.123316,0.0852504,1.09574,-0.0791679,0.0596536,0.972936,0.104421,0.0734192,0.954333,-0.0701032,0.212483,0.795501,0.0374961,0.144697,0.655684,0.0294043,0.0105244,0.534906,0.00949668,0.0189619,0.515817,0.248078,0.129302,0.462474,-0.199504,0.212602,0.534755,0.416115,0.333507,0.538144,-0.284709,-0.180032,0.484741,-0.0389751,-0.200619,-0.221948,0.263502,-0.200619,-0.221948,0.263502,-0.2524,0.0994209,-3.77095,-1.11267,-0.943075,-1.79856,0.819231,0.760692,-2.68608,0,0,1.25638,0,0,-0.690465,-1.79999,-1.51205,-9.90354,-0.151186,0.181553,-8.38004,0,0,-10.9939,0,0,-13.0635,-0.909695,-0.324136,1.6991,1.59925,-0.749738,-6.04603,0.0903112,0.757629,0.0212844,1,0.135656,-0.0702422,-0.00602203,0.988244,-0.0312607,0.137633,2.8666,-0.646237,0.872184,-0.206883,-0.942098,0.0274958,2.72626
0.981854,0.0104696,0.0459833,-0.183681,0.981854,0.0104696,0.0459833,-0.183681,0.917624,-0.0582903,-0.0712565,-0.38664,0.427948,-0.112099,-0.249624,-0.861384,0.47097,0.204559,0.210148,-0.831974,0.96431,0,0,0.264774,0.875916,0,0,0.482464,0.951963,-0.0309879,-0.0559081,-0.299467,0.972435,0.0205886,0.0489307,-0.22705,0.417467,0,0,-0.908692,0.305872,0,0,-0.952073,0.867741,-0.0676535,0.096383,0.482866,0.917709,0.0518195,0.000478998,0.393858,0.359053,1.18489,0.143695,0.344721,1.10143,-0.0221081,0.145107,1.1642,0.130724,0.131021,1.10562,-0.0688508,0.0853002,1.01643,0.110024,0.0900868,0.995094,-0.0677421,0.206005,0.800586,0.0376317,0.1406,0.659761,0.0292249,0.00785994,0.537791,0.00799488,0.0129226,0.513504,0.248193,0.127963,0.463208,-0.202206,0.193415,0.555868,0.416219,0.321744,0.541107,-0.292311,-0.182044,0.486904,-0.0416254,-0.0758502,-0.000646132,-0.199434,-0.0758502,-0.000646132,-0.199434,0.0804759,-0.33534,-0.128146,-2.26552,2.7115,-1.89783,-0.347714,2.12565,-0.0953963,0,0,8.02222,0,0,3.24938,0.0650142,-0.117135,-8.48055,0.0574766,0.00410538,-7.16087,0,0,-4.56709,0,0,-4.03552,1.26978,0.331633,-5.28218,1.97375,-2.93623,-3.36718,0.101913,0.766033,0.0228849,1,0.125971,-0.0722362,-0.00617479,0.989381,-0.0307312,0.141858,2.88613,-0.194329,0.152533,0.00406793,-0.0484033,-0.118192,0.583469
0.981091,0.00374939,0.0475255,-0.187582,0.981091,0.00374939,0.0475255,-0.187582,0.927995,-0.0478052,-0.076296,-0.36155,0.440268,-0.114113,-0.239569,-0.857758,0.48396,0.209924,0.214904,-0.821907,0.933575,0,0,0.358382,0.836364,0,0,0.548175,0.931359,-0.0308035,-0.0431388,-0.360223,0.957741,0.00568053,0.0309529,-0.285906,0.452059,0,0,-0.891988,0.402928,0,0,-0.915232,0.891635,-0.101347,0.150087,0.414957,0.89658,0.0229955,-0.0152292,0.442022,0.424617,1.16305,0.144065,0.396231,1.14801,-0.0131358,0.207891,1.16807,0.131788,0.182743,1.14024,-0.0529189,0.12159,1.01855,0.109641,0.11874,0.998929,-0.0560876,0.211019,0.782745,0.038805,0.138974,0.645327,0.0303079,0.000196002,0.530982,0.00647421,0.00158426,0.506588,0.245908,0.11841,0.457028,-0.206297,0.171866,0.563244,0.408703,0.298322,0.540845,-0.294729,-0.193478,0.486822,-0.0444321,-0.405613,0.093829,-0.238394,-0.405613,0.093829,-0.238394,0.657526,-0.294105,1.62796,-0.103126,0.853549,0.630655,0.305821,0.259044,1.08571,0,0,5.91386,0,0,4.60289,-0.0020643,0.760027,-3.86054,-0.901076,-1.07933,-3.65062,0,0,2.30498,0,0,6.23156,-2.06223,3.29304,-4.48325,-1.76801,-0.976169,3.17337,0.113515,0.763538,0.0244853,1,0.148125,-0.0681987,-0.00229335,0.986612,-0.0249565,0.134295,2.84187,0.150403,-0.535235,0.0352005,-0.102858,0.265243,-1.35154
0.982327,-4.19526e-05,0.0501315,-0.180332,0.982327,-4.19526e-05,0.0501315,-0.180332,0.932024,-0.038319,-0.0769549,-0.352053,0.463779,-0.120477,-0.236601,-0.84523,0.494322,0.231372,0.16717,-0.821077,0.937135,0,0,0.348968,0.849378,0,0,0.527786,0.925427,-0.022357,-0.0170468,-0.377882,0.943971,0.0144947,0.00779982,-0.329617,0.516141,0,0,-0.856504,0.528125,0,0,-0.849167,0.856189,-0.076111,0.170945,0.481587,0.897995,0.00799809,0.0014808,0.43993,0.48562,1.15822,0.145862,0.47045,1.19129,-0.0123872,0.271885,1.15872,0.13007,0.255866,1.1654,-0.0355981,0.160503,0.995717,0.107665,0.159942,0.986195,-0.0394411,0.216512,0.750014,0.0402146,0.131488,0.620143,0.0293653,-0.016094,0.517515,0.00331625,-0.0167989,0.495855,0.243537,0.0981151,0.446359,-0.210374,0.154999,0.547755,0.407686,0.288679,0.527528,-0.286379,-0.213397,0.486838,-0.0470741,-0.228924,0.156097,0.442263,-0.228924,0.156097,0.442263,0.586511,-0.0339484,0.613952,-0.379813,0.406415,1.59524,1.49037,-3.54301,0.332892,0,0,-0.603851,0,0,-1.45132,0.515905,1.60021,-1.132,0.540579,-1.40686,-2.75468,0,0,4.39599,0,0,8.50064,1.51144,1.43323,4.52768,-0.932456,1.03861,-0.143557,0.125117,0.750143,0.0260858,1,0.199626,-0.05971,-0.00867897,0.978013,-0.0410919,0.113573,2.73656,0.164793,-0.981908,0.042286,0.665687,0.417851,-3.09927
0.983701,-0.00216746,0.0488365,-0.17304,0.983701,-0.00216746,0.0488365,-0.17304,0.928901,-0.0359005,-0.0750422,-0.360863,0.494874,-0.140396,-0.223386,-0.827942,0.510341,0.246387,0.106637,-0.816991,0.945379,0,0,0.325973,0.842131,0,0,0.539273,0.926612,-0.0116129,-0.00154279,-0.375837,0.92826,0.0342234,-0.0145356,-0.370069,0.582367,0,0,-0.812926,0.612214,0,0,-0.790692,0.849504,-0.043486,0.157514,0.501639,0.886437,-0.00704866,-0.0129425,0.462615,0.552985,1.13312,0.148301,0.567523,1.16662,-0.0113326,0.340026,1.12875,0.131909,0.352167,1.14544,-0.0198089,0.201761,0.953714,0.109714,0.214051,0.954561,-0.0234815,0.221359,0.704941,0.0406179,0.119254,0.58809,0.026545,-0.0399627,0.504674,-0.00119171,-0.0408389,0.485192,0.240963,0.0667123,0.438304,-0.214425,0.13637,0.525712,0.405719,0.263437,0.516,-0.27031,-0.239332,0.499877,-0.0496709,-0.128227,-0.0795258,0.444955,-0.128227,-0.0795258,0.444955,0.146117,0.112476,-0.564734,-1.32725,1.19889,2.1071,0.967539,-4.45663,0.710175,0,0,-1.46572,0,0,0.814951,0.661451,0.954119,0.135332,1.21767,-1.37054,-2.59596,0,0,4.75791,0,0,6.14803,2.05052,-0.823063,1.34015,-0.936592,-0.899346,1.52621,0.136719,0.725848,0.0276863,1,0.270344,-0.0508411,-0.0198233,0.961216,-0.0658956,0.0871305,2.59038,0.145419,-1.3522,0.0121005,1.02322,0.363934,-4.31036
0.985301,-0.00251313,0.04939,-0.163515,0.985301,-0.00251313,0.04939,-0.163515,0.927722,-0.0229149,-0.0859151,-0.362526,0.536324,-0.156167,-0.204645,-0.803797,0.535962,0.280536,0.0200986,-0.796015,0.936673,0,0,0.350205,0.886314,0,0,0.463084,0.943623,0.00759519,-0.00636791,-0.330873,0.93694,0.0349685,4.96207e-05,-0.347736,0.630941,0,0,-0.77583,0.630746,0,0,-0.775989,0.825187,-0.074513,0.147544,0.540134,0.869832,-0.0263547,0.0589631,0.489102,0.623745,1.06925,0.150675,0.656665,1.05782,-0.00168721,0.411928,1.06486,0.141319,0.441492,1.06386,-0.00799321,0.248008,0.887009,0.119606,0.270223,0.892029,-0.0166227,0.230198,0.644871,0.0421449,0.105261,0.553209,0.0235266,-0.0673414,0.503447,-0.00674885,-0.0685422,0.489421,0.235734,0.031207,0.440933,-0.217459,0.112967,0.52061,0.394407,0.25387,0.488511,-0.250921,-0.264545,0.538288,-0.051442,-0.0207719,0.0317949,0.579921,-0.0207719,0.0317949,0.579921,0.797571,-0.670434,-0.111285,-0.945374,1.62671,2.79252,2.24453,-6.26626,2.14465,0,0,1.54495,0,0,-5.28614,1.17881,-0.29452,2.88449,0.0393965,0.896649,1.43675,0,0,3.66772,0,0,1.41937,-2.00252,-0.547949,2.73385,-1.21398,4.5071,1.83181,0.148321,0.690653,0.0292867,1,0.377945,-0.0456021,-0.0358349,0.92401,-0.101031,0.0572175,2.36217,0.265168,-1.80209,0.0458105,1.38396,0.0570381,-6.76906
0.98724,-0.00492363,0.0454655,-0.152529,0.98724,-0.00492363,0.0454655,-0.152529,0.940595,0.00380253,-0.105362,-0.322747,0.562777,-0.165036,-0.1847,-0.788626,0.550169,0.326065,-0.048288,-0.767244,0.918296,0,0,0.395895,0.886922,0,0,0.46192,0.973334,0.056511,-0.0546188,-0.215507,0.972254,0.00803095,0.038605,-0.230579,0.620136,0,0,-0.784495,0.576828,0,0,-0.816866,0.845042,-0.0660536,0.167824,0.503365,0.869433,-0.0174377,0.0911794,0.485252,0.685394,0.919629,0.141395,0.705332,0.864568,0.0208731,0.473817,0.943704,0.155706,0.499345,0.921727,-0.00408522,0.29266,0.789119,0.139714,0.31921,0.793086,-0.0213908,0.242307,0.565829,0.0447565,0.0943675,0.520751,0.0218164,-0.0848803,0.526988,-0.0118156,-0.0896007,0.511733,0.229157,0.00176924,0.45875,-0.222056,0.0952598,0.506775,0.379556,0.231786,0.455015,-0.232671,-0.269309,0.615358,-0.0516233,-0.14515,-0.238413,0.668392,-0.14515,-0.238413,0.668392,1.64179,-1.16717,2.53364,-0.502268,1.57135,1.71027,3.11232,-4.86449,2.38493,0,0,2.95511,0,0,-0.0787794,2.95665,-2.91715,7.18748,-1.65699,2.33492,7.34992,0,0,-0.831022,0,0,-4.06045,0.569477,1.21657,-2.57382,0.559356,2.02229,-0.237256,0.159923,0.644558,0.0308872,1,0.531451,-0.0502132,-0.0459482,0.84435,-0.131427,0.0359643,2.01568,0.363271,-2.37127,0.0783465,1.05268,-0.374762,-10.351
0.990646,-0.00362884,0.0420454,-0.129764,0.990646,-0.00362884,0.0420454,-0.129764,0.940183,0.0151882,-0.102495,-0.324531,0.498897,-0.15466,-0.180692,-0.833386,0.505371,0.300847,-0.0590114,-0.806603,0.8661,0,0,0.499871,0.814687,0,0,0.579901,0.9726,0.127756,-0.150504,-0.122788,0.986627,-0.0494405,0.0810097,-0.132513,0.512702,0,0,-0.858566,0.449971,0,0,-0.893043,0.85696,-0.0350187,0.217371,0.465987,0.8334,-0.0752424,0.0376357,0.54623,0.693865,0.663979,0.113115,0.680308,0.608541,0.0486539,0.516328,0.761269,0.181807,0.525733,0.74465,-0.00505783,0.336497,0.680242,0.17472,0.364234,0.689541,-0.0349945,0.246296,0.491408,0.039957,0.0913163,0.498038,0.0166588,-0.079755,0.555586,-0.0139592,-0.101412,0.515616,0.222365,-0.0262822,0.462782,-0.224613,0.0643752,0.447534,0.358289,0.176107,0.4007,-0.221902,-0.235123,0.69066,-0.0449337,0.078269,-0.208974,1.38066,0.078269,-0.208974,1.38066,0.697127,0.174642,-0.11206,0.430205,-0.0705399,-4.79229,-1.3765,-0.842658,-3.90509,0,0,6.98448,0,0,8.30691,4.31505,-5.80704,5.61129,-3.46609,2.5444,5.97772,0,0,-7.83518,0,0,-8.88646,1.9741,3.07798,-2.4919,-3.68893,-3.32949,4.27209,0.171525,0.587563,0.0324876,1,0.673198,-0.0453361,-0.0547164,0.73604,-0.142068,-0.00693161,1.66042,0.119669,-2.23263,-0.143985,1.33247,0.0321257,-10.6516
0.99207,0.00117264,0.044386,-0.117581,0.99207,0.00117264,0.044386,-0.117581,0.939351,0.0086081,-0.102517,-0.327165,0.404404,-0.0907614,-0.196809,-0.88853,0.44231,0.232037,-0.0365512,-0.865555,0.788191,0,0,0.61543,0.733666,0,0,0.67951,0.964266,0.134191,-0.21066,-0.0883483,0.990087,-0.0658892,0.0784207,-0.0961018,0.466486,0,0,-0.884529,0.405409,0,0,-0.914135,0.887287,-0.0761751,0.196184,0.410403,0.825422,-0.0459527,0.0182554,0.562347,0.684776,0.462482,0.115117,0.658643,0.425374,0.0481026,0.543512,0.598788,0.206089,0.548665,0.598117,-0.00699562,0.367425,0.565569,0.194013,0.396618,0.582221,-0.0386474,0.245845,0.412684,0.0342041,0.0964928,0.456744,0.0133783,-0.0591208,0.550355,-0.0118619,-0.107852,0.494526,0.208884,-0.0569269,0.43753,-0.216341,0.0180162,0.37897,0.321976,0.102415,0.332425,-0.213977,-0.183656,0.715008,-0.0373613,0.288957,0.139604,0.736621,0.288957,0.139604,0.736621,-0.402719,-0.00311325,-0.166956,4.3522,-1.78994,-6.80228,-4.50451,1.55073,-6.04306,0,0,8.36889,0,0,7.70927,0.41258,-3.67875,2.07036,-0.98674,-0.161513,2.20118,0,0,-3.18094,0,0,-2.95839,-2.54294,-1.46781,-3.78044,1.85353,-1.22867,1.12804,0.183127,0.519667,0.0340881,1,0.761518,-0.0413848,-0.0541727,0.644549,-0.133316,-0.029162,1.40675,-0.0135214,-2.36172,-0.172586,0.678029,0.238178,-7.60492
0.991707,-0.000156897,0.0468145,-0.119693,0.991707,-0.000156897,0.0468145,-0.119693,0.941338,-0.0150382,-0.0851919,-0.326188,0.403434,-0.124988,-0.141855,-0.895263,0.44136,0.257859,-0.0692798,-0.856685,0.843677,0,0,0.53685,0.782856,0,0,0.622203,0.97148,0.158471,-0.170909,-0.043637,0.993277,-0.057996,0.0888121,-0.0463551,0.560221,0,0,-0.828343,0.512675,0,0,-0.858583,0.844106,-0.00236417,0.239246,0.479833,0.78333,-0.0307431,0.0342873,0.619897,0.735609,0.351952,0.126668,0.722541,0.316836,0.0465319,0.578924,0.471568,0.206018,0.591748,0.471732,-0.00293218,0.366503,0.438498,0.189131,0.397755,0.456386,-0.0358219,0.227742,0.311214,0.0336985,0.0925219,0.388777,0.0145099,-0.0369613,0.516744,-0.00688054,-0.0995593,0.464446,0.212947,-0.0537709,0.417143,-0.218282,-0.0093252,0.29481,0.318381,0.0772675,0.261403,-0.21833,-0.119132,0.706485,-0.0300988,-0.0799851,0.146439,-0.127922,-0.0799851,0.146439,-0.127922,-1.44755,1.06458,0.0734157,-2.59653,4.15726,-0.54042,1.93031,-2.43835,0.632793,0,0,-5.77394,0,0,-4.53248,1.45095,2.43922,2.72156,0.478885,0.619846,2.99768,0,0,6.56034,0,0,7.25232,4.60064,2.91634,4.79292,0.939182,1.05614,4.28433,0.194729,0.440872,0.0356885,1,0.829345,-0.028626,-0.0727767,0.553237,-0.128874,-0.0891581,1.18233,-0.543111,-3.0441,-0.0151676,1.77162,-0.3637,-6.7226
0.990807,-0.000491857,0.0412538,-0.128837,0.990807,-0.000491857,0.0412538,-0.128837,0.946322,-0.0414523,-0.0932525,-0.306691,0.418677,-0.204389,-0.0589833,-0.882868,0.455275,0.29449,-0.11727,-0.832014,0.906612,0,0,0.421965,0.850988,0,0,0.525186,0.977563,0.154905,-0.142393,0.0100067,0.998269,-0.0105035,0.0563956,0.0129989,0.635093,0,0,-0.772435,0.587891,0,0,-0.80894,0.839137,0.0270597,0.3046,0.449817,0.833757,0.00688137,0.00147566,0.552087,0.764457,0.228025,0.138779,0.756433,0.191443,0.0196782,0.597307,0.339031,0.205201,0.608442,0.341978,-0.00568985,0.356343,0.308122,0.178167,0.383764,0.327591,-0.0284205,0.207671,0.202913,0.0286764,0.0929336,0.308974,0.0145942,-0.00209514,0.464875,0.000905303,-0.0675705,0.418688,0.227589,-0.029227,0.384172,-0.216074,-0.0282513,0.20845,0.325812,0.0578262,0.181205,-0.225479,-0.038078,0.670384,-0.0156664,-0.0201623,-0.333822,-0.552488,-0.0201623,-0.333822,-0.552488,-1.61226,-0.483593,1.22525,-5.90774,6.31063,1.40821,2.5907,-3.51912,2.22435,0,0,-7.86525,0,0,-7.11721,-0.235271,1.74506,3.24833,2.857,-1.95501,3.56794,0,0,5.60861,0,0,5.40908,1.86637,4.17315,-1.84984,2.42794,-2.12622,-5.04454,0.206331,0.351177,0.037289,1,0.884252,-0.0168732,-0.0764281,0.460405,-0.101113,-0.119914,0.96617,-0.602114,-3.24901,-0.150663,1.20807,0.289314,-6.397
0.98892,0.00612557,0.0400065,-0.142825,0.98892,0.00612557,0.0400065,-0.142825,0.952593,-0.0583282,-0.128054,-0.269752,0.455369,-0.142808,-0.103,-0.872717,0.493456,0.317973,-0.161072,-0.793379,0.894898,0,0,0.44627,0.909331,0,0,0.416074,0.9654,0.187895,-0.167,0.0693522,0.996014,0.00621874,0.0328316,0.0827053,0.642054,0,0,-0.766659,0.56257,0,0,-0.82675,0.829828,0.043974,0.319835,0.455145,0.856931,0.0413068,-0.00114947,0.513771,0.749795,0.0872969,0.12841,0.711497,0.0365546,-0.00163235,0.589422,0.199214,0.206181,0.581709,0.206842,-0.0138008,0.344077,0.184841,0.180405,0.365852,0.211525,-0.0304153,0.191783,0.103919,0.0226926,0.101456,0.231582,0.0150226,0.0458114,0.405602,0.0110482,-0.0176613,0.358825,0.228843,0.00809282,0.340002,-0.202655,-0.012519,0.141344,0.310448,0.0445475,0.107691,-0.223295,0.0554581,0.61671,0.00287105,0.3985,-0.0735483,-0.84732,0.3985,-0.0735483,-0.84732,-1.02344,-2.10951,2.29214,4.81082,-3.18386,1.84811,1.34307,-3.04144,3.84395,0,0,1.61889,0,0,-7.42859,2.04112,-1.52914,3.60487,1.0042,-1.41317,4.18854,0,0,0.542714,0,0,-1.8575,1.08244,1.03487,0.435283,2.16641,-0.166255,-2.70629,0.217933,0.260333,0.0388894,1,0.926187,-0.00946325,-0.0659306,0.371134,-0.0669624,-0.11536,0.766108,-0.476631,-2.96983,-0.179516,0.555887,0.864991,-5.88105
0.987975,0.00759347,0.0390788,-0.149402,0.987975,0.00759347,0.0390788,-0.149402,0.956269,-0.0565218,-0.132763,-0.25442,0.478762,-0.10058,-0.136232,-0.861459,0.511831,0.329456,-0.177019,-0.773403,0.868847,0,0,0.49508,0.931385,0,0,0.364035,0.955628,0.210878,-0.183485,0.0929434,0.993532,-0.00544397,0.0393577,0.106375,0.632828,0,0,-0.774293,0.529633,0,0,-0.848227,0.825866,0.039763,0.301856,0.474602,0.824813,0.0565191,0.0123137,0.562438,0.74661,0.0974796,0.122893,0.685165,0.0381156,-0.0048963,0.592098,0.210894,0.209675,0.573416,0.217727,-0.0193828,0.349574,0.205506,0.187826,0.370858,0.235638,-0.0341027,0.196697,0.135467,0.0247172,0.117184,0.270061,0.0193199,0.0785848,0.448496,0.0181202,0.0169851,0.401177,0.230568,0.0391436,0.387472,-0.193668,0.0199545,0.188681,0.306403,0.0538329,0.147537,-0.219181,0.107011,0.658916,0.0126675,0.0885456,-0.0551176,-0.398927,0.0885456,-0.0551176,-0.398927,0.114437,-0.276979,0.954119,3.2019,-2.3547,1.49346,0.64452,-1.05765,1.9017,0,0,3.32002,0,0,-3.39163,1.43767,-1.03764,1.45078,-0.700966,0.394045,1.42737,0,0,-0.718487,0,0,-2.35935,-0.264408,-1.11685,1.28196,1.00037,0.857695,3.48026,0.234012,0.292173,0.0421858,1,0.940116,-0.00683486,-0.0596009,0.335534,-0.0531804,-0.107685,0.688497,0.147407,0.946434,0.0607389,0.153889,0.445272,-2.28227
0.987082,0.00684332,0.0379525,-0.155503,0.987082,0.00684332,0.0379525,-0.155503,0.9602,-0.0525572,-0.138032,-0.237068,0.509412,-0.0648266,-0.161088,-0.842821,0.528387,0.340813,-0.188346,-0.75444,0.836208,0,0,0.548412,0.947078,0,0,0.321003,0.942894,0.23877,-0.200528,0.117169,0.989897,-0.0226446,0.0500747,0.130708,0.621189,0,0,-0.783661,0.502946,0,0,-0.864318,0.819431,0.0392925,0.268796,0.504716,0.767721,0.0537572,0.0306216,0.63779,0.736531,0.107017,0.114749,0.658037,0.0477206,-0.00821661,0.588407,0.220462,0.211711,0.561721,0.23051,-0.0269236,0.349907,0.223631,0.195223,0.370634,0.258664,-0.0403664,0.196919,0.165756,0.0261649,0.128883,0.306405,0.0230048,0.107685,0.487564,0.0235994,0.0504112,0.439329,0.231772,0.0670082,0.429962,-0.186635,0.0573719,0.234388,0.303515,0.0605788,0.186037,-0.216022,0.154421,0.695742,0.0198615,-0.045067,-0.0671678,-0.370326,-0.045067,-0.0671678,-0.370326,0.24568,-0.30962,1.07584,2.68151,-1.66302,2.18719,0.645036,-0.721016,1.75561,0,0,3.75225,0,0,-2.74848,1.76207,-1.09122,1.50653,-1.03593,0.648077,1.47268,0,0,-0.896476,0,0,-1.86989,-0.0241248,-2.06725,1.99497,-0.103241,1.209,5.66991,0.24615,0.321846,0.0442629,1,0.952824,-0.00278214,-0.0530503,0.29884,-0.0372017,-0.0995969,0.609693,0.00665165,0.908678,0.0434326,0.233217,0.481612,-2.31445
0.985972,0.000496355,0.0382956,-0.162459,0.985972,0.000496355,0.0382956,-0.162459,0.964103,-0.0467645,-0.143928,-0.218181,0.544809,-0.0487859,-0.168044,-0.8201,0.54302,0.352274,-0.196663,-0.736448,0.798667,0,0,0.601773,0.95736,0,0,0.288898,0.929468,0.265892,-0.214148,0.139752,0.984559,-0.0380082,0.0651424,0.157974,0.606882,0,0,-0.794792,0.491523,0,0,-0.870864,0.802393,0.0347766,0.227042,0.550825,0.742334,0.0636585,0.0422103,0.665662,0.722819,0.10178,0.103866,0.642493,0.0514968,-0.0170392,0.581561,0.212664,0.211431,0.553693,0.235582,-0.0377474,0.348464,0.223413,0.200794,0.367676,0.268586,-0.0484615,0.196209,0.179801,0.0256655,0.13942,0.325203,0.0259102,0.135268,0.507345,0.0276877,0.0845552,0.458222,0.234317,0.0936172,0.451683,-0.181165,0.100063,0.262505,0.301777,0.0677778,0.206575,-0.212264,0.199411,0.711901,0.0244617,-0.382455,0.0215347,-0.422827,-0.382455,0.0215347,-0.422827,0.35601,-0.346974,1.16605,1.21213,-0.319769,2.53433,0.664267,-0.508345,1.61778,0,0,3.91526,0,0,-2.02276,1.73423,-0.893658,1.4209,-0.929028,0.914144,1.65854,0,0,-1.08761,0,0,-0.789928,-0.274656,-2.57718,3.16604,0.684651,0.781122,2.23155,0.257457,0.334633,0.0447601,1,0.963101,0.00896262,-0.0500763,0.264288,-0.00925297,-0.101368,0.536112,-0.0212964,0.421345,-0.0149832,0.729985,0.407656,-2.12318
0.984458,-0.0122962,0.0414074,-0.170227,0.984458,-0.0122962,0.0414074,-0.170227,0.968754,-0.033473,-0.14873,-0.19564,0.583201,-0.0576203,-0.15142,-0.796008,0.554705,0.367099,-0.202668,-0.718656,0.784603,0,0,0.619998,0.962106,0,0,0.272677,0.915685,0.293819,-0.221536,0.161596,0.97713,-0.0542584,0.0831694,0.188033,0.589907,0,0,-0.807472,0.480897,0,0,-0.876777,0.768869,0.0333511,0.168059,0.616023,0.724899,0.0884545,0.0237848,0.682738,0.70751,0.0928317,0.0908982,0.629886,0.0540833,-0.0255342,0.573431,0.19802,0.208502,0.546324,0.239002,-0.0484926,0.346976,0.214092,0.20459,0.364786,0.274451,-0.0564886,0.19678,0.186493,0.0239904,0.150962,0.335411,0.0287232,0.163417,0.516922,0.0305998,0.121938,0.467583,0.238211,0.120148,0.4612,-0.177261,0.142139,0.274288,0.30016,0.0776931,0.216966,-0.206736,0.243624,0.716945,0.0266835,-0.77154,0.188853,-0.473508,-0.77154,0.188853,-0.473508,0.810371,-0.277405,1.38757,-0.563229,1.35518,2.61926,0.926883,-0.356505,1.51964,0,0,1.38126,0,0,-1.01407,1.80243,-0.519101,1.38981,-0.988252,1.09977,1.8413,0,0,-1.27132,0,0,-0.729662,-0.0648434,-3.65716,4.68686,1.66911,-1.20107,1.42188,0.269291,0.33924,0.0444339,1,0.970995,0.0282637,-0.0522094,0.231611,0.0309113,-0.114734,0.466534,0.0171457,0.200773,-0.050254,1.2434,0.224144,-1.9571
0.98309,-0.0262685,0.0460891,-0.175273,0.98309,-0.0262685,0.0460891,-0.175273,0.972952,-0.0176287,-0.153929,-0.171346,0.621683,-0.0828793,-0.122109,-0.76924,0.559077,0.388647,-0.212833,-0.700778,0.786715,0,0,0.617316,0.965002,0,0,0.262244,0.900544,0.325678,-0.220495,0.185302,0.967635,-0.0694451,0.100548,0.220793,0.57228,0,0,-0.820058,0.467779,0,0,-0.883846,0.723287,0.0374083,0.118915,0.679202,0.702373,0.0794711,0.0326679,0.706605,0.691292,0.0973195,0.0784209,0.617335,0.0659035,-0.0322376,0.565126,0.194287,0.205425,0.53997,0.2515,-0.0545211,0.34569,0.213288,0.208641,0.364036,0.289441,-0.0610124,0.199309,0.20178,0.0238472,0.165169,0.353407,0.0330629,0.193613,0.532897,0.0347147,0.163139,0.482146,0.24393,0.147874,0.477058,-0.172891,0.185781,0.286208,0.298024,0.0890081,0.235236,-0.200294,0.288234,0.72768,0.0300165,-0.843435,0.283644,-0.30919,-0.843435,0.283644,-0.30919,0.962205,-0.301956,1.48775,-1.67807,2.18657,2.71771,1.47643,-0.692644,1.35839,0,0,-0.204807,0,0,-0.649653,2.07349,-0.00769454,1.52419,-0.931697,1.07025,2.02354,0,0,-1.29955,0,0,-0.894058,0.306473,-3.06449,4.88199,-0.548781,0.606801,1.98714,0.28269,0.351583,0.0455858,1,0.977744,0.0481221,-0.058791,0.195563,0.0718142,-0.134189,0.389991,0.0758627,0.458596,-0.00429667,1.35029,-0.0252093,-2.14355
0.982244,-0.0388259,0.0478188,-0.177206,0.982244,-0.0388259,0.0478188,-0.177206,0.977528,-0.00553821,-0.151532,-0.146446,0.663416,-0.114359,-0.0894175,-0.734034,0.555199,0.413418,-0.226898,-0.685096,0.798034,0,0,0.602612,0.972894,0,0,0.23125,0.883695,0.359436,-0.215693,0.208247,0.957433,-0.0781926,0.115617,0.252668,0.55542,0,0,-0.83157,0.454894,0,0,-0.890545,0.675132,0.0271823,0.117292,0.727805,0.675979,0.0706228,0.0315719,0.732849,0.677537,0.103996,0.0683069,0.608435,0.0740627,-0.036146,0.559565,0.18936,0.204958,0.538043,0.26028,-0.0564676,0.346979,0.210019,0.214401,0.367826,0.301252,-0.0611778,0.205652,0.214274,0.0261853,0.183427,0.367663,0.0396612,0.226624,0.544038,0.0418168,0.207159,0.488893,0.251226,0.179797,0.489145,-0.166711,0.233126,0.287886,0.295392,0.100555,0.251555,-0.198131,0.333689,0.733291,0.0371856,-0.758388,0.105191,-0.119652,-0.758388,0.105191,-0.119652,0.732556,0.159295,1.5213,-2.03935,2.35574,3.26582,1.80014,-1.02119,1.03014,0,0,-1.11337,0,0,-1.91907,2.22773,0.218682,1.50092,-0.547028,0.938359,1.98654,0,0,-1.22493,0,0,-0.871359,-0.643297,0.0390678,4.12837,-0.541942,-0.0513541,2.25881,0.29933,0.360175,0.0492528,1,0.983053,0.065798,-0.0671433,0.157382,0.109736,-0.153322,0.309058,0.190283,0.374832,0.0701449,1.2547,-0.153659,-2.26466
0.982113,-0.0481218,0.0461038,-0.176102,0.982113,-0.0481218,0.0461038,-0.176102,0.981752,0.00488981,-0.142692,-0.125614,0.701864,-0.14803,-0.0477319,-0.695122,0.549069,0.43204,-0.238331,-0.674583,0.817119,0,0,0.576469,0.981179,0,0,0.193099,0.867231,0.392772,-0.210362,0.222234,0.947851,-0.0762771,0.128805,0.281371,0.540143,0,0,-0.841573,0.441181,0,0,-0.897418,0.630909,-0.000760806,0.111319,0.767829,0.647683,0.0720729,0.0234767,0.75813,0.667431,0.109176,0.062181,0.6025,0.0820458,-0.0381344,0.558042,0.184162,0.206735,0.540112,0.269029,-0.0551733,0.352028,0.207992,0.22163,0.376151,0.313394,-0.0572657,0.215593,0.227809,0.0307617,0.204609,0.38206,0.047467,0.260483,0.554778,0.0508207,0.248836,0.49376,0.257234,0.215156,0.501132,-0.159185,0.276372,0.285444,0.287801,0.116567,0.269769,-0.198537,0.377923,0.73854,0.0480952,-0.561203,-0.10339,0.0661335,-0.561203,-0.10339,0.0661335,0.629991,0.546658,1.27015,-2.13262,2.87431,3.34223,1.3988,-0.853879,0.620998,0,0,-1.94215,0,0,-2.34254,2.22483,0.256053,0.954448,0.1014,0.828368,1.80311,0,0,-1.09568,0,0,-0.920359,-1.88649,-0.269587,3.62126,0.15264,-0.528214,2.28198,0.318371,0.368773,0.0547361,1,0.986705,0.0777764,-0.0771603,0.120046,0.137407,-0.171786,0.230287,0.29823,0.40603,0.137291,0.937366,-0.315705,-2.22857
0.982045,-0.0523722,0.042885,-0.176086,0.982045,-0.0523722,0.042885,-0.176086,0.985057,0.0138728,-0.135407,-0.105519,0.727832,-0.166288,-0.0191412,-0.665013,0.545108,0.44646,-0.247131,-0.665175,0.832575,0,0,0.553913,0.986827,0,0,0.161782,0.851775,0.425697,-0.20729,0.224262,0.940282,-0.0636655,0.140718,0.303341,0.526846,0,0,-0.849961,0.4261,0,0,-0.904676,0.600708,-0.0260225,0.08296,0.794727,0.618377,0.07344,0.0190519,0.782211,0.66006,0.112317,0.058923,0.59725,0.0902801,-0.039431,0.558584,0.179338,0.209931,0.543798,0.277959,-0.0515325,0.358692,0.207354,0.22967,0.386809,0.325636,-0.0504371,0.226618,0.242084,0.0365107,0.225304,0.396448,0.0552915,0.292314,0.565054,0.0609636,0.281384,0.499149,0.263161,0.251286,0.513138,-0.150769,0.305328,0.285103,0.283219,0.137701,0.288921,-0.1994,0.418813,0.743308,0.0625715,-0.256633,-0.194224,0.000772755,-0.256633,-0.194224,0.000772755,0.541354,0.448823,1.22017,-1.10883,1.92196,2.45219,1.07761,-0.654608,0.588973,0,0,-1.64069,0,0,-1.90944,2.2157,0.120989,0.205271,0.760043,0.749764,1.38963,0,0,-0.9433,0,0,-1.00419,-1.75702,-1.8772,2.52197,0.152741,-0.28642,2.27628,0.336969,0.377581,0.0615543,1,0.988621,0.0830185,-0.089023,0.088377,0.151769,-0.191869,0.163682,0.330745,0.428268,0.172469,0.533563,-0.507981,-1.92013
0.982108,-0.05244,0.0382409,-0.176779,0.982108,-0.05244,0.0382409,-0.176779,0.986378,0.021326,-0.131662,-0.0962727,0.743674,-0.164836,-0.0123151,-0.647786,0.536627,0.461586,-0.25859,-0.657344,0.839288,0,0,0.543686,0.989886,0,0,0.141864,0.837981,0.455044,-0.207715,0.218121,0.935993,-0.0433735,0.150591,0.315211,0.515874,0,0,-0.856664,0.409625,0,0,-0.912254,0.582939,-0.039548,0.0547237,0.809706,0.589876,0.0779438,0.0137575,0.803605,0.657305,0.113273,0.0584426,0.593056,0.0948258,-0.0402127,0.562123,0.173599,0.214582,0.549763,0.28311,-0.0463533,0.367522,0.205445,0.238114,0.400555,0.33406,-0.0415964,0.239284,0.253255,0.0429344,0.245103,0.407335,0.0629768,0.320473,0.572201,0.071967,0.304257,0.503215,0.27087,0.285779,0.522521,-0.142031,0.323705,0.286652,0.287108,0.161539,0.305516,-0.200488,0.454583,0.744838,0.080053,-0.00402028,-0.280378,-0.041612,-0.00402028,-0.280378,-0.041612,0.448861,0.229363,0.560124,0.161464,0.456197,1.39635,1.19504,-0.88189,0.388275,0,0,-0.733986,0,0,-1.20909,1.9962,-0.0920567,-0.31934,1.23844,0.618002,0.75518,0,0,-0.771454,0,0,-1.08809,-0.960614,-1.9352,1.45558,0.374049,-0.354308,2.12806,0.354899,0.383651,0.0695642,1,0.989262,0.0834982,-0.100688,0.0652008,0.156179,-0.211679,0.115001,0.379981,0.335113,0.192712,0.210939,-0.570582,-1.43385
0.982084,-0.0513425,0.0331148,-0.178265,0.982084,-0.0513425,0.0331148,-0.178265,0.986142,0.029256,-0.129135,-0.0999643,0.756362,-0.170125,-0.00312343,-0.631636,0.524552,0.480397,-0.272323,-0.648,0.842893,0,0,0.538081,0.990861,0,0,0.134884,0.82828,0.476743,-0.210676,0.20563,0.935896,-0.0226774,0.161374,0.312319,0.5059,0,0,-0.862592,0.392128,0,0,-0.919911,0.572527,-0.0389655,0.0330857,0.818291,0.563455,0.0830025,0.00963256,0.82191,0.659547,0.113131,0.059702,0.590987,0.0953207,-0.0408643,0.569162,0.167946,0.219659,0.560023,0.284065,-0.0411903,0.379353,0.202938,0.245681,0.419564,0.338915,-0.0329688,0.254542,0.261919,0.0488551,0.264275,0.415602,0.0701344,0.344649,0.577764,0.0832424,0.322714,0.50579,0.27932,0.31895,0.529726,-0.133345,0.34137,0.287933,0.291013,0.190446,0.317648,-0.201039,0.484382,0.745126,0.0995534,0.0662197,-0.309397,-0.0898014,0.0662197,-0.309397,-0.0898014,0.478111,0.151689,-0.222983,-0.294159,0.605031,1.25974,1.52109,-1.08147,0.427583,0,0,-0.399859,0,0,-0.422898,1.48345,-0.234932,-0.746891,1.26892,0.661501,-0.176724,0,0,-0.696178,0,0,-1.14598,0.0289579,-1.50543,0.84999,0.417382,-0.280636,1.91306,0.373217,0.387639,0.0776168,1,0.988626,0.0836441,-0.113426,0.0525073,0.158482,-0.235219,0.0873588,0.457756,0.259924,0.177621,0.138369,-0.695805,-0.813928
0.982366,-0.0487024,0.0277993,-0.178359,0.982366,-0.0487024,0.0277993,-0.178359,0.985469,0.0290218,-0.121202,-0.115405,0.762838,-0.182161,0.00626885,-0.620368,0.518292,0.495974,-0.278,-0.638826,0.851237,0,0,0.524781,0.987583,0,0,0.1571,0.827369,0.484082,-0.209304,0.193178,0.939647,-0.0064489,0.174433,0.29427,0.495243,0,0,-0.868755,0.374178,0,0,-0.927357,0.568407,-0.0309837,0.031625,0.821555,0.54251,0.0844159,0.00804866,0.835759,0.665554,0.112337,0.0619226,0.591057,0.0905665,-0.0415509,0.578827,0.164768,0.224256,0.575249,0.279504,-0.0368188,0.393809,0.202268,0.250928,0.444583,0.339321,-0.0259983,0.272528,0.267802,0.0531471,0.28311,0.421152,0.0764599,0.364583,0.582181,0.0956397,0.33507,0.506445,0.289194,0.352337,0.536064,-0.123622,0.353362,0.286209,0.2964,0.229563,0.323588,-0.197246,0.507063,0.745464,0.121778,0.159635,-0.321009,-0.00463491,0.159635,-0.321009,-0.00463491,-0.013723,0.476511,-0.932348,-0.758198,0.61329,0.835515,1.21423,-0.461329,0.534895,0,0,-0.942072,0,0,1.34744,0.477575,0.0829816,-0.789003,0.995571,0.786965,-1.12986,0,0,-0.738632,0,0,-1.166,0.557703,-0.0989218,0.329168,0.152735,-0.106792,1.50187,0.391859,0.389776,0.085546,1,0.986707,0.08599,-0.129181,0.0482316,0.16371,-0.266361,0.0757038,0.539583,0.176484,0.128759,0.227523,-0.918796,-0.310697
0.982961,-0.0423875,0.0255096,-0.177031,0.982961,-0.0423875,0.0255096,-0.177031,0.983265,0.0118076,-0.118034,-0.13827,0.764518,-0.18866,0.00289733,-0.61637,0.512739,0.518044,-0.277977,-0.625666,0.864327,0,0,0.50293,0.972209,0,0,0.234113,0.838229,0.472338,-0.198556,0.186665,0.946474,0.00186145,0.190599,0.260489,0.484123,0,0,-0.875,0.357634,0,0,-0.933862,0.572253,-0.0257762,0.0553415,0.817802,0.522122,0.102575,-0.00551896,0.846662,0.675041,0.110671,0.0646287,0.59278,0.0798892,-0.0421796,0.590872,0.165461,0.227858,0.595167,0.268035,-0.0348059,0.410494,0.205058,0.253027,0.475068,0.334269,-0.0219207,0.292689,0.270632,0.0553152,0.30154,0.423574,0.0823005,0.380418,0.584666,0.110561,0.342995,0.501441,0.301338,0.385051,0.544688,-0.112439,0.360855,0.277701,0.304812,0.278841,0.32771,-0.185013,0.522906,0.7451,0.147488,0.381653,-0.1385,0.0822704,0.381653,-0.1385,0.0822704,-1.03735,0.185766,-1.38474,-0.416286,-0.220092,0.286175,1.67806,-0.0464465,0.83911,0,0,-1.52831,0,0,4.71315,-0.86613,0.734383,-0.461546,0.508634,0.9627,-2.10592,0,0,-0.765237,0,0,-1.06659,0.369852,1.66489,-0.356997,1.35752,-0.969955,1.30457,0.410719,0.389813,0.0935214,1,0.983429,0.0927814,-0.147508,0.050008,0.176718,-0.304072,0.0744685,0.60481,0.0849138,0.0650435,0.458283,-1.10001,0.0727465
0.983329,-0.0342413,0.0260661,-0.176671,0.983329,-0.0342413,0.0260661,-0.176671,0.980699,-0.0108306,-0.11191,-0.159965,0.76498,-0.189204,-0.0137308,-0.615482,0.510632,0.544315,-0.275364,-0.605929,0.879695,0,0,0.475538,0.963111,0,0,0.269104,0.860189,0.441197,-0.1783,0.183382,0.95393,0.000892747,0.211412,0.212887,0.473723,0,0,-0.880674,0.342426,0,0,-0.939545,0.577988,-0.0166538,0.0790626,0.812035,0.497829,0.125065,-0.0195162,0.857988,0.687579,0.109073,0.0695158,0.595576,0.0704522,-0.0426768,0.605582,0.173342,0.230859,0.61858,0.255672,-0.0351399,0.429615,0.216175,0.252389,0.509974,0.329161,-0.0208362,0.314876,0.276001,0.0559875,0.320038,0.428303,0.0875163,0.394065,0.589528,0.126538,0.349101,0.496204,0.314537,0.417951,0.558431,-0.0987293,0.366262,0.268423,0.316198,0.33195,0.338483,-0.180444,0.534452,0.747756,0.17509,0.491822,0.0333843,0.0230181,0.491822,0.0333843,0.0230181,-1.36649,0.363695,-1.31735,-0.033321,-1.08405,0.0648204,1.93133,0.170418,1.38417,0,0,-1.88461,0,0,2.1694,-2.1959,1.37422,-0.299664,-0.0593205,1.23872,-2.94124,0,0,-0.7108,0,0,-0.974148,0.644562,1.65551,-0.541981,1.71126,-1.02068,1.46634,0.43024,0.392674,0.10088,1,0.97862,0.102454,-0.168995,0.0569816,0.194151,-0.349513,0.0819383,0.665625,0.161057,0.0201684,0.600348,-1.32035,0.391949
0.983633,-0.0251861,0.0257428,-0.176545,0.983633,-0.0251861,0.0257428,-0.176545,0.977314,-0.0377372,-0.0995913,-0.18307,0.763262,-0.186013,-0.0406927,-0.617393,0.520271,0.560969,-0.264895,-0.586909,0.898704,0,0,0.438556,0.969133,0,0,0.246538,0.887943,0.39402,-0.151387,0.18272,0.959532,-0.0096822,0.234764,0.155209,0.461485,0,0,-0.887148,0.326572,0,0,-0.945172,0.571732,0.0155089,0.0835023,0.816032,0.466152,0.125902,-0.0196631,0.875479,0.701417,0.110116,0.0795031,0.599452,0.0687115,-0.0426644,0.622305,0.190579,0.234225,0.644558,0.247454,-0.0359996,0.451664,0.237575,0.249772,0.548882,0.327867,-0.0214935,0.340055,0.287417,0.0557479,0.339712,0.438794,0.092026,0.406435,0.599982,0.142842,0.351782,0.495768,0.327747,0.452274,0.579129,-0.0811372,0.36557,0.262868,0.330438,0.391321,0.357701,-0.183519,0.542545,0.756249,0.203851,0.546503,-0.0196648,0.0086828,0.546503,-0.0196648,0.0086828,-1.62746,0.737028,-1.40789,0.200205,-1.75941,-0.150478,1.03443,0.835529,1.54964,0,0,-2.49505,0,0,-1.40139,-3.21305,1.78771,-0.154209,-0.6433,1.39579,-3.53286,0,0,-0.83068,0,0,-1.0094,2.2601,0.326881,0.430008,0.189371,-0.0307574,2.16452,0.450743,0.40167,0.107935,1,0.972188,0.113477,-0.193121,0.0684026,0.212621,-0.401743,0.097037,0.755374,0.342495,-0.00718619,0.653508,-1.51454,0.656149
0.983975,-0.0150792,0.0235314,-0.176105,0.983975,-0.0150792,0.0235314,-0.176105,0.972259,-0.0633927,-0.0854073,-0.208327,0.758715,-0.177994,-0.0768245,-0.621906,0.532774,0.56881,-0.248752,-0.575091,0.92015,0,0,0.391567,0.973532,0,0,0.228549,0.919132,0.325955,-0.122933,0.183952,0.961351,-0.0292398,0.258198,0.0910158,0.443034,0,0,-0.896505,0.310243,0,0,-0.950657,0.55168,0.0188466,0.0968056,0.828205,0.430935,0.109728,-0.0157821,0.895548,0.711534,0.112175,0.0966339,0.60436,0.0741632,-0.0399497,0.638396,0.212948,0.240024,0.67182,0.242819,-0.0358718,0.47662,0.266665,0.246457,0.590141,0.329072,-0.0224455,0.368072,0.303482,0.0560155,0.360854,0.453669,0.096478,0.417955,0.614506,0.158968,0.351534,0.499375,0.339961,0.485955,0.60622,-0.061367,0.357553,0.260673,0.345531,0.453393,0.38685,-0.18226,0.547447,0.768831,0.2331,0.60985,-0.133571,0.0277778,0.60985,-0.133571,0.0277778,-1.55762,0.848721,-1.54844,0.503247,-2.36558,-0.363732,0.345116,1.25665,1.07113,0,0,-3.09948,0,0,-1.11116,-4.46368,1.85706,-0.0474097,-1.18845,1.41564,-3.9078,0,0,-1.24133,0,0,-1.03351,0.24607,0.993695,1.34926,-1.06183,0.267224,2.5324,0.471662,0.415318,0.115533,1,0.964725,0.123788,-0.216958,0.0831401,0.227661,-0.4547,0.11905,0.840498,0.481945,0.0080267,0.57944,-1.5352,0.847602
0.984122,-0.00439107,0.0189478,-0.176425,0.984122,-0.00439107,0.0189478,-0.176425,0.966276,-0.0855879,-0.0749121,-0.231026,0.752633,-0.173448,-0.115926,-0.624516,0.53861,0.577099,-0.235013,-0.56712,0.938263,0,0,0.345923,0.971672,0,0,0.236335,0.947604,0.241025,-0.0980107,0.185332,0.958645,-0.0508809,0.278788,0.026229,0.420082,0,0,-0.907486,0.293937,0,0,-0.955825,0.535542,0.0187096,0.095869,0.838841,0.408928,0.0969625,-0.0101148,0.907344,0.717342,0.111329,0.12004,0.611102,0.0841728,-0.037122,0.653651,0.234995,0.247488,0.699081,0.241171,-0.0359315,0.504232,0.296702,0.241811,0.631142,0.33099,-0.0236886,0.398012,0.320307,0.0561386,0.383209,0.468927,0.100191,0.429522,0.628581,0.173699,0.351063,0.502263,0.350164,0.518263,0.635017,-0.0411694,0.348007,0.258902,0.357946,0.51275,0.420608,-0.173667,0.550764,0.780577,0.261176,0.644748,-0.276552,-0.0187922,0.644748,-0.276552,-0.0187922,-1.35467,0.626415,-1.40301,0.271071,-2.57245,-0.264095,0.490334,1.02461,0.671091,0,0,-2.9467,0,0,0.480326,-5.38266,1.59589,-0.0262518,-1.3183,1.26716,-3.93661,0,0,-1.52664,0,0,-1.02636,-0.000591164,-0.0197006,1.16392,-0.881505,0.416345,1.57168,0.492848,0.429499,0.122796,1,0.956877,0.13351,-0.237741,0.100202,0.23948,-0.502633,0.146914,0.898211,0.504752,0.00369402,0.502661,-1.38361,0.999084
0.984292,0.0068357,0.012092,-0.176001,0.984292,0.0068357,0.012092,-0.176001,0.96103,-0.10243,-0.0700614,-0.247026,0.744513,-0.173943,-0.156601,-0.625236,0.539247,0.586918,-0.225635,-0.560204,0.95214,0,0,0.305661,0.974456,0,0,0.224579,0.968714,0.142664,-0.0795867,0.186829,0.95358,-0.0697071,0.291721,-0.0269132,0.396892,0,0,-0.917865,0.27747,0,0,-0.960734,0.530645,0.0392234,0.0664076,0.844078,0.419853,0.0847913,0.000737267,0.903622,0.717871,0.104561,0.14946,0.620708,0.095878,-0.036093,0.667985,0.251882,0.255708,0.725599,0.242875,-0.0358518,0.533621,0.32183,0.235333,0.669329,0.333143,-0.0246532,0.428554,0.334234,0.0553121,0.406657,0.480965,0.102655,0.442012,0.638437,0.186285,0.351634,0.500917,0.357849,0.549168,0.660553,-0.021022,0.338682,0.254353,0.367076,0.569388,0.455418,-0.167411,0.553589,0.787863,0.287123,0.677171,-0.413582,0.0262065,0.677171,-0.413582,0.0262065,-1.0331,0.286787,-0.997642,-0.0674087,-2.69555,-0.172993,0.689224,0.673501,0.504295,0,0,-2.55537,0,0,-0.724888,-6.06922,1.15992,0.00980056,-1.15273,0.81743,-3.23605,0,0,-1.52449,0,0,-1.03103,1.47155,-2.09503,0.500514,-0.952055,0.819908,-0.624063,0.51407,0.440802,0.128972,1,0.94973,0.142895,-0.253484,0.115498,0.250868,-0.540414,0.17221,0.916241,0.417809,-0.0247955,0.472584,-1.07199,0.929014
0.98418,0.0196064,0.00573945,-0.175988,0.98418,0.0196064,0.00573945,-0.175988,0.958877,-0.107856,-0.0747803,-0.251655,0.733951,-0.176923,-0.198831,-0.624884,0.5425,0.595788,-0.214335,-0.552078,0.961808,0,0,0.273724,0.977994,0,0,0.208633,0.979986,0.0357172,-0.0712953,0.182394,0.950502,-0.0797778,0.292428,-0.0683206,0.37976,0,0,-0.925085,0.26247,0,0,-0.96494,0.527225,0.0516416,0.0309827,0.847589,0.44842,0.0684555,0.0127275,0.891107,0.712862,0.0900693,0.185177,0.632254,0.102116,-0.0361353,0.68184,0.256913,0.266562,0.751033,0.24059,-0.033387,0.564166,0.335373,0.229296,0.703966,0.329552,-0.0228196,0.458179,0.340331,0.0544544,0.430617,0.485333,0.104024,0.456493,0.639884,0.196084,0.355573,0.491933,0.363279,0.578594,0.677035,-0.00258089,0.331591,0.243743,0.37375,0.623399,0.483171,-0.160029,0.557855,0.786624,0.309998,0.770323,-0.383149,0.0003902,0.770323,-0.383149,0.0003902,-0.334668,-0.290195,-0.292607,-0.242506,-2.82687,-0.141874,0.57403,0.827191,0.63411,0,0,-2.00219,0,0,-0.979998,-6.49282,0.51915,-0.310864,-0.618873,0.0618402,-2.52799,0,0,-1.11544,0,0,-0.934704,0.894535,-2.5331,0.340343,-1.29488,0.889313,-1.80591,0.53538,0.444055,0.134799,1,0.944589,0.147962,-0.263701,0.12775,0.254019,-0.565672,0.194666,0.888771,0.182913,-0.0257324,0.21731,-0.730361,0.723295
0.984115,0.0321163,0.0020099,-0.17459,0.984115,0.0321163,0.0020099,-0.17459,0.959665,-0.106949,-0.0861811,-0.245311,0.721804,-0.179993,-0.243962,-0.622161,0.5594,0.594618,-0.197026,-0.542846,0.969648,0,0,0.244505,0.980247,0,0,0.197775,0.981685,-0.0524516,-0.0652456,0.171131,0.948488,-0.0972732,0.283359,-0.103037,0.371969,0,0,-0.928245,0.252714,0,0,-0.967541,0.522859,0.0166983,0.0363859,0.851479,0.468618,0.0388132,0.0219647,0.882274,0.711729,0.073957,0.20844,0.643551,0.0995031,-0.0362573,0.698234,0.249887,0.272636,0.774554,0.228154,-0.0291081,0.594919,0.3353,0.222085,0.735415,0.316967,-0.020301,0.486046,0.339223,0.0514322,0.454639,0.482541,0.10351,0.472753,0.633434,0.203151,0.362952,0.475569,0.366689,0.606173,0.683979,0.014349,0.326404,0.226932,0.378453,0.673901,0.50045,-0.148149,0.56371,0.777455,0.329347,0.754618,-0.224958,0.0840884,0.754618,-0.224958,0.0840884,0.0569257,-0.692177,0.389974,-0.257676,-3.05172,-0.0113105,-0.38481,1.33296,0.932856,0,0,-1.81522,0,0,-0.665397,-5.32389,0.36767,-0.686233,-1.07148,-0.54141,-2.12239,0,0,-0.504511,0,0,-0.605787,-2.50329,0.392314,0.393412,-2.22626,0.671001,-1.24497,0.556764,0.438612,0.138805,1,0.940504,0.153361,-0.27223,0.133507,0.261977,-0.585979,0.202577,0.835992,-0.0332465,-0.0906641,0.31652,-0.557737,0.367327
0.984034,0.0414686,0.000838399,-0.173083,0.984034,0.0414686,0.000838399,-0.173083,0.963,-0.102291,-0.0965529,-0.229879,0.710955,-0.183368,-0.288781,-0.61443,0.590548,0.577798,-0.168085,-0.537728,0.976318,0,0,0.216339,0.979854,0,0,0.199714,0.981727,-0.100044,-0.0550629,0.15222,0.944456,-0.121922,0.272982,-0.136451,0.366813,0,0,-0.930295,0.245954,0,0,-0.969281,0.511237,0.00133979,0.0436163,0.858331,0.482888,0.0152459,0.0191185,0.875341,0.717944,0.0646452,0.211106,0.654282,0.100479,-0.0358791,0.718968,0.241894,0.270279,0.796837,0.217392,-0.0239745,0.625868,0.332886,0.215381,0.76569,0.306742,-0.0172759,0.513618,0.342553,0.0469585,0.479373,0.484127,0.101898,0.491091,0.630934,0.208342,0.372798,0.464608,0.368714,0.634152,0.692741,0.0298698,0.322927,0.216641,0.382375,0.722731,0.517866,-0.131983,0.571596,0.772263,0.345735,0.564197,-0.0706633,0.0906263,0.564197,-0.0706633,0.0906263,0.290335,-0.624171,0.954343,-0.274449,-3.05001,0.342149,-1.71656,2.20031,0.852392,0,0,-1.73676,0,0,0.118733,-2.87303,0.614768,-1.14178,-1.51511,-0.610584,-2.0515,0,0,-0.332903,0,0,-0.418807,-1.10283,0.535164,0.802241,-1.74071,-0.218225,-0.915512,0.579073,0.436049,0.141165,1,0.935299,0.160965,-0.284805,0.134876,0.277966,-0.614042,0.197796,0.827179,0.0998911,-0.134211,0.555392,-0.74634,0.127426
0.984067,0.0505582,0.000121963,-0.170459,0.984067,0.0505582,0.000121963,-0.170459,0.967142,-0.0992842,-0.100673,-0.21129,0.701234,-0.190083,-0.327738,-0.603926,0.620339,0.554351,-0.135721,-0.53801,0.982654,0,0,0.185449,0.980472,0,0,0.196657,0.98195,-0.12395,-0.0432304,0.136171,0.940122,-0.140821,0.264568,-0.162306,0.359452,0,0,-0.933164,0.237811,0,0,-0.971312,0.495179,0.00571534,0.0390356,0.867895,0.492008,-0.00432021,0.012719,0.870487,0.724284,0.0583076,0.207748,0.663974,0.102776,-0.0348256,0.738437,0.233988,0.266084,0.816537,0.206785,-0.0177802,0.654028,0.328843,0.210882,0.793178,0.295347,-0.0126583,0.540115,0.34519,0.0435323,0.504622,0.485765,0.100233,0.510959,0.628939,0.21196,0.383033,0.456617,0.369185,0.66321,0.699972,0.0434849,0.318673,0.210416,0.384473,0.770076,0.534848,-0.117817,0.581201,0.767995,0.358508,0.548267,-0.0432165,0.15841,0.548267,-0.0432165,0.15841,0.191129,-0.241717,1.1473,-0.494504,-2.6745,0.547681,-2.10602,2.3744,0.435394,0,0,-1.89208,0,0,-0.187151,-1.4426,0.714505,-0.969485,-1.16822,-0.490322,-1.59538,0,0,-0.474022,0,0,-0.503584,0.318802,-0.310959,1.12983,-1.42898,-0.471512,-0.609337,0.600935,0.433552,0.143088,1,0.930742,0.163848,-0.299667,0.130664,0.287476,-0.644305,0.182405,0.794897,0.0791193,-0.102787,0.398078,-0.84793,-0.293788
0.984264,0.0585805,-8.72972e-05,-0.166713,0.984264,0.0585805,-8.72972e-05,-0.166713,0.971528,-0.0993136,-0.0991486,-0.190894,0.692221,-0.200024,-0.362606,-0.591048,0.645613,0.530035,-0.105321,-0.539587,0.987772,0,0,0.155906,0.98345,0,0,0.181179,0.97992,-0.148092,-0.0329807,0.129376,0.935729,-0.161101,0.257202,-0.179736,0.352478,0,0,-0.93582,0.229458,0,0,-0.973318,0.479431,-0.00499723,0.0399493,0.876656,0.499897,-0.023469,0.00375857,0.865759,0.728077,0.0509627,0.205616,0.673272,0.102718,-0.0341664,0.753594,0.224431,0.26299,0.834188,0.19334,-0.0115827,0.678315,0.322023,0.20604,0.818133,0.280333,-0.00813509,0.565672,0.344092,0.0391825,0.530259,0.484016,0.0976028,0.532067,0.623676,0.213906,0.393229,0.447252,0.367742,0.693338,0.702019,0.055713,0.313857,0.204177,0.384451,0.815901,0.547932,-0.106555,0.592503,0.760585,0.36797,0.483675,-0.0126224,0.22661,0.483675,-0.0126224,0.22661,0.00714704,0.101389,1.2545,-0.7109,-2.41398,0.72164,-2.04739,2.17035,0.268204,0,0,-1.79901,0,0,-0.945711,-1.4634,0.617344,-0.404853,-1.25658,-0.427276,-1.08382,0,0,-0.447748,0,0,-0.515399,-0.781379,0.0866062,1.07956,-1.38826,-0.653316,-0.561198,0.622013,0.427992,0.144012,1,0.925995,0.165917,-0.316864,0.120836,0.300626,-0.677603,0.152879,0.766711,-0.0329482,-0.130494,0.473746,-0.932967,-0.643512
0.98437,0.0681966,0.00176308,-0.162364,0.98437,0.0681966,0.00176308,-0.162364,0.976102,-0.100157,-0.0948732,-0.167906,0.685349,-0.202966,-0.40079,-0.573122,0.666858,0.508888,-0.0810292,-0.5383,0.993878,0,0,0.11048,0.985988,0,0,0.166814,0.977313,-0.164422,-0.0265327,0.130843,0.933118,-0.174835,0.251374,-0.188505,0.344819,0,0,-0.938669,0.22018,0,0,-0.975459,0.467018,-0.0181717,0.0403477,0.88314,0.509936,-0.0361703,-0.00256195,0.859448,0.729854,0.0507636,0.204251,0.682107,0.107736,-0.0342262,0.764785,0.221699,0.261413,0.849717,0.185252,-0.00572769,0.698354,0.320558,0.202608,0.840074,0.26964,-0.00341462,0.589787,0.346807,0.0351012,0.556083,0.486685,0.0946752,0.554504,0.623109,0.214792,0.405063,0.443834,0.365251,0.723669,0.706847,0.0668776,0.307068,0.205866,0.380782,0.858895,0.561932,-0.09481,0.605736,0.758181,0.374928,0.579868,0.111605,0.262639,0.579868,0.111605,0.262639,-0.0417377,0.26785,1.40825,-0.233754,-2.63165,1.09837,-1.73594,1.70498,0.3969,0,0,-2.75032,0,0,-0.875292,-0.995149,0.388085,0.0955776,-0.851791,-0.343532,-0.548093,0,0,-0.490272,0,0,-0.571358,-0.971843,0.0454661,0.831559,-0.910117,-0.457777,-0.729382,0.642151,0.427213,0.144621,1,0.922068,0.163693,-0.33444,0.105566,0.309696,-0.709315,0.112501,0.723461,0.0814611,-0.122439,0.333325,-0.915355,-1.03729
0.98405,0.0807094,0.00401612,-0.158481,0.98405,0.0807094,0.00401612,-0.158481,0.980746,-0.103115,-0.0888915,-0.14001,0.679569,-0.22275,-0.418346,-0.55996,0.684713,0.489003,-0.0584204,-0.537244,0.997476,0,0,0.0710109,0.985988,0,0,0.166816,0.976823,-0.162749,-0.0191482,0.137707,0.934278,-0.173428,0.250021,-0.185841,0.338252,0,0,-0.941056,0.209269,0,0,-0.977858,0.454713,-0.0244691,0.0412807,0.889344,0.521289,-0.0425663,-0.00535265,0.852301,0.729621,0.0533965,0.203411,0.688997,0.113896,-0.03398,0.77208,0.221497,0.26106,0.861471,0.179374,0.000848972,0.712655,0.320992,0.201483,0.8568,0.259998,0.00288724,0.609971,0.349938,0.0328524,0.580662,0.490803,0.0922986,0.577566,0.624467,0.215366,0.417016,0.444233,0.361987,0.75546,0.710587,0.07804,0.303755,0.211963,0.375186,0.90029,0.570613,-0.0796336,0.620604,0.758006,0.380302,0.755225,0.135917,0.23323,0.755225,0.135917,0.23323,-0.169168,0.370192,1.70042,-1.36359,-1.24365,0.799345,-1.57779,1.55827,0.325907,0,0,-2.37814,0,0,0.000162848,0.0995123,0.446259,0.416381,0.0906039,-0.0891105,0.168096,0,0,-0.419254,0,0,-0.670263,-0.473505,0.0854404,0.817697,-0.447007,-0.199708,-0.817359,0.660382,0.427928,0.145884,1,0.919377,0.152396,-0.353134,0.0825739,0.305283,-0.740279,0.0599051,0.60551,0.0939357,-0.0674628,-0.0187712,-0.934118,-1.66552
0.983357,0.093566,0.00693301,-0.155586,0.983357,0.093566,0.00693301,-0.155586,0.985688,-0.0979647,-0.076106,-0.114152,0.671415,-0.265888,-0.4048,-0.56093,0.706145,0.460385,-0.0282676,-0.53722,0.998239,0,0,0.059314,0.984065,0,0,0.177808,0.978101,-0.147229,-0.00919076,0.146828,0.937334,-0.161929,0.252818,-0.176824,0.333875,0,0,-0.942617,0.197785,0,0,-0.980246,0.445293,-0.0277789,0.0436436,0.893889,0.527424,-0.0505972,-0.00823926,0.848054,0.727739,0.0553997,0.203877,0.692864,0.118165,-0.0320534,0.776432,0.220944,0.261872,0.868601,0.172021,0.00861965,0.722146,0.321067,0.202097,0.867945,0.248373,0.0106245,0.625792,0.35127,0.0325152,0.603248,0.493862,0.0904936,0.600835,0.625954,0.215084,0.429844,0.447477,0.358308,0.787878,0.710553,0.0871098,0.308981,0.218878,0.37202,0.940162,0.571394,-0.0632913,0.637287,0.75811,0.383764,0.776838,0.176048,0.172436,0.776838,0.176048,0.172436,0.320841,0.779711,1.57299,-2.96338,0.824959,-0.186678,-2.18075,2.04283,0.301396,0,0,-0.703311,0,0,0.669549,0.942344,0.602346,0.547669,0.715907,0.15529,0.564567,0,0,-0.278847,0,0,-0.703818,-0.253725,0.188621,0.617522,-0.567734,-0.205948,-0.465732,0.67666,0.427702,0.147678,1,0.917112,0.133042,-0.371825,0.0543356,0.287713,-0.770463,0.00101268,0.474617,0.0399458,-0.0101185,-0.356082,-0.916957,-2.128
0.982593,0.102764,0.0127649,-0.154234,0.982593,0.102764,0.0127649,-0.154234,0.99019,-0.0880382,-0.0666106,-0.085653,0.664084,-0.305711,-0.378485,-0.5677,0.731789,0.427691,0.00445038,-0.530609,0.998707,0,0,0.0508314,0.981875,0,0,0.189531,0.979667,-0.128278,0.00188463,0.154255,0.939403,-0.1553,0.256277,-0.16651,0.334031,0,0,-0.942562,0.19042,0,0,-0.981703,0.437894,-0.0311389,0.048921,0.897155,0.525388,-0.0672105,-0.0207829,0.847949,0.725284,0.0554007,0.204418,0.6936,0.119838,-0.0279974,0.779087,0.218683,0.262687,0.871101,0.16312,0.0170685,0.728518,0.32065,0.202642,0.874155,0.236605,0.0183705,0.637832,0.352439,0.0325538,0.623099,0.496527,0.0890254,0.623897,0.627897,0.214213,0.445581,0.452939,0.355193,0.818957,0.707323,0.0931162,0.319463,0.227014,0.368147,0.976691,0.565595,-0.0480291,0.656469,0.759908,0.384841,0.55654,0.352066,0.0791827,0.55654,0.352066,0.0791827,0.606452,0.578516,1.72591,-2.75102,1.70412,-0.568754,-2.45901,2.17833,0.787305,0,0,-0.50973,0,0,0.715566,1.14951,0.669357,0.444029,0.413035,0.200814,0.639304,0,0,0.00991735,0,0,-0.450426,-0.257529,0.40449,0.466341,-1.19534,-0.900639,0.0456065,0.691097,0.427062,0.149237,1,0.913839,0.113239,-0.389151,0.0252369,0.272054,-0.79943,-0.060298,0.361219,0.0350669,0.0011599,-0.358023,-0.858938,-2.17121
0.982167,0.107939,0.0171095,-0.152988,0.982167,0.107939,0.0171095,-0.152988,0.993919,-0.0762146,-0.0532349,-0.0590044,0.663189,-0.33818,-0.340224,-0.57451,0.757178,0.398168,0.0337623,-0.516724,0.998706,0,0,0.050861,0.979885,0,0,0.199562,0.981737,-0.107155,0.0114092,0.156781,0.942096,-0.152653,0.255719,-0.154142,0.341077,0,0,-0.940035,0.191254,0,0,-0.981541,0.431412,-0.0329785,0.0563658,0.899788,0.517394,-0.0887249,-0.0420629,0.850095,0.722628,0.0537751,0.20428,0.69086,0.119299,-0.0231342,0.780648,0.214892,0.263114,0.868601,0.155197,0.0253216,0.732313,0.321237,0.202958,0.87511,0.228788,0.0254883,0.645912,0.356672,0.0326195,0.639834,0.501746,0.0879967,0.645909,0.632905,0.213166,0.46245,0.463088,0.351494,0.849325,0.702747,0.0982309,0.335329,0.237586,0.361718,1.01038,0.554626,-0.0311894,0.677481,0.765516,0.384316,0.313271,0.262349,0.0738497,0.313271,0.262349,0.0738497,0.717468,0.809174,1.6086,-2.20868,2.58492,-0.475357,-2.20046,1.9137,1.24303,0,0,0.00177594,0,0,0.613578,1.28055,0.574897,0.146003,0.170698,-0.0485917,0.766188,0,0,0.449151,0,0,0.0509522,-0.144458,0.567656,0.394397,-1.5658,-1.53745,0.364189,0.703426,0.428399,0.150527,1,0.910752,0.0950884,-0.401831,-0.00461373,0.262279,-0.819874,-0.124639,0.242404,0.127018,0.00197142,-0.258094,-0.592139,-2.14249
0.982943,0.106071,0.0208188,-0.148789,0.982943,0.106071,0.0208188,-0.148789,0.99627,-0.058344,-0.0466413,-0.0432124,0.675965,-0.340042,-0.309474,-0.575907,0.777659,0.381319,0.0517399,-0.497157,0.997662,0,0,0.0683409,0.975466,0,0,0.220149,0.983458,-0.0916525,0.0177776,0.155222,0.946699,-0.153215,0.243963,-0.144112,0.354397,0,0,-0.935095,0.201762,0,0,-0.979435,0.426219,-0.0309592,0.0653335,0.901727,0.50664,-0.102178,-0.0636045,0.853715,0.721069,0.0519809,0.202508,0.686078,0.118285,-0.0208683,0.782486,0.211187,0.261927,0.862463,0.150339,0.0321275,0.735388,0.324259,0.201663,0.87252,0.227591,0.0315096,0.651614,0.365882,0.0317039,0.653678,0.51125,0.08698,0.666392,0.643316,0.210914,0.481373,0.480171,0.347531,0.876378,0.7005,0.0995896,0.358854,0.252327,0.354768,1.03754,0.541237,-0.013161,0.70004,0.777373,0.381091,-0.114436,0.22356,0.255823,-0.114436,0.22356,0.255823,1.07717,0.398618,0.951488,-0.0103297,2.19032,0.101613,-1.29196,1.14961,1.52745,0,0,1.05067,0,0,1.26338,0.939035,0.383827,-0.0995332,-0.0196053,-0.742816,0.627573,0,0,0.852388,0,0,0.643002,0.145556,0.682415,0.305025,-1.00304,-1.5725,0.547406,0.714218,0.433816,0.150639,1,0.908267,0.0845931,-0.408468,-0.0323802,0.269535,-0.827907,-0.19027,0.171046,0.276286,-0.0274681,0.108279,-0.261241,-1.80917
0.984358,0.0984091,0.0233561,-0.144258,0.984358,0.0984091,0.0233561,-0.144258,0.997575,-0.0415245,-0.0489425,-0.0269281,0.691547,-0.336438,-0.274063,-0.577461,0.796896,0.368809,0.0633074,-0.474267,0.995841,0,0,0.0911075,0.968261,0,0,0.249941,0.985616,-0.0801492,0.022111,0.147131,0.953281,-0.145256,0.223822,-0.141633,0.373867,0,0,-0.927482,0.222323,0,0,-0.974973,0.421998,-0.0227515,0.0766162,0.903067,0.498628,-0.0933475,-0.0705843,0.85888,0.721357,0.0526071,0.199135,0.680956,0.11902,-0.0243714,0.785206,0.21016,0.259355,0.854419,0.150954,0.0354147,0.738339,0.332433,0.199462,0.867829,0.235689,0.0360562,0.655695,0.383052,0.0304182,0.665029,0.528165,0.0862671,0.685776,0.661408,0.20823,0.502167,0.505962,0.345082,0.900124,0.703693,0.0982642,0.386857,0.274846,0.349844,1.05774,0.531419,0.00555809,0.724344,0.798165,0.375583,-0.46516,0.152439,0.277519,-0.46516,0.152439,0.277519,1.01151,-0.136959,0.978976,0.381069,2.50112,0.132,-0.981498,0.721397,1.70362,0,0,1.37039,0,0,1.83911,0.697532,0.260485,-0.494617,0.506132,-1.26106,0.17085,0,0,1.25434,0,0,1.26243,0.612122,0.857093,0.231441,0.615243,-0.522774,0.590672,0.723993,0.44609,0.149879,1,0.906648,0.0804987,-0.410318,-0.0561153,0.28711,-0.825656,-0.250084,0.122445,0.51509,-0.0385722,0.363236,-0.012102,-1.40649
0.985759,0.0896833,0.0253236,-0.139978,0.985759,0.0896833,0.0253236,-0.139978,0.997824,-0.0339988,-0.0560697,-0.00690226,0.705823,-0.332913,-0.238421,-0.578047,0.818045,0.35193,0.0675577,-0.44987,0.993329,0,0,0.115312,0.958823,0,0,0.284005,0.988431,-0.0678637,0.0251338,0.133289,0.959836,-0.129275,0.202442,-0.144986,0.398824,0,0,-0.917027,0.25047,0,0,-0.968124,0.418874,-0.00927827,0.0890381,0.903621,0.49017,-0.0666014,-0.0692861,0.866313,0.722875,0.0537266,0.19498,0.675757,0.119837,-0.031555,0.788,0.21002,0.256272,0.845265,0.154055,0.0353144,0.740576,0.343733,0.197443,0.861855,0.249136,0.0391286,0.658771,0.405353,0.0295454,0.674819,0.54985,0.0861028,0.703854,0.683836,0.205934,0.523143,0.535787,0.343802,0.91968,0.710155,0.0970553,0.415792,0.301545,0.346367,1.07037,0.525198,0.0264709,0.749007,0.824168,0.368794,-0.528842,0.117955,0.26212,-0.528842,0.117955,0.26212,0.452075,-0.427698,1.20256,0.3597,2.47803,0.174912,-1.2624,0.240227,1.79541,0,0,1.4601,0,0,2.12093,0.744546,0.180812,-0.842093,0.991616,-1.33066,-0.184718,0,0,1.62359,0,0,1.73817,1.01119,0.942798,0.138944,1.92372,0.0755882,0.772757,0.732637,0.462341,0.148938,1,0.905558,0.0784232,-0.409652,-0.0774565,0.305289,-0.817998,-0.303819,0.0922777,0.669051,-0.0261843,0.420034,0.119473,-1.21258
0.986774,0.0827548,0.027039,-0.136741,0.986774,0.0827548,0.027039,-0.136741,0.99657,-0.0363483,-0.0733999,0.0117905,0.718649,-0.327399,-0.208542,-0.576944,0.83611,0.338797,0.0602258,-0.427212,0.991146,0,0,0.132777,0.948419,0,0,0.317018,0.991875,-0.0517197,0.0279209,0.112822,0.96436,-0.112452,0.184422,-0.152819,0.428933,0,0,-0.903337,0.284655,0,0,-0.95863,0.416602,0.0082481,0.100695,0.903458,0.477651,-0.0403455,-0.0735582,0.874535,0.724915,0.0532218,0.191091,0.669186,0.118637,-0.0377468,0.790165,0.208798,0.253445,0.834567,0.156684,0.0342648,0.741565,0.355992,0.196434,0.854672,0.264288,0.0416942,0.660871,0.429877,0.0296868,0.683201,0.573707,0.086273,0.720043,0.708046,0.203832,0.542404,0.56682,0.342813,0.93471,0.718597,0.0966415,0.440883,0.330591,0.343112,1.07496,0.522252,0.048131,0.772952,0.85178,0.361263,-0.41939,0.102858,0.197948,-0.41939,0.102858,0.197948,-0.141987,-1.04241,1.12268,0.475303,2.06079,0.263252,-0.980974,-0.493846,1.62679,0,0,1.05608,0,0,2.07693,0.975986,0.165931,-1.24062,1.03359,-1.11312,-0.462085,0,0,1.98458,0,0,2.12883,1.31922,0.884904,0.0587444,1.89687,-0.340911,0.951406,0.739617,0.479978,0.148255,1,0.90487,0.0740927,-0.407986,-0.0962734,0.313415,-0.809702,-0.347201,0.0629936,0.735694,0.00424238,0.238207,0.182277,-1.12425
0.987449,0.0773234,0.0276963,-0.134901,0.987449,0.0773234,0.0276963,-0.134901,0.992879,-0.0467609,-0.105289,0.0303125,0.731393,-0.319286,-0.187412,-0.572712,0.851956,0.326905,0.046704,-0.406353,0.990261,0,0,0.139226,0.938018,0,0,0.346588,0.995261,-0.0338526,0.0291009,0.0863835,0.966506,-0.0974137,0.171252,-0.164465,0.4629,0,0,-0.886411,0.323704,0,0,-0.946158,0.41526,0.0272668,0.110665,0.902535,0.46527,-0.0244099,-0.077309,0.881448,0.727133,0.0518748,0.187848,0.661909,0.115941,-0.0426191,0.791611,0.207321,0.25099,0.82353,0.159515,0.0323051,0.741719,0.369465,0.196377,0.847424,0.281436,0.0432055,0.662524,0.456417,0.0307606,0.690602,0.59965,0.0865993,0.734775,0.734103,0.20167,0.559989,0.599432,0.342585,0.9464,0.729526,0.0968064,0.460822,0.362453,0.342058,1.07421,0.524132,0.0695896,0.796411,0.880956,0.352671,-0.328387,0.0392347,0.112744,-0.328387,0.0392347,0.112744,-0.628934,-1.92334,1.11484,0.641375,1.46243,0.465631,-0.873227,-0.875604,1.47138,0,0,0.390565,0,0,1.88081,1.07724,0.0690117,-1.5965,0.917482,-0.807265,-0.699939,0,0,2.27719,0,0,2.45971,1.43361,0.756029,-0.0275666,1.1577,-0.306028,0.862436,0.745463,0.499229,0.14773,1,0.905079,0.0675831,-0.404674,-0.111821,0.31048,-0.800077,-0.378005,0.0495858,0.796212,0.0322144,0.0453633,0.291649,-0.987564
0.988078,0.0720613,0.0277087,-0.133196,0.988078,0.0720613,0.0277087,-0.133196,0.986919,-0.0575508,-0.143386,0.0460447,0.742727,-0.311777,-0.173155,-0.566717,0.864064,0.321697,0.0267759,-0.386248,0.988855,0,0,0.148879,0.930109,0,0,0.367284,0.997939,-0.0156694,0.0279805,0.0555732,0.966225,-0.0845336,0.163518,-0.180347,0.499505,0,0,-0.866311,0.366315,0,0,-0.930491,0.415505,0.0440747,0.119132,0.900678,0.453545,-0.0127202,-0.0807697,0.887475,0.729341,0.0540366,0.185374,0.654433,0.116328,-0.0464674,0.792096,0.209954,0.249161,0.812825,0.166481,0.0291163,0.74117,0.387996,0.197345,0.840803,0.304019,0.04352,0.664259,0.488452,0.0328355,0.697448,0.631266,0.0872037,0.748424,0.76616,0.199082,0.576524,0.638273,0.343824,0.955599,0.747287,0.0971951,0.479624,0.400763,0.346498,1.06978,0.534703,0.0903583,0.818899,0.91591,0.342833,-0.31797,0.000393482,0.104402,-0.31797,0.000393482,0.104402,-0.655851,-2.30847,0.951711,0.584237,0.990415,0.556676,-0.416472,-1.26572,1.37482,0,0,0.585268,0,0,1.3294,1.09356,-0.0688288,-1.85453,0.78106,-0.468344,-0.964712,0,0,2.50578,0,0,2.72424,1.26625,0.637055,-0.147545,0.856266,-0.286241,0.787769,0.750657,0.524005,0.147385,1,0.905971,0.059982,-0.400222,-0.12426,0.300183,-0.789886,-0.398523,0.0520561,0.961061,0.0622473,-0.0844947,0.364867,-0.836061
0.988708,0.0657511,0.0262245,-0.132081,0.988708,0.0657511,0.0262245,-0.132081,0.980168,-0.0661865,-0.176752,0.0603979,0.751857,-0.307126,-0.16041,-0.560939,0.872928,0.318435,0.00616452,-0.369538,0.986086,0,0,0.166238,0.926432,0,0,0.376462,0.999465,4.07036e-06,0.0250718,0.0210199,0.962931,-0.0771841,0.161377,-0.2019,0.537158,0,0,-0.843481,0.411153,0,0,-0.911566,0.417745,0.055068,0.125572,0.898158,0.441246,-0.0033134,-0.0833628,0.893499,0.731663,0.0578311,0.183706,0.647464,0.118218,-0.0492757,0.791915,0.214735,0.247981,0.80316,0.175116,0.0249888,0.740798,0.408975,0.198859,0.836021,0.328976,0.0427249,0.667344,0.523074,0.0353945,0.704511,0.665728,0.0878438,0.76136,0.801455,0.195997,0.591549,0.681201,0.344896,0.963532,0.769118,0.0978675,0.497923,0.443278,0.353202,1.06406,0.550964,0.108937,0.839757,0.954052,0.332019,-0.380957,-0.0897409,0.0688701,-0.380957,-0.0897409,0.0688701,-0.529467,-2.03493,0.873231,0.375352,0.874255,0.506942,-0.268042,-1.29717,1.12368,0,0,1.05472,0,0,0.593246,0.941057,-0.17541,-2.07527,0.440773,-0.119019,-1.32166,0,0,2.64225,0,0,2.92035,0.824072,0.475516,-0.259558,0.695291,-0.226366,0.814035,0.755877,0.551653,0.146921,1,0.906749,0.0527016,-0.396838,-0.132472,0.287224,-0.783413,-0.409458,0.0925384,1.03867,0.076771,-0.176109,0.2865,-0.603277
0.989384,0.0601463,0.0248516,-0.129941,0.989384,0.0601463,0.0248516,-0.129941,0.974792,-0.0755688,-0.197607,0.0708657,0.759523,-0.303058,-0.15041,-0.55557,0.876133,0.319451,-0.0189211,-0.360533,0.982821,0,0,0.184562,0.926282,0,0,0.376831,0.99958,0.0129927,0.0197571,-0.0167825,0.956997,-0.0748255,0.163603,-0.227579,0.575993,0,0,-0.817454,0.458173,0,0,-0.888863,0.422218,0.0609763,0.125877,0.895639,0.432296,0.00390698,-0.0827962,0.897914,0.73321,0.0595613,0.183326,0.640961,0.117833,-0.051379,0.790545,0.217986,0.247486,0.794365,0.181983,0.0201625,0.740479,0.428807,0.200557,0.832927,0.352869,0.0408753,0.67203,0.556694,0.038009,0.712036,0.699487,0.0882467,0.773097,0.836694,0.192355,0.605649,0.723203,0.345418,0.968927,0.793487,0.0975907,0.516818,0.484693,0.360743,1.05523,0.570496,0.122676,0.85767,0.992393,0.320464,-0.338383,-0.0830202,0.130632,-0.338383,-0.0830202,0.130632,-0.574969,-1.28131,0.640011,0.323742,0.683507,0.456636,0.0409661,-1.57097,0.59003,0,0,1.11679,0,0,0.0239004,0.779426,-0.318983,-2.26851,0.134115,0.15533,-1.58797,0,0,2.80525,0,0,3.13324,0.435324,0.00349986,-0.327855,0.538888,0.0170965,0.600957,0.760881,0.578705,0.146068,1,0.907342,0.0456727,-0.394605,-0.13759,0.272788,-0.780333,-0.413754,0.140588,1.00859,0.0784349,-0.244685,0.207626,-0.434036
0.990324,0.0531406,0.0235133,-0.12602,0.990324,0.0531406,0.0235133,-0.12602,0.974873,-0.0819276,-0.191556,0.0788521,0.765693,-0.295812,-0.144699,-0.552514,0.873857,0.323249,-0.0450584,-0.360353,0.980428,0,0,0.196878,0.926099,0,0,0.37728,0.998151,0.0199713,0.0122974,-0.05607,0.949492,-0.0783255,0.166324,-0.254297,0.615632,0,0,-0.788033,0.506413,0,0,-0.862291,0.428744,0.0602069,0.122144,0.893104,0.43595,0.0076182,-0.0806915,0.896314,0.734053,0.0592659,0.183605,0.636351,0.115467,-0.0533611,0.788285,0.219736,0.246692,0.787614,0.18821,0.0151448,0.740746,0.447345,0.201081,0.83201,0.376638,0.0381568,0.678677,0.589224,0.0399077,0.720301,0.732385,0.0881922,0.784237,0.87182,0.187805,0.619029,0.765146,0.345074,0.972788,0.819938,0.0948844,0.533577,0.526696,0.368281,1.04471,0.593488,0.131317,0.87275,1.03154,0.307638,-0.422839,-0.0810289,0.238486,-0.422839,-0.0810289,0.238486,-0.384631,0.366477,0.483122,0.517996,0.394957,0.283069,0.254074,-1.63865,-0.00690533,0,0,0.752798,0,0,0.0290853,0.419349,-0.447296,-2.35918,-0.22527,0.191559,-1.66611,0,0,2.96216,0,0,3.30484,-0.0712751,-0.307746,-0.390329,0.276555,0.167391,-0.230914,0.766098,0.605375,0.144335,1,0.90754,0.0417214,-0.393732,-0.14002,0.264583,-0.779567,-0.415378,0.199403,0.975886,0.0569601,-0.150911,0.0915175,-0.221819
0.99124,0.0451131,0.0225811,-0.122059,0.99124,0.0451131,0.0225811,-0.122059,0.978739,-0.0850302,-0.163804,0.0894836,0.771653,-0.287314,-0.141466,-0.549536,0.869921,0.32603,-0.06995,-0.363385,0.97843,0,0,0.206579,0.927898,0,0,0.372835,0.995003,0.0197416,0.00451071,-0.0977693,0.941299,-0.0867837,0.168692,-0.279226,0.655819,0,0,-0.754918,0.552851,0,0,-0.83328,0.436653,0.0538142,0.119571,0.890023,0.454544,0.000332639,-0.0748747,0.887572,0.734687,0.0578588,0.18412,0.636113,0.113281,-0.0539363,0.786124,0.220785,0.244771,0.785075,0.196345,0.0113412,0.742498,0.465294,0.199801,0.834198,0.402033,0.0351441,0.687133,0.621418,0.041179,0.729165,0.76517,0.087784,0.795059,0.907078,0.182821,0.632972,0.806283,0.344607,0.976078,0.848602,0.0907153,0.551444,0.567976,0.376236,1.0353,0.619552,0.135772,0.885383,1.07155,0.294104,-0.484043,-0.0565342,0.2407,-0.484043,-0.0565342,0.2407,-0.181029,1.69214,0.636238,0.595569,0.231222,0.273783,0.202773,-1.56576,-0.221798,0,0,0.594291,0,0,-0.28775,-0.0125467,-0.467202,-2.50968,-0.531079,0.173423,-1.56924,0,0,3.12474,0,0,3.28572,-0.493254,-0.224854,-0.470187,-0.54407,0.480936,-1.20639,0.772239,0.632341,0.142022,1,0.908007,0.0406865,-0.393157,-0.138909,0.260287,-0.77915,-0.410978,0.25369,0.965826,0.0381399,-0.0789421,0.0482642,0.0414409
0.991809,0.0371064,0.021988,-0.120229,0.991809,0.0371064,0.021988,-0.120229,0.983011,-0.0845744,-0.127019,0.101998,0.777555,-0.277509,-0.141258,-0.5463,0.867449,0.32141,-0.0898105,-0.369,0.976551,0,0,0.215285,0.93335,0,0,0.358967,0.98936,0.0146667,-0.00497836,-0.14466,0.93462,-0.0951616,0.171173,-0.296867,0.695775,0,0,-0.71826,0.589159,0,0,-0.808017,0.445421,0.0454591,0.11911,0.886198,0.512408,0.000816054,-0.0745804,0.855497,0.735747,0.0560907,0.184864,0.644106,0.115495,-0.0506787,0.784788,0.221692,0.241966,0.792611,0.211001,0.0107191,0.746312,0.482926,0.197461,0.842334,0.43112,0.033087,0.697415,0.653517,0.0421676,0.738523,0.798252,0.0868081,0.805679,0.942679,0.17725,0.647922,0.846373,0.344074,0.979166,0.879698,0.084418,0.571185,0.608289,0.384318,1.02926,0.647905,0.133841,0.896204,1.11198,0.280345,-0.482236,-0.0359415,0.11148,-0.482236,-0.0359415,0.11148,0.0348801,2.23387,0.747357,0.677237,0.0337188,0.288508,-0.272136,-1.2511,-0.372648,0,0,0.534348,0,0,-0.894093,-0.303337,-0.57086,-2.83456,-0.526115,0.175863,-1.12137,0,0,3.25386,0,0,2.65415,-0.636943,-0.0696641,-0.547437,0.0342644,0.160751,-3.96834,0.780274,0.660302,0.139422,1,0.909984,0.0406387,-0.390931,-0.132102,0.251079,-0.77644,-0.391462,0.308462,0.962962,0.0296577,-0.149445,0.1517,0.391608
0.992402,0.0299657,0.0212327,-0.117429,0.992402,0.0299657,0.0212327,-0.117429,0.985839,-0.0820171,-0.0874665,0.117238,0.780842,-0.271139,-0.139801,-0.545184,0.865529,0.310889,-0.104046,-0.378658,0.975556,0,0,0.21975,0.938675,0,0,0.344803,0.981584,0.00810001,-0.017566,-0.190051,0.932715,-0.0977605,0.168656,-0.303383,0.734854,0,0,-0.678225,0.614788,0,0,-0.788693,0.4557,0.0379689,0.121995,0.880916,0.584958,0.00528272,-0.0682636,0.808169,0.736938,0.0547432,0.18517,0.660216,0.123466,-0.0479377,0.783618,0.223362,0.237531,0.808141,0.231808,0.0109599,0.75067,0.500722,0.193192,0.853722,0.463138,0.0309961,0.707861,0.685063,0.04202,0.747846,0.830762,0.0848326,0.815908,0.977772,0.17052,0.663828,0.884825,0.34291,0.981891,0.91218,0.0747944,0.592083,0.646868,0.390777,1.02636,0.67816,0.125815,0.90507,1.15221,0.265232,-0.429972,-0.0456961,0.169862,-0.429972,-0.0456961,0.169862,0.159009,2.39169,0.912915,0.434835,0.10558,0.115618,-0.647426,-0.898453,-0.622726,0,0,0.274494,0,0,-0.907879,-0.394129,-0.760713,-2.76307,-0.163355,-0.147579,-0.411888,0,0,3.35721,0,0,1.92598,-0.569764,0.172643,-0.694625,0.310796,0.604803,-5.17894,0.789277,0.688836,0.135619,1,0.913844,0.0421481,-0.38404,-0.125,0.241857,-0.763382,-0.369356,0.313381,0.946408,-0.00443016,-0.0389819,0.437488,0.470599
0.993043,0.0256077,0.0219637,-0.112816,0.993043,0.0256077,0.0219637,-0.112816,0.986578,-0.0806036,-0.0513659,0.132398,0.780488,-0.26653,-0.138506,-0.548285,0.863308,0.299888,-0.116908,-0.388716,0.974336,0,0,0.2251,0.944869,0,0,0.32745,0.972015,0.00299051,-0.0289384,-0.233109,0.933202,-0.0948287,0.164606,-0.305035,0.77243,0,0,-0.635099,0.639629,0,0,-0.768683,0.467709,0.034403,0.129225,0.873708,0.619078,0.00204412,-0.0647511,0.782653,0.738119,0.0543979,0.185252,0.683881,0.131774,-0.0449252,0.782533,0.226262,0.231696,0.826882,0.252631,0.0106246,0.755059,0.518915,0.187388,0.865346,0.495157,0.0281427,0.717904,0.71568,0.0411849,0.757106,0.862301,0.0819,0.825489,1.01212,0.162582,0.680155,0.921165,0.340643,0.984063,0.945992,0.0628345,0.614293,0.683197,0.394834,1.02582,0.709812,0.113833,0.911822,1.19183,0.248782,-0.262477,0.0436892,0.278959,-0.262477,0.0436892,0.278959,0.0864176,2.17708,0.911948,0.296427,0.0827432,-0.205642,-0.676433,-0.814118,-0.6514,0,0,0.329218,0,0,-1.10555,-0.307883,-0.692203,-2.64489,0.180939,-0.250308,-0.0982842,0,0,3.43244,0,0,1.91395,-0.277442,0.483796,-0.879118,-0.228624,0.308757,-2.54652,0.798438,0.717026,0.130642,1,0.918856,0.0421948,-0.373637,-0.119665,0.228717,-0.743051,-0.34845,0.30129,0.918503,-0.0250529,-0.0550163,0.672086,0.357511
0.993575,0.0232609,0.0251145,-0.107873,0.993575,0.0232609,0.0251145,-0.107873,0.985841,-0.0765879,-0.0251837,0.14703,0.776925,-0.260579,-0.140335,-0.555691,0.859876,0.2921,-0.129515,-0.398141,0.971747,0,0,0.236025,0.950969,0,0,0.309287,0.960276,-0.00108032,-0.039373,-0.276257,0.932917,-0.0862693,0.158375,-0.311674,0.807944,0,0,-0.589259,0.673069,0,0,-0.73958,0.481311,0.036397,0.139157,0.864668,0.599466,-0.00986469,-0.0841973,0.795898,0.739433,0.0548571,0.185333,0.714839,0.134669,-0.0427468,0.781844,0.229975,0.224874,0.8462,0.267962,0.0071965,0.760004,0.53695,0.180587,0.875516,0.524826,0.0234535,0.727911,0.745085,0.0398906,0.766442,0.892697,0.0779499,0.834959,1.04543,0.153114,0.698257,0.955273,0.337728,0.985493,0.980551,0.0472219,0.639602,0.717507,0.397678,1.02712,0.742375,0.0965902,0.917431,1.2302,0.231053,-0.141381,0.189218,0.298403,-0.141381,0.189218,0.298403,0.240885,1.57763,0.884047,0.363317,-0.130561,-0.527793,-0.467337,-0.802837,-0.623434,0,0,0.673703,0,0,-1.1496,-0.246815,-0.641486,-2.68,0.524796,-0.381463,-0.409334,0,0,3.47975,0,0,2.66006,0.130646,0.669367,-1.04757,-0.827272,-1.38865,1.35563,0.807815,0.743934,0.124225,1,0.925406,0.0403943,-0.359094,-0.114207,0.209102,-0.714698,-0.323904,0.300213,0.882152,-0.0388275,-0.133798,0.947737,0.344396
0.994067,0.0221767,0.0295434,-0.102301,0.994067,0.0221767,0.0295434,-0.102301,0.984395,-0.0710996,-0.0112261,0.160576,0.77126,-0.25506,-0.142853,-0.565416,0.856408,0.285989,-0.139061,-0.406739,0.969251,0,0,0.246076,0.957455,0,0,0.288583,0.946842,-0.00563328,-0.0461682,-0.318319,0.930698,-0.0711351,0.15057,-0.325683,0.840791,0,0,-0.541361,0.720721,0,0,-0.693225,0.495257,0.0431963,0.153803,0.853931,0.549941,-0.0703119,-0.12373,0.82299,0.740963,0.0563709,0.185286,0.754713,0.128026,-0.0457886,0.781493,0.234555,0.217051,0.866647,0.27457,-0.000736625,0.76533,0.554622,0.172506,0.883248,0.550916,0.0163564,0.737778,0.772864,0.0379179,0.775823,0.921467,0.0728881,0.844229,1.07718,0.142068,0.717572,0.98751,0.333615,0.986696,1.01427,0.0289724,0.666237,0.750087,0.398719,1.03071,0.774172,0.0752539,0.922238,1.26665,0.211887,-0.0654144,0.266016,0.336096,-0.0654144,0.266016,0.336096,0.32878,0.841101,0.821355,0.323178,-0.18308,-0.708712,-0.362465,-0.611965,-0.573139,0,0,0.621371,0,0,-1.30183,-0.278424,-0.426078,-2.6465,0.925577,-0.472006,-0.875121,0,0,3.48521,0,0,3.98947,0.478066,1.00265,-1.16679,-4.30683,-2.92943,3.07824,0.817308,0.768809,0.11608,1,0.932659,0.0369458,-0.341792,-0.109361,0.185971,-0.68087,-0.299491,0.296003,0.833377,-0.05918,-0.194917,1.12896,0.286431
0.994494,0.0230679,0.0330214,-0.0967384,0.994494,0.0230679,0.0330214,-0.0967384,0.9824,-0.0668404,-0.00767565,0.17425,0.765114,-0.24954,-0.145631,-0.575432,0.851924,0.285355,-0.144944,-0.414474,0.968072,0,0,0.250672,0.962684,0,0,0.270628,0.931769,-0.00769612,-0.0525039,-0.359153,0.925734,-0.051364,0.141961,-0.346736,0.870386,0,0,-0.492371,0.781388,0,0,-0.624046,0.508949,0.0538128,0.170068,0.842112,0.514666,-0.114475,-0.16131,0.834262,0.742626,0.0583712,0.185231,0.802657,0.111121,-0.0517608,0.780974,0.2393,0.20902,0.889501,0.272292,-0.0123033,0.770568,0.57104,0.164014,0.888264,0.5724,0.00661861,0.747609,0.798029,0.0352028,0.785406,0.947566,0.0666644,0.853429,1.10607,0.129893,0.737302,1.01667,0.327845,0.988558,1.0454,0.00896523,0.692173,0.779475,0.397084,1.0367,0.803899,0.0508849,0.926608,1.29962,0.191957,0.0533795,0.208807,0.33522,0.0533795,0.208807,0.33522,0.254189,0.213832,0.831762,0.321712,-0.202416,-0.737591,-0.0111061,-0.385584,-0.529628,0,0,0.284654,0,0,-1.12208,-0.128449,-0.403649,-2.60812,1.20904,-0.513856,-1.32971,0,0,3.43459,0,0,5.52268,0.748594,1.10898,-1.22324,-3.25962,-2.84268,1.70047,0.826901,0.790583,0.106547,1,0.940771,0.0314029,-0.320763,-0.105237,0.158456,-0.639655,-0.275378,0.294922,0.754934,-0.0814529,-0.274758,1.37049,0.216936
0.994688,0.0223965,0.0360185,-0.0937866,0.994688,0.0223965,0.0360185,-0.0937866,0.980206,-0.0625038,-0.0131654,0.187395,0.760592,-0.242947,-0.147144,-0.583802,0.845851,0.293722,-0.148253,-0.419862,0.969013,0,0,0.247011,0.967635,0,0,0.252352,0.913897,-0.0111439,-0.0619656,-0.401035,0.913196,-0.0397901,0.135969,-0.382102,0.895329,0,0,-0.445405,0.846824,0,0,-0.531873,0.522825,0.063819,0.182218,0.830287,0.512495,-0.17149,-0.148365,0.828208,0.745227,0.0591684,0.185361,0.855215,0.0869537,-0.0614752,0.781445,0.242421,0.201626,0.913063,0.262286,-0.0266033,0.77774,0.583819,0.155379,0.892702,0.586892,-0.00630605,0.759853,0.818536,0.0310645,0.796124,0.969191,0.0590285,0.863217,1.13035,0.116401,0.758107,1.04147,0.319926,0.992044,1.07152,-0.0125721,0.717921,0.804133,0.39251,1.04511,0.828839,0.0237956,0.931673,1.32735,0.171002,-0.0404405,0.180019,0.177799,-0.0404405,0.180019,0.177799,0.258948,-0.331916,0.801713,0.402911,-0.114957,-0.610217,0.568835,-0.229362,-0.398044,0,0,-0.226798,0,0,-1.13608,-0.215949,-0.604565,-2.72432,0.7015,-0.33229,-2.2784,0,0,3.19111,0,0,6.78599,0.695597,0.79947,-1.21294,-4.12195,0.923128,-0.380388,0.837611,0.807577,0.0955069,1,0.948482,0.0270267,-0.300639,-0.0962639,0.132688,-0.600553,-0.243433,0.367309,0.615211,-0.124151,-0.307219,1.29514,0.508954
0.994655,0.0201644,0.0401572,-0.0929655,0.994655,0.0201644,0.0401572,-0.0929655,0.9792,-0.0600918,-0.0222095,0.192517,0.757446,-0.237093,-0.145545,-0.59066,0.839691,0.301253,-0.147804,-0.426989,0.9703,0,0,0.241904,0.971859,0,0,0.235562,0.893238,-0.0172752,-0.0725283,-0.44336,0.890488,-0.0398381,0.137989,-0.431745,0.914281,0,0,-0.405081,0.903871,0,0,-0.427805,0.536089,0.0735019,0.186804,0.819946,0.535551,-0.159475,-0.132047,0.818729,0.748938,0.0583975,0.185818,0.904095,0.0632469,-0.0709925,0.783947,0.243399,0.195458,0.934581,0.248312,-0.0436264,0.788219,0.591849,0.147027,0.898755,0.593573,-0.0214765,0.776036,0.832839,0.0252858,0.808724,0.984937,0.0497454,0.87312,1.14913,0.101423,0.778489,1.061,0.30913,0.996773,1.09193,-0.0348754,0.744631,0.823214,0.384561,1.05576,0.848668,-0.00441218,0.936797,1.34931,0.14906,-0.134152,0.248789,0.0492909,-0.134152,0.248789,0.0492909,0.144451,-0.546709,0.313262,0.363926,0.0931955,-0.493396,0.518933,0.00763406,-0.51099,0,0,-0.315977,0,0,-1.03883,-0.386538,-0.685035,-2.81325,-0.0225792,0.192767,-3.28042,0,0,2.6735,0,0,7.12486,0.665709,0.253414,-1.07649,0.980453,1.27142,-1.26626,0.849628,0.819256,0.083165,1,0.953993,0.023355,-0.287851,-0.0805874,0.108735,-0.576928,-0.200843,0.485494,0.42908,-0.17336,-0.426834,0.822982,0.878532
0.994664,0.0161598,0.0447286,-0.0915484,0.994664,0.0161598,0.0447286,-0.0915484,0.979278,-0.0636723,-0.028087,0.190189,0.754927,-0.233289,-0.141713,-0.596304,0.833208,0.303027,-0.141461,-0.440373,0.972865,0,0,0.231374,0.975115,0,0,0.2217,0.872843,-0.0282095,-0.0860523,-0.479525,0.859422,-0.0542582,0.14228,-0.488064,0.926504,0,0,-0.376286,0.940776,0,0,-0.33903,0.546357,0.0772721,0.184236,0.813376,0.554545,-0.0813904,-0.158803,0.812796,0.753018,0.0556701,0.18603,0.929715,0.044774,-0.0785356,0.788539,0.241608,0.19026,0.944319,0.233536,-0.0613031,0.802108,0.59405,0.138185,0.906357,0.592763,-0.0373954,0.796062,0.839597,0.0168348,0.823454,0.99316,0.0387204,0.88283,1.16071,0.0855036,0.796426,1.07363,0.295868,1.00294,1.10521,-0.0573454,0.769098,0.835195,0.37405,1.06855,0.86201,-0.0338197,0.940805,1.36417,0.126308,-0.240712,0.274763,0.085195,-0.240712,0.274763,0.085195,-0.216231,-0.355074,-0.140926,0.234254,0.241712,-0.40598,0.157522,0.381299,-0.914344,0,0,-0.650307,0,0,-0.854322,-0.693116,-0.880261,-2.46597,-0.935617,0.365286,-3.84438,0,0,1.87704,0,0,5.77061,0.245273,-0.240711,-0.722343,5.62562,-1.82061,-0.889858,0.861701,0.824796,0.0697605,1,0.95645,0.0231954,-0.28441,-0.0614537,0.0944763,-0.571859,-0.156121,0.600783,0.20274,-0.253531,-0.32642,0.213419,1.10922
0.994959,0.0118311,0.0481959,-0.0871406,0.994959,0.0118311,0.0481959,-0.0871406,0.980391,-0.0681267,-0.0288561,0.182645,0.751076,-0.231267,-0.135789,-0.603292,0.826034,0.305995,-0.131257,-0.454759,0.973708,0,0,0.227802,0.978753,0,0,0.205045,0.855174,-0.0391446,-0.101469,-0.506804,0.830802,-0.0832595,0.154211,-0.528257,0.934928,0,0,-0.354839,0.956376,0,0,-0.292139,0.553716,0.0784073,0.178676,0.809522,0.550791,-0.0272751,-0.164177,0.817882,0.756813,0.0611914,0.185864,0.93486,0.0441465,-0.0859265,0.793618,0.247535,0.185245,0.945935,0.233214,-0.0756027,0.816214,0.602115,0.128712,0.916398,0.59932,-0.0525386,0.815986,0.850719,0.00660247,0.83824,1.00545,0.0264994,0.891548,1.17634,0.0686184,0.811272,1.09109,0.280696,1.00995,1.12239,-0.0802731,0.791922,0.852565,0.361634,1.08322,0.879764,-0.0646192,0.943058,1.38299,0.102802,-0.260252,0.208124,0.265457,-0.260252,0.208124,0.265457,-0.267584,-0.0458119,-0.459908,0.110281,0.374763,-0.514678,0.239297,0.627044,-0.98986,0,0,-0.220198,0,0,-1.02287,-0.700897,-1.00645,-1.91026,-1.88071,0.851857,-2.87532,0,0,1.38255,0,0,2.96536,0.0634051,-0.434938,-0.452986,3.83235,-0.399351,0.45243,0.872775,0.836182,0.0557748,1,0.957651,0.024674,-0.283301,-0.0451263,0.0866606,-0.570889,-0.11962,0.597728,0.33368,-0.306969,-0.191363,0.0559413,0.968228
0.995505,0.00568281,0.0498084,-0.0803541,0.995505,0.00568281,0.0498084,-0.0803541,0.981768,-0.0686388,-0.0289139,0.174884,0.749269,-0.217159,-0.135325,-0.610839,0.817928,0.313492,-0.117877,-0.467783,0.974813,0,0,0.223025,0.981989,0,0,0.188937,0.841216,-0.049704,-0.119141,-0.525063,0.811006,-0.120301,0.170317,-0.546616,0.940962,0,0,-0.338512,0.961958,0,0,-0.273198,0.559296,0.0832229,0.171826,0.806683,0.552171,0.00452891,-0.131689,0.823252,0.759675,0.0656046,0.184691,0.939455,0.0471129,-0.0914147,0.798242,0.252013,0.17938,0.950283,0.236643,-0.0857736,0.828785,0.607582,0.118168,0.928102,0.605681,-0.0672822,0.83299,0.858451,-0.00482629,0.851169,1.01396,0.0139256,0.899042,1.18769,0.0511708,0.824305,1.10529,0.264129,1.01612,1.13447,-0.104534,0.810984,0.867069,0.348024,1.09741,0.893123,-0.0974735,0.944336,1.39708,0.0786591,-0.369581,0.0963686,0.408757,-0.369581,0.0963686,0.408757,-0.0290068,-0.00268118,-0.473617,0.914876,0.0243839,-0.521878,0.536833,0.830666,-0.918189,0,0,-0.294172,0,0,-0.985844,-0.681778,-1.15243,-1.318,-2.41232,1.10314,-1.41962,0,0,1.0444,0,0,1.18484,0.327577,-0.514227,-0.335556,2.25749,2.31168,0.347183,0.882839,0.8449,0.0413978,1,0.959437,0.0292448,-0.278365,-0.0337429,0.088587,-0.561166,-0.0958547,0.510105,0.231948,-0.342863,0.0798642,0.284768,0.743943
0.996039,0.00122942,0.0504716,-0.0731944,0.996039,0.00122942,0.0504716,-0.0731944,0.982408,-0.0654871,-0.0328378,0.171776,0.74656,-0.196885,-0.136073,-0.62078,0.810101,0.324429,-0.102443,-0.47748,0.973103,0,0,0.230372,0.984216,0,0,0.176972,0.829029,-0.0543773,-0.131518,-0.540793,0.801085,-0.139517,0.174669,-0.555238,0.946273,0,0,-0.323368,0.963918,0,0,-0.2662,0.5601,0.0827056,0.17706,0.805045,0.558315,0.0203936,-0.109697,0.822092,0.761616,0.0647351,0.182008,0.941854,0.0460879,-0.0933458,0.801203,0.25084,0.173315,0.953422,0.236222,-0.0912001,0.838027,0.607374,0.109131,0.935968,0.606487,-0.0777838,0.844894,0.859973,-0.0139542,0.860825,1.01601,0.00313482,0.904896,1.19189,0.0350933,0.836418,1.11259,0.248295,1.01949,1.13893,-0.128821,0.829626,0.875065,0.333601,1.10881,0.899732,-0.131165,0.944612,1.40333,0.0559876,-0.267618,0.0393117,0.43101,-0.267618,0.0393117,0.43101,0.191109,-0.236449,-0.189904,1.31629,-0.0581885,-0.693616,0.758558,0.967956,-0.707282,0,0,0.452607,0,0,-0.730225,-0.311458,-0.821338,-1.14842,-1.26415,0.319713,-0.682275,0,0,0.962887,0,0,0.436058,-0.0385667,0.365984,-0.135115,1.12179,1.58038,-0.233177,0.890289,0.847343,0.0287527,1,0.963155,0.0304204,-0.265786,-0.0276473,0.0853316,-0.535538,-0.0808185,0.357137,0.0456744,-0.273838,-0.015193,0.773199,0.400149
0.996333,-0.00159396,0.050665,-0.068924,0.996333,-0.00159396,0.050665,-0.068924,0.981753,-0.0657407,-0.0433361,0.17309,0.743825,-0.177181,-0.136482,-0.629845,0.805336,0.334466,-0.086777,-0.481701,0.969685,0,0,0.244358,0.986323,0,0,0.164826,0.81557,-0.0559612,-0.139764,-0.558731,0.792046,-0.142365,0.164516,-0.570377,0.9493,0,0,-0.314371,0.968631,0,0,-0.248504,0.5589,0.079055,0.179952,0.805604,0.563474,0.0288735,-0.105545,0.818855,0.761539,0.067422,0.175732,0.943801,0.0463234,-0.093968,0.803426,0.252829,0.165707,0.95332,0.237031,-0.0947371,0.846577,0.609851,0.101562,0.938746,0.609358,-0.0852401,0.853912,0.864167,-0.0208824,0.867889,1.02065,-0.00581024,0.909159,1.19809,0.0212009,0.848892,1.12106,0.234646,1.01983,1.14571,-0.15129,0.849945,0.884338,0.319849,1.11683,0.909274,-0.163974,0.944237,1.41084,0.0355523,-0.169617,0.0113202,0.256966,-0.169617,0.0113202,0.256966,-0.0161802,-0.634195,0.0816635,1.2814,-0.0361365,-0.637899,0.680957,0.994651,-0.324573,0,0,0.863853,0,0,-0.739606,-0.118332,-0.568716,-1.31662,-0.213761,-0.6178,-1.09619,0,0,0.569563,0,0,1.09877,-0.25531,0.210878,0.0682997,0.595637,0.310003,-0.354492,0.895683,0.851999,0.017798,1,0.968441,0.0294719,-0.246615,-0.0208502,0.0766979,-0.496595,-0.0625067,0.27055,0.125809,-0.207845,-0.141066,1.18141,0.421465
0.996478,-0.00329101,0.051399,-0.0661711,0.996478,-0.00329101,0.051399,-0.0661711,0.980907,-0.0680781,-0.0571929,0.172962,0.739197,-0.165665,-0.131911,-0.63933,0.803388,0.338758,-0.0681197,-0.484944,0.9665,0,0,0.256666,0.98841,0,0,0.151806,0.8016,-0.0542379,-0.143494,-0.577846,0.781428,-0.138857,0.151819,-0.589101,0.94843,0,0,-0.316986,0.974404,0,0,-0.224805,0.554649,0.0716233,0.1818,0.808816,0.570255,0.0359702,-0.102014,0.814315,0.758126,0.0729394,0.163257,0.945834,0.0468308,-0.0943547,0.804789,0.256926,0.155382,0.951639,0.238243,-0.0971799,0.855388,0.613368,0.0954971,0.938972,0.612922,-0.090429,0.861352,0.869321,-0.025535,0.873164,1.02621,-0.0127952,0.91164,1.20498,0.00940555,0.860981,1.12992,0.223315,1.01666,1.15352,-0.172139,0.869952,0.893725,0.307107,1.12051,0.920387,-0.196959,0.942543,1.41867,0.0174877,-0.101938,0.0439417,0.165572,-0.101938,0.0439417,0.165572,-0.14227,-0.837487,-0.00478838,0.737652,0.285156,-0.697138,0.291238,1.19512,-0.230514,0,0,0.76281,0,0,-0.791188,0.0924717,-0.285725,-1.41269,0.191122,-0.780816,-1.35822,0,0,-0.165367,0,0,1.46357,-0.516678,0.153816,0.329721,0.493894,0.269743,-0.48359,0.899502,0.857535,0.00826605,1,0.973984,0.0268657,-0.224658,-0.0127082,0.0645744,-0.452199,-0.0409528,0.223181,0.15461,-0.139578,-0.254269,1.34684,0.480348
