0.997342,-0.028039,0.0599511,0.030465,0.997342,-0.028039,0.0599511,0.030465,0.896333,-0.0362346,-0.234283,0.374682,0.919715,-0.123488,-0.179653,-0.326495,-0.939144,-0.26677,0.141184,0.164042,0.581858,0,0,0.81329,0.608713,0,0,0.79339,0.60136,0.0281263,-0.18506,-0.776742,0.580557,-0.0355901,0.136186,-0.80196,0.997292,0,0,-0.0735454,0.999484,0,0,-0.0321269,0.894945,-0.0716098,0.21193,0.386046,0.897814,0.0045058,-0.110591,0.426239,-0.835345,0.118286,0.251717,-0.868819,0.114001,-0.0637247,-0.621946,0.115288,0.214147,-0.651775,0.11969,-0.0664137,-0.249218,0.106819,0.123195,-0.267301,0.110497,-0.0627131,0,0.136858,0,0.146479,0.193412,-0.0181607,0.310927,0.271178,-0.0486429,0.406169,0.144795,0.140948,0.336981,0.186974,-0.218797,0.497137,0.0238129,0.127186,0.453632,0.0857475,-0.181609,0.450279,0.41439,-0.0900361,0,0,0,0,0,0,0,0,0,0,0,0,0,0,0,0,0,0,0,0,0,0,0,0,0,0,0,0,0,0,0,0,0,0,0,0,0,0,0,0.00287558,0.177268,-0.0036071,1,0.814622,-0.0362873,0.0257595,-0.578282,-0.089031,1.06611e-10,-1.23465,0,0,0,0,0,0
0.997523,-0.025303,0.0574917,0.0316519,0.997523,-0.025303,0.0574917,0.0316519,0.898884,-0.0420104,-0.231052,0.369943,0.917576,-0.134061,-0.176954,-0.329801,-0.943536,-0.252722,0.126522,0.172812,0.588474,0,0,0.808516,0.61598,0,0,0.787762,0.599024,0.0308224,-0.188787,-0.777547,0.581983,-0.0354024,0.133792,-0.801338,0.997415,0,0,-0.0718586,0.999528,0,0,-0.0307251,0.89072,-0.0718289,0.217711,0.392506,0.896983,0.00464128,-0.113395,0.42725,-0.835767,0.120443,0.249573,-0.868319,0.114446,-0.0637199,-0.62253,0.117029,0.212953,-0.65135,0.120478,-0.0661367,-0.249478,0.106494,0.123355,-0.266868,0.111105,-0.061991,0.000366666,0.135897,0.0015117,0.147187,0.192098,-0.0149661,0.312168,0.269923,-0.0422914,0.403779,0.14177,0.148073,0.33947,0.1873,-0.216226,0.493908,0.0181854,0.133173,0.456195,0.081459,-0.184529,0.452984,0.413047,-0.0806756,0.164402,-0.147906,0.0711627,0.164402,-0.147906,0.0711627,-0.356715,0.213668,-0.315137,-0.658068,0.158332,-0.218887,-0.883694,0.909696,-0.521218,0,0,-0.489512,0,0,-0.551533,0.189462,-0.271646,-0.107807,0.0146249,-0.173393,0.0768357,0,0,0.101478,0,0,0.0841465,-0.0202537,0.379593,0.437984,0.00850156,-0.176262,0.0705239,0.00342356,0.176499,-0.000729627,1,0.813409,-0.0296097,0.0285938,-0.580234,-0.0814478,0.0121562,-1.23974,0.011,-0.0288233,0.0453509,0.419071,-0.095535,-0.153979
0.997619,-0.0236764,0.0564178,0.0318228,0.997619,-0.0236764,0.0564178,0.0318228,0.90042,-0.0491542,-0.229337,0.366378,0.910482,-0.138025,-0.186445,-0.342359,-0.947182,-0.238961,0.102361,0.187794,0.572748,0,0,0.819731,0.619401,0,0,0.785075,0.597533,0.0333492,-0.19222,-0.777749,0.584487,-0.035595,0.129904,-0.800146,0.997533,0,0,-0.0702056,0.999583,0,0,-0.028888,0.886538,-0.0731607,0.22043,0.400135,0.89616,0.00100156,-0.113299,0.429022,-0.836139,0.12329,0.247021,-0.867645,0.115052,-0.0633867,-0.623059,0.119134,0.211238,-0.650747,0.121422,-0.0655106,-0.24969,0.106,0.123121,-0.266255,0.111653,-0.0613209,0.000943777,0.134348,0.0028023,0.148348,0.189493,-0.0119937,0.31426,0.266257,-0.0365918,0.400157,0.136305,0.157029,0.33947,0.185965,-0.217356,0.486112,0.0144902,0.14393,0.453925,0.0740562,-0.19521,0.457133,0.408299,-0.0725214,0.0977182,-0.0645954,0.0102008,0.0977182,-0.0645954,0.0102008,-0.442048,0.114175,-0.233584,-0.265595,-0.614063,-0.827002,-0.859787,1.48538,-0.90192,0,0,1.15897,0,0,-0.260959,0.177223,-0.247036,-0.047194,-0.0109063,-0.281883,0.141685,0,0,0.0994325,0,0,0.110277,-0.0896588,0.1896,0.511907,-0.226188,0.00389363,0.117821,0.00395451,0.174637,0.00168197,1,0.811084,-0.0221938,0.0314478,-0.583663,-0.0727991,0.0251088,-1.24844,0.0173133,-0.0464697,0.0387181,0.45128,-0.120994,-0.266084
0.997692,-0.0224651,0.056213,0.0307662,0.997692,-0.0224651,0.056213,0.0307662,0.901504,-0.0572963,-0.230748,0.361612,0.889031,-0.135471,-0.216471,-0.380015,0.944526,0.240763,-0.0569646,-0.216006,0.520085,0,0,0.854114,0.579196,0,0,0.815188,0.596788,0.0363655,-0.195621,-0.777338,0.587673,-0.0356767,0.124819,-0.798616,0.997582,0,0,-0.0694936,0.999651,0,0,-0.0264061,0.881532,-0.0769155,0.218875,0.411192,0.894775,-0.00337758,-0.113464,0.431847,-0.836246,0.126999,0.244356,-0.866776,0.115753,-0.0622422,-0.623365,0.121571,0.209285,-0.649992,0.122439,-0.0642623,-0.249729,0.105021,0.122807,-0.26549,0.111883,-0.0604282,0.00174588,0.131881,0.00403328,0.149956,0.185266,-0.0091876,0.317256,0.259742,-0.031385,0.39119,0.130875,0.171892,0.334954,0.18377,-0.225787,0.465419,0.016797,0.166406,0.438843,0.0741473,-0.216592,0.463361,0.399363,-0.0654597,0.0727682,-0.0123801,-0.0634884,0.0727682,-0.0123801,-0.0634884,-0.504067,-0.0821708,-0.304376,0.0948905,-1.95811,-2.50629,0.123416,2.7696,-1.73515,0,0,3.77422,0,0,3.01422,0.210763,-0.240968,0.0119912,-0.00242698,-0.367423,0.18071,0,0,0.0428203,0,0,0.148968,-0.242683,-0.0728927,0.734982,-0.27234,-0.0136256,0.18864,0.00386286,0.171925,0.00392303,1,0.807695,-0.0145878,0.0345942,-0.588404,-0.0643684,0.0387257,-1.26044,0.0240631,-0.0740219,0.0369293,0.466879,-0.113162,-0.367936
0.997814,-0.02097,0.0566366,0.0268197,0.997814,-0.02097,0.0566366,0.0268197,0.901317,-0.0622611,-0.235094,0.358444,0.841381,-0.131449,-0.273631,-0.447129,0.930845,0.247546,0.0142111,-0.268414,0.448695,0,0,0.893685,0.497789,0,0,0.867298,0.597099,0.0396113,-0.197976,-0.776343,0.592165,-0.0351481,0.118828,-0.796232,0.997466,0,0,-0.0711379,0.999683,0,0,-0.0251633,0.873455,-0.0840566,0.21269,0.429853,0.89217,-0.0079377,-0.118268,0.43587,-0.835788,0.131696,0.241504,-0.86563,0.116493,-0.0599109,-0.623291,0.124281,0.207137,-0.649059,0.123097,-0.0623894,-0.249491,0.103269,0.122556,-0.264574,0.111285,-0.0592867,0.00280061,0.128329,0.00526352,0.1521,0.179002,-0.00657263,0.3216,0.249035,-0.0266677,0.37645,0.129036,0.194624,0.323378,0.183084,-0.241272,0.430986,0.0246904,0.203069,0.406204,0.0824303,-0.248081,0.472667,0.384056,-0.0587544,0.0898288,0.0252967,-0.237041,0.0898288,0.0252967,-0.237041,-0.308324,-0.270616,-0.195121,0.11058,-3.85395,-4.65923,0.485957,4.3554,-3.2812,0,0,4.89877,0,0,5.80167,0.225682,-0.162235,0.0762254,0.0415048,-0.43416,0.269865,0,0,-0.0989001,0,0,0.074592,-0.461256,-0.34853,1.24286,-0.284078,-0.305561,0.275036,0.00307188,0.168036,0.00624216,1,0.803233,-0.00719784,0.0382337,-0.594393,-0.0571256,0.052889,-1.27565,0.0316418,-0.106556,0.0369071,0.470294,-0.0805051,-0.466308
0.998031,-0.0191711,0.056401,0.019613,0.998031,-0.0191711,0.056401,0.019613,0.901777,-0.0659745,-0.232648,0.358217,0.774425,-0.0964645,-0.344769,-0.521626,0.900312,0.241129,0.107945,-0.345895,0.390721,0,0,0.920509,0.416757,0,0,0.909018,0.599319,0.0428276,-0.200896,-0.773708,0.598165,-0.0358949,0.112745,-0.79259,0.997004,0,0,-0.0773439,0.999656,0,0,-0.0262447,0.857241,-0.0934727,0.20962,0.460935,0.887525,-0.0127657,-0.124837,0.443343,-0.834598,0.137602,0.237562,-0.864148,0.117464,-0.0567379,-0.623022,0.127469,0.204592,-0.647935,0.123487,-0.060073,-0.249243,0.100894,0.122321,-0.26351,0.109983,-0.0581199,0.00395775,0.124116,0.00644852,0.154613,0.171051,-0.00397247,0.327053,0.234192,-0.0221222,0.357844,0.133634,0.216155,0.305932,0.188483,-0.25838,0.391338,0.0397188,0.243369,0.362099,0.0972918,-0.283207,0.484555,0.362114,-0.0520565,0.108093,-0.014392,-0.432801,0.108093,-0.014392,-0.432801,-0.229776,0.154081,-0.0176507,2.0658,-5.05198,-5.54325,-0.236377,5.82801,-4.9854,0,0,3.83338,0,0,5.47037,0.221229,-0.190537,0.232597,-0.0459309,-0.443869,0.390491,0,0,-0.373392,0,0,-0.0649054,-0.623959,-0.116393,2.1149,-0.301861,-0.421616,0.510301,0.00194596,0.16341,0.00841115,1,0.797743,0.000108341,0.0411189,-0.601594,-0.0494279,0.0657824,-1.29389,0.0347143,-0.126397,0.0355502,0.43613,-0.112031,-0.560906
0.99845,-0.0164643,0.0519024,0.011497,0.99845,-0.0164643,0.0519024,0.011497,0.905048,-0.0702031,-0.219839,0.357255,0.68827,-0.0566605,-0.404344,-0.59965,0.843002,0.214168,0.214677,-0.44429,0.358304,0,0,0.933605,0.366433,0,0,0.930445,0.603988,0.0461497,-0.204602,-0.7689,0.605977,-0.0379724,0.106742,-0.787373,0.996105,0,0,-0.0881703,0.999533,0,0,-0.0305614,0.834919,-0.100266,0.213797,0.497139,0.880025,-0.0145174,-0.129357,0.45674,-0.832635,0.144264,0.23222,-0.862198,0.118735,-0.0531528,-0.622477,0.130681,0.201641,-0.64653,0.123651,-0.0575054,-0.248936,0.0981035,0.122105,-0.262221,0.108185,-0.0570391,0.00526436,0.119769,0.00757521,0.157346,0.162311,-0.00128444,0.332819,0.217272,-0.0171605,0.339008,0.149461,0.231775,0.288087,0.20315,-0.269012,0.350626,0.0664158,0.276819,0.317113,0.120891,-0.311966,0.497456,0.336378,-0.0450993,0.162654,-0.270526,-0.487374,0.162654,-0.270526,-0.487374,-0.257396,0.810321,-0.084983,2.46278,-4.74772,-6.37002,-1.40072,6.89921,-6.67433,0,0,2.09785,0,0,3.28216,0.224968,-0.230586,0.436834,-0.136139,-0.441551,0.538373,0,0,-0.651821,0,0,-0.259102,-0.479035,0.371792,2.53416,-0.111624,-0.303198,0.910766,0.00100373,0.15931,0.0106512,1,0.791331,0.00712463,0.0430121,-0.609831,-0.041318,0.0768389,-1.31475,0.0391983,-0.130403,0.0338007,0.383901,-0.146771,-0.642967
0.998931,-0.0116466,0.0446856,0.00218211,0.998931,-0.0116466,0.0446856,0.00218211,0.909229,-0.0743093,-0.206037,0.354019,0.594177,-0.0313368,-0.431376,-0.678149,0.753617,0.18373,0.307061,-0.551379,0.357324,0,0,0.933981,0.351969,0,0,0.936012,0.609639,0.0500629,-0.206409,-0.763694,0.613489,-0.0398698,0.104718,-0.781713,0.994658,0,0,-0.103224,0.999234,0,0,-0.0391293,0.810689,-0.0997805,0.213539,0.535936,0.865335,-0.00692244,-0.126436,0.484934,-0.830255,0.150663,0.226844,-0.860204,0.120823,-0.0502038,-0.621882,0.132949,0.198869,-0.645545,0.123865,-0.0549725,-0.248799,0.0943356,0.122635,-0.261485,0.105375,-0.0556395,0.00612973,0.115034,0.00916596,0.159456,0.153194,0.00151021,0.337704,0.19927,-0.0117924,0.325551,0.170676,0.23799,0.277334,0.22544,-0.267552,0.313973,0.0974092,0.297248,0.279575,0.152498,-0.326155,0.509886,0.308012,-0.0378913,0.289324,-0.433663,-0.559204,0.289324,-0.433663,-0.559204,-0.247771,0.87394,-0.232499,1.61916,-2.92814,-7.02031,-1.53885,6.50344,-7.95284,0,0,0.0629777,0,0,0.92987,0.263687,-0.0924377,0.483821,-0.123165,-0.162659,0.558689,0,0,-0.907413,0,0,-0.514391,-0.0252485,0.103632,2.76627,0.472583,0.141353,1.92098,0.000450609,0.155352,0.0132967,1,0.785413,0.0116577,0.0449207,-0.61723,-0.0372839,0.0850561,-1.33371,0.0259611,-0.142051,0.0477225,0.268506,-0.0568111,-0.578731
0.999201,-0.00789945,0.0385135,-0.00724201,0.999201,-0.00789945,0.0385135,-0.00724201,0.914069,-0.0731608,-0.19603,0.347415,0.517786,-0.0132239,-0.428374,-0.740418,0.659181,0.170759,0.342035,-0.64756,0.378431,0,0,0.92563,0.372196,0,0,0.928154,0.615908,0.054017,-0.208213,-0.757884,0.620334,-0.0419273,0.103646,-0.776328,0.992706,0,0,-0.120559,0.998803,0,0,-0.0489079,0.787395,-0.0970139,0.213741,0.570011,0.846399,-0.00230222,-0.119695,0.518918,-0.827495,0.157137,0.221736,-0.857999,0.123123,-0.0469182,-0.621037,0.135036,0.196501,-0.644704,0.124404,-0.0519945,-0.248657,0.0911117,0.123543,-0.260963,0.103054,-0.0540608,0.00678847,0.111532,0.0107405,0.161085,0.145719,0.00379087,0.341426,0.183326,-0.0078735,0.321566,0.18683,0.235212,0.27674,0.244539,-0.256378,0.288173,0.1226,0.304569,0.25251,0.178161,-0.325264,0.520736,0.281401,-0.0325272,0.224952,-0.370666,-0.56561,0.224952,-0.370666,-0.56561,0.0786896,0.639685,-0.444801,1.23256,-0.767769,-6.02972,-0.433439,3.12262,-7.87376,0,0,-1.36197,0,0,-1.30199,0.264365,-0.0881453,0.53644,-0.134254,-0.094079,0.521627,0,0,-1.04668,0,0,-0.587289,0.123807,0.130866,2.49865,0.289386,0.372548,2.35732,0.000839682,0.151744,0.0156776,1,0.780366,0.0143555,0.0461795,-0.623451,-0.0353267,0.0900955,-1.34976,0.0197622,-0.105048,0.0472371,0.160515,-0.0226365,-0.486486
0.999313,-0.00658246,0.033032,-0.0154305,0.999313,-0.00658246,0.033032,-0.0154305,0.918474,-0.0667884,-0.190602,0.340022,0.467634,-0.00505524,-0.394397,-0.79104,0.585025,0.160697,0.333199,-0.721734,0.415092,0,0,0.909779,0.412679,0,0,0.910877,0.622888,0.0570732,-0.211916,-0.750896,0.627281,-0.0455306,0.101535,-0.770802,0.990622,0,0,-0.136634,0.998444,0,0,-0.0557654,0.768074,-0.0952703,0.209221,0.597673,0.833285,-0.00386603,-0.116151,0.54049,-0.824685,0.163268,0.217429,-0.855895,0.124585,-0.0439627,-0.61995,0.137463,0.194222,-0.643602,0.125034,-0.0495968,-0.248366,0.0897053,0.123854,-0.260073,0.10259,-0.0532136,0.00764219,0.11034,0.0115107,0.162717,0.140876,0.00523646,0.344499,0.170964,-0.0056281,0.322773,0.196364,0.228269,0.281605,0.255034,-0.242883,0.266815,0.139148,0.303032,0.230718,0.194281,-0.317586,0.529771,0.259139,-0.0292766,0.0790555,-0.329053,-0.491403,0.0790555,-0.329053,-0.491403,0.399982,0.353322,-0.488847,0.580012,1.81549,-4.90938,-0.350282,0.0904023,-6.53242,0,0,-2.39663,0,0,-2.64113,0.200012,-0.214419,0.629645,-0.239702,-0.165233,0.530509,0,0,-0.972595,0,0,-0.412013,0.0682839,-0.194654,2.06714,-0.100107,0.189414,1.52692,0.0017782,0.149,0.0171222,1,0.775564,0.0174941,0.0463391,-0.629323,-0.0313324,0.0940353,-1.36483,0.0256116,-0.0357793,0.0231064,0.140793,-0.0915692,-0.463109
0.999327,-0.00722402,0.0283212,-0.0221764,0.999327,-0.00722402,0.0283212,-0.0221764,0.922783,-0.0568829,-0.189327,0.330742,0.449262,-0.0134996,-0.350891,-0.821497,0.541794,0.147792,0.30943,-0.767379,0.446086,0,0,0.89499,0.447019,0,0,0.894525,0.629158,0.0588274,-0.215341,-0.744532,0.635215,-0.0477923,0.0971157,-0.764713,0.989386,0,0,-0.145313,0.998277,0,0,-0.0586713,0.751933,-0.101358,0.206552,0.617787,0.832823,-0.0134016,-0.107393,0.542856,-0.82242,0.168482,0.214619,-0.854671,0.124922,-0.0433497,-0.618973,0.140996,0.192605,-0.642392,0.1255,-0.048828,-0.247878,0.0913117,0.123577,-0.258862,0.104346,-0.0531845,0.00872639,0.111847,0.0116804,0.164433,0.138984,0.00596554,0.347159,0.162493,-0.00487601,0.326457,0.19821,0.224057,0.28682,0.258053,-0.232209,0.253145,0.145002,0.298701,0.214693,0.203351,-0.307298,0.53751,0.241498,-0.0280093,-0.0385005,-0.282721,-0.404841,-0.0385005,-0.282721,-0.404841,0.616259,0.0960264,-0.602849,-0.629653,2.98853,-2.74064,-0.713804,-1.26704,-4.17683,0,0,-2.06059,0,0,-2.2822,0.110601,-0.198402,0.568368,-0.145063,-0.3253,0.586744,0,0,-0.526001,0,0,-0.174641,-0.436564,-0.0919781,1.55432,-0.606356,0.555628,0.156177,0.00308745,0.147466,0.0177692,1,0.770746,0.0211338,0.0462551,-0.63511,-0.0263066,0.0983048,-1.37973,0.032526,0.0452196,0.00508842,0.155168,-0.12187,-0.461489
0.999299,-0.00813492,0.0256849,-0.0260047,0.999299,-0.00813492,0.0256849,-0.0260047,0.926505,-0.0495435,-0.190984,0.320404,0.45048,-0.0247275,-0.316588,-0.834403,0.527836,0.151239,0.285986,-0.785321,0.466686,0,0,0.884423,0.468893,0,0,0.883255,0.636078,0.0619215,-0.218873,-0.737336,0.645714,-0.0496477,0.0934271,-0.756214,0.989559,0,0,-0.14413,0.998321,0,0,-0.057927,0.741153,-0.115959,0.205418,0.628529,0.840066,-0.0239582,-0.0965244,0.533289,-0.821356,0.171996,0.213832,-0.854049,0.124708,-0.0447561,-0.618361,0.145863,0.192041,-0.641173,0.126857,-0.049421,-0.247037,0.0972287,0.123131,-0.257433,0.109525,-0.0535737,0.0101134,0.117163,0.0115876,0.166383,0.140812,0.00617807,0.349704,0.158791,-0.00488492,0.329489,0.196546,0.22231,0.291776,0.257893,-0.228851,0.245314,0.144347,0.294584,0.207612,0.205604,-0.302021,0.544086,0.229884,-0.0278069,-0.0546712,-0.158196,-0.229769,-0.0546712,-0.158196,-0.229769,0.455985,-0.0869039,-0.662138,-0.832121,2.55823,-0.923699,0.309989,-1.54887,-1.61283,0,0,-1.38916,0,0,-1.47644,0.200801,-0.200884,0.63561,-0.1129,-0.279803,0.800551,0,0,0.0717839,0,0,0.044736,-0.98759,-0.019278,0.872025,-0.667256,0.707128,-0.696838,0.00472373,0.148407,0.0177027,1,0.764745,0.0242752,0.0466747,-0.642181,-0.0229416,0.102747,-1.39818,0.0416098,0.159468,-0.00278374,0.149247,-0.0746851,-0.563822
0.999231,-0.00864342,0.0260368,-0.0280251,0.999231,-0.00864342,0.0260368,-0.0280251,0.928091,-0.0463904,-0.198065,0.311875,0.467109,-0.0501138,-0.298768,-0.830684,0.538983,0.171145,0.263025,-0.781681,0.482167,0,0,0.876079,0.490344,0,0,0.871529,0.644127,0.0646727,-0.221334,-0.729334,0.657119,-0.0525516,0.0909101,-0.746437,0.9905,0,0,-0.137515,0.998473,0,0,-0.055237,0.739503,-0.122571,0.19841,0.631463,0.850305,-0.0303728,-0.0969913,0.516384,-0.821167,0.173854,0.214729,-0.8534,0.124153,-0.0461436,-0.617917,0.150962,0.191851,-0.639783,0.128797,-0.0506804,-0.245924,0.105654,0.12228,-0.255782,0.116614,-0.0544318,0.0117183,0.12484,0.0109361,0.168467,0.145048,0.0057218,0.352177,0.158242,-0.00545282,0.332529,0.190255,0.225913,0.295327,0.254617,-0.231653,0.243836,0.134135,0.296617,0.204552,0.198759,-0.303666,0.549553,0.222629,-0.0284573,-0.0305289,0.0211536,-0.121288,-0.0305289,0.0211536,-0.121288,0.195523,-0.428913,-0.535155,-1.85511,1.48586,0.732527,1.36873,-1.73546,0.527064,0,0,-1.0552,0,0,-1.46686,0.174268,-0.119774,0.70953,-0.181982,-0.199979,0.898546,0,0,0.400858,0,0,0.161658,-0.439971,-0.45284,0.219011,-0.399728,-0.00702001,-1.19239,0.00657014,0.150471,0.017195,1,0.758279,0.0258871,0.0462024,-0.649776,-0.0208973,0.103897,-1.41807,0.0481486,0.230331,-0.0195447,0.0439124,-0.0546128,-0.602854
0.999176,-0.0089286,0.0267538,-0.0292002,0.999176,-0.0089286,0.0267538,-0.0292002,0.931961,-0.0441444,-0.198491,0.300168,0.474782,-0.0702698,-0.296046,-0.825834,0.56577,0.208334,0.229522,-0.764082,0.486567,0,0,0.873643,0.515626,0,0,0.856814,0.650557,0.0660849,-0.220332,-0.723784,0.666011,-0.0534668,0.089511,-0.73862,0.991208,0,0,-0.132312,0.998504,0,0,-0.0546705,0.741085,-0.120556,0.198176,0.630068,0.859219,-0.0324061,-0.101742,0.500341,-0.820977,0.174809,0.214659,-0.8528,0.123306,-0.0473352,-0.617407,0.154606,0.191241,-0.638579,0.129587,-0.0521625,-0.244813,0.112421,0.12143,-0.254451,0.121612,-0.055335,0.0130719,0.131141,0.0102167,0.170087,0.149052,0.00481037,0.353966,0.159106,-0.00675018,0.33639,0.188043,0.228836,0.2959,0.244933,-0.2389,0.247386,0.130094,0.299687,0.200417,0.17835,-0.30742,0.553854,0.218125,-0.0299986,-0.0171245,0.0430557,-0.0705536,-0.0171245,0.0430557,-0.0705536,0.141704,-0.00995335,-0.744358,-1.46611,0.274455,0.563748,2.48597,-2.57442,1.86866,0,0,-0.301769,0,0,-1.75521,0.0848936,0.107064,0.506033,-0.0494196,-0.116485,0.707891,0,0,0.315089,0,0,0.0340416,0.137417,-0.0232218,-0.116723,-0.121958,-0.279705,-1.11433,0.00809595,0.151945,0.0161292,1,0.753944,0.0248105,0.0450797,-0.654921,-0.0217476,0.100643,-1.43155,0.0406076,0.189025,-0.0215807,-0.100283,0.0109048,-0.401869
0.999111,-0.00865057,0.0298492,-0.0284791,0.999111,-0.00865057,0.0298492,-0.0284791,0.934888,-0.0416098,-0.199836,0.290376,0.473592,-0.0895853,-0.297535,-0.82411,0.573644,0.246588,0.210399,-0.752236,0.497721,0,0,0.867337,0.524744,0,0,0.85126,0.653425,0.0660389,-0.215254,-0.722731,0.670316,-0.0515749,0.0904997,-0.734729,0.991545,0,0,-0.129761,0.99838,0,0,-0.0568931,0.742755,-0.11906,0.205205,0.626124,0.864702,-0.0286623,-0.110282,0.48919,-0.820593,0.175082,0.213452,-0.852563,0.122321,-0.0480007,-0.616765,0.156191,0.190372,-0.637995,0.12876,-0.0535516,-0.243809,0.115775,0.120736,-0.253873,0.122848,-0.0561538,0.0138873,0.134178,0.00937388,0.170924,0.151673,0.00317521,0.35477,0.161495,-0.00914021,0.340675,0.188061,0.230785,0.296944,0.242113,-0.247032,0.25079,0.12832,0.304166,0.200496,0.169346,-0.312466,0.555807,0.218891,-0.0326226,0.0166747,0.185819,0.0432418,0.0166747,0.185819,0.0432418,0.158191,-0.0702232,-0.619118,-1.42046,-0.120784,0.0945732,2.64137,-1.39772,1.00995,0,0,-0.768764,0,0,-0.640545,-0.00827266,0.362774,0.127988,0.134059,0.0565464,0.348027,0,0,0.154378,0,0,-0.133563,0.103336,0.453791,-0.285544,0.239322,-0.524314,-0.762434,0.00913602,0.153252,0.0146005,1,0.752936,0.0202884,0.0439522,-0.656311,-0.0272621,0.0929512,-1.43515,0.0244603,0.0911055,-0.0252851,-0.251128,0.131493,-0.0919423
0.999039,-0.00676354,0.0346257,-0.0260064,0.999039,-0.00676354,0.0346257,-0.0260064,0.933309,-0.0420841,-0.218034,0.282179,0.475552,-0.116717,-0.296596,-0.819913,0.569938,0.282973,0.198439,-0.745466,0.519147,0,0,0.854685,0.534609,0,0,0.8451,0.652144,0.0654757,-0.20943,-0.725645,0.669043,-0.0494917,0.0953925,-0.735413,0.991518,0,0,-0.129969,0.998085,0,0,-0.0618559,0.743797,-0.122712,0.210895,0.622278,0.865438,-0.0182067,-0.111362,0.488144,-0.820282,0.173691,0.211942,-0.852858,0.121571,-0.0486899,-0.616272,0.154631,0.189526,-0.638203,0.126332,-0.054652,-0.24325,0.114281,0.120269,-0.254208,0.119475,-0.056934,0.0139212,0.132454,0.00843182,0.170774,0.151317,0.00131206,0.354474,0.163594,-0.0111907,0.342816,0.184486,0.234362,0.298341,0.242633,-0.254396,0.251075,0.11936,0.310722,0.201033,0.165877,-0.319332,0.55551,0.222683,-0.0351424,0.113246,0.286722,0.148363,0.113246,0.286722,0.148363,-0.0304928,-1.12345,-0.493421,-1.98405,0.0878491,0.360264,2.58899,-0.819325,0.394897,0,0,-1.49303,0,0,-0.697827,-0.0360568,0.389069,-0.223555,0.139156,0.334026,-0.0712626,0,0,-0.0125904,0,0,-0.298295,-0.236914,0.368603,-0.268933,0.657555,-0.0660587,-0.0737715,0.00924599,0.152421,0.013232,1,0.755138,0.0138148,0.042915,-0.654014,-0.035399,0.0829787,-1.42899,0.00101762,-0.0517223,-0.0282619,-0.329924,0.199459,0.206312
0.998921,-0.00615495,0.0397987,-0.0231234,0.998921,-0.00615495,0.0397987,-0.0231234,0.930234,-0.0406667,-0.235167,0.278762,0.474222,-0.149961,-0.290353,-0.817508,0.56982,0.325087,0.186108,-0.731428,0.540679,0,0,0.841229,0.551555,0,0,0.834138,0.644629,0.0625189,-0.205633,-0.733662,0.659137,-0.0472108,0.0999808,-0.743851,0.991027,0,0,-0.133661,0.997826,0,0,-0.0659005,0.739486,-0.135582,0.215065,0.623317,0.862916,-0.0120002,-0.0923478,0.496692,-0.819727,0.171743,0.21035,-0.853564,0.121178,-0.0498396,-0.615939,0.150892,0.188865,-0.638955,0.123148,-0.055046,-0.243297,0.108448,0.119855,-0.255146,0.11258,-0.0576449,0.0131769,0.126769,0.0072726,0.169507,0.149366,-0.000679232,0.352736,0.167105,-0.0137374,0.345007,0.182004,0.237742,0.296817,0.241161,-0.263314,0.252179,0.110107,0.316653,0.199732,0.156626,-0.328392,0.552124,0.232038,-0.038315,0.0365121,0.310575,0.172984,0.0365121,0.310575,0.172984,0.0843371,-1.06679,-0.191563,-2.4444,0.445266,0.141047,2.96675,-0.867674,0.985966,0,0,-1.52351,0,0,-1.21099,-0.188558,0.216539,-0.696033,0.141744,0.336926,-0.768363,0,0,-0.223467,0,0,-0.243176,-0.860279,0.297196,0.135291,0.389372,1.18971,0.565215,0.00832777,0.150373,0.0115923,1,0.762115,0.00732446,0.0408361,-0.646111,-0.0417247,0.0717701,-1.40791,-0.0223298,-0.170545,-0.0347767,-0.361083,0.135983,0.646886
0.998755,-0.00803094,0.0456457,-0.0184381,0.998755,-0.00803094,0.0456457,-0.0184381,0.929499,-0.0359436,-0.243218,0.274928,0.47172,-0.185662,-0.281302,-0.814788,0.568262,0.375321,0.169859,-0.712292,0.563015,0,0,0.826447,0.57227,0,0,0.820065,0.632078,0.0568126,-0.203661,-0.745501,0.643714,-0.0447724,0.102406,-0.757061,0.990143,0,0,-0.140059,0.997377,0,0,-0.0723773,0.72887,-0.155372,0.221767,0.62883,0.852162,-0.00497995,-0.0881448,0.515776,-0.818989,0.170991,0.208218,-0.853697,0.121603,-0.04924,-0.615887,0.147226,0.188124,-0.639882,0.120224,-0.0549561,-0.243995,0.101183,0.11925,-0.256437,0.104316,-0.0585449,0.011718,0.120164,0.00585676,0.167056,0.148655,-0.00282438,0.349131,0.175229,-0.0171937,0.34748,0.182998,0.240028,0.291638,0.24205,-0.273352,0.255588,0.102049,0.321656,0.196133,0.146708,-0.337778,0.545236,0.250074,-0.0423729,-0.112627,0.351097,0.281158,-0.112627,0.351097,0.281158,0.289608,-0.498386,-0.231228,-2.6348,0.641234,0.13326,3.55478,-1.1365,1.3149,0,0,-1.60708,0,0,-1.5026,-0.370138,0.0643805,-1.06589,0.146835,0.207595,-1.21403,0,0,-0.387504,0,0,-0.38954,-1.34405,0.500205,0.530533,0.440375,0.243041,1.32523,0.00633703,0.149845,0.0095686,1,0.77283,0.00190422,0.0378073,-0.633483,-0.045056,0.0608874,-1.37464,-0.0437667,-0.198142,-0.0424749,-0.339055,0.0398246,1.0048
0.998524,-0.0107655,0.0520302,-0.0112794,0.998524,-0.0107655,0.0520302,-0.0112794,0.929933,-0.0291239,-0.255068,0.26328,0.471945,-0.222848,-0.270442,-0.808992,0.563481,0.432245,0.149948,-0.687873,0.589747,0,0,0.807588,0.599834,0,0,0.800125,0.617888,0.0491262,-0.201725,-0.758359,0.625515,-0.046678,0.109224,-0.771117,0.9885,0,0,-0.151224,0.996582,0,0,-0.0826046,0.716762,-0.171756,0.223188,0.637918,0.832971,0.0112773,-0.105179,0.543111,-0.818101,0.171835,0.205951,-0.853224,0.122818,-0.0459192,-0.61602,0.143981,0.187333,-0.641023,0.117672,-0.0540424,-0.245283,0.0935243,0.11882,-0.258212,0.0956013,-0.0594274,0.00949796,0.113898,0.00438671,0.163296,0.149646,-0.00507487,0.343221,0.187625,-0.0209919,0.348821,0.186912,0.24143,0.284357,0.244904,-0.283769,0.259858,0.0940101,0.326126,0.191592,0.136157,-0.347716,0.535103,0.274344,-0.0468816,-0.16419,0.383469,0.429648,-0.16419,0.383469,0.429648,0.419346,-0.725844,-0.718215,-2.7301,0.799765,0.431708,4.07237,-1.38189,1.62362,0,0,-1.96299,0,0,-2.04134,-0.508219,0.0531941,-1.18237,-0.153642,0.520645,-1.34767,0,0,-0.677132,0,0,-0.61549,-1.13556,0.162538,0.796599,1.03147,-1.12161,1.96367,0.00318766,0.150986,0.00747186,1,0.785399,-0.00383797,0.0339463,-0.618047,-0.0480647,0.0485979,-1.3346,-0.0666003,-0.187982,-0.0441016,-0.379464,0.00894795,1.20618
0.998372,-0.0130619,0.0555296,0.000248846,0.998372,-0.0130619,0.0555296,0.000248846,0.934083,-0.0231647,-0.264225,0.239034,0.473862,-0.268886,-0.251885,-0.799818,0.55648,0.479523,0.126519,-0.666618,0.623368,0,0,0.781928,0.633495,0,0,0.773747,0.604206,0.0425048,-0.200249,-0.770084,0.60875,-0.0493347,0.119073,-0.782823,0.986298,0,0,-0.164973,0.995166,0,0,-0.0982088,0.707892,-0.182751,0.213745,0.647923,0.807412,0.0327198,-0.12338,0.576014,-0.81709,0.172192,0.20468,-0.851994,0.124259,-0.0417658,-0.616009,0.140123,0.187022,-0.642031,0.114776,-0.0527735,-0.246592,0.0858688,0.118981,-0.260179,0.0868832,-0.0601485,0.00699448,0.108633,0.00328373,0.158651,0.152407,-0.00705775,0.334981,0.204232,-0.0241912,0.348628,0.195122,0.243253,0.274509,0.250049,-0.291233,0.264083,0.0873224,0.330859,0.185412,0.126348,-0.3549,0.521783,0.304266,-0.0505588,-0.137892,0.210238,0.692035,-0.137892,0.210238,0.692035,0.368175,-0.539468,-1.51071,-3.36483,1.37883,0.723767,3.43809,-1.62796,1.36206,0,0,-2.53784,0,0,-2.56608,-0.440729,0.0244803,-1.10703,-0.206074,0.733916,-1.17408,0,0,-0.835473,0,0,-0.940111,-0.771585,-0.578422,0.811572,1.38278,-1.23058,2.43431,-0.000952959,0.153899,0.00599727,1,0.797969,-0.00900434,0.031612,-0.601801,-0.0524839,0.0396235,-1.29336,-0.0751042,-0.157971,-0.0330893,-0.294063,0.0597209,1.24286
0.998175,-0.0154839,0.0572131,0.0115961,0.998175,-0.0154839,0.0572131,0.0115961,0.940223,-0.0186955,-0.269094,0.207893,0.478127,-0.316753,-0.226935,-0.787123,0.553095,0.516477,0.101257,-0.645821,0.661911,0,0,0.749582,0.671609,0,0,0.740906,0.591618,0.0352585,-0.200445,-0.780107,0.593818,-0.0487362,0.124833,-0.793361,0.983623,0,0,-0.180239,0.993284,0,0,-0.1157,0.700317,-0.191214,0.195983,0.65923,0.78469,0.047248,-0.128188,0.604646,-0.815865,0.171438,0.204987,-0.850509,0.125135,-0.040046,-0.615748,0.135941,0.187559,-0.642593,0.111638,-0.0528406,-0.247686,0.0798137,0.119424,-0.261783,0.0800057,-0.0613942,0.00452798,0.10659,0.00220477,0.153477,0.158668,-0.00873862,0.324985,0.224414,-0.0268287,0.347192,0.207058,0.244229,0.263386,0.25738,-0.295812,0.267931,0.0832099,0.334407,0.17918,0.117791,-0.359379,0.506334,0.336904,-0.0536603,-0.145464,0.101289,0.681251,-0.145464,0.101289,0.681251,0.276622,-0.263918,-1.93751,-3.46914,1.86249,1.0406,2.66922,-1.77872,1.4075,0,0,-3.01933,0,0,-3.01903,-0.490388,-0.0857745,-0.976804,0.0207279,0.45232,-1.06806,0,0,-0.92994,0,0,-1.05556,-0.601267,-1.14502,0.882272,0.957845,-0.377732,2.16374,-0.00563111,0.159146,0.00476212,1,0.811023,-0.0124068,0.0297275,-0.584127,-0.0549124,0.0337315,-1.24928,-0.0739952,-0.0612862,-0.032369,-0.190389,0.0174217,1.3251
0.997892,-0.0182985,0.0588911,0.0202232,0.997892,-0.0182985,0.0588911,0.0202232,0.945906,-0.0137621,-0.276945,0.168442,0.484835,-0.366401,-0.196338,-0.769504,0.553131,0.548437,0.0736771,-0.622764,0.704727,0,0,0.709478,0.712796,0,0,0.701371,0.578488,0.0261098,-0.201957,-0.789862,0.578203,-0.0464718,0.128015,-0.804446,0.980805,0,0,-0.194992,0.991199,0,0,-0.13238,0.688722,-0.200573,0.181051,0.672795,0.768271,0.0498297,-0.114263,0.62787,-0.814433,0.169508,0.206361,-0.849192,0.125406,-0.0418447,-0.615407,0.13192,0.189006,-0.642776,0.108654,-0.0545479,-0.248596,0.0758901,0.120062,-0.26292,0.0753148,-0.0632058,0.00201566,0.107986,0.00112858,0.147598,0.168711,-0.0101414,0.31334,0.247571,-0.029191,0.345527,0.221318,0.243735,0.251729,0.26678,-0.298299,0.272605,0.0805729,0.33612,0.173638,0.110801,-0.361529,0.48986,0.370251,-0.0567183,-0.16908,0.101075,0.518057,-0.16908,0.101075,0.518057,0.303687,-0.44776,-2.4354,-3.55748,2.28377,1.45717,2.26593,-1.95603,1.63579,0,0,-3.52038,0,0,-3.42589,-0.628532,-0.182386,-0.981374,0.136871,0.279776,-1.13658,0,0,-0.901193,0,0,-1.00859,-0.685915,-0.94304,1.10972,0.186848,0.855826,1.75211,-0.0106843,0.166605,0.00352842,1,0.825458,-0.0147798,0.0270005,-0.563624,-0.0548854,0.0279187,-1.19895,-0.0753696,0.0418765,-0.0322858,-0.16375,-0.0600219,1.5101
0.997616,-0.0221355,0.0602928,0.0252352,0.997616,-0.0221355,0.0602928,0.0252352,0.951305,-0.00779082,-0.282418,0.123279,0.4897,-0.415183,-0.161582,-0.749472,0.555389,0.578605,0.0442428,-0.595652,0.745406,0,0,0.666611,0.755333,0,0,0.655341,0.562961,0.0160486,-0.203683,-0.800832,0.561501,-0.0402319,0.12589,-0.816853,0.978486,0,0,-0.206312,0.989165,0,0,-0.146806,0.674174,-0.203138,0.175106,0.688159,0.754178,0.0512839,-0.104009,0.646349,-0.812951,0.166502,0.209107,-0.848104,0.12544,-0.0451906,-0.615183,0.128278,0.191422,-0.642967,0.106422,-0.0574116,-0.249417,0.0736445,0.120704,-0.263898,0.0728514,-0.0652232,-0.000740636,0.111878,0.000190338,0.14086,0.181295,-0.0111976,0.300287,0.271899,-0.0315302,0.344466,0.237027,0.241107,0.2396,0.277415,-0.299102,0.278859,0.0804615,0.334838,0.168705,0.105219,-0.361713,0.472899,0.402228,-0.0600458,-0.230503,0.0844958,0.301071,-0.230503,0.0844958,0.301071,0.365755,-0.302601,-2.77361,-3.49811,2.56364,1.58002,2.10039,-2.09038,1.96292,0,0,-3.54633,0,0,-3.76115,-0.698649,-0.214044,-1.13527,0.418122,-0.0872954,-1.27216,0,0,-0.693299,0,0,-0.874142,-0.25016,-0.331787,1.29534,0.112395,0.631711,1.42642,-0.0161032,0.17549,0.00227015,1,0.840754,-0.0144685,0.0258281,-0.540607,-0.0522986,0.0277902,-1.14361,-0.0826888,0.116765,-0.0281472,0.0266248,-0.0729714,1.65794
0.997432,-0.0254635,0.0609654,0.0276583,0.997432,-0.0254635,0.0609654,0.0276583,0.95528,-0.00364321,-0.285057,0.0785455,0.493807,-0.456153,-0.127561,-0.729251,0.559906,0.605834,0.0131047,-0.565065,0.779955,0,0,0.625835,0.798629,0,0,0.601824,0.547212,0.00710122,-0.201975,-0.812228,0.546574,-0.0296108,0.118583,-0.828443,0.977287,0,0,-0.211921,0.987205,0,0,-0.159454,0.658417,-0.196339,0.165848,0.707413,0.739947,0.0512542,-0.0977944,0.663542,-0.811742,0.161428,0.213985,-0.847303,0.125497,-0.0487375,-0.615271,0.124733,0.194584,-0.643382,0.105322,-0.0602726,-0.249995,0.0734923,0.121298,-0.264932,0.0730512,-0.0667215,-0.00357082,0.118355,-0.000308118,0.133811,0.195734,-0.0117381,0.28701,0.296241,-0.0331476,0.342627,0.253439,0.237033,0.228785,0.289174,-0.297537,0.284591,0.0831102,0.330537,0.165644,0.101528,-0.359945,0.456471,0.432017,-0.0626245,-0.199935,0.04061,0.145602,-0.199935,0.04061,0.145602,0.253277,-0.137435,-2.73493,-2.92609,2.49613,1.56924,1.84761,-2.20789,2.24317,0,0,-3.20704,0,0,-4.13103,-0.628562,0.0255678,-1.18695,0.73735,-0.463409,-1.18884,0,0,-0.344159,0,0,-0.767894,0.376174,-0.555012,1.59806,0.0161612,0.372277,1.35979,-0.021549,0.185504,0.00145915,1,0.85505,-0.0122049,0.0278166,-0.517654,-0.0497211,0.0349404,-1.08964,-0.0849054,0.194331,-0.0149537,0.226697,0.0246592,1.61655
0.997211,-0.0283192,0.0624193,0.0295227,0.997211,-0.0283192,0.0624193,0.0295227,0.956391,-0.00218177,-0.289804,0.0363909,0.498333,-0.489459,-0.0961205,-0.709122,0.565675,0.629405,-0.0214896,-0.532352,0.810773,0,0,0.585361,0.840692,0,0,0.541514,0.535781,-0.00176645,-0.196026,-0.821285,0.537329,-0.0188046,0.108853,-0.836107,0.977451,0,0,-0.211163,0.984835,0,0,-0.173494,0.648353,-0.196034,0.149008,0.720421,0.722778,0.0477739,-0.0903099,0.683487,-0.812499,0.152833,0.221746,-0.846985,0.125613,-0.0516157,-0.616548,0.119916,0.198995,-0.6445,0.104845,-0.0624877,-0.251184,0.075182,0.121673,-0.266731,0.0752421,-0.067961,-0.00704293,0.126929,-0.000758254,0.126479,0.210772,-0.0120558,0.274012,0.319257,-0.0341064,0.340416,0.268029,0.231701,0.218731,0.301871,-0.293376,0.28976,0.0853207,0.323622,0.16287,0.100182,-0.355826,0.441019,0.458675,-0.0644535,-0.171612,0.0875895,0.112093,-0.171612,0.0875895,0.112093,0.0890679,-0.2825,-2.5685,-2.35259,2.30107,1.56625,1.55923,-2.44266,2.40431,0,0,-3.05258,0,0,-4.41275,-0.631058,0.355107,-0.928329,0.763209,-0.661479,-0.779046,0,0,0.0465779,0,0,-0.854381,-0.0327614,-1.10328,1.08003,-0.208387,0.453513,1.60801,-0.0272848,0.195685,0.00109005,1,0.866452,-0.00883873,0.0313675,-0.498196,-0.0466363,0.0455658,-1.04471,-0.104164,0.257204,-0.0135041,0.323836,0.0728506,1.34427
0.997193,-0.0286509,0.0621243,0.0304191,0.997193,-0.0286509,0.0621243,0.0304191,0.956785,-0.00671114,-0.290695,0.00368059,0.506584,-0.516534,-0.0678848,-0.686992,0.579424,0.639893,-0.0548442,-0.501794,0.840302,0,0,0.542119,0.88009,0,0,0.474807,0.53108,-0.007183,-0.190759,-0.825538,0.534145,-0.0101418,0.100251,-0.839367,0.977469,0,0,-0.211078,0.981865,0,0,-0.189582,0.641434,-0.197511,0.131731,0.72952,0.702263,0.0422485,-0.0820248,0.705913,-0.814353,0.141816,0.228333,-0.84708,0.125661,-0.0529416,-0.618571,0.113704,0.202582,-0.646313,0.104599,-0.0635985,-0.252992,0.0778971,0.121674,-0.269412,0.0787857,-0.0690841,-0.0111975,0.137135,-0.00158691,0.119196,0.225789,-0.0126117,0.26243,0.339956,-0.0342674,0.335902,0.280478,0.226403,0.211911,0.313161,-0.28667,0.291157,0.0865012,0.315991,0.162869,0.0988719,-0.349143,0.427773,0.481463,-0.0650368,-0.01993,-0.0176963,0.0538437,-0.01993,-0.0176963,0.0538437,-0.275728,-0.0518415,-1.99169,-1.8313,2.06772,1.78563,0.481644,-2.33084,2.35815,0,0,-3.14211,0,0,-4.64958,-0.387996,0.348844,-0.422333,0.617488,-0.604427,-0.314147,0,0,0.00517799,0,0,-0.981595,-0.138014,-1.15332,0.758454,-0.343807,0.505713,1.85666,-0.0329428,0.205323,0.00101718,1,0.874929,-0.00604957,0.0356005,-0.482903,-0.0450562,0.0564832,-1.00993,-0.124637,0.306196,-0.0248597,0.304828,0.128852,1.04101
0.997286,-0.0275913,0.0615788,0.0294447,0.997286,-0.0275913,0.0615788,0.0294447,0.957132,-0.0161396,-0.288723,-0.0166359,0.525922,-0.528498,-0.048735,-0.664621,0.602769,0.636704,-0.0822886,-0.473821,0.87117,0,0,0.490982,0.911553,0,0,0.411183,0.533941,-0.012849,-0.1841,-0.825136,0.538427,-0.00568637,0.0938982,-0.837405,0.9746,0,0,-0.223951,0.977771,0,0,-0.209674,0.626652,-0.197792,0.131868,0.742157,0.678236,0.0365291,-0.0718443,0.730411,-0.815451,0.137175,0.230729,-0.847599,0.125369,-0.0525212,-0.620724,0.110292,0.20455,-0.648888,0.10385,-0.0635904,-0.256173,0.0812137,0.121462,-0.273281,0.0828984,-0.0701949,-0.016544,0.148439,-0.00253334,0.111864,0.240031,-0.0129645,0.252856,0.357176,-0.0334884,0.329258,0.288453,0.22094,0.207714,0.323018,-0.278009,0.288598,0.0838171,0.308433,0.16491,0.0986438,-0.339797,0.417782,0.499027,-0.0645453,0.0636852,-0.0328753,-0.058577,0.0636852,-0.0328753,-0.058577,-0.573887,0.122096,-1.23674,-0.547707,1.41469,2.0181,-0.651825,-1.86963,2.28069,0,0,-3.58443,0,0,-4.25956,-0.404474,0.49278,0.100966,0.319267,-0.466391,0.24944,0,0,-0.79131,0,0,-1.23032,-0.0999977,0.0631574,1.16711,-0.358908,0.634565,2.09487,-0.0384966,0.214065,0.00124417,1,0.880377,-0.0030903,0.0391306,-0.472647,-0.0425366,0.0660261,-0.986816,-0.160396,0.339112,-0.028393,0.281522,0.0916581,0.688692
0.997458,-0.0255917,0.0609969,0.026492,0.997458,-0.0255917,0.0609969,0.026492,0.957699,-0.0250034,-0.285633,-0.0245368,0.553743,-0.532081,-0.0377715,-0.639399,0.635316,0.621092,-0.102494,-0.447339,0.900325,0,0,0.435218,0.936243,0,0,0.351354,0.543633,-0.0183244,-0.176194,-0.820416,0.550087,-0.0050573,0.0911813,-0.830099,0.969335,0,0,-0.245742,0.972195,0,0,-0.234174,0.6093,-0.197229,0.131919,0.756605,0.654246,0.0337045,-0.0566069,0.753407,-0.816249,0.139075,0.231786,-0.848425,0.126649,-0.0500331,-0.623036,0.110945,0.206002,-0.65184,0.104203,-0.0621209,-0.260482,0.0872367,0.121595,-0.278142,0.089144,-0.0708488,-0.0229452,0.162621,-0.00314404,0.104663,0.255417,-0.0130721,0.245503,0.372984,-0.0324049,0.32316,0.294147,0.214909,0.205923,0.332751,-0.268451,0.285811,0.0796919,0.300047,0.168318,0.100357,-0.328619,0.411345,0.513643,-0.0634825,0.120174,-0.0351542,-0.17741,0.120174,-0.0351542,-0.17741,-0.539267,0.191492,-0.480653,0.192101,0.818436,2.34924,-1.65093,-1.31019,2.24754,0,0,-3.77616,0,0,-3.8841,-0.386079,0.617135,0.578958,0.0466716,-0.225996,0.813707,0,0,-1.34509,0,0,-1.50762,-0.057213,0.0676794,1.36225,-0.168733,0.990608,2.03361,-0.0436088,0.223725,0.00182756,1,0.883122,-0.00100238,0.0420176,-0.467258,-0.0411588,0.0733424,-0.974818,-0.192035,0.425465,-0.018321,0.205327,0.087847,0.357073
0.997715,-0.0243934,0.0588484,0.0224947,0.997715,-0.0243934,0.0588484,0.0224947,0.958907,-0.0271406,-0.281114,-0.0271262,0.585511,-0.532045,-0.0307228,-0.610869,0.673764,0.594207,-0.113799,-0.424276,0.92418,0,0,0.381958,0.953394,0,0,0.301727,0.560858,-0.0198008,-0.172312,-0.80954,0.569745,-0.00402491,0.0869105,-0.817203,0.963227,0,0,-0.268689,0.964457,0,0,-0.264239,0.595097,-0.199792,0.135525,0.766535,0.62987,0.0443507,-0.0529262,0.773625,-0.817961,0.141369,0.231707,-0.84872,0.131399,-0.0461433,-0.625693,0.113102,0.206901,-0.654396,0.107484,-0.0605936,-0.265278,0.0975164,0.121798,-0.283513,0.0995569,-0.0714555,-0.0301059,0.182028,-0.00368327,0.0977247,0.274569,-0.0134442,0.239892,0.390626,-0.0324107,0.318589,0.302727,0.207369,0.205263,0.344386,-0.260088,0.284149,0.0799969,0.28951,0.172042,0.105803,-0.316487,0.408031,0.528497,-0.0634453,0.0720847,-0.129324,-0.240159,0.0720847,-0.129324,-0.240159,-0.129388,0.282048,-0.156919,0.500054,0.528473,2.59395,-2.46155,-0.656566,2.02274,0,0,-3.50195,0,0,-3.15079,-0.0949096,0.365348,1.19214,0.0756602,-0.354051,1.39328,0,0,-1.42485,0,0,-1.86275,-0.258386,0.304719,0.998103,0.753978,0.215082,1.89228,-0.0482073,0.236477,0.00196583,1,0.88339,0.000933103,0.0454666,-0.466427,-0.0409115,0.0812894,-0.97325,-0.214822,0.582202,-0.0161768,0.20136,0.127861,0.0464693
0.99799,-0.0230055,0.0565498,0.0169694,0.99799,-0.0230055,0.0565498,0.0169694,0.96044,-0.0244178,-0.276431,-0.0233632,0.619789,-0.526691,-0.0293001,-0.581033,0.713946,0.560613,-0.116659,-0.40297,0.942714,0,0,0.333601,0.961983,0,0,0.27311,0.585072,-0.0173329,-0.169287,-0.792927,0.595894,-0.000704069,0.0828806,-0.798775,0.955165,0,0,-0.296074,0.95444,0,0,-0.298403,0.583582,-0.19626,0.136415,0.776083,0.604054,0.0544939,-0.0552959,0.793153,-0.819258,0.143258,0.230739,-0.848269,0.136199,-0.0426894,-0.627771,0.11515,0.207385,-0.656352,0.11072,-0.0594117,-0.270129,0.109643,0.12279,-0.289276,0.111444,-0.0714665,-0.0381296,0.20431,-0.0036408,0.0907032,0.295409,-0.0141214,0.235492,0.408093,-0.0338293,0.315281,0.312163,0.198426,0.204934,0.356311,-0.25403,0.282915,0.0829682,0.277646,0.176268,0.113393,-0.303775,0.407025,0.541688,-0.0652513,0.0834642,-0.138336,-0.331862,0.0834642,-0.138336,-0.331862,0.166417,0.293655,0.229664,0.888768,0.128142,2.65462,-2.85554,-0.0708878,1.86067,0,0,-3.10759,0,0,-1.79271,0.186759,0.334105,1.73758,0.234402,-0.346748,1.90447,0,0,-1.71287,0,0,-2.13621,0.180901,0.107336,0.923234,0.736407,-0.202892,1.91657,-0.0524103,0.250158,0.00164565,1,0.881842,0.000249425,0.0495066,-0.468939,-0.0461849,0.0876601,-0.979508,-0.24071,0.66846,0.00127401,0.070058,0.237632,-0.174392
0.998188,-0.0210788,0.0557537,0.00821064,0.998188,-0.0210788,0.0557537,0.00821064,0.960534,-0.0221385,-0.27717,-0.00777553,0.655618,-0.515894,-0.0371146,-0.550129,0.752235,0.529434,-0.115521,-0.37483,0.957342,0,0,0.288957,0.964829,0,0,0.262879,0.615433,-0.0131729,-0.16622,-0.770351,0.626997,0.00390366,0.0783648,-0.77506,0.94436,0,0,-0.328913,0.94238,0,0,-0.334545,0.573548,-0.189011,0.136491,0.785295,0.582399,0.0603168,-0.0561569,0.808715,-0.819505,0.145083,0.228787,-0.847418,0.140076,-0.0404917,-0.628725,0.117075,0.207419,-0.657493,0.11342,-0.05871,-0.27503,0.123357,0.124248,-0.295248,0.124786,-0.0710816,-0.0473326,0.229389,-0.00328517,0.0832335,0.317871,-0.0150262,0.232211,0.42473,-0.0361658,0.313206,0.320443,0.188981,0.206176,0.368101,-0.249921,0.281591,0.0865287,0.266408,0.183419,0.122212,-0.291058,0.408059,0.552386,-0.068839,0.115763,-0.0480158,-0.525912,0.115763,-0.0480158,-0.525912,0.138634,-0.0444294,0.94781,1.25339,-0.502518,2.67432,-2.58204,0.186863,2.23127,0,0,-2.81901,0,0,-0.637226,0.302522,0.358668,2.2474,0.317568,-0.383398,2.3326,0,0,-2.07431,0,0,-2.28622,0.452277,0.0452897,0.874812,0.441834,-0.0947307,1.58384,-0.0561775,0.264332,0.000946541,1,0.878975,-0.00245216,0.0530915,-0.473897,-0.0548858,0.0911342,-0.99145,-0.276091,0.752359,0.010669,-0.056761,0.274289,-0.334965
0.998253,-0.0193811,0.05573,-0.00317892,0.998253,-0.0193811,0.05573,-0.00317892,0.959796,-0.0183584,-0.279609,0.0165462,0.689628,-0.502838,-0.0534097,-0.518376,0.788283,0.499463,-0.111034,-0.341787,0.96842,0,0,0.249324,0.963455,0,0,0.26787,0.64968,-0.00751139,-0.165025,-0.742042,0.661114,0.00958031,0.0714234,-0.746816,0.93055,0,0,-0.366164,0.928329,0,0,-0.371759,0.564133,-0.182701,0.141428,0.792699,0.565637,0.0632585,-0.0501069,0.820696,-0.818491,0.147061,0.224925,-0.846074,0.143538,-0.0397233,-0.628287,0.118938,0.206512,-0.657644,0.115981,-0.0584457,-0.279994,0.138057,0.125574,-0.301387,0.139323,-0.0706316,-0.0579314,0.256337,-0.00311563,0.074859,0.34125,-0.0163128,0.228935,0.4402,-0.0394177,0.311498,0.327682,0.179854,0.207437,0.379072,-0.247819,0.28002,0.0908018,0.257524,0.191965,0.131592,-0.279587,0.409614,0.560429,-0.0738162,0.101943,-0.0014927,-0.683782,0.101943,-0.0014927,-0.683782,0.229554,-0.152537,1.47906,1.34282,-1.05977,2.62828,-2.40092,0.39121,2.46394,0,0,-2.46936,0,0,0.310648,0.398377,0.238821,2.65912,0.38154,-0.544109,2.63948,0,0,-2.38391,0,0,-2.38682,0.392991,0.386338,0.740501,0.237154,0.399214,1.24249,-0.0600104,0.278632,-0.000283622,1,0.875067,-0.00551712,0.0563737,-0.480675,-0.0641747,0.0934938,-1.00762,-0.317964,0.808458,0.005086,-0.0904846,0.271698,-0.459289
0.998196,-0.0178801,0.0549696,-0.0162519,0.998196,-0.0178801,0.0549696,-0.0162519,0.958199,-0.0141048,-0.282272,0.0444837,0.719759,-0.490026,-0.075476,-0.485927,0.821489,0.470271,-0.1032,-0.305532,0.975022,0,0,0.22211,0.959428,0,0,0.281953,0.683033,-0.00125703,-0.165177,-0.711464,0.694133,0.0163138,0.0628431,-0.716913,0.914821,0,0,-0.40386,0.912773,0,0,-0.408468,0.55513,-0.175638,0.145393,0.799902,0.548857,0.0757604,-0.047376,0.831127,-0.822367,0.186387,0.220149,-0.85003,0.184232,-0.0394458,-0.632753,0.158153,0.204842,-0.663009,0.155775,-0.0586941,-0.291046,0.189884,0.126377,-0.313724,0.190928,-0.0704164,-0.0758226,0.32016,-0.00357608,0.0591674,0.40123,-0.0183437,0.218296,0.491175,-0.0437485,0.302605,0.371782,0.171719,0.201933,0.424914,-0.247934,0.272172,0.133382,0.250661,0.195682,0.177075,-0.270611,0.403664,0.60303,-0.0803105,0.0900962,-0.0455911,-0.784855,0.0900962,-0.0455911,-0.784855,0.25823,-0.171304,1.70055,1.24077,-1.42189,2.5552,-2.25458,0.587039,2.58217,0,0,-1.6802,0,0,0.878858,0.427437,0.137082,2.71939,0.442628,-0.637146,2.65583,0,0,-2.45095,0,0,-2.39234,0.451558,0.318804,0.722511,0.919839,0.168953,1.15148,-0.0704723,0.329413,-0.00223197,1,0.871156,-0.00879584,0.0595213,-0.487306,-0.0737362,0.0952762,-1.02355,-0.536736,1.91468,-0.0138135,-0.105091,0.270861,-0.450893
0.997885,-0.0177331,0.0548831,-0.0299697,0.997885,-0.0177331,0.0548831,-0.0299697,0.955167,-0.00388848,-0.287834,0.0692228,0.749907,-0.469794,-0.104654,-0.453851,0.852754,0.438002,-0.0938578,-0.268617,0.979166,0,0,0.203059,0.951105,0,0,0.308867,0.713704,0.00429788,-0.166082,-0.680459,0.724538,0.0226559,0.0539979,-0.686743,0.897714,0,0,-0.440579,0.895886,0,0,-0.444284,0.546427,-0.175602,0.151189,0.804813,0.531434,0.0903607,-0.0434839,0.841144,-0.824506,0.21612,0.215836,-0.852338,0.215267,-0.0383208,-0.635369,0.187555,0.203775,-0.666763,0.185711,-0.0580721,-0.301265,0.23101,0.127465,-0.325309,0.231829,-0.0696628,-0.0938738,0.372632,-0.00385295,0.0430286,0.449984,-0.0203231,0.206469,0.530711,-0.0487319,0.293769,0.405215,0.163876,0.194022,0.459476,-0.24943,0.266287,0.166156,0.245299,0.199904,0.213142,-0.263585,0.396228,0.63352,-0.0875579,0.00871291,-0.00485424,-0.823752,0.00871291,-0.00485424,-0.823752,0.621419,-0.356521,1.50973,1.69729,-1.85586,2.47066,-2.37399,0.663718,2.54934,0,0,-1.16982,0,0,1.69033,0.370258,0.071434,2.62762,0.407086,-0.634636,2.55739,0,0,-2.43063,0,0,-2.37598,-0.0433087,0.450149,0.558143,1.08504,0.253537,1.15621,-0.0809341,0.369294,-0.00418032,1,0.867673,-0.0117559,0.0626876,-0.493028,-0.0826992,0.0973463,-1.03748,-0.541538,1.57416,-0.00830603,-0.0844146,0.26147,-0.392031
0.997331,-0.0184171,0.055224,-0.0440734,0.997331,-0.0184171,0.055224,-0.0440734,0.950833,0.0100268,-0.296574,0.0886584,0.773147,-0.454324,-0.134713,-0.421527,0.88069,0.40639,-0.0873838,-0.227148,0.982678,0,0,0.185319,0.941658,0,0,0.336571,0.740364,0.00858195,-0.166394,-0.65123,0.752048,0.0298915,0.0442311,-0.656943,0.879783,0,0,-0.475375,0.877021,0,0,-0.480451,0.537049,-0.18625,0.162385,0.806548,0.513959,0.104202,-0.0323059,0.850849,-0.825382,0.236695,0.211847,-0.852789,0.23696,-0.0376212,-0.636649,0.207262,0.203089,-0.668697,0.205714,-0.0572913,-0.31084,0.261044,0.12842,-0.336055,0.261586,-0.0686689,-0.111977,0.413337,-0.00395094,0.0264073,0.487424,-0.0221434,0.19324,0.559229,-0.0539542,0.28544,0.427707,0.156271,0.184783,0.483417,-0.251352,0.262733,0.188495,0.241454,0.205232,0.240003,-0.258562,0.386966,0.652577,-0.0951077,-0.0412733,0.0210867,-0.847309,-0.0412733,0.0210867,-0.847309,0.848526,-0.559048,1.19186,1.27287,-1.89405,2.35926,-2.24921,0.463221,2.75963,0,0,-1.08507,0,0,1.75631,0.278994,0.0913935,2.3819,0.458407,-0.676992,2.42495,0,0,-2.34881,0,0,-2.44768,-0.810177,0.842377,0.352478,1.04689,0.782618,1.1539,-0.091396,0.398275,-0.00612866,1,0.865048,-0.0136802,0.0669375,-0.497015,-0.0908056,0.102389,-1.04765,-0.543099,1.22115,-0.00293979,0.00869058,0.285238,-0.281001
0.996693,-0.0187763,0.0546846,-0.0570919,0.996693,-0.0187763,0.0546846,-0.0570919,0.94704,0.021095,-0.302706,0.105064,0.792914,-0.440545,-0.163902,-0.387741,0.90153,0.38166,-0.0815328,-0.186898,0.986347,0,0,0.164679,0.934826,0,0,0.355105,0.763721,0.01124,-0.164215,-0.624209,0.776768,0.0360299,0.0366501,-0.627686,0.861358,0,0,-0.507999,0.856794,0,0,-0.515659,0.52802,-0.199527,0.169542,0.807861,0.499834,0.119068,-0.0124966,0.857807,-0.825335,0.248481,0.208359,-0.851924,0.249074,-0.0368649,-0.637086,0.217552,0.2021,-0.669107,0.215792,-0.0563785,-0.319905,0.279963,0.128811,-0.345933,0.280115,-0.067807,-0.129758,0.441909,-0.00402383,0.00976194,0.513159,-0.0238844,0.179137,0.576795,-0.0588037,0.276665,0.44014,0.149652,0.174977,0.496577,-0.254013,0.260205,0.201177,0.239665,0.208073,0.256245,-0.257155,0.375961,0.66124,-0.1024,-0.021808,-0.0316943,-0.782531,-0.021808,-0.0316943,-0.782531,0.676863,-0.398058,1.0091,1.10477,-1.81923,2.37998,-1.71973,0.402888,2.60105,0,0,-1.25785,0,0,1.1852,0.16841,0.238115,2.13821,0.380363,-0.518765,2.29569,0,0,-2.24818,0,0,-2.43646,-1.0031,0.557825,0.316786,1.12486,1.42297,0.882221,-0.101858,0.416356,-0.00807701,1,0.86294,-0.0155213,0.0714818,-0.499984,-0.0990056,0.108058,-1.05562,-0.533421,0.857154,-0.00218653,0.0263049,0.296798,-0.213249
0.996129,-0.0186655,0.0529116,-0.0676662,0.996129,-0.0186655,0.0529116,-0.0676662,0.943712,0.0303806,-0.307498,0.118025,0.812666,-0.420492,-0.193385,-0.354067,0.918167,0.357523,-0.0749567,-0.153391,0.989599,0,0,0.143855,0.927678,0,0,0.373382,0.783698,0.0139702,-0.162816,-0.59926,0.799344,0.0403478,0.0318983,-0.598668,0.843549,0,0,-0.537052,0.835979,0,0,-0.548762,0.523776,-0.212302,0.161071,0.8091,0.483542,0.150131,0.00266158,0.862346,-0.825427,0.251432,0.206637,-0.850019,0.251398,-0.033997,-0.637436,0.218811,0.201435,-0.668593,0.215967,-0.0551527,-0.328658,0.28799,0.128998,-0.355181,0.287505,-0.0673945,-0.146968,0.458032,-0.00433671,-0.00653383,0.52672,-0.02588,0.164621,0.5833,-0.0635301,0.267299,0.442863,0.143858,0.163996,0.499076,-0.257487,0.258029,0.204769,0.239415,0.208265,0.262404,-0.258711,0.363712,0.659978,-0.10931,0.0064447,-0.1059,-0.635924,0.0064447,-0.1059,-0.635924,0.569295,-0.314069,0.799896,1.48991,-1.81207,2.33772,-1.62583,0.4349,2.13407,0,0,-1.26461,0,0,1.1775,0.171311,0.170099,1.91727,0.258467,-0.325646,2.20671,0,0,-2.04471,0,0,-2.34632,-0.943411,-0.586161,0.194474,2.33192,1.10122,0.777742,-0.11232,0.423536,-0.0100254,1,0.860636,-0.0172522,0.0769908,-0.503071,-0.108088,0.11542,-1.06419,-0.516306,0.483694,-0.00938644,0.0602546,0.34417,-0.226689
0.995652,-0.0179587,0.0513592,-0.0756127,0.995652,-0.0179587,0.0513592,-0.0756127,0.940077,0.0360521,-0.313368,0.129441,0.833484,-0.385299,-0.227295,-0.324325,0.932003,0.33204,-0.0710811,-0.126756,0.991041,0,0,0.133554,0.917804,0,0,0.397034,0.80048,0.0167571,-0.166248,-0.575597,0.820886,0.0418251,0.0270875,-0.568914,0.827696,0,0,-0.561177,0.81616,0,0,-0.577826,0.518915,-0.231753,0.150286,0.80897,0.473771,0.195485,0.0135847,0.85857,-0.82662,0.245498,0.205974,-0.848512,0.243053,-0.0292379,-0.638742,0.211321,0.201427,-0.66772,0.206051,-0.0538767,-0.337625,0.285599,0.128866,-0.363913,0.28447,-0.0679747,-0.163531,0.462026,-0.00539081,-0.0221106,0.528027,-0.0281983,0.150439,0.578366,-0.0677995,0.25668,0.434131,0.139343,0.152182,0.492035,-0.260996,0.254036,0.197456,0.239717,0.206281,0.260023,-0.262187,0.351206,0.648385,-0.115253,0.0422852,-0.0927749,-0.478133,0.0422852,-0.0927749,-0.478133,0.349572,-0.382852,0.707987,2.4402,-2.06223,2.06164,-1.66971,0.259998,1.68044,0,0,-0.624079,0,0,1.53788,0.17372,-0.155701,1.76215,0.0739564,-0.323336,2.20263,0,0,-1.73215,0,0,-2.11079,-1.43163,-0.751846,0.11229,3.37613,0.802524,-0.00449884,-0.122782,0.419817,-0.0119737,1,0.857265,-0.0168698,0.0837835,-0.507732,-0.115181,0.126859,-1.07676,-0.496886,0.119826,-0.0316229,0.199762,0.349974,-0.351254
0.995624,-0.0165061,0.047166,-0.0789679,0.995624,-0.0165061,0.047166,-0.0789679,0.941086,0.0359302,-0.308905,0.132834,0.853163,-0.343893,-0.251049,-0.301373,0.940731,0.316194,-0.0647061,-0.10421,0.989888,0,0,0.141853,0.913298,0,0,0.407293,0.815611,0.0214839,-0.172087,-0.551999,0.841401,0.0403102,0.0248757,-0.538331,0.815174,0,0,-0.579216,0.798855,0,0,-0.601523,0.51806,-0.24832,0.143621,0.805806,0.473117,0.219146,0.0284387,0.852834,-0.829955,0.228431,0.204385,-0.84802,0.223241,-0.0253319,-0.641728,0.193832,0.200808,-0.667309,0.185932,-0.0530887,-0.34693,0.272911,0.128356,-0.372366,0.271069,-0.0695295,-0.179263,0.453953,-0.00693218,-0.0367394,0.517083,-0.0307229,0.136912,0.562559,-0.0711808,0.242964,0.417175,0.13717,0.142544,0.473491,-0.264525,0.244336,0.181614,0.239411,0.203961,0.244513,-0.266345,0.339254,0.626848,-0.119611,0.0872781,-0.251926,-0.201645,0.0872781,-0.251926,-0.201645,-0.00822724,0.279836,0.204917,2.7863,-1.39745,1.59417,-1.03105,0.403309,1.40348,0,0,0.502722,0,0,0.672285,0.296475,-0.314512,1.71455,-0.115785,-0.152994,2.20735,0,0,-1.31753,0,0,-1.76066,-1.19875,-0.475796,-0.206287,1.74127,1.09079,-0.402798,-0.133244,0.405198,-0.013922,1,0.852372,-0.0163235,0.0901858,-0.514842,-0.122141,0.137367,-1.09514,-0.471967,-0.242181,-0.0462411,0.182455,0.330072,-0.523966
0.995676,-0.0145964,0.0416326,-0.081752,0.995676,-0.0145964,0.0416326,-0.081752,0.946262,0.0307723,-0.294913,0.129101,0.858839,-0.343721,-0.244375,-0.290743,0.945326,0.310644,-0.0524935,-0.0842793,0.978825,0,0,0.204699,0.914319,0,0,0.404994,0.826962,0.0261443,-0.176942,-0.53305,0.856501,0.033357,0.0272994,-0.514343,0.80757,0,0,-0.589772,0.787026,0,0,-0.61692,0.527244,-0.242481,0.122345,0.805139,0.477743,0.213347,0.0360514,0.851437,-0.835646,0.19769,0.203449,-0.849593,0.191669,-0.0205036,-0.646672,0.164889,0.199233,-0.668986,0.155807,-0.0516984,-0.356374,0.249421,0.127373,-0.380937,0.247275,-0.0715653,-0.193869,0.434043,-0.00839282,-0.0505263,0.495027,-0.0326525,0.124079,0.536665,-0.0729797,0.226972,0.390776,0.135276,0.134774,0.444107,-0.267858,0.232622,0.152366,0.222557,0.200868,0.216179,-0.271221,0.328203,0.595181,-0.12189,0.114761,-0.332536,-0.167205,0.114761,-0.332536,-0.167205,-0.319033,0.888325,-0.242475,0.0548394,0.452544,0.708128,-0.369678,0.752636,1.22813,0,0,3.8294,0,0,-0.150951,0.291296,-0.263972,1.35297,-0.452171,0.144285,1.69667,0,0,-0.780608,0,0,-1.16504,0.489123,-1.56631,-0.276419,-0.45776,0.553463,-0.230502,-0.143705,0.379679,-0.0158704,1,0.848862,-0.0158547,0.0943263,-0.519889,-0.126644,0.144153,-1.10821,-0.438163,-0.597316,-0.0438192,0.121124,0.211324,-0.37315
0.99576,-0.0126618,0.0389095,-0.0823853,0.99576,-0.0126618,0.0389095,-0.0823853,0.954246,0.0263663,-0.276219,0.111458,0.874183,-0.332034,-0.228429,-0.270883,0.945426,0.316181,-0.0396716,-0.0680151,0.978349,0,0,0.206961,0.920055,0,0,0.39179,0.837946,0.0268386,-0.175745,-0.515984,0.866971,0.0196263,0.0364015,-0.49664,0.802482,0,0,-0.596676,0.781352,0,0,-0.62409,0.532829,-0.229484,0.10305,0.807967,0.476233,0.190271,0.0324821,0.857872,-0.841602,0.154787,0.202526,-0.853438,0.148506,-0.0139271,-0.652223,0.124714,0.196948,-0.673702,0.115586,-0.0495126,-0.365709,0.215085,0.125444,-0.39025,0.212863,-0.0741692,-0.207493,0.402316,-0.0103168,-0.0634501,0.46158,-0.0346633,0.111936,0.500684,-0.0741065,0.211318,0.352635,0.130187,0.128043,0.405567,-0.271107,0.215418,0.110969,0.207696,0.19627,0.176763,-0.276378,0.318465,0.552906,-0.122205,0.116268,-0.163689,-0.0379127,0.116268,-0.163689,-0.0379127,-0.273583,1.18812,-1.09649,0.849992,1.08272,1.34392,0.337779,0.783736,0.994174,0,0,0.13867,0,0,-0.863774,0.0374575,0.120678,1.21781,-0.87027,0.565301,1.23271,0,0,-0.51455,0,0,-0.5486,0.971224,-1.40114,0.064467,-1.6814,-0.259909,0.51345,-0.154167,0.343259,-0.0178187,1,0.846118,-0.0176443,0.0934454,-0.524444,-0.129499,0.140082,-1.11883,-0.408735,-0.951802,-0.0577202,-0.147013,0.0221585,-0.306608
0.996008,-0.0108477,0.0386076,-0.0797509,0.996008,-0.0108477,0.0386076,-0.0797509,0.962007,0.0246646,-0.258223,0.0851788,0.892867,-0.30868,-0.226223,-0.237336,0.943306,0.326163,-0.0258884,-0.0558762,0.985191,0,0,0.171459,0.926922,0,0,0.375254,0.851236,0.0264003,-0.167959,-0.496477,0.876625,0.00597098,0.0483576,-0.478701,0.79966,0,0,-0.600453,0.778504,0,0,-0.62764,0.54087,-0.208251,0.0822658,0.810755,0.470508,0.160624,0.0285973,0.867182,-0.85277,0.148391,0.207418,-0.863525,0.143947,-0.00348983,-0.662908,0.122175,0.199549,-0.684891,0.114291,-0.0422917,-0.379756,0.219489,0.128446,-0.404873,0.216866,-0.0710369,-0.225349,0.408289,-0.0068207,-0.0804052,0.465291,-0.0314605,0.0956667,0.502428,-0.0699373,0.19652,0.352711,0.130907,0.116737,0.405359,-0.269418,0.204064,0.109088,0.207821,0.185778,0.175028,-0.277307,0.304693,0.548056,-0.116499,0.10905,-0.0183275,0.158682,0.10905,-0.0183275,0.158682,-0.107646,1.13799,-1.61492,1.59007,0.231279,2.1993,0.624506,0.841221,0.739401,0,0,-2.16947,0,0,-1.0743,-0.0357983,0.544943,1.38816,-0.85898,0.740589,1.22947,0,0,-0.282901,0,0,-0.273049,1.56975,-1.50683,0.000967131,-2.14358,-0.279478,0.844126,-0.16878,0.34477,-0.0142359,1,0.841891,-0.0227835,0.0890174,-0.531768,-0.134504,0.125988,-1.13521,-0.535686,0.179187,0.104884,-0.445782,-0.0471401,-0.471355
0.99627,-0.00953446,0.0392159,-0.0762699,0.99627,-0.00953446,0.0392159,-0.0762699,0.968302,0.0239486,-0.242005,0.0570231,0.899219,-0.310189,-0.229099,-0.206642,0.942357,0.331205,-0.0129513,-0.0458125,0.986445,0,0,0.164093,0.931624,0,0,0.363424,0.86415,0.0222058,-0.158652,-0.477054,0.88567,-0.00363539,0.0550665,-0.461025,0.798856,0,0,-0.601522,0.776647,0,0,-0.629936,0.543335,-0.195794,0.0609343,0.814088,0.464025,0.133273,0.0329838,0.875118,-0.862567,0.143496,0.215128,-0.873008,0.142,0.00378259,-0.67252,0.121404,0.20399,-0.695048,0.115081,-0.0356884,-0.392398,0.225495,0.131828,-0.41778,0.222242,-0.0668271,-0.241148,0.415134,-0.00289305,-0.0951605,0.469534,-0.0275469,0.0816131,0.504681,-0.0649065,0.186827,0.354037,0.134491,0.107168,0.406196,-0.266674,0.204776,0.109491,0.207732,0.177478,0.175111,-0.277689,0.292865,0.543447,-0.109646,0.0789514,0.0363415,0.209542,0.0789514,0.0363415,0.209542,-0.0466136,1.01689,-1.71845,-0.0509859,-0.147314,1.93895,0.314967,0.790981,0.614586,0,0,-0.448289,0,0,-0.763802,-0.271402,0.633999,1.36552,-0.600595,0.408965,1.19847,0,0,-0.08026,0,0,-0.177147,0.902668,-1.52519,0.176859,-1.98199,0.329412,0.769157,-0.181172,0.34737,-0.00989316,1,0.836843,-0.0274868,0.0833177,-0.540367,-0.137306,0.109963,-1.15429,-0.473947,0.205352,0.11783,-0.472276,-0.122647,-0.562505
0.996579,-0.00822452,0.0389803,-0.0724136,0.996579,-0.00822452,0.0389803,-0.0724136,0.973349,0.0231523,-0.226427,0.0280254,0.897275,-0.329008,-0.226594,-0.187898,0.942718,0.331422,0.000845033,-0.0379717,0.984935,0,0,0.172925,0.934293,0,0,0.356506,0.877223,0.0197491,-0.149626,-0.455743,0.895417,-0.00802381,0.0587779,-0.441258,0.796047,0,0,-0.605235,0.775159,0,0,-0.631766,0.54142,-0.202657,0.0604923,0.813717,0.457384,0.107323,0.049012,0.881408,-0.86965,0.143754,0.219608,-0.880771,0.142664,0.00729166,-0.679349,0.124338,0.207684,-0.702999,0.118342,-0.0306296,-0.40255,0.233856,0.135331,-0.428212,0.230062,-0.06225,-0.254374,0.424008,0.00139236,-0.10721,0.475215,-0.0234103,0.070304,0.507829,-0.0598073,0.177817,0.357145,0.139215,0.0994658,0.407498,-0.263762,0.203235,0.112064,0.20689,0.170889,0.176212,-0.278032,0.283434,0.538927,-0.102917,0.0787452,-0.0143983,0.232111,0.0787452,-0.0143983,0.232111,-0.0506808,0.968086,-1.76138,-1.18257,0.145973,1.15606,0.0107673,0.844053,0.479987,0,0,0.537623,0,0,-0.444933,-0.160202,0.611054,1.47251,-0.272111,0.219038,1.32749,0,0,-0.279373,0,0,-0.141562,-0.50046,-0.0279662,0.0207905,-1.8893,1.19221,0.656771,-0.19125,0.351756,-0.00567284,1,0.830399,-0.0321058,0.0785492,-0.550669,-0.140933,0.0952389,-1.17784,-0.396786,0.266218,0.128562,-0.448675,-0.0744486,-0.695304
0.996668,-0.00584153,0.0380936,-0.0718797,0.996668,-0.00584153,0.0380936,-0.0718797,0.976777,0.0213816,-0.213109,0.00578496,0.899825,-0.331661,-0.228339,-0.167857,0.942578,0.332616,0.0144498,-0.0265408,0.985008,0,0,0.172507,0.937763,0,0,0.347275,0.888058,0.02469,-0.14447,-0.435744,0.904158,-0.00661133,0.0567528,-0.42336,0.795591,0,0,-0.605834,0.776973,0,0,-0.629534,0.542766,-0.194832,0.0549337,0.815125,0.455365,0.0881316,0.0606163,0.883856,-0.874352,0.144974,0.219846,-0.886784,0.144825,0.00864352,-0.683759,0.129552,0.208265,-0.708362,0.124162,-0.0264938,-0.409112,0.24526,0.13812,-0.43499,0.241323,-0.0572601,-0.263512,0.43585,0.00540073,-0.115177,0.483517,-0.0195353,0.0632917,0.511914,-0.0548337,0.170552,0.360158,0.144427,0.0959945,0.4094,-0.260731,0.199159,0.114897,0.210223,0.166933,0.177234,-0.278015,0.277978,0.533865,-0.0962701,0.143153,-0.0533315,0.0322002,0.143153,-0.0533315,0.0322002,-0.108694,0.821172,-1.34681,-0.146486,-0.0957785,1.25472,0.0739903,0.832282,0.699182,0,0,-0.0254835,0,0,-0.591712,0.303317,0.357135,1.3556,0.0890875,-0.136694,1.1933,0,0,-0.0451647,0,0,0.172595,0.565594,-0.398401,0.0670841,-1.41293,0.861978,0.240103,-0.197874,0.358005,-0.00180292,1,0.823938,-0.0354917,0.0761282,-0.56042,-0.14485,0.0857744,-1.20082,-0.274141,0.355248,0.120251,-0.307097,0.00291006,-0.67867
0.996313,-0.00392738,0.0398329,-0.0758844,0.996313,-0.00392738,0.0398329,-0.0758844,0.978185,0.0221204,-0.206452,-0.00647819,0.904218,-0.325684,-0.23506,-0.145142,0.941957,0.334615,0.0256027,-0.00967304,0.986397,0,0,0.164384,0.941093,0,0,0.338147,0.896725,0.0347223,-0.140269,-0.418333,0.910117,-0.00664547,0.0549606,-0.410637,0.801535,0,0,-0.597948,0.787578,0,0,-0.616215,0.550693,-0.163639,0.0449135,0.817278,0.457553,0.0814571,0.0539984,0.883795,-0.877423,0.145866,0.217177,-0.892373,0.146953,0.0117468,-0.686418,0.137485,0.206144,-0.71287,0.133198,-0.0218634,-0.411903,0.261642,0.140028,-0.438289,0.25788,-0.0522129,-0.267443,0.451954,0.00907984,-0.117872,0.495419,-0.015858,0.06163,0.517109,-0.0503994,0.16714,0.36157,0.148615,0.0965649,0.412703,-0.257983,0.195265,0.115896,0.214468,0.165008,0.17912,-0.278091,0.277428,0.527929,-0.090416,0.114948,0.104756,-0.241088,0.114948,0.104756,-0.241088,0.0440414,0.408481,-0.741353,0.402119,-0.394877,1.42416,0.126676,0.682614,1.03177,0,0,-0.494474,0,0,-0.582955,0.61888,0.288484,1.16468,-0.00126218,-0.118176,0.84155,0,0,0.59249,0,0,1.02148,2.26093,-0.724457,-0.041815,-0.499814,-0.493627,-0.0685762,-0.200531,0.366743,0.00158955,1,0.81754,-0.0385034,0.0728204,-0.56995,-0.146906,0.075248,-1.22316,-0.117943,0.483127,0.110374,-0.317279,-0.0533259,-0.665509
0.995822,-0.00171986,0.0431274,-0.0804726,0.995822,-0.00171986,0.0431274,-0.0804726,0.97908,0.0199247,-0.201872,-0.0159327,0.907331,-0.320677,-0.241766,-0.124363,0.940888,0.336721,0.0362378,0.00597936,0.987616,0,0,0.156893,0.945194,0,0,0.32651,0.903753,0.0457611,-0.130722,-0.405029,0.914373,-0.0118817,0.0571611,-0.400641,0.816772,0,0,-0.576961,0.806747,0,0,-0.590897,0.561839,-0.12513,0.0406741,0.816716,0.470387,0.0624107,0.0528543,0.878662,-0.881184,0.147405,0.212437,-0.897838,0.148905,0.0161435,-0.689783,0.149145,0.201414,-0.716806,0.145336,-0.0162882,-0.412544,0.283796,0.139747,-0.438756,0.279778,-0.0478994,-0.266416,0.472071,0.0117096,-0.115471,0.510336,-0.0131248,0.0649593,0.523895,-0.046619,0.16658,0.363725,0.152537,0.101175,0.417396,-0.255736,0.191377,0.117465,0.218755,0.164194,0.181476,-0.278907,0.281242,0.522271,-0.0853568,0.132597,0.198338,-0.276425,0.132597,0.198338,-0.276425,-0.13307,0.280499,-0.571143,0.331932,-0.399455,1.29652,0.136398,0.651563,0.957881,0,0,-0.455369,0,0,-0.74031,0.679137,0.613344,0.888684,-0.322851,0.13091,0.655034,0,0,1.5562,0,0,1.90547,2.77538,-0.31448,-0.311488,-1.43435,-0.106884,-0.750202,-0.199882,0.378311,0.00409828,1,0.809502,-0.0427977,0.0676938,-0.581629,-0.14885,0.0598475,-1.25054,0.0308305,0.603521,0.078893,-0.455573,-0.0964841,-0.817162
0.995524,-0.000855526,0.0453235,-0.0829256,0.995524,-0.000855526,0.0453235,-0.0829256,0.980177,0.0137771,-0.195627,-0.0281779,0.905249,-0.329311,-0.244856,-0.110111,0.939591,0.338494,0.0468116,0.0199778,0.986249,0,0,0.165266,0.949241,0,0,0.31455,0.910496,0.0519416,-0.115925,-0.393524,0.917036,-0.0220649,0.0591457,-0.393777,0.841466,0,0,-0.54031,0.837737,0,0,-0.546074,0.584357,-0.10083,0.0453609,0.80393,0.488716,0.0368333,0.0584413,0.869704,-0.885683,0.150813,0.207073,-0.904246,0.151235,0.0202115,-0.693487,0.165915,0.194767,-0.722014,0.162637,-0.0107032,-0.411076,0.313175,0.136328,-0.437242,0.309865,-0.0447423,-0.260044,0.497407,0.0127532,-0.107463,0.528785,-0.0115301,0.0736143,0.533115,-0.0437749,0.169655,0.368859,0.156123,0.110269,0.423576,-0.253986,0.190009,0.121914,0.2199,0.166313,0.185074,-0.279563,0.289439,0.517682,-0.0818204,0.0519273,0.132222,-0.147879,0.0519273,0.132222,-0.147879,-0.371761,0.381698,-0.739247,-0.549426,-0.20241,0.877552,0.117775,0.648507,0.857404,0,0,0.509078,0,0,-0.757555,0.375646,0.934258,0.770607,-0.627792,0.119221,0.446485,0,0,2.65183,0,0,3.27,1.78359,0.301193,-1.43442,-1.90185,0.376035,-1.17382,-0.195775,0.393964,0.00531618,1,0.797475,-0.0456421,0.0614643,-0.598475,-0.147034,0.0434147,-1.29079,0.191146,0.760083,0.0313077,-0.454892,-0.197729,-1.21049
0.995378,-0.000632061,0.0448836,-0.0848981,0.995378,-0.000632061,0.0448836,-0.0848981,0.981901,0.010366,-0.186219,-0.0329493,0.904033,-0.334266,-0.248214,-0.0968553,0.937295,0.341888,0.0579208,0.0351598,0.984125,0,0,0.177476,0.952846,0,0,0.303455,0.91833,0.0570775,-0.100992,-0.378434,0.918528,-0.0294774,0.0546235,-0.390452,0.869389,0,0,-0.494128,0.878159,0,0,-0.478369,0.628357,-0.0679205,0.061326,0.772524,0.519815,0.0238546,0.0489017,0.852544,-0.881431,0.21348,0.200953,-0.905658,0.211649,0.0247161,-0.688045,0.244427,0.186676,-0.723258,0.243626,-0.00483615,-0.400701,0.406523,0.131123,-0.42964,0.4069,-0.0412666,-0.244173,0.585994,0.0128655,-0.0900211,0.608534,-0.0111316,0.0910605,0.601619,-0.0427258,0.180014,0.43323,0.15817,0.126354,0.487991,-0.253834,0.193522,0.185859,0.21989,0.173579,0.246821,-0.281102,0.305374,0.571554,-0.080432,0.0134261,-0.0262994,-0.118777,0.0134261,-0.0262994,-0.118777,-0.20639,0.574742,-0.287041,-0.31586,-0.214566,0.818931,0.22432,0.6831,0.931413,0,0,0.743578,0,0,-0.700018,0.3081,0.940712,0.99703,-0.456532,-0.280838,0.217662,0,0,3.2384,0,0,4.73246,2.38835,1.04095,-3.16277,-0.969651,-0.743433,-2.08605,-0.183696,0.47112,0.00538393,1,0.780833,-0.0461422,0.0591116,-0.620223,-0.145991,0.0350828,-1.34509,0.476118,2.6576,0.0033682,-0.234217,-0.0928095,-1.63015
0.995046,0.0013834,0.0460545,-0.088095,0.995046,0.0013834,0.0460545,-0.088095,0.983179,0.00432142,-0.181438,-0.0205079,0.900189,-0.341748,-0.258315,-0.0783709,0.936119,0.340978,0.0678811,0.0529878,0.981884,0,0,0.189481,0.955718,0,0,0.294284,0.929048,0.0581757,-0.0841514,-0.355533,0.921462,-0.0326152,0.0458876,-0.384367,0.896294,0,0,-0.44346,0.917882,0,0,-0.396853,0.694927,-0.0442655,0.110183,0.709208,0.579313,0.0220936,0.0265581,0.814373,-0.873954,0.264629,0.192706,-0.904659,0.260586,0.0284934,-0.678805,0.312874,0.178333,-0.723005,0.316609,0.000319006,-0.388847,0.491977,0.125352,-0.422216,0.49788,-0.0374222,-0.227711,0.666219,0.0127872,-0.0723191,0.677584,-0.0108152,0.107807,0.656296,-0.0411396,0.187343,0.481149,0.160719,0.140852,0.539213,-0.253309,0.192918,0.233433,0.219844,0.176244,0.29559,-0.283273,0.319599,0.610868,-0.0781756,0.121124,0.0706714,-0.192699,0.121124,0.0706714,-0.192699,-0.364991,0.293314,0.751556,-0.492341,-0.647763,1.13943,-0.0472985,0.612114,1.09392,0,0,0.732734,0,0,-0.576596,0.0544732,1.05806,1.49382,-0.191512,-0.541742,0.399432,0,0,3.4426,0,0,5.44261,1.70549,3.16163,-5.62244,-0.166171,-1.6547,-4.20169,-0.171616,0.537376,0.00545167,1,0.759243,-0.0460843,0.0581339,-0.646565,-0.145728,0.0286865,-1.41293,0.493864,2.40676,-0.00234804,-0.186905,-0.0443282,-2.03539
0.994432,0.00554514,0.0484153,-0.0934337,0.994432,0.00554514,0.0484153,-0.0934337,0.983153,-0.0142558,-0.181945,0.0101239,0.895989,-0.347368,-0.272533,-0.0475873,0.935385,0.334727,0.0825642,0.0787131,0.981136,0,0,0.193317,0.958702,0,0,0.284414,0.944631,0.0494631,-0.0630776,-0.318194,0.928055,-0.0401415,0.0397672,-0.368131,0.914857,0,0,-0.403779,0.947854,0,0,-0.318704,0.747709,-0.0147829,0.158336,0.644704,0.653621,0.0194286,0.00134693,0.756571,-0.856695,0.30764,0.182831,-0.895248,0.301119,0.0319162,-0.661836,0.371423,0.168631,-0.715917,0.38058,0.00394644,-0.374291,0.568184,0.11823,-0.413117,0.580086,-0.0353638,-0.212068,0.738141,0.0116646,-0.0561713,0.736363,-0.0107201,0.121456,0.697732,-0.0379373,0.188547,0.515124,0.165512,0.154468,0.575762,-0.251212,0.185908,0.267191,0.223081,0.17816,0.330409,-0.28475,0.329368,0.63638,-0.0740781,0.250186,0.142476,-0.322002,0.250186,0.142476,-0.322002,-1.12093,-0.0306741,1.84829,-0.380574,-0.90757,1.90668,-0.37813,0.901515,1.57847,0,0,0.234496,0,0,-0.618691,-0.551709,1.3159,2.39923,-0.458157,-0.382727,1.05212,0,0,2.62872,0,0,5.02347,1.99395,3.01185,-5.18408,-0.227503,-1.77122,-5.6341,-0.159536,0.592732,0.00551942,1,0.733635,-0.0468484,0.054349,-0.675745,-0.142694,0.0164302,-1.48987,0.469303,2.15766,-0.0336794,-0.354318,-0.134172,-2.31019
0.993262,0.00694872,0.0477762,-0.105353,0.993262,0.00694872,0.0477762,-0.105353,0.980823,-0.0271077,-0.18219,0.0637092,0.893169,-0.344276,-0.289337,-0.00279876,0.932247,0.326035,0.103642,0.117789,0.981233,0,0,0.192828,0.961011,0,0,0.276511,0.963023,0.0359768,-0.0501329,-0.262258,0.939856,-0.0573216,0.0367338,-0.334717,0.91392,0,0,-0.405894,0.959072,0,0,-0.283161,0.727634,-0.0250161,0.209486,0.652717,0.699218,0.0276111,-0.0159759,0.714196,-0.822978,0.347324,0.169355,-0.873127,0.338882,0.0330722,-0.632494,0.418865,0.15831,-0.696876,0.432784,0.00366679,-0.354495,0.629226,0.111958,-0.39907,0.64707,-0.036273,-0.198989,0.800363,0.011384,-0.0436803,0.786017,-0.00915015,0.128972,0.728691,-0.0338499,0.184778,0.53895,0.170555,0.161889,0.599703,-0.248549,0.176451,0.290941,0.22736,0.177876,0.353621,-0.28555,0.331589,0.652765,-0.0694595,0.0845349,-0.0372932,-0.718941,0.0845349,-0.0372932,-0.718941,-0.776762,-0.0233946,3.23631,0.171065,-1.06246,2.78437,-0.511442,1.29948,2.4042,0,0,-0.029895,0,0,-0.493953,-0.838185,0.810482,3.51968,-1.04199,-0.195651,2.13772,0,0,-0.1388,0,0,2.23639,-0.684041,3.46156,0.853831,0.523494,-1.15961,-3.74719,-0.147457,0.637188,0.00558717,1,0.710369,-0.0423994,0.0510265,-0.700696,-0.132142,0.0130774,-1.55795,0.392367,1.86665,-0.00841708,-0.0856548,-0.320962,-2.04721
0.992052,0.0105656,0.0446466,-0.117163,0.992052,0.0105656,0.0446466,-0.117163,0.974086,-0.0333145,-0.17952,0.133492,0.888089,-0.338261,-0.307339,0.0492023,0.926056,0.314259,0.131491,0.162396,0.980942,0,0,0.194301,0.962662,0,0,0.270705,0.981803,0.0326163,-0.0416761,-0.182379,0.961327,-0.0680916,0.0346379,-0.264603,0.896856,0,0,-0.442323,0.948834,0,0,-0.315774,0.692344,-0.0471026,0.202185,0.691059,0.691354,0.0616424,-0.0348719,0.719037,-0.776877,0.380236,0.156035,-0.835954,0.374364,0.034009,-0.590242,0.454715,0.147109,-0.662155,0.470469,0.000606154,-0.328867,0.676598,0.107614,-0.377545,0.695842,-0.038316,-0.189537,0.852466,0.0128847,-0.0360753,0.825555,-0.00726857,0.12941,0.750032,-0.0302049,0.176061,0.554963,0.175655,0.162232,0.612642,-0.246873,0.166068,0.307055,0.232298,0.174633,0.366553,-0.287851,0.325962,0.662818,-0.0645837,0.217761,-0.187114,-0.713091,0.217761,-0.187114,-0.713091,-0.379375,0.136602,4.23224,0.336701,-1.15448,3.24162,-0.681697,1.72696,2.75984,0,0,0.0901073,0,0,-0.362233,-0.216683,0.529764,4.92275,-0.629039,-0.143815,4.41152,0,0,-2.41384,0,0,-2.05105,-1.50305,-0.299472,3.16159,2.28752,-1.27028,0.470794,-0.135377,0.670744,0.00565492,1,0.685569,-0.0399968,0.0536418,-0.724926,-0.133022,0.0155613,-1.62763,0.283554,1.56309,0.0450204,0.0750963,0.0247507,-2.08982
0.990593,0.0170992,0.0447173,-0.128194,0.990593,0.0170992,0.0447173,-0.128194,0.96329,-0.0472766,-0.179285,0.194152,0.876148,-0.340805,-0.327448,0.094841,0.915885,0.305759,0.161218,0.204145,0.979702,0,0,0.200459,0.967144,0,0,0.254229,0.994734,0.0313779,-0.0322737,-0.092079,0.982023,-0.0657822,0.0299783,-0.17437,0.868945,0,0,-0.494909,0.92167,0,0,-0.387975,0.647024,-0.0590164,0.161413,0.742848,0.639709,0.0999513,-0.059631,0.759754,-0.720159,0.400698,0.143613,-0.784951,0.399932,0.033364,-0.538136,0.477425,0.135061,-0.614164,0.491682,-0.00476378,-0.300063,0.710034,0.102993,-0.350406,0.725937,-0.0414398,-0.184304,0.891371,0.014093,-0.0331281,0.85443,-0.00565407,0.12491,0.764186,-0.0256208,0.162674,0.565423,0.182639,0.16108,0.619412,-0.244155,0.153767,0.317657,0.238641,0.171816,0.373122,-0.291027,0.315092,0.668249,-0.0581729,0.393556,0.00557201,-0.667363,0.393556,0.00557201,-0.667363,-0.855508,-0.0254992,3.71441,-0.248272,-1.33983,2.87023,-0.456642,1.86394,2.61287,0,0,0.376854,0,0,-1.02448,-0.082949,0.576016,5.47513,0.168232,-0.295937,5.55873,0,0,-3.57258,0,0,-4.62968,-0.869892,-2.53762,4.36937,2.70696,-1.74264,3.78125,-0.123297,0.6934,0.00572266,1,0.665543,-0.0412958,0.054988,-0.743184,-0.13714,0.0118133,-1.68173,0.157006,1.16715,0.0362506,-0.10171,0.132529,-1.6213
0.988853,0.0237979,0.0449288,-0.139947,0.988853,0.0237979,0.0449288,-0.139947,0.950957,-0.0634847,-0.180468,0.243066,0.860489,-0.347488,-0.347524,0.134305,0.903934,0.29749,0.190729,0.240883,0.977824,0,0,0.20943,0.972271,0,0,0.233859,0.999195,0.0290682,-0.027618,0.00150103,0.994368,-0.0702356,0.0273513,-0.0744998,0.835915,0,0,-0.548858,0.880807,0,0,-0.473476,0.593349,-0.0750555,0.151742,0.786942,0.580885,0.117679,-0.0604521,0.803162,-0.653313,0.404775,0.131708,-0.720545,0.410958,0.029902,-0.477584,0.485793,0.124749,-0.553611,0.49837,-0.012485,-0.269873,0.730067,0.098964,-0.319567,0.741163,-0.0465669,-0.183613,0.915983,0.0155066,-0.0344614,0.87227,-0.0036184,0.116711,0.770947,-0.0204978,0.147523,0.569784,0.190048,0.157693,0.620001,-0.240796,0.142192,0.322099,0.244658,0.169065,0.373809,-0.294598,0.300751,0.668423,-0.0514777,0.404021,0.0143032,-0.712305,0.404021,0.0143032,-0.712305,-1.00077,-0.11795,3.03331,-0.539771,-1.37825,2.51762,-0.433984,1.87113,2.33024,0,0,0.549965,0,0,-1.26035,-0.141424,0.2823,5.62454,-0.251305,-0.165387,6.04693,0,0,-3.79604,0,0,-5.68795,-1.2072,-0.431886,4.19114,1.40889,-0.156708,4.30613,-0.111217,0.705156,0.00579041,1,0.65307,-0.0412943,0.0565121,-0.754056,-0.139625,0.0115365,-1.71489,0.0207142,0.73837,0.0424074,0.00124609,0.0750126,-0.994168
0.986885,0.0299995,0.0449131,-0.152122,0.986885,0.0299995,0.0449131,-0.152122,0.940096,-0.0661792,-0.17859,0.282747,0.843892,-0.355797,-0.36638,0.164377,0.892932,0.287596,0.215119,0.271451,0.974645,0,0,0.223757,0.975366,0,0,0.220593,0.994549,0.0366018,-0.0268599,0.0938699,0.996085,-0.0783709,0.0287311,0.0291081,0.803045,0,0,-0.595919,0.833314,0,0,-0.5528,0.55203,-0.0913347,0.154339,0.814309,0.533867,0.0990955,-0.0340667,0.83905,-0.577645,0.390905,0.120159,-0.643587,0.40298,0.0227363,-0.409741,0.481062,0.116811,-0.482616,0.491808,-0.0220049,-0.239031,0.737986,0.098054,-0.287341,0.744393,-0.0520637,-0.187464,0.925309,0.0186448,-0.0397431,0.878308,-0.00123296,0.105961,0.769661,-0.0167528,0.134111,0.567335,0.195745,0.150271,0.613911,-0.238564,0.134646,0.319965,0.248201,0.16503,0.368281,-0.297601,0.285314,0.663218,-0.0458228,0.37468,0.000840683,-0.739298,0.37468,0.000840683,-0.739298,-0.179392,0.074042,2.4848,-0.656644,-1.32462,1.95489,-0.544641,1.56356,1.96006,0,0,0.880515,0,0,-0.817349,0.455549,0.0429996,5.55237,-0.486337,0.0819537,6.22716,0,0,-3.44472,0,0,-5.54926,-1.24602,0.368212,2.89588,-1.16381,1.80182,3.69154,-0.0991377,0.706012,0.00585816,1,0.648939,-0.0438739,0.0613082,-0.757096,-0.150354,0.0131376,-1.72533,-0.115511,0.279778,0.0941463,0.0953768,0.311117,-0.309116
0.984906,0.0337653,0.0458805,-0.163446,0.984906,0.0337653,0.0458805,-0.163446,0.932223,-0.0608739,-0.17838,0.308925,0.831966,-0.360084,-0.381991,0.179597,0.885632,0.280604,0.226657,0.29248,0.971744,0,0,0.236037,0.976796,0,0,0.214172,0.982593,0.0481369,-0.0295165,0.17698,0.988062,-0.0838124,0.0284259,0.126102,0.774814,0,0,-0.632189,0.786996,0,0,-0.616958,0.524049,-0.107245,0.150294,0.831434,0.500418,0.097918,-0.0299227,0.859709,-0.496438,0.360168,0.109818,-0.558658,0.377629,0.0142708,-0.339241,0.464539,0.110967,-0.40628,0.474452,-0.0331386,-0.210611,0.733295,0.0993807,-0.255919,0.736262,-0.0570858,-0.195441,0.917455,0.0226848,-0.0478726,0.871517,0.00163184,0.0954142,0.760317,-0.0142035,0.124308,0.556745,0.199207,0.142397,0.603107,-0.237056,0.130848,0.309876,0.249994,0.161927,0.358119,-0.298893,0.27276,0.653511,-0.042244,0.228295,0.0601338,-0.688932,0.228295,0.0601338,-0.688932,0.314737,-0.0167773,1.65403,-0.369802,-1.09292,1.01295,-0.390314,0.754369,1.35559,0,0,0.757076,0,0,-0.394666,0.704979,-0.166808,5.03838,-0.340451,-0.0137448,5.84759,0,0,-2.75792,0,0,-4.74903,-1.22007,-0.159105,1.92227,0.0175702,0.265203,2.37051,-0.087058,0.695968,0.00592591,1,0.655406,-0.0460094,0.0664035,-0.750944,-0.160758,0.0179425,-1.7079,-0.239339,-0.235622,0.121199,0.187962,0.287812,0.527734
0.9825,0.033358,0.0471966,-0.177072,0.9825,0.033358,0.0471966,-0.177072,0.928298,-0.0547916,-0.177416,0.322156,0.825586,-0.365123,-0.390627,0.180288,0.881865,0.279751,0.229378,0.302388,0.969423,0,0,0.245395,0.977947,0,0,0.208853,0.968081,0.058613,-0.0315084,0.241642,0.973819,-0.0933975,0.0301715,0.205045,0.752546,0,0,-0.658539,0.744868,0,0,-0.667212,0.507277,-0.127286,0.139898,0.840771,0.476884,0.12092,-0.0304367,0.870077,-0.412852,0.316098,0.0999799,-0.470518,0.339146,0.00633337,-0.270067,0.437829,0.106552,-0.329722,0.448222,-0.0444674,-0.186884,0.715187,0.101222,-0.227193,0.715285,-0.0628633,-0.206342,0.89132,0.0256277,-0.0572552,0.851946,0.00471297,0.0871741,0.74301,-0.0116141,0.119155,0.53893,0.202067,0.136993,0.58645,-0.234829,0.130554,0.292557,0.251421,0.161455,0.341869,-0.297727,0.265266,0.639096,-0.0393672,-0.0229401,0.0816707,-0.830339,-0.0229401,0.0816707,-0.830339,0.368858,0.044477,0.839037,-0.374218,-0.606799,0.0704758,-0.0300351,0.188795,0.643295,0,0,0.578494,0,0,-0.326521,0.649594,-0.129541,3.97394,-0.604426,0.113884,4.81482,0,0,-2.07006,0,0,-3.93527,-1.50537,-0.673466,1.10918,1.75961,-0.0602216,1.40767,-0.0749783,0.675024,0.00599365,1,0.676737,-0.0463319,0.0650259,-0.731882,-0.158588,0.0201933,-1.65066,-0.327023,-0.784054,0.0882881,0.0600891,-0.0720186,1.71603
0.979461,0.0335034,0.0491559,-0.192659,0.979461,0.0335034,0.0491559,-0.192659,0.93102,-0.0520595,-0.174996,0.31602,0.821783,-0.381111,-0.390578,0.163938,0.882906,0.287831,0.223805,0.295873,0.967701,0,0,0.252101,0.979637,0,0,0.200777,0.956946,0.0666489,-0.0326116,0.280622,0.959806,-0.100851,0.0360637,0.259426,0.714603,0,0,-0.69953,0.707917,0,0,-0.706295,0.511486,-0.150327,0.138297,0.83466,0.463463,0.129796,-0.0232789,0.876249,-0.344658,0.275962,0.0931931,-0.383077,0.288004,-0.00280305,-0.210809,0.408182,0.104532,-0.256803,0.411569,-0.0554078,-0.167242,0.679725,0.103304,-0.202438,0.678215,-0.0684926,-0.218364,0.844611,0.0278142,-0.0667471,0.818924,0.00725534,0.0831075,0.718567,-0.00925542,0.120823,0.515345,0.203978,0.137273,0.564774,-0.231816,0.136498,0.269149,0.250717,0.16615,0.32018,-0.294548,0.265442,0.621189,-0.0367326,0.0108436,0.12128,-0.95265,0.0108436,0.12128,-0.95265,0.170958,0.15888,-0.395387,-1.05284,-0.0313258,-1.02791,0.498288,-0.353373,-0.413828,0,0,0.415458,0,0,-0.495054,0.502648,-0.0743946,2.42845,-0.480167,0.367028,3.36632,0,0,-3.35183,0,0,-3.22753,-1.64658,-0.134045,-0.551983,0.707451,0.514408,0.836455,-0.0628985,0.64318,0.0060614,1,0.714739,-0.047889,0.0620573,-0.694984,-0.155376,0.0221473,-1.5445,-0.360656,-1.40127,0.0655961,0.0560449,-0.0979011,3.18282
0.976793,0.0346098,0.0507805,-0.205179,0.976793,0.0346098,0.0507805,-0.205179,0.940479,-0.0496084,-0.177861,0.285313,0.819522,-0.409794,-0.37996,0.126816,0.888253,0.309977,0.208482,0.267312,0.966733,0,0,0.255789,0.981888,0,0,0.189464,0.952235,0.0682844,-0.0378004,0.295224,0.95251,-0.0984521,0.0414534,0.285155,0.654059,0,0,-0.756444,0.670353,0,0,-0.742042,0.514146,-0.166817,0.128592,0.831438,0.447112,0.0940444,0.00496217,0.889507,-0.299051,0.240148,0.0925613,-0.309684,0.231494,-0.0141422,-0.165985,0.373732,0.10563,-0.195838,0.365358,-0.0638227,-0.1497,0.624936,0.105423,-0.181419,0.622822,-0.0720383,-0.228161,0.777314,0.0294189,-0.0748613,0.771734,0.00912558,0.0841031,0.68761,-0.00777072,0.131013,0.486537,0.20365,0.143495,0.540355,-0.229184,0.150648,0.240086,0.246008,0.175348,0.295357,-0.291247,0.274393,0.601611,-0.035306,0.0687244,0.100908,-0.76748,0.0687244,0.100908,-0.76748,0.160436,-0.140514,-1.94292,-1.85268,0.657876,-2.36317,1.34672,-0.981522,-1.81526,0,0,0.228773,0,0,-0.692077,0.10624,-0.319567,0.91777,0.130993,0.334056,1.60787,0,0,-4.98714,0,0,-3.1116,-1.1766,-0.711293,-0.301628,-2.58493,2.08492,1.4602,-0.0508188,0.600436,0.00612915,1,0.762904,-0.0483331,0.0607664,-0.641833,-0.152412,0.0306791,-1.40119,-0.293897,-2.01892,0.048141,0.263647,-0.0635079,4.29682
0.975473,0.0326513,0.0512016,-0.211577,0.975473,0.0326513,0.0512016,-0.211577,0.954019,-0.0452946,-0.181993,0.233827,0.814747,-0.451331,-0.357831,0.0666661,0.890019,0.354567,0.186207,0.217889,0.965158,0,0,0.261666,0.986043,0,0,0.16649,0.95525,0.0603613,-0.0456538,0.285954,0.954543,-0.0845968,0.0469164,0.281939,0.576428,0,0,-0.817148,0.606999,0,0,-0.794702,0.51178,-0.17144,0.105816,0.835161,0.445961,0.0939286,-0.00912787,0.890063,-0.274316,0.200891,0.0963692,-0.270955,0.181319,-0.0190904,-0.135085,0.327947,0.108424,-0.155336,0.313675,-0.0685127,-0.132412,0.549797,0.106441,-0.160253,0.547193,-0.0739066,-0.231948,0.691185,0.0293346,-0.0797389,0.710096,0.0104929,0.0895134,0.650096,-0.00685535,0.149198,0.453662,0.202045,0.153951,0.513333,-0.226877,0.172269,0.206977,0.238492,0.186973,0.267402,-0.289039,0.290034,0.581906,-0.0348416,-0.117551,0.0268382,-0.392583,-0.117551,0.0268382,-0.392583,0.27689,-0.201529,-3.218,-2.70415,1.37402,-3.83567,2.76603,-1.39583,-3.0895,0,0,0.365051,0,0,-1.40084,-0.486886,-0.475997,-0.583158,0.848305,0.331085,-0.207924,0,0,-5.9152,0,0,-4.94434,-0.345978,-1.6345,0.330063,-0.00498037,-1.04686,0.075647,-0.0387391,0.546792,0.0061969,1,0.813766,-0.0441414,0.0569378,-0.57671,-0.138073,0.0417667,-1.23596,-0.113612,-2.58388,-0.00253016,0.429863,-0.333649,4.94112
0.976423,0.028999,0.0525264,-0.207362,0.976423,0.028999,0.0525264,-0.207362,0.968637,-0.048245,-0.176021,0.168614,0.806562,-0.496567,-0.320695,-0.00584105,0.886699,0.406278,0.159834,0.152175,0.963002,0,0,0.269495,0.989621,0,0,0.1437,0.963335,0.0503859,-0.0486794,0.258993,0.961896,-0.0698472,0.054012,0.258766,0.498994,0,0,-0.866605,0.52251,0,0,-0.852633,0.498793,-0.174418,0.0765655,0.84553,0.415962,0.0732326,-0.0117724,0.906352,-0.262352,0.150979,0.101244,-0.259855,0.13526,-0.0189952,-0.114097,0.265964,0.111436,-0.131919,0.252388,-0.0679182,-0.114388,0.457996,0.106408,-0.137906,0.453325,-0.0746843,-0.227969,0.591868,0.0272986,-0.0803344,0.634883,0.0104507,0.0968845,0.604397,-0.00621774,0.169842,0.417406,0.201351,0.165577,0.479646,-0.224853,0.195865,0.170866,0.23261,0.200517,0.233209,-0.287757,0.306864,0.559941,-0.034439,-0.221505,0.0791307,0.259025,-0.221505,0.0791307,0.259025,-0.165235,0.416961,-4.02474,-2.99051,2.31534,-4.64183,3.25121,-1.63143,-4.08297,0,0,0.487233,0,0,-1.38421,-0.61603,-0.17616,-1.68553,0.909259,0.424089,-1.45122,0,0,-5.51479,0,0,-6.14926,-0.286241,-2.08005,1.09392,-1.46307,-0.208562,2.13735,-0.0266594,0.482248,0.00626465,1,0.856581,-0.0425826,0.047356,-0.512068,-0.121837,0.037527,-1.0799,0.119371,-2.97949,-0.0610811,0.0788659,-0.497346,4.66254
0.978319,0.0271893,0.0529882,-0.198355,0.978319,0.0271893,0.0529882,-0.198355,0.976917,-0.0528954,-0.17189,0.115276,0.79164,-0.537808,-0.281299,-0.0702782,0.875184,0.455905,0.136269,0.0873771,0.959825,0,0,0.280601,0.992139,0,0,0.125143,0.969362,0.0563466,-0.0468658,0.234449,0.967067,-0.0672937,0.0507838,0.240153,0.423709,0,0,-0.905798,0.439733,0,0,-0.898128,0.473834,-0.145654,0.0560074,0.866677,0.38872,0.00750744,-0.00977181,0.921274,-0.249742,0.0935444,0.0958997,-0.245798,0.0816988,-0.0136277,-0.0942316,0.193746,0.10878,-0.107214,0.182624,-0.0614857,-0.0945971,0.356875,0.106035,-0.113538,0.351413,-0.0731952,-0.219274,0.483872,0.0249513,-0.0785937,0.547081,0.0095337,0.10169,0.54509,-0.00573207,0.185877,0.370109,0.202202,0.173693,0.431217,-0.223591,0.216324,0.124438,0.229535,0.211884,0.185049,-0.288282,0.317203,0.526439,-0.033322,-0.110494,0.0258785,0.552329,-0.110494,0.0258785,0.552329,-0.273028,0.279634,-3.25369,-2.83754,2.42956,-4.1614,3.2113,-1.43519,-4.01949,0,0,0.693054,0,0,-1.12363,0.355098,0.11597,-1.51992,0.162345,-0.201593,-1.15676,0,0,-5.0941,0,0,-5.66939,1.97129,-1.44745,2.22933,-4.94417,0.141347,2.00746,-0.0145797,0.406804,0.00633239,1,0.888269,-0.0430935,0.0389719,-0.455633,-0.112358,0.0299699,-0.949586,0.260839,-3.23989,-0.0704189,-0.0425712,-0.361311,3.89966
0.979127,0.0227681,0.0534222,-0.194777,0.979127,0.0227681,0.0534222,-0.194777,0.977327,-0.0547659,-0.176943,0.102583,0.781156,-0.556501,-0.259483,-0.113007,0.863684,0.486589,0.124989,0.040738,0.955189,0,0,0.295998,0.991253,0,0,0.131974,0.967975,0.0837326,-0.035245,0.23403,0.96608,-0.0855474,0.0365295,0.240907,0.355283,0,0,-0.934759,0.370812,0,0,-0.928708,0.47608,-0.0369841,0.0572852,0.876754,0.391994,-0.0914048,-0.0286818,0.914966,-0.24022,0.0975644,0.0762036,-0.233764,0.0857359,-0.00597183,-0.0817941,0.189613,0.0964757,-0.0886545,0.178896,-0.0526759,-0.0870194,0.326232,0.102498,-0.100283,0.319977,-0.0716089,-0.221965,0.440664,0.0203672,-0.0883951,0.518491,0.00745159,0.0912252,0.53717,-0.00600672,0.182984,0.372918,0.204848,0.165406,0.431157,-0.225109,0.219944,0.129388,0.232459,0.209926,0.186534,-0.290701,0.307902,0.541706,-0.0325824,-0.267583,0.02535,0.219478,-0.267583,0.02535,0.219478,-0.112645,-0.30411,-0.768346,-1.34636,1.34308,-2.78648,2.0463,-0.674464,-2.91048,0,0,0.964798,0,0,0.413288,1.66253,0.703455,-0.0187034,-1.10914,-0.864033,0.0506345,0,0,-4.45918,0,0,-4.52513,7.97815,0.0895987,0.675603,-7.53566,-1.43935,-0.588104,-0.0150023,0.390982,0.00490147,1,0.910801,-0.0396298,0.0266195,-0.410076,-0.0941729,0.0159883,-0.846855,-0.0807184,-1.29625,-0.137521,0.0117029,-0.688234,3.06924
0.978146,0.0235395,0.0579044,-0.1983,0.978146,0.0235395,0.0579044,-0.1983,0.975272,-0.0632152,-0.18001,0.111559,0.767495,-0.570743,-0.25639,-0.139529,0.860568,0.494633,0.120859,0.0124201,0.950502,0,0,0.310719,0.988158,0,0,0.153442,0.965831,0.1106,-0.0194863,0.233578,0.964741,-0.0969176,0.0233748,0.243589,0.305301,0,0,-0.952256,0.31614,0,0,-0.948713,0.487663,0.0359328,0.0684734,0.8696,0.40908,-0.16629,-0.0479532,0.895936,-0.23279,0.103772,0.063567,-0.22576,0.0932721,0.000358969,-0.0729158,0.193553,0.0888276,-0.0755537,0.183868,-0.0436479,-0.0833753,0.310206,0.0999499,-0.0915749,0.30233,-0.0670584,-0.226748,0.411013,0.017045,-0.100539,0.500276,0.00551856,0.0770353,0.533395,-0.00527315,0.173422,0.376977,0.210254,0.155265,0.43377,-0.225744,0.218522,0.136388,0.240614,0.208524,0.19166,-0.291028,0.292439,0.556354,-0.0300133,0.0470809,0.271977,-0.216853,0.0470809,0.271977,-0.216853,-0.51347,-0.192914,0.547334,-1.11172,0.11556,-1.76476,0.540441,-0.251252,-1.77988,0,0,0.926979,0,0,1.30145,1.63437,0.954892,-0.0171457,-0.692703,-0.797684,0.169477,0,0,-3.17772,0,0,-3.4935,5.33272,0.794724,-0.849339,-5.6043,-1.43913,-1.98955,-0.0190405,0.383183,0.00506968,1,0.928888,-0.0431294,0.0127437,-0.36762,-0.0896172,-0.00803553,-0.753338,-0.143484,-0.88952,-0.0996661,-0.421999,-0.600349,2.80485
0.976884,0.0252115,0.060918,-0.203348,0.976884,0.0252115,0.060918,-0.203348,0.969699,-0.0797623,-0.182495,0.141481,0.753017,-0.587765,-0.258198,-0.144332,0.859691,0.495962,0.122277,0.0012163,0.949787,0,0,0.312899,0.987361,0,0,0.158489,0.96622,0.11444,-0.00880532,0.230747,0.966269,-0.0980883,0.0111496,0.237862,0.27947,0,0,-0.960155,0.287395,0,0,-0.957812,0.48076,0.0526602,0.0725591,0.872257,0.402342,-0.184345,-0.0627185,0.894541,-0.233394,0.102579,0.05851,-0.227296,0.0931899,7.35223e-05,-0.0745273,0.192914,0.0847313,-0.074679,0.182262,-0.0375488,-0.0882719,0.299192,0.0957395,-0.0916974,0.288783,-0.0627241,-0.235763,0.390854,0.0119836,-0.114959,0.487273,0.00269838,0.0608481,0.528788,-0.00393348,0.159659,0.376708,0.214552,0.14613,0.433394,-0.224292,0.213292,0.138224,0.246129,0.207288,0.193721,-0.290827,0.273371,0.566225,-0.0263518,0.101703,0.183711,-0.31031,0.101703,0.183711,-0.31031,-1.01018,-0.171189,1.82639,-1.31735,-0.209408,-0.364086,0.0933852,0.0917033,-0.705303,0,0,0.137648,0,0,0.306572,0.232133,0.648328,-0.173694,-0.0680008,-0.742608,-0.355202,0,0,-1.62077,0,0,-1.8091,1.23187,0.314143,0.387476,-1.40806,-1.13069,0.105964,-0.0281129,0.376228,0.0049383,1,0.940167,-0.0437884,-0.00202115,-0.337883,-0.081105,-0.0333974,-0.688669,-0.270475,-0.604772,-0.151843,-0.310542,-0.740182,1.94522
0.976563,0.0261195,0.0611734,-0.204697,0.976563,0.0261195,0.0611734,-0.204697,0.961234,-0.0942751,-0.179118,0.187237,0.747054,-0.600935,-0.25672,-0.12199,0.864572,0.485914,0.127705,0.00972186,0.957403,0,0,0.288754,0.988032,0,0,0.154248,0.96576,0.106315,-0.00207348,0.236644,0.967671,-0.0878209,0.00237361,0.236422,0.283204,0,0,-0.95906,0.292214,0,0,-0.956353,0.467592,0.051982,0.0681392,0.87978,0.379495,-0.169342,-0.0692785,0.906922,-0.24131,0.097002,0.0562024,-0.236167,0.0866962,-0.00395012,-0.0864133,0.192434,0.0812937,-0.0856471,0.178295,-0.034328,-0.103452,0.299835,0.0908259,-0.103698,0.286446,-0.0600374,-0.251028,0.386695,0.00658497,-0.1313,0.484566,-0.000340924,0.0441615,0.527726,-0.00283126,0.14441,0.376185,0.214136,0.138116,0.433114,-0.221026,0.206544,0.137622,0.244882,0.207474,0.195369,-0.287098,0.25309,0.574664,-0.0225584,0.0550742,0.0158412,-0.0829405,0.0550742,0.0158412,-0.0829405,-0.896081,0.173568,2.80605,-0.951125,0.058867,1.44511,-0.685932,0.327848,0.534564,0,0,-1.51913,0,0,-0.257628,-0.49209,0.408501,0.360095,0.625598,-0.532627,-0.0941551,0,0,0.233505,0,0,0.302082,-0.0273681,-0.294217,0.927116,0.999434,-0.553745,1.67736,-0.0421359,0.37503,0.00411925,1,0.94232,-0.0422643,-0.0136919,-0.331751,-0.0707299,-0.0538728,-0.675107,-0.45794,-0.124763,-0.161959,-0.145716,-0.672893,0.420421
0.975695,0.0230782,0.0613412,-0.209101,0.975695,0.0230782,0.0613412,-0.209101,0.949573,-0.0971123,-0.174862,0.241462,0.764703,-0.583033,-0.26422,-0.0740905,0.872608,0.466737,0.137751,0.0416708,0.977244,0,0,0.212118,0.98411,0,0,0.177561,0.966982,0.0902369,0.00207194,0.238326,0.969839,-0.0722762,-0.00111226,0.232783,0.315245,0,0,-0.94901,0.323955,0,0,-0.946073,0.456294,0.0335367,0.0671255,0.88666,0.367369,-0.135793,-0.0771604,0.916868,-0.251715,0.0890804,0.0537119,-0.247229,0.0791178,-0.00940393,-0.103229,0.19282,0.0780851,-0.101332,0.177093,-0.0335688,-0.123986,0.312275,0.085452,-0.121108,0.297595,-0.0593894,-0.268506,0.400719,0.000665918,-0.14698,0.496297,-0.00333259,0.0294723,0.53456,-0.00283216,0.131465,0.380317,0.210205,0.132047,0.437691,-0.217805,0.202783,0.140354,0.250377,0.213874,0.202649,-0.274742,0.235338,0.584047,-0.0199802,-0.183509,0.0112317,-0.270031,-0.183509,0.0112317,-0.270031,-0.19595,0.216378,3.35458,1.42833,-0.377387,3.17597,-1.28912,0.606837,2.00099,0,0,-4.75096,0,0,1.41847,-0.978089,0.251551,0.0961208,0.946079,-0.211386,-0.231083,0,0,2.01489,0,0,2.00194,-1.34499,-0.0496156,0.836401,2.51081,-0.637984,1.16654,-0.057079,0.382838,0.00283036,1,0.939801,-0.0368687,-0.0253191,-0.338783,-0.0523049,-0.0726346,-0.690066,-0.524331,0.420702,-0.177571,0.073013,-0.784719,-0.413791
0.97475,0.0182516,0.0599204,-0.214333,0.97475,0.0182516,0.0599204,-0.214333,0.938962,-0.0886033,-0.167567,0.287091,0.797867,-0.536998,-0.273521,-0.015087,0.874598,0.453509,0.152606,0.0782205,0.990898,0,0,0.134616,0.970138,0,0,0.242554,0.969869,0.072656,0.00449674,0.232496,0.972457,-0.0551859,-0.000284111,0.226453,0.364837,0,0,-0.931071,0.371616,0,0,-0.928386,0.45419,-0.00040781,0.0670952,0.888375,0.368184,-0.103737,-0.0835893,0.920159,-0.260955,0.080927,0.054084,-0.255925,0.0722537,-0.0141533,-0.120204,0.194941,0.077178,-0.116734,0.179834,-0.0338496,-0.145213,0.333159,0.0813311,-0.139816,0.31877,-0.0593409,-0.285468,0.42739,-0.0038272,-0.161373,0.519404,-0.00560466,0.0162462,0.550699,-0.00346877,0.120727,0.395168,0.206711,0.126274,0.449321,-0.215455,0.199793,0.156305,0.25935,0.223913,0.220414,-0.253223,0.220072,0.598724,-0.0180038,-0.29161,-0.0847894,-0.3206,-0.29161,-0.0847894,-0.3206,0.499623,0.408004,2.84846,3.42996,-0.38813,3.859,-0.849253,0.924437,2.28766,0,0,-4.72296,0,0,3.98937,-1.07092,0.146844,-0.367473,1.03881,0.0502098,-0.395824,0,0,3.1646,0,0,3.05056,-2.51081,0.00244628,0.18888,2.47353,-0.492959,0.226186,-0.071235,0.399344,0.0021931,1,0.935588,-0.0324138,-0.0348198,-0.349874,-0.0364356,-0.0879488,-0.714116,-0.508859,0.800142,-0.134794,0.0656163,-0.657248,-0.68329
0.974395,0.0139418,0.0580557,-0.216771,0.974395,0.0139418,0.0580557,-0.216771,0.934936,-0.0775079,-0.155054,0.309588,0.831129,-0.482015,-0.274763,0.0372873,0.871317,0.44679,0.171761,0.10809,0.991947,0,0,0.126652,0.948326,0,0,0.317297,0.974408,0.0620253,0.00894524,0.215876,0.976446,-0.038556,0.00663589,0.212187,0.425645,0,0,-0.90489,0.428529,0,0,-0.903528,0.45611,-0.0154219,0.0475791,0.888517,0.37372,-0.0801424,-0.0885019,0.919825,-0.268958,0.0742753,0.0584406,-0.262876,0.0672129,-0.017274,-0.136987,0.199161,0.0783755,-0.131651,0.185018,-0.0341952,-0.166212,0.36043,0.0790831,-0.158481,0.345878,-0.0593169,-0.301035,0.463674,-0.00683347,-0.174721,0.552504,-0.00741714,0.00364926,0.578468,-0.00394601,0.109953,0.424768,0.205789,0.121195,0.472358,-0.213421,0.198531,0.189138,0.259166,0.23406,0.254322,-0.230282,0.206981,0.623629,-0.0155323,-0.26069,-0.112407,-0.149119,-0.26069,-0.112407,-0.149119,0.673043,0.753292,1.4042,3.91558,0.13354,3.34396,-0.388364,1.21243,1.87895,0,0,-0.481958,0,0,4.67286,-0.650081,0.268793,-1.02735,1.0102,0.418514,-0.881163,0,0,3.97299,0,0,3.72687,-1.11062,-1.44795,-0.0460929,1.8338,-0.360571,-0.211476,-0.0846102,0.424707,0.00216081,1,0.931117,-0.0327115,-0.0447012,-0.36049,-0.0288568,-0.107033,-0.73723,-0.467014,1.08852,-0.090188,-0.210669,-0.578454,-0.671247
0.974894,0.011068,0.0563988,-0.215125,0.974894,0.011068,0.0563988,-0.215125,0.939887,-0.0667649,-0.138667,0.304837,0.846631,-0.457492,-0.265009,0.0607251,0.855433,0.468146,0.184022,0.123328,0.990417,0,0,0.138106,0.943902,0,0,0.330226,0.980733,0.0576665,0.0135301,0.186157,0.982038,-0.023773,0.0182355,0.186289,0.490055,0,0,-0.871692,0.48824,0,0,-0.872709,0.456801,-0.0306969,0.0263112,0.88865,0.37959,-0.0592478,-0.0904961,0.91881,-0.275676,0.0706046,0.0648389,-0.268358,0.0646875,-0.0195753,-0.153087,0.205274,0.0816768,-0.145684,0.191899,-0.0351965,-0.185619,0.391087,0.0788124,-0.175813,0.375826,-0.0595546,-0.314328,0.505835,-0.00853461,-0.187139,0.59352,-0.00902838,-0.00858493,0.61857,-0.00463288,0.0984919,0.46917,0.20559,0.115664,0.508709,-0.209842,0.193262,0.235863,0.256587,0.234861,0.294756,-0.214277,0.19574,0.662217,-0.0132555,-0.174024,-0.100849,0.101827,-0.174024,-0.100849,0.101827,0.665887,1.01958,-0.323142,1.72248,0.714549,1.46967,1.50591,0.834365,0.999485,0,0,0.693348,0,0,0.819915,-0.271212,0.275718,-1.82253,0.896714,0.69942,-1.58736,0,0,4.34869,0,0,4.03252,-1.12924,-1.57386,-0.010498,1.61803,-0.133973,-0.273461,-0.097361,0.457673,0.00241203,1,0.928567,-0.0370991,-0.0535222,-0.365408,-0.0300289,-0.12685,-0.747905,-0.398793,1.26484,-0.0510342,-0.427745,-0.414403,-0.324349
0.975712,0.009398,0.0539774,-0.212096,0.975712,0.009398,0.0539774,-0.212096,0.951126,-0.0592248,-0.136323,0.27068,0.84063,-0.476894,-0.251115,0.0534179,0.855257,0.470023,0.17557,0.12957,0.986875,0,0,0.161486,0.953738,0,0,0.300639,0.987865,0.0530237,0.0135298,0.145354,0.988291,-0.0185874,0.0287656,0.148688,0.555342,0,0,-0.831622,0.550648,0,0,-0.834738,0.459172,-0.0462976,0.010927,0.887073,0.389133,-0.041913,-0.087468,0.916061,-0.280756,0.0666007,0.0705396,-0.271893,0.0616599,-0.0223016,-0.168107,0.210254,0.0849948,-0.158572,0.198012,-0.0381255,-0.202977,0.421062,0.0786634,-0.191506,0.406048,-0.06187,-0.324871,0.549863,-0.0102318,-0.1981,0.63834,-0.0104375,-0.0197772,0.665665,-0.00523714,0.0861724,0.519625,0.204713,0.107551,0.553469,-0.204997,0.181538,0.28609,0.248454,0.228752,0.337694,-0.206254,0.187506,0.706759,-0.0117859,-0.101206,-0.147415,0.186824,-0.101206,-0.147415,0.186824,0.475609,0.175592,-2.15514,-1.29274,0.844742,-0.455017,0.12022,-0.53233,0.394185,0,0,1.4188,0,0,-1.87084,-0.288029,-0.00197081,-2.48502,0.315365,0.631977,-2.28851,0,0,4.59728,0,0,4.38406,-1.15004,-1.13853,-0.186257,1.34258,0.262008,-0.524666,-0.109116,0.493652,0.00199187,1,0.928751,-0.0381257,-0.0581283,-0.364127,-0.0287565,-0.136159,-0.745327,-0.316293,1.32082,-0.0509169,-0.161883,-0.230672,0.0823367
0.976449,0.00814873,0.0509496,-0.209487,0.976449,0.00814873,0.0509496,-0.209487,0.961801,-0.0601354,-0.140163,0.227325,0.829805,-0.505908,-0.233711,0.0293107,0.875799,0.441368,0.148885,0.12651,0.983694,0,0,0.179852,0.964703,0,0,0.263341,0.994573,0.0447683,0.0090825,0.0934811,0.994284,-0.0249509,0.0363314,0.0972494,0.620914,0,0,-0.783879,0.616188,0,0,-0.787599,0.463979,-0.0616727,0.00190482,0.883694,0.400364,-0.0279229,-0.082048,0.912248,-0.284102,0.0621722,0.0744418,-0.273894,0.0578329,-0.0254446,-0.182254,0.214382,0.08691,-0.170994,0.202974,-0.0427023,-0.218601,0.450377,0.0769868,-0.205711,0.436349,-0.0667522,-0.332598,0.595513,-0.013206,-0.207661,0.686709,-0.0121536,-0.0300718,0.718819,-0.00572732,0.0725335,0.574556,0.20357,0.0968594,0.606011,-0.200199,0.163033,0.338777,0.240252,0.217284,0.386588,-0.202803,0.179928,0.758574,-0.0111027,-0.0756916,-0.183919,0.160955,-0.0756916,-0.183919,0.160955,-0.0422407,-0.203259,-2.6948,-1.96532,1.0455,-1.52125,-2.01007,-1.75151,-0.251105,0,0,1.11841,0,0,-2.33275,-0.503387,-0.26915,-3.13764,-0.380297,0.451342,-3.11016,0,0,4.86804,0,0,4.8452,-1.12602,-0.666789,-0.389576,1.07828,0.446142,-0.654565,-0.120148,0.532443,0.000585498,1,0.932024,-0.0333819,-0.0602086,-0.355798,-0.0195642,-0.136409,-0.728009,-0.231819,1.36951,-0.0892262,0.197338,-0.189105,0.556996
0.977188,0.00797588,0.0493483,-0.206409,0.977188,0.00797588,0.0493483,-0.206409,0.969212,-0.0642391,-0.14274,0.190071,0.832768,-0.512398,-0.209599,-0.00388034,0.901192,0.404546,0.109585,0.110398,0.984742,0,0,0.174018,0.971959,0,0,0.235149,0.998836,0.0380782,0.00497888,0.0292018,0.997849,-0.0361298,0.044463,0.0318714,0.686264,0,0,-0.727353,0.683093,0,0,-0.730331,0.471173,-0.0676925,-0.00504043,0.879425,0.411012,-0.0137653,-0.0747104,0.908459,-0.285601,0.0573625,0.0771569,-0.274642,0.0528503,-0.027926,-0.195477,0.217601,0.0873936,-0.183458,0.206218,-0.0474653,-0.232244,0.478849,0.0748924,-0.218707,0.465586,-0.0719977,-0.337277,0.641756,-0.01565,-0.215802,0.737668,-0.0136554,-0.0397289,0.777648,-0.00638313,0.058058,0.634591,0.20184,0.0839989,0.666204,-0.195355,0.139452,0.395056,0.237385,0.200425,0.442519,-0.197429,0.171274,0.820907,-0.0112547,-0.0105728,-0.0975815,0.189255,-0.0105728,-0.0975815,0.189255,-0.239622,-0.134888,-2.29308,-0.37812,1.54911,-2.11248,-2.53079,-2.52173,-1.0703,0,0,-0.35565,0,0,-1.74668,-0.405392,-0.247089,-3.86625,-0.669434,0.485644,-3.93245,0,0,5.1859,0,0,5.28578,-0.427789,-0.510772,-0.521869,1.07941,0.584666,-0.626678,-0.13054,0.573835,-0.000821557,1,0.938098,-0.0285809,-0.0605806,-0.339832,-0.0125609,-0.133482,-0.694264,-0.140362,1.38728,-0.0733184,0.21504,-0.0693758,1.04061
0.977926,0.0079758,0.0488313,-0.203007,0.977926,0.0079758,0.0488313,-0.203007,0.975815,-0.0693104,-0.148032,0.14515,0.844596,-0.502057,-0.180555,-0.0446815,0.919167,0.379996,0.0678684,0.0782829,0.98495,0,0,0.172839,0.98009,0,0,0.198555,0.998544,0.0301374,0.00372192,-0.0445934,0.996342,-0.0508117,0.0525757,-0.0442387,0.749416,0,0,-0.662099,0.749223,0,0,-0.662317,0.4783,-0.0700157,0.0003999,0.875401,0.421712,0.00060383,-0.0672662,0.904231,-0.285502,0.0525015,0.0772753,-0.274021,0.0470945,-0.0297968,-0.207929,0.21991,0.0853109,-0.195976,0.208103,-0.0517418,-0.243826,0.505738,0.0713996,-0.230432,0.493261,-0.0769242,-0.338522,0.687031,-0.0176617,-0.221907,0.78895,-0.0148823,-0.0483028,0.838957,-0.00711686,0.0436137,0.696951,0.199259,0.0695143,0.730404,-0.191325,0.114795,0.453785,0.232365,0.17577,0.499415,-0.194289,0.163227,0.887177,-0.0120254,-0.000125061,-0.0319911,0.208732,-0.000125061,-0.0319911,0.208732,-0.29808,-0.300803,-2.74285,0.793366,1.89566,-2.58228,-1.6705,-2.61512,-2.02325,0,0,-0.0718303,0,0,-2.24934,-0.476457,-0.0754248,-4.4297,-0.883077,0.488703,-4.57122,0,0,5.45039,0,0,5.69394,-0.154489,0.399652,-0.498429,1.08474,0.587018,-0.654476,-0.139863,0.61576,-0.00264407,1,0.94583,-0.023558,-0.0602301,-0.318157,-0.00629102,-0.129285,-0.648571,-0.0373387,1.35826,-0.0603502,0.224357,-0.0174165,1.39544
0.978986,0.00769873,0.0481109,-0.19802,0.978986,0.00769873,0.0481109,-0.19802,0.980101,-0.0718322,-0.152779,0.104408,0.85477,-0.488468,-0.146605,-0.0963034,0.930423,0.364483,0.0235929,0.0301493,0.984493,0,0,0.175426,0.986591,0,0,0.16321,0.992123,0.0198305,0.00393076,-0.123622,0.988273,-0.0652825,0.0578928,-0.12531,0.807394,0,0,-0.590012,0.809936,0,0,-0.586518,0.486058,-0.0453902,-0.0105127,0.872684,0.437524,0.0189824,-0.0649708,0.896655,-0.284523,0.0551588,0.0781261,-0.272292,0.049047,-0.0312793,-0.219825,0.228535,0.0816029,-0.208192,0.217123,-0.055026,-0.253426,0.537078,0.0670236,-0.240722,0.526056,-0.0805473,-0.336534,0.736256,-0.0191289,-0.225993,0.844945,-0.0157059,-0.0561065,0.906937,-0.00782853,0.0289423,0.766977,0.196192,0.0525945,0.802002,-0.187592,0.087913,0.520208,0.225521,0.143394,0.562717,-0.1903,0.154383,0.963723,-0.0128647,-0.0169136,-0.0445852,0.305755,-0.0169136,-0.0445852,0.305755,-0.146272,-0.273783,-2.47356,0.973008,2.18332,-3.24625,-1.04393,-2.73615,-2.97565,0,0,0.157654,0,0,-2.15638,-0.616155,0.0130427,-4.75995,-0.879911,0.328812,-4.89056,0,0,5.55254,0,0,5.82926,1.81508,-0.796677,-0.417275,1.37064,0.207542,-1.05319,-0.148367,0.663749,-0.00436958,1,0.954194,-0.0180404,-0.0585365,-0.292853,-0.000143935,-0.122583,-0.595562,0.0596418,1.47674,-0.0440181,0.265867,0.0567838,1.61342
0.980626,0.00665361,0.0467607,-0.190109,0.980626,0.00665361,0.0467607,-0.190109,0.983672,-0.071804,-0.15125,0.0660003,0.860699,-0.471582,-0.108788,-0.158026,0.938283,0.343824,-0.0194929,-0.0320897,0.983077,0,0,0.183193,0.989309,0,0,0.145837,0.979242,0.00731212,0.00378297,-0.202525,0.973637,-0.0758762,0.0574478,-0.207301,0.857208,0,0,-0.51497,0.863369,0,0,-0.504574,0.498947,-0.0225693,-0.0156499,0.866197,0.460241,0.00112545,-0.0326664,0.887192,-0.283122,0.058663,0.0783517,-0.269657,0.0512282,-0.0361883,-0.231055,0.237193,0.0774912,-0.220125,0.226224,-0.0570549,-0.261188,0.565336,0.0623607,-0.24996,0.556145,-0.0824679,-0.332022,0.780671,-0.0203517,-0.228557,0.896433,-0.0163779,-0.0640165,0.97219,-0.00885595,0.0134544,0.836069,0.192621,0.0328126,0.871693,-0.185056,0.0591712,0.586361,0.217162,0.107781,0.62624,-0.185403,0.143587,1.04101,-0.0141941,-0.063372,-0.0831421,0.484343,-0.063372,-0.0831421,0.484343,0.00691211,0.103272,-2.32463,1.12818,2.40016,-3.87266,-1.32614,-2.64359,-3.81812,0,0,0.473674,0,0,-1.0551,-0.751177,-0.00790468,-4.79945,-0.660672,-0.00972376,-5.00043,0,0,5.40607,0,0,5.87191,1.67512,-0.368569,-0.829466,-1.33291,2.43457,-1.37953,-0.156414,0.709403,-0.00611855,1,0.962329,-0.0118067,-0.0552687,-0.26595,0.00671651,-0.112893,-0.539642,0.13534,1.33246,-0.036683,0.328673,0.135261,1.70173
0.982864,0.00486252,0.0452346,-0.178629,0.982864,0.00486252,0.0452346,-0.178629,0.986402,-0.067903,-0.147985,0.022368,0.858464,-0.455052,-0.0683195,-0.226496,0.942025,0.313592,-0.054659,-0.10612,0.981461,0,0,0.19166,0.990492,0,0,0.137569,0.960668,-0.00821162,0.00663669,-0.2775,0.953204,-0.0816793,0.0526335,-0.286286,0.897565,0,0,-0.440883,0.907447,0,0,-0.420168,0.514786,-0.0121492,-0.00149247,0.857231,0.486045,-0.0296395,0.00304202,0.873426,-0.281289,0.0607734,0.076572,-0.266606,0.0520828,-0.0415314,-0.241174,0.243547,0.0729473,-0.231291,0.232993,-0.0576963,-0.26678,0.587648,0.057554,-0.257652,0.580292,-0.0827306,-0.325103,0.816672,-0.0211344,-0.229436,0.939378,-0.0167645,-0.0722011,1.03016,-0.0099422,-0.00272185,0.900044,0.189177,0.0110622,0.934752,-0.183951,0.0294689,0.648253,0.209166,0.0709445,0.684878,-0.182857,0.130846,1.11271,-0.0153514,-0.108385,-0.0942182,0.70135,-0.108385,-0.0942182,0.70135,0.239091,0.205191,-2.63352,1.01774,2.54413,-4.32167,-1.87685,-2.15017,-4.52719,0,0,0.517206,0,0,-0.501111,-0.941049,0.174944,-4.63546,-0.385653,-0.269275,-4.90165,0,0,5.06345,0,0,5.71549,0.762386,1.02837,-1.07724,-2.24669,2.63404,-1.75016,-0.163781,0.748906,-0.0077281,1,0.969572,-0.00592421,-0.051649,-0.239224,0.0132946,-0.103172,-0.484487,0.207569,1.08001,-0.0234804,0.313957,0.158106,1.67591
0.985077,0.00491097,0.0447292,-0.166128,0.985077,0.00491097,0.0447292,-0.166128,0.98629,-0.0642808,-0.149765,0.0258777,0.84879,-0.435956,-0.0305271,-0.2976,0.939529,0.278858,-0.0780248,-0.182852,0.98271,0,0,0.185152,0.992586,0,0,0.121543,0.936325,-0.0218866,0.0155312,-0.350109,0.927342,-0.0804925,0.049739,-0.362055,0.93058,0,0,-0.366088,0.942002,0,0,-0.335608,0.53286,0.000342902,0.0145259,0.846079,0.511706,-0.0588629,0.030579,0.856596,-0.278244,0.0624687,0.0758361,-0.263158,0.0527677,-0.04523,-0.249935,0.248783,0.0702017,-0.241406,0.238295,-0.0565966,-0.270383,0.605968,0.0549354,-0.263356,0.599321,-0.0806151,-0.315744,0.84587,-0.0204053,-0.228487,0.975131,-0.0166757,-0.0802999,1.08077,-0.0106536,-0.020289,0.958207,0.187358,-0.0101096,0.990405,-0.183315,-0.0039396,0.704603,0.207761,0.034332,0.736779,-0.183404,0.112549,1.185,-0.0162477,0.00270317,-0.0325032,0.761845,0.00270317,-0.0325032,0.761845,0.21818,-0.10765,0.211601,1.1078,2.37431,-4.54464,-2.11065,-1.43378,-4.70456,0,0,-0.3976,0,0,-0.969725,-0.842539,0.548664,-4.59231,0.0286358,-0.149422,-4.815,0,0,4.90681,0,0,5.48279,0.90034,1.14663,-1.27574,-2.08537,1.98526,-1.92463,-0.170505,0.78334,-0.00815917,1,0.976011,-0.00537534,-0.0491448,-0.212032,0.0103982,-0.0983698,-0.428351,0.280777,0.875961,0.0218721,-0.0141045,0.167449,1.67534
0.987434,0.00613475,0.0461758,-0.151014,0.987434,0.00613475,0.0461758,-0.151014,0.987248,-0.0494303,-0.148695,0.0280839,0.831822,-0.413254,0.00391615,-0.37051,0.928517,0.248285,-0.0917255,-0.260381,0.985005,0,0,0.172524,0.994176,0,0,0.107768,0.906684,-0.0316375,0.030661,-0.419504,0.897019,-0.0732292,0.0509312,-0.432897,0.957137,0,0,-0.289636,0.967313,0,0,-0.253584,0.554804,0.0183027,0.0299735,0.83124,0.535132,-0.0913269,0.0545941,0.838041,-0.274073,0.0637891,0.0759141,-0.259432,0.0536642,-0.047429,-0.257728,0.253219,0.0695628,-0.250119,0.242586,-0.0537903,-0.272642,0.620953,0.0553207,-0.266642,0.613775,-0.0761007,-0.304121,0.868889,-0.0178613,-0.225841,1.00426,-0.015971,-0.0888759,1.12481,-0.0113278,-0.0389022,1.01156,0.186591,-0.0313346,1.03932,-0.183504,-0.0383637,0.757144,0.210556,-0.000129483,0.783319,-0.185158,0.0905582,1.25109,-0.0153494,0.0735021,0.0850301,0.918607,0.0735021,0.0850301,0.918607,0.896077,0.0673557,0.132436,1.27506,2.17901,-4.75296,-1.81459,-0.860339,-4.80834,0,0,-0.77014,0,0,-0.83199,-0.617789,0.946938,-4.51951,0.398949,0.106504,-4.63865,0,0,4.85735,0,0,5.15197,1.27253,1.0851,-1.61265,-2.27735,1.69403,-1.94536,-0.176519,0.812875,-0.00727405,1,0.981388,-0.0105058,-0.0494863,-0.185254,-0.0022973,-0.101196,-0.373027,0.348684,0.690546,0.0763218,-0.382066,0.06977,1.62175
0.990264,0.00977703,0.0495086,-0.12973,0.990264,0.00977703,0.0495086,-0.12973,0.988488,-0.0250711,-0.147908,0.0196452,0.808522,-0.38462,0.0329622,-0.444154,0.906349,0.229582,-0.101781,-0.339801,0.986419,0,0,0.164248,0.994959,0,0,0.100281,0.874103,-0.0401657,0.0531019,-0.481155,0.865887,-0.0631551,0.0581914,-0.492813,0.977291,0,0,-0.211901,0.983753,0,0,-0.179525,0.57819,0.0403461,0.0471811,0.813537,0.556989,-0.109453,0.0643429,0.820757,-0.269849,0.064799,0.0763441,-0.255685,0.0545792,-0.0473771,-0.265712,0.256773,0.0706135,-0.257362,0.245728,-0.0502354,-0.27506,0.63251,0.0580014,-0.267972,0.623595,-0.0703503,-0.291458,0.885428,-0.0141901,-0.222068,1.0261,-0.0152257,-0.0991037,1.16168,-0.0121425,-0.0594827,1.05861,0.186142,-0.0541645,1.0814,-0.184621,-0.0711769,0.804471,0.213794,-0.0334437,0.824155,-0.187912,0.0634599,1.30945,-0.012417,0.218899,0.197983,1.28982,0.218899,0.197983,1.28982,1.46842,0.0511482,-0.508979,1.61298,1.8654,-4.92491,-1.04081,-0.666401,-5.0433,0,0,-0.503731,0,0,-0.451717,-0.556874,1.42783,-4.16173,0.58273,0.491161,-4.06206,0,0,4.8196,0,0,4.55279,1.53429,1.18687,-1.81632,-1.22316,0.65426,-1.77597,-0.182693,0.837024,-0.00563963,1,0.985026,-0.0211007,-0.0525875,-0.16283,-0.0245967,-0.110698,-0.326286,0.379904,0.496174,0.110136,-0.722691,-0.0399102,1.33144
0.993197,0.011647,0.0521966,-0.103434,0.993197,0.011647,0.0521966,-0.103434,0.988919,-0.00800818,-0.148205,0.0033331,0.780017,-0.346413,0.0526641,-0.518457,0.873869,0.225985,-0.108888,-0.416446,0.98626,0,0,0.165201,0.995009,0,0,0.0997837,0.842025,-0.049836,0.0724776,-0.53222,0.837905,-0.0525209,0.0615312,-0.539788,0.990727,0,0,-0.135867,0.993287,0,0,-0.115674,0.598964,0.0564814,0.0676749,0.79591,0.579436,-0.111398,0.0557118,0.805444,-0.266505,0.0652383,0.075694,-0.252168,0.0554221,-0.0457721,-0.274359,0.258819,0.072252,-0.26362,0.248016,-0.0472215,-0.278466,0.639875,0.0613985,-0.26874,0.629775,-0.065241,-0.279456,0.895761,-0.0106091,-0.218086,1.04059,-0.0143072,-0.111057,1.18979,-0.0135119,-0.0818728,1.09751,0.185483,-0.0796926,1.11379,-0.187956,-0.103181,0.84451,0.217137,-0.066631,0.856071,-0.193904,0.0320343,1.35662,-0.0125822,0.111875,0.158722,1.58897,0.111875,0.158722,1.58897,1.02779,-0.016596,-0.982526,2.21603,1.29957,-5.11802,-0.0621356,-0.517692,-5.04396,0,0,0.0579744,0,0,-0.0299619,-0.641825,1.26623,-3.58342,0.634961,0.248798,-3.29325,0,0,4.63386,0,0,3.87425,1.09844,1.39759,-1.71447,-0.0640036,-0.647964,-1.61713,-0.189708,0.854963,-0.00445339,1,0.987189,-0.0293977,-0.0546063,-0.147009,-0.0422871,-0.116722,-0.293191,0.360062,0.310003,0.107429,-0.5573,-0.0114023,0.9326
0.995487,0.0107261,0.0531626,-0.0778769,0.995487,0.0107261,0.0531626,-0.0778769,0.985573,-0.00858573,-0.148338,0.0810467,0.748363,-0.306081,0.0647422,-0.584872,0.834902,0.235735,-0.112382,-0.484497,0.984738,0,0,0.174044,0.994792,0,0,0.101931,0.810659,-0.0543106,0.0822083,-0.577169,0.810502,-0.0422682,0.0600685,-0.581112,0.997686,0,0,-0.0679862,0.998189,0,0,-0.0601512,0.618686,0.0698777,0.0731772,0.779096,0.597575,-0.114913,0.0467436,0.792158,-0.263185,0.065885,0.0751686,-0.248736,0.0563398,-0.0446692,-0.281463,0.260419,0.0738899,-0.268391,0.249739,-0.045364,-0.280324,0.644222,0.0649053,-0.267973,0.633505,-0.0614699,-0.267397,0.901791,-0.00753555,-0.213948,1.05006,-0.0132143,-0.123707,1.21045,-0.0151342,-0.104687,1.12896,0.184457,-0.105068,1.13659,-0.193244,-0.131993,0.877403,0.21966,-0.0973417,0.87885,-0.203571,-0.0163763,1.40141,-0.0184054,-0.0558693,0.0556481,1.54051,-0.0558693,0.0556481,1.54051,-0.0353624,-0.0180708,4.68559,2.37786,0.833071,-4.75799,0.818256,-0.317724,-4.69,0,0,0.538359,0,0,0.129479,-0.322967,0.6763,-3.26725,0.623876,-0.0546968,-2.9917,0,0,4.095,0,0,3.34474,0.893067,0.341984,-1.60471,-0.186342,-0.653519,-1.34683,-0.197335,0.868445,-0.00412677,1,0.989056,-0.0338213,-0.0561143,-0.132193,-0.0524691,-0.120232,-0.262578,0.361755,0.180889,0.0922065,-0.320579,-0.0180504,0.882265
0.997144,0.00808323,0.051515,-0.0546311,0.997144,0.00808323,0.051515,-0.0546311,0.986787,-0.00080876,-0.149603,0.0622091,0.718692,-0.260717,0.0634354,-0.641471,0.794467,0.253034,-0.113899,-0.540206,0.983784,0,0,0.179358,0.994682,0,0,0.102991,0.781238,-0.0577646,0.0880716,-0.615284,0.78494,-0.0325304,0.055546,-0.616218,0.999932,0,0,-0.0116929,0.999885,0,0,-0.0151596,0.634967,0.0758865,0.0797141,0.764659,0.608082,-0.12226,0.0422395,0.783265,-0.260162,0.0670379,0.0735339,-0.24563,0.0576845,-0.0443257,-0.28655,0.261969,0.0749333,-0.271451,0.251286,-0.044394,-0.280135,0.64663,0.0681649,-0.265602,0.635737,-0.0585475,-0.255566,0.90496,-0.00437487,-0.209665,1.05593,-0.0114759,-0.135899,1.22479,-0.0161777,-0.127118,1.15339,0.183903,-0.127032,1.15101,-0.198833,-0.158263,0.903333,0.224398,-0.122044,0.893508,-0.214621,-0.0491204,1.42621,-0.0215025,-0.159082,-0.100718,1.39867,-0.159082,-0.100718,1.39867,0.468895,-0.0725415,-1.13725,2.78147,-0.0384218,-4.19123,1.33812,-0.204041,-4.04989,0,0,0.323935,0,0,0.0639581,-0.261767,0.437378,-2.87312,0.604504,-0.256232,-2.62397,0,0,3.38073,0,0,2.70164,0.380363,0.415082,-1.34256,-0.474939,-0.326195,-0.853394,-0.2029,0.877243,-0.00360981,1,0.990755,-0.0353884,-0.0561794,-0.118309,-0.0572722,-0.119981,-0.23426,0.35493,0.0950623,0.0948204,-0.13682,0.0424633,0.832275
0.998203,0.00430156,0.0490859,-0.034104,0.998203,0.00430156,0.0490859,-0.034104,0.987985,-0.00494564,-0.14665,0.0485196,0.691577,-0.212289,0.0439427,-0.689002,0.755566,0.27459,-0.11457,-0.583605,0.982891,0,0,0.18419,0.994734,0,0,0.102488,0.759025,-0.0630047,0.0935708,-0.641215,0.765668,-0.0278816,0.0526525,-0.640471,0.999678,0,0,0.0253796,0.999899,0,0,0.0141845,0.644136,0.0816228,0.0876086,0.755481,0.613003,-0.124196,0.0403709,0.779213,-0.257757,0.0677625,0.0713551,-0.243245,0.0585538,-0.0443457,-0.289126,0.262672,0.0754886,-0.272801,0.252037,-0.0438533,-0.278674,0.64718,0.0709779,-0.262841,0.63647,-0.0562267,-0.246529,0.905762,-0.00122562,-0.207035,1.05865,-0.00923599,-0.148051,1.2333,-0.0166235,-0.148803,1.17065,0.184403,-0.146573,1.15847,-0.204502,-0.182265,0.922509,0.232634,-0.142738,0.901444,-0.227057,-0.0801721,1.44186,-0.0263291,-0.227208,-0.146927,1.23352,-0.227208,-0.146927,1.23352,-0.249192,0.181507,-0.826184,3.06452,-1.26254,-3.63552,1.64848,-0.151095,-3.34789,0,0,0.294881,0,0,-0.0303569,-0.373567,0.40686,-2.02648,0.287816,-0.162681,-1.86802,0,0,2.22453,0,0,1.76071,0.372761,0.519234,-0.819513,-0.116899,-0.135139,-0.389242,-0.208248,0.882267,-0.00310584,1,0.992069,-0.0348649,-0.0552494,-0.107382,-0.0577403,-0.117379,-0.212249,0.271104,0.0240738,0.0944775,0.00368285,0.0792006,0.658674
0.99862,0.000726724,0.0483207,-0.0205477,0.99862,0.000726724,0.0483207,-0.0205477,0.987679,-0.00817528,-0.149232,0.0463915,0.670188,-0.171012,0.0154451,-0.722056,0.725729,0.292562,-0.108928,-0.613074,0.98256,0,0,0.185944,0.994255,0,0,0.107041,0.746008,-0.0662805,0.0989586,-0.655199,0.753351,-0.0284166,0.055205,-0.654681,0.999342,0,0,0.0362819,0.999717,0,0,0.0237806,0.643442,0.0830743,0.0961755,0.754871,0.612323,-0.120088,0.0446321,0.780159,-0.255784,0.0674939,0.0701357,-0.241483,0.0583419,-0.0449612,-0.287945,0.262139,0.076468,-0.271693,0.251615,-0.0431663,-0.27516,0.646464,0.0739011,-0.259381,0.635966,-0.0536302,-0.24141,0.905316,0.00226913,-0.207341,1.05951,-0.00660181,-0.1597,1.23754,-0.0165345,-0.166576,1.18142,0.185585,-0.163979,1.16142,-0.209968,-0.201462,0.935373,0.242357,-0.158855,0.905309,-0.240046,-0.107468,1.45035,-0.0304504,-0.214625,-0.0463408,0.814038,-0.214625,-0.0463408,0.814038,-0.194609,-0.156511,-0.127913,2.67093,-1.90193,-2.62384,1.39374,0.287969,-2.38461,0,0,0.107086,0,0,0.274718,-0.235339,0.38384,-1.12429,-0.0434546,0.183041,-1.12398,0,0,0.654454,0,0,0.57587,0.100732,0.587064,-0.0273565,0.28184,0.29564,0.0803868,-0.213058,0.884482,-0.00222144,1,0.993285,-0.0344976,-0.053732,-0.0964728,-0.0585758,-0.113643,-0.19031,0.153584,-0.0133856,0.104842,-0.0019847,0.114812,0.655284
0.998757,-0.000943552,0.0480719,-0.0131487,0.998757,-0.000943552,0.0480719,-0.0131487,0.986308,-0.00630255,-0.15568,0.0540365,0.657635,-0.148009,-0.00690643,-0.738621,0.708007,0.299373,-0.0896455,-0.633297,0.984831,0,0,0.173516,0.99266,0,0,0.120938,0.741371,-0.0620143,0.101452,-0.660477,0.747274,-0.0302318,0.062099,-0.660918,0.99968,0,0,0.0252798,0.999873,0,0,0.0159576,0.637739,0.0874555,0.0892571,0.760049,0.606443,-0.112365,0.0525912,0.785389,-0.253764,0.0662591,0.0714325,-0.240295,0.0573168,-0.0457413,-0.283534,0.260871,0.0778634,-0.268435,0.250317,-0.0421108,-0.269933,0.645307,0.0770767,-0.255245,0.634753,-0.0504023,-0.239683,0.904511,0.00631716,-0.210293,1.05963,-0.0035183,-0.170908,1.23958,-0.0153081,-0.179782,1.18725,0.188099,-0.179043,1.16289,-0.214738,-0.215257,0.94263,0.252743,-0.169592,0.908494,-0.253553,-0.131344,1.45486,-0.0314849,-0.10026,-0.0150673,0.444177,-0.10026,-0.0150673,0.444177,0.112653,-0.392793,0.462093,1.50542,-1.51353,-1.3687,0.586074,1.23533,-1.62458,0,0,-0.758052,0,0,0.839294,0.272958,0.1754,-0.422826,-0.123404,0.460741,-0.507791,0,0,-0.660446,0,0,-0.469474,0.313067,-0.458789,0.472717,0.515773,0.559496,0.492527,-0.217261,0.885213,-0.000528371,1,0.994402,-0.0356084,-0.0515925,-0.0850535,-0.062452,-0.10888,-0.167245,0.0518137,-0.0241478,0.121441,-0.0883165,0.161176,0.679031
0.998821,-0.00140167,0.0470879,-0.0117323,0.998821,-0.00140167,0.0470879,-0.0117323,0.984917,-0.00712644,-0.161659,0.061264,0.650361,-0.144971,-0.0151695,-0.745509,0.697059,0.298967,-0.0636751,-0.648593,0.988676,0,0,0.150064,0.991037,0,0,0.133588,0.732654,-0.0590531,0.10647,-0.669623,0.738563,-0.0327887,0.0712841,-0.669603,0.999881,0,0,0.0154277,0.999984,0,0,0.00556828,0.632357,0.0911797,0.0916199,0.763817,0.60127,-0.10225,0.063034,0.789966,-0.251063,0.0642273,0.0719117,-0.238516,0.055215,-0.0468403,-0.278498,0.258725,0.0794571,-0.26409,0.247994,-0.04102,-0.264094,0.643207,0.0806448,-0.250251,0.632493,-0.0469422,-0.238177,0.902768,0.0106453,-0.214256,1.05876,-0.000209477,-0.181775,1.23999,-0.0134117,-0.18976,1.18995,0.191744,-0.193103,1.16327,-0.218517,-0.225316,0.946227,0.263308,-0.179647,0.9111,-0.266732,-0.152059,1.4566,-0.0315998,-0.0274965,-0.0591253,0.0850384,-0.0274965,-0.0591253,0.0850384,-0.0498604,-0.364917,0.437361,0.177856,-0.564445,-0.614862,0.0576272,1.71212,-1.20266,0,0,-1.42593,0,0,0.765193,0.181872,0.353332,-0.747746,-0.17492,0.618268,-0.715305,0,0,-0.591246,0,0,-0.623397,0.268605,0.175428,0.371498,0.686531,0.733629,0.433733,-0.220817,0.884585,0.00155983,1,0.995855,-0.0372895,-0.0470835,-0.0683072,-0.0682244,-0.0990327,-0.133586,0.0451729,-0.0522836,0.129844,-0.126034,0.317897,0.991774
0.998904,-0.00206557,0.045121,-0.01227,0.998904,-0.00206557,0.045121,-0.01227,0.98481,-0.00120382,-0.163579,0.0582212,0.643044,-0.143539,-0.0228192,-0.751911,0.689394,0.296549,-0.0381272,-0.659804,0.99306,0,0,0.117611,0.992081,0,0,0.1256,0.719277,-0.0535365,0.106302,-0.684452,0.726548,-0.0369436,0.0798318,-0.681462,0.999902,0,0,0.0140024,1,0,0,-7.89827e-05,0.630119,0.0927473,0.0952242,0.765036,0.600437,-0.0903766,0.075217,0.79098,-0.24786,0.0628925,0.072308,-0.236276,0.0539999,-0.0483824,-0.274413,0.25728,0.0810362,-0.260155,0.246722,-0.0402939,-0.258915,0.64172,0.0838555,-0.245872,0.631238,-0.0441673,-0.236446,0.901731,0.0143992,-0.21864,1.0585,0.00293724,-0.19307,1.24075,-0.0112991,-0.199596,1.19263,0.195661,-0.207389,1.16422,-0.221265,-0.237344,0.950264,0.2744,-0.193223,0.914114,-0.280242,-0.171035,1.4583,-0.0296665,-0.0398462,-0.118138,-0.0322561,-0.0398462,-0.118138,-0.0322561,0.357152,-0.116112,-0.183365,0.0689428,-0.525833,-0.586343,-0.102524,1.70161,-0.881994,0,0,-1.96498,0,0,-0.483322,0.345938,0.0248916,-1.21035,-0.284744,0.586949,-0.986794,0,0,-0.0855274,0,0,-0.338838,0.113344,0.253291,0.131041,0.8232,0.848632,0.0892613,-0.224705,0.884529,0.00365433,1,0.997347,-0.0374244,-0.0389147,-0.0488252,-0.0711453,-0.0813671,-0.0949347,0.0519354,-0.0311065,0.112616,-0.0262806,0.536493,1.15162
0.998933,-0.00257637,0.0443783,-0.0125367,0.998933,-0.00257637,0.0443783,-0.0125367,0.985026,-0.00919385,-0.164695,0.0501463,0.637015,-0.142703,-0.0291594,-0.756966,0.686177,0.293177,-0.0147982,-0.665574,0.994326,0,0,0.106374,0.993232,0,0,0.116151,0.706652,-0.0445231,0.101106,-0.698883,0.716125,-0.039056,0.0851056,-0.691662,0.999892,0,0,0.0146858,0.999985,0,0,-0.0054755,0.629686,0.0921297,0.0961422,0.765353,0.600383,-0.0809004,0.0849482,0.791062,-0.244906,0.062824,0.0727125,-0.234264,0.0542186,-0.0494802,-0.27115,0.257174,0.0822376,-0.256755,0.246925,-0.0396112,-0.254787,0.64156,0.0864929,-0.242544,0.63145,-0.0419258,-0.235507,0.901968,0.0176112,-0.223378,1.05926,0.00593819,-0.20433,1.24226,-0.0088438,-0.207394,1.19522,0.199558,-0.222058,1.16633,-0.222703,-0.241621,0.95349,0.282781,-0.206117,0.918522,-0.291444,-0.188505,1.46026,-0.029219,-0.0306582,-0.0446019,-0.0160017,-0.0306582,-0.0446019,-0.0160017,-0.481803,-0.0666175,-0.487182,0.0335217,-0.438143,-0.470718,-0.201483,1.5642,-0.44335,0,0,-0.678449,0,0,-0.57116,0.583474,-0.311989,-1.18322,-0.150073,0.371394,-0.857952,0,0,0.0410041,0,0,-0.323793,-0.0413256,0.064221,0.0309527,0.658802,0.676789,0.00694679,-0.228635,0.885479,0.00554462,1,0.998426,-0.0366694,-0.0289188,-0.0310617,-0.071617,-0.0600606,-0.0600491,0.0281497,0.00710575,0.0963612,0.0354124,0.638402,1.04553
0.998898,-0.00237608,0.0453608,-0.0118102,0.998898,-0.00237608,0.0453608,-0.0118102,0.984982,-0.00180993,-0.167287,0.0426851,0.632938,-0.142234,-0.0346962,-0.760233,0.68808,0.290407,0.00438438,-0.664974,0.994297,0,0,0.106647,0.99337,0,0,0.114964,0.697787,-0.034946,0.0946417,-0.709165,0.712459,-0.0377456,0.0870551,-0.695269,0.999891,0,0,0.0147366,0.99982,0,0,-0.0189557,0.62974,0.0918958,0.0960716,0.765345,0.597848,-0.0746542,0.0914297,0.792872,-0.242727,0.0623521,0.0729292,-0.232751,0.0540929,-0.0501234,-0.268959,0.256672,0.0831294,-0.252891,0.246736,-0.039143,-0.252528,0.641037,0.0888345,-0.239751,0.631241,-0.0400779,-0.236466,0.901737,0.0206717,-0.228849,1.05932,0.00910412,-0.215364,1.24283,-0.00557885,-0.212945,1.19587,0.203805,-0.236514,1.16807,-0.222415,-0.240299,0.954087,0.289383,-0.21537,0.923007,-0.299229,-0.20501,1.46139,-0.024245,0.0120205,0.0590007,0.0435948,0.0120205,0.0590007,0.0435948,0.445258,-0.156448,-0.449881,0.0161285,-0.383223,-0.309328,-0.200643,1.28861,0.0735292,0,0,0.0164764,0,0,-0.0716991,0.630349,-0.40914,-0.848011,0.0834851,0.13763,-0.30474,0,0,0.00305047,0,0,-0.808876,-0.0162058,-0.00499522,-0.00169603,0.428925,0.457325,0.183265,-0.232742,0.885745,0.0079241,1,0.999038,-0.0356959,-0.0184472,-0.0175472,-0.0707862,-0.038121,-0.0337747,-0.0287531,-0.0069278,0.0918134,0.0557324,0.656318,0.789423
