0.997443,-0.0128603,-0.0117704,0.0693124,0.959384,-0.041582,-0.0474295,0.274961,0.974332,0.0535776,-0.0371366,-0.215469,0.889475,0.170022,-0.128615,-0.404209,0.476664,-0.131405,-0.00253748,-0.869205,0.970273,0.104437,0.0366117,0.215228,0.973615,0.0912954,0.102022,0.182564,0.137708,-0.104428,0.12372,-0.977151,0.335959,0.046247,-0.154447,-0.927976,0.828761,-0.108017,-0.113311,0.537259,0.949294,0.109251,0.0163672,0.294341,0.699052,0.0331532,0.0702231,0.710841,0.655454,0.0454924,-0.137393,0.741238,-0.39565,0.180984,0.0695654,-0.393379,0.0713596,0.0495029,-0.393286,0.378373,0.11125,-0.358068,0.255075,-0.0163246,-0.184009,0.622299,0.0991708,-0.150686,0.555205,-0.0623884,0,0.750324,0,-0.0109132,0.907738,-0.00215836,-0.0885467,1.06642,-0.0191112,-0.0227307,1.10732,0.170263,-0.094494,0.97662,-0.15074,0.218691,1.11489,0.246173,-0.0241718,0.740004,-0.0921367,-0.194203,1.25238,-0.0349228,0,0,0,0,0,0,0,0,0,0,0,0,0,0,0,0,0,0,0,0,0,0,0,0,0,0,0,0,0,0,0,0,0,0,0,0,0,0,0,-0.122633,0.789022,0.0104249,1,1,0,0,0,0,-0,0,0,0,0,0,0,0
0.997443,-0.0128603,-0.0117704,0.0693124,0.959384,-0.041582,-0.0474295,0.274961,0.974332,0.0535776,-0.0371366,-0.215469,0.889476,0.170013,-0.128622,-0.404209,0.476664,-0.131405,-0.00253748,-0.869205,0.970273,0.104437,0.0366117,0.215228,0.973615,0.0912954,0.102022,0.182564,0.137708,-0.104428,0.12372,-0.977151,0.335959,0.046247,-0.154447,-0.927976,0.828761,-0.108017,-0.113311,0.537259,0.949294,0.109251,0.0163672,0.294341,0.699052,0.0331532,0.0702231,0.710841,0.655454,0.0454924,-0.137393,0.741238,-0.39565,0.180984,0.0695654,-0.393379,0.0713596,0.0495029,-0.393286,0.378373,0.11125,-0.358068,0.255075,-0.0163246,-0.184009,0.622299,0.0991708,-0.150686,0.555205,-0.0623884,0,0.750324,0,-0.0109132,0.907738,-0.00215836,-0.0885467,1.06642,-0.0191112,-0.0227313,1.10732,0.170265,-0.094494,0.97662,-0.15074,0.218689,1.11489,0.246179,-0.0241718,0.740004,-0.0921367,-0.194203,1.25238,-0.0349228,-2.01662e-16,-1.4962e-16,1.66533e-15,0,-1.04083e-16,0,-1.04083e-16,-1.04083e-16,0,-0.000306757,-0.000532412,0.00018841,8.32667e-16,0,3.33067e-15,0,-2.08167e-16,0,0,-2.08167e-16,-1.66533e-15,3.87756e-08,-4.25944e-09,1.51448e-07,0,-4.16334e-16,0,8.32667e-16,8.32667e-16,-3.33067e-15,0,0,0,0,2.08167e-16,0,0,0,0,-0.122633,0.789022,0.0104251,1,1,0,0,0,0,0,0,0,0,0,0,0,0
0.997443,-0.0128603,-0.0117704,0.0693124,0.959384,-0.041582,-0.0474295,0.274961,0.974332,0.0535776,-0.0371366,-0.215469,0.889477,0.170005,-0.128628,-0.404208,0.476664,-0.131405,-0.00253748,-0.869205,0.970273,0.104437,0.0366117,0.215228,0.973615,0.0912954,0.102022,0.182564,0.137708,-0.104428,0.12372,-0.977151,0.335959,0.046247,-0.154447,-0.927976,0.828761,-0.108017,-0.113311,0.537259,0.949294,0.109251,0.0163672,0.294341,0.699052,0.0331532,0.0702231,0.710841,0.655454,0.0454924,-0.137393,0.741238,-0.39565,0.180984,0.0695654,-0.393379,0.0713596,0.0495029,-0.393285,0.378373,0.11125,-0.358068,0.255075,-0.0163246,-0.184009,0.622299,0.0991708,-0.150686,0.555205,-0.0623884,0,0.750324,0,-0.0109132,0.907738,-0.00215836,-0.0885467,1.06642,-0.0191112,-0.022732,1.10732,0.170268,-0.094494,0.97662,-0.15074,0.218687,1.11489,0.246186,-0.0241718,0.740004,-0.0921367,-0.194203,1.25238,-0.0349228,-6.50521e-18,-1.30104e-16,0,0,-1.04083e-16,0,0,0,0,-0.000308703,-0.000534284,0.000187942,0,0,0,0,-2.08167e-16,0,0,-2.08167e-16,-1.66533e-15,2.88048e-07,-3.16415e-08,1.12504e-06,0,-4.16334e-16,0,0,8.32667e-16,0,0,0,0,0,2.08167e-16,0,0,0,0,-0.122633,0.789022,0.0104254,1,1,0,0,0,0,0,0,0,0,0,0,0,0
0.997443,-0.0128603,-0.0117704,0.0693124,0.959384,-0.041582,-0.0474295,0.274961,0.974332,0.0535776,-0.0371366,-0.215469,0.889478,0.169996,-0.128635,-0.404208,0.476664,-0.131405,-0.00253748,-0.869205,0.970273,0.104437,0.0366117,0.215228,0.973615,0.0912954,0.102022,0.182564,0.137708,-0.104428,0.12372,-0.977151,0.335959,0.046247,-0.154447,-0.927976,0.828761,-0.108017,-0.113311,0.537259,0.949294,0.109251,0.0163672,0.294341,0.699052,0.0331532,0.0702231,0.710841,0.655454,0.0454924,-0.137393,0.741238,-0.39565,0.180984,0.0695654,-0.393379,0.0713596,0.0495029,-0.393285,0.378373,0.11125,-0.358068,0.255075,-0.0163246,-0.184009,0.622299,0.0991708,-0.150686,0.555205,-0.0623884,0,0.750324,0,-0.0109132,0.907738,-0.00215836,-0.0885467,1.06642,-0.0191112,-0.0227327,1.10732,0.17027,-0.094494,0.97662,-0.15074,0.218686,1.11489,0.246192,-0.0241718,0.740004,-0.0921367,-0.194203,1.25238,-0.0349228,0,-2.60209e-17,0,0,-1.04083e-16,0,0,0,0,-0.000308449,-0.00053393,0.000187938,0,0,0,0,-2.08167e-16,0,0,-2.08167e-16,-1.66533e-15,6.12497e-07,-6.72817e-08,2.39226e-06,0,-4.16334e-16,0,0,8.32667e-16,0,0,0,0,0,2.08167e-16,0,0,0,0,-0.122633,0.789022,0.0104257,1,1,0,0,0,0,0,0,0,0,0,0,0,0
0.997443,-0.0128603,-0.0117704,0.0693124,0.959384,-0.041582,-0.0474295,0.274961,0.974332,0.0535776,-0.0371366,-0.215469,0.889479,0.169987,-0.128641,-0.404207,0.476664,-0.131405,-0.00253748,-0.869205,0.970273,0.104437,0.0366117,0.215228,0.973615,0.0912954,0.102022,0.182564,0.137708,-0.104428,0.12372,-0.977151,0.335959,0.046247,-0.154447,-0.927976,0.828761,-0.108017,-0.113311,0.537259,0.949294,0.109251,0.0163672,0.294341,0.699052,0.0331532,0.0702231,0.710841,0.655454,0.0454924,-0.137393,0.741238,-0.395649,0.180984,0.0695654,-0.393379,0.0713596,0.0495029,-0.393285,0.378373,0.11125,-0.358068,0.255075,-0.0163246,-0.184009,0.622299,0.0991708,-0.150686,0.555205,-0.0623884,0,0.750324,0,-0.0109132,0.907738,-0.00215836,-0.0885467,1.06642,-0.0191112,-0.0227333,1.10732,0.170273,-0.094494,0.97662,-0.15074,0.218684,1.11489,0.246199,-0.0241718,0.740004,-0.0921367,-0.194203,1.25238,-0.0349228,0,-2.60209e-17,0,0,-1.04083e-16,0,0,0,0,-0.000308827,-0.000534374,0.00018807,0,0,0,0,-2.08167e-16,0,0,-2.08167e-16,-1.66533e-15,2.88048e-07,-3.16415e-08,1.12504e-06,0,-4.16334e-16,0,0,8.32667e-16,0,0,0,0,0,2.08167e-16,0,0,0,0,-0.122634,0.789022,0.010426,1,1,0,0,0,0,0,0,0,0,0,0,0,0
0.997443,-0.0128603,-0.0117704,0.0693124,0.959384,-0.041582,-0.0474295,0.274961,0.974332,0.0535776,-0.0371366,-0.215469,0.88948,0.169979,-0.128647,-0.404206,0.476664,-0.131405,-0.00253748,-0.869205,0.970273,0.104437,0.0366117,0.215228,0.973615,0.0912954,0.102022,0.182564,0.137708,-0.104428,0.12372,-0.977151,0.335959,0.046247,-0.154447,-0.927976,0.828761,-0.108017,-0.113311,0.537259,0.949294,0.109251,0.0163672,0.294341,0.699052,0.0331532,0.0702231,0.710841,0.655454,0.0454924,-0.137393,0.741238,-0.395649,0.180984,0.0695654,-0.393379,0.0713596,0.0495029,-0.393285,0.378373,0.11125,-0.358068,0.255075,-0.0163246,-0.184009,0.622299,0.0991708,-0.150686,0.555205,-0.0623884,0,0.750324,0,-0.0109132,0.907738,-0.00215836,-0.0885467,1.06642,-0.0191112,-0.022734,1.10732,0.170275,-0.094494,0.97662,-0.15074,0.218682,1.11489,0.246205,-0.0241718,0.740004,-0.0921367,-0.194203,1.25238,-0.0349228,0,-2.60209e-17,0,0,-1.04083e-16,0,0,0,0,-0.000308414,-0.000533802,0.000188326,0,0,0,0,-2.08167e-16,0,0,-2.08167e-16,-1.66533e-15,3.87756e-08,-4.25943e-09,1.51448e-07,0,-4.16334e-16,0,0,8.32667e-16,0,0,0,0,0,2.08167e-16,0,0,0,0,-0.122634,0.789022,0.0104263,1,1,0,0,0,0,0,0,0,0,0,0,0,0
0.997443,-0.0128603,-0.0117704,0.0693124,0.959384,-0.041582,-0.0474295,0.274961,0.974332,0.0535776,-0.0371366,-0.215469,0.889481,0.16997,-0.128654,-0.404206,0.476664,-0.131405,-0.00253748,-0.869205,0.970273,0.104437,0.0366117,0.215228,0.973615,0.0912954,0.102022,0.182564,0.137708,-0.104428,0.12372,-0.977151,0.335959,0.046247,-0.154447,-0.927976,0.828761,-0.108017,-0.113311,0.537259,0.949294,0.109251,0.0163672,0.294341,0.699052,0.0331532,0.0702231,0.710841,0.655454,0.0454924,-0.137393,0.741238,-0.395649,0.180984,0.0695654,-0.393379,0.0713596,0.0495029,-0.393285,0.378373,0.11125,-0.358068,0.255075,-0.0163246,-0.184009,0.622299,0.0991708,-0.150686,0.555205,-0.0623884,0,0.750324,0,-0.0109132,0.907738,-0.00215836,-0.0885467,1.06642,-0.0191112,-0.0227346,1.10732,0.170278,-0.094494,0.97662,-0.15074,0.21868,1.11489,0.246212,-0.0241718,0.740004,-0.0921367,-0.194203,1.25238,-0.0349228,0,-2.60209e-17,0,0,-1.04083e-16,0,0,0,0,-0.000308869,-0.000534156,0.000187919,0,0,0,0,-2.08167e-16,0,0,-2.08167e-16,-1.66533e-15,0,0,0,0,-4.16334e-16,0,0,8.32667e-16,0,0,0,0,0,2.08167e-16,0,1.35208e-08,-8.30438e-10,-1.77044e-09,-0.122634,0.789022,0.0104265,1,1,0,0,0,0,0,0,0,-9.11804e-10,0,0,0,0
0.997443,-0.0128603,-0.0117704,0.0693124,0.959384,-0.041582,-0.0474295,0.274961,0.974332,0.0535776,-0.0371366,-0.215469,0.889482,0.169962,-0.12866,-0.404205,0.476664,-0.131405,-0.00253748,-0.869205,0.970273,0.104437,0.0366117,0.215228,0.973615,0.0912954,0.102022,0.182564,0.137708,-0.104428,0.12372,-0.977151,0.335959,0.046247,-0.154447,-0.927976,0.828761,-0.108017,-0.113311,0.537259,0.949294,0.109251,0.0163672,0.294341,0.699052,0.0331532,0.0702231,0.710841,0.655454,0.0454924,-0.137393,0.741238,-0.395649,0.180984,0.0695654,-0.393379,0.0713596,0.0495029,-0.393285,0.378373,0.11125,-0.358068,0.255075,-0.0163246,-0.184009,0.622299,0.0991708,-0.150686,0.555205,-0.0623884,0,0.750324,0,-0.0109132,0.907738,-0.00215836,-0.0885467,1.06642,-0.0191112,-0.0227353,1.10732,0.170281,-0.094494,0.97662,-0.15074,0.218678,1.11489,0.246219,-0.0241718,0.740004,-0.0921367,-0.194203,1.25238,-0.0349228,0,-2.60209e-17,0,0,-1.04083e-16,0,0,0,0,-0.000308396,-0.000533876,0.000188154,0,0,0,0,-2.08167e-16,0,0,-2.08167e-16,-1.66533e-15,-3.87756e-08,4.25943e-09,-1.51448e-07,0,-4.16334e-16,0,0,8.32667e-16,0,0,0,0,0,2.08167e-16,0,1.0044e-07,-6.16897e-09,-1.31518e-08,-0.122634,0.789022,0.0104268,1,1,0,0,0,0,0,0,0,-6.77344e-09,0,0,0,0
0.997443,-0.0128603,-0.0117704,0.0693124,0.959384,-0.041582,-0.0474295,0.274961,0.974332,0.0535776,-0.0371366,-0.215469,0.889483,0.169953,-0.128666,-0.404204,0.476664,-0.131405,-0.00253748,-0.869205,0.970273,0.104437,0.0366117,0.215228,0.973615,0.0912954,0.102022,0.182564,0.137708,-0.104428,0.12372,-0.977151,0.335959,0.046247,-0.154447,-0.927976,0.828761,-0.108017,-0.113311,0.537259,0.949294,0.109251,0.0163672,0.294341,0.699052,0.0331532,0.0702231,0.710841,0.655454,0.0454924,-0.137393,0.741238,-0.39565,0.180984,0.0695654,-0.393379,0.0713596,0.0495029,-0.393285,0.378373,0.11125,-0.358068,0.255075,-0.0163246,-0.184009,0.622299,0.0991708,-0.150686,0.555205,-0.0623884,0,0.750324,0,-0.0109132,0.907738,-0.00215836,-0.0885467,1.06642,-0.0191112,-0.0227359,1.10732,0.170283,-0.094494,0.97662,-0.15074,0.218676,1.11489,0.246225,-0.0241718,0.740004,-0.0921367,-0.194203,1.25238,-0.0349228,0,-2.60209e-17,0,0,-1.04083e-16,0,0,0,0,-0.000309115,-0.000534714,0.000188,0,0,0,0,-2.08167e-16,0,0,-2.08167e-16,-1.66533e-15,-2.88048e-07,3.16415e-08,-1.12504e-06,0,-4.16334e-16,0,0,8.32667e-16,0,0,0,0,0,2.08167e-16,0,2.13574e-07,-1.31175e-08,-2.79657e-08,-0.122634,0.789022,0.0104271,1,1,0,0,0,0,0,0,0,-1.44029e-08,0,0,0,0
0.997443,-0.0128603,-0.0117704,0.0693124,0.959384,-0.041582,-0.0474295,0.274961,0.974332,0.0535776,-0.0371366,-0.215469,0.889484,0.169945,-0.128673,-0.404204,0.476664,-0.131405,-0.00253748,-0.869205,0.970273,0.104437,0.0366117,0.215228,0.973615,0.0912954,0.102022,0.182564,0.137708,-0.104428,0.12372,-0.977151,0.335959,0.046247,-0.154447,-0.927976,0.828761,-0.108017,-0.113311,0.537259,0.949294,0.109251,0.0163672,0.294341,0.699052,0.0331532,0.0702231,0.710841,0.655454,0.0454924,-0.137393,0.741238,-0.39565,0.180984,0.0695654,-0.393379,0.0713596,0.0495029,-0.393285,0.378373,0.11125,-0.358068,0.255075,-0.0163246,-0.184009,0.622299,0.0991708,-0.150686,0.555205,-0.0623884,0,0.750324,0,-0.0109132,0.907738,-0.00215836,-0.0885467,1.06642,-0.0191112,-0.0227366,1.10732,0.170286,-0.094494,0.97662,-0.15074,0.218674,1.11489,0.246232,-0.0241718,0.740004,-0.0921367,-0.194203,1.25238,-0.0349228,0,-2.60209e-17,0,0,-1.04083e-16,0,0,0,0,-0.000308914,-0.000534339,0.000187859,0,0,0,0,-2.08167e-16,0,0,-2.08167e-16,-1.66533e-15,-6.12497e-07,6.72817e-08,-2.39226e-06,0,-4.16334e-16,0,0,8.32667e-16,0,0,0,0,0,2.08167e-16,0,1.0044e-07,-6.16897e-09,-1.31518e-08,-0.122634,0.789022,0.0104274,1,1,0,0,0,0,0,0,0,-6.77345e-09,0,0,0,0
0.997443,-0.0128603,-0.0117704,0.0693124,0.959384,-0.041582,-0.0474295,0.274961,0.974332,0.0535776,-0.0371366,-0.215469,0.889485,0.169936,-0.128679,-0.404203,0.476664,-0.131405,-0.00253748,-0.869205,0.970273,0.104437,0.0366117,0.215228,0.973615,0.0912954,0.102022,0.182564,0.137708,-0.104428,0.12372,-0.977151,0.335959,0.046247,-0.154447,-0.927976,0.828761,-0.108017,-0.113311,0.537259,0.949294,0.109251,0.0163672,0.294341,0.699052,0.0331532,0.0702231,0.710841,0.655454,0.0454924,-0.137393,0.741238,-0.39565,0.180984,0.0695654,-0.393379,0.0713596,0.0495029,-0.393286,0.378373,0.11125,-0.358068,0.255075,-0.0163246,-0.184009,0.622299,0.0991708,-0.150686,0.555205,-0.0623884,0,0.750324,0,-0.0109132,0.907738,-0.00215836,-0.0885467,1.06642,-0.0191112,-0.0227373,1.10732,0.170288,-0.094494,0.97662,-0.15074,0.218672,1.11489,0.246238,-0.0241718,0.740004,-0.0921367,-0.194203,1.25238,-0.0349228,0,-2.60209e-17,0,0,-1.04083e-16,0,0,0,0,-0.000308382,-0.000533815,0.000187629,0,0,0,0,-2.08167e-16,0,0,-2.08167e-16,-1.66533e-15,-2.88048e-07,3.16415e-08,-1.12504e-06,0,-4.16334e-16,0,0,8.32667e-16,0,0,0,0,0,2.08167e-16,0,1.35208e-08,-8.30437e-10,-1.77043e-09,-0.122634,0.789022,0.0104277,1,1,0,0,0,0,0,0,0,-9.11817e-10,0,0,0,0
0.997443,-0.0128603,-0.0117704,0.0693124,0.959384,-0.041582,-0.0474295,0.274961,0.974332,0.0535776,-0.0371366,-0.215469,0.889486,0.169927,-0.128685,-0.404203,0.476664,-0.131405,-0.00253748,-0.869205,0.970273,0.104437,0.0366117,0.215228,0.973615,0.0912954,0.102022,0.182564,0.137708,-0.104428,0.12372,-0.977151,0.335959,0.046247,-0.154447,-0.927976,0.828761,-0.108017,-0.113311,0.537259,0.949294,0.109251,0.0163672,0.294341,0.699052,0.0331532,0.0702231,0.710841,0.655454,0.0454924,-0.137393,0.741238,-0.39565,0.180984,0.0695654,-0.393379,0.0713596,0.0495029,-0.393286,0.378373,0.11125,-0.358068,0.255075,-0.0163246,-0.184009,0.622299,0.0991708,-0.150686,0.555205,-0.0623884,0,0.750324,0,-0.0109132,0.907738,-0.00215836,-0.0885467,1.06642,-0.0191112,-0.0227379,1.10732,0.170291,-0.094494,0.97662,-0.15074,0.21867,1.11489,0.246245,-0.0241718,0.740004,-0.0921367,-0.194203,1.25238,-0.0349228,0,-2.60209e-17,0,0,-1.04083e-16,0,0,0,0,-0.000308539,-0.000534176,0.000187858,0,0,0,1.47328e-09,6.64173e-09,-7.14895e-10,0,-2.08167e-16,-1.66533e-15,-3.87756e-08,4.25944e-09,-1.51448e-07,0,-4.16334e-16,0,0,8.32667e-16,0,0,0,0,0,2.08167e-16,0,-8.85218e-10,4.44825e-10,-6.76041e-09,-0.122634,0.789022,0.0104279,1,1,0,0,0,0,0,0,0,7.19185e-10,0,0,0,0
0.997443,-0.0128603,-0.0117704,0.0693124,0.959384,-0.041582,-0.0474295,0.274961,0.974332,0.0535776,-0.0371366,-0.215469,0.889487,0.169919,-0.128692,-0.404202,0.476664,-0.131405,-0.00253748,-0.869205,0.970273,0.104437,0.0366117,0.215228,0.973615,0.0912954,0.102022,0.182564,0.137708,-0.104428,0.12372,-0.977151,0.335959,0.046247,-0.154447,-0.927976,0.828761,-0.108017,-0.113311,0.537259,0.949294,0.109251,0.0163672,0.294341,0.699052,0.0331532,0.0702231,0.710841,0.655454,0.0454924,-0.137393,0.741238,-0.39565,0.180984,0.0695654,-0.393379,0.0713596,0.0495029,-0.393286,0.378373,0.11125,-0.358068,0.255075,-0.0163246,-0.184009,0.622299,0.0991708,-0.150686,0.555205,-0.0623884,0,0.750324,0,-0.0109132,0.907738,-0.00215836,-0.0885467,1.06642,-0.0191112,-0.0227386,1.10732,0.170293,-0.094494,0.97662,-0.15074,0.218668,1.11489,0.246251,-0.0241718,0.740004,-0.0921367,-0.194203,1.25238,-0.0349228,0,-2.60209e-17,0,0,-1.04083e-16,0,0,0,0,-0.000307103,-0.0005326,0.00018839,0,0,0,1.09444e-08,4.93386e-08,-5.31065e-09,0,-2.08167e-16,-1.66533e-15,0,0,0,0,-4.16334e-16,0,0,8.32667e-16,0,0,0,0,0,2.08167e-16,0,-6.57591e-09,3.30442e-09,-5.02202e-08,-0.122634,0.789022,0.0104282,1,1,0,0,0,0,0,0,0,5.34246e-09,0,0,0,0
0.997443,-0.0128603,-0.0117704,0.0693124,0.959384,-0.041582,-0.0474295,0.274961,0.974332,0.0535776,-0.0371366,-0.215469,0.889488,0.16991,-0.128698,-0.404201,0.476664,-0.131405,-0.00253748,-0.869205,0.970273,0.104437,0.0366117,0.215228,0.973615,0.0912954,0.102022,0.182564,0.137708,-0.104428,0.12372,-0.977151,0.335959,0.046247,-0.154447,-0.927976,0.828761,-0.108017,-0.113311,0.537259,0.949294,0.109251,0.0163672,0.294341,0.699052,0.0331532,0.0702231,0.710841,0.655454,0.0454924,-0.137393,0.741238,-0.39565,0.180984,0.0695654,-0.393379,0.0713596,0.0495029,-0.393286,0.378373,0.11125,-0.358068,0.255075,-0.0163246,-0.184009,0.622299,0.0991708,-0.150686,0.555205,-0.0623884,0,0.750324,0,-0.0109132,0.907738,-0.00215836,-0.0885467,1.06642,-0.0191112,-0.0227392,1.10732,0.170296,-0.094494,0.97662,-0.15074,0.218666,1.11489,0.246258,-0.0241718,0.740004,-0.0921367,-0.194203,1.25238,-0.0349228,0,-2.60209e-17,0,0,-1.04083e-16,0,0,0,0,-0.000307302,-0.000532765,0.000188223,0,0,0,2.32718e-08,1.04912e-07,-1.12924e-08,0,-2.08167e-16,-1.66533e-15,3.87756e-08,-4.25944e-09,1.51448e-07,0,-4.16334e-16,0,0,8.32667e-16,0,0,0,0,0,2.08167e-16,0,-1.39828e-08,7.02642e-09,-1.06787e-07,-0.122634,0.789022,0.0104285,1,1,0,0,0,0,0,0,0,1.13601e-08,0,0,0,0
0.997443,-0.0128603,-0.0117704,0.0693124,0.959384,-0.041582,-0.0474295,0.274961,0.974332,0.0535776,-0.0371366,-0.215469,0.889489,0.169902,-0.128705,-0.404201,0.476664,-0.131405,-0.00253748,-0.869205,0.970273,0.104437,0.0366117,0.215228,0.973615,0.0912954,0.102022,0.182564,0.137708,-0.104428,0.12372,-0.977151,0.335959,0.046247,-0.154447,-0.927976,0.828761,-0.108017,-0.113311,0.537259,0.949294,0.109251,0.0163672,0.294341,0.699052,0.0331532,0.0702231,0.710841,0.655454,0.0454924,-0.137393,0.741238,-0.39565,0.180984,0.0695654,-0.393379,0.0713596,0.0495029,-0.393285,0.378373,0.11125,-0.358068,0.255075,-0.0163246,-0.184009,0.622299,0.0991708,-0.150686,0.555205,-0.0623884,0,0.750324,0,-0.0109132,0.907738,-0.00215836,-0.0885467,1.06642,-0.0191112,-0.0227399,1.10732,0.170299,-0.094494,0.97662,-0.15074,0.218664,1.11489,0.246265,-0.0241718,0.740004,-0.0921367,-0.194203,1.25238,-0.0349228,0,-2.60209e-17,0,0,-1.04083e-16,0,0,0,0,-0.000308244,-0.000533778,0.000188154,0,0,0,1.09444e-08,4.93386e-08,-5.31065e-09,0,-2.08167e-16,-1.66533e-15,2.88048e-07,-3.16415e-08,1.12504e-06,0,-4.16334e-16,0,0,8.32667e-16,0,0,0,0,0,2.08167e-16,0,-6.57591e-09,3.30442e-09,-5.02202e-08,-0.122634,0.789022,0.0104288,1,1,0,0,0,0,0,0,0,5.34246e-09,0,0,0,0
0.997443,-0.0128603,-0.0117704,0.0693124,0.959384,-0.041582,-0.0474295,0.274961,0.974332,0.0535776,-0.0371366,-0.215469,0.88949,0.169893,-0.128711,-0.4042,0.476664,-0.131405,-0.00253748,-0.869205,0.970273,0.104437,0.0366117,0.215228,0.973615,0.0912954,0.102022,0.182564,0.137708,-0.104428,0.12372,-0.977151,0.335959,0.046247,-0.154447,-0.927976,0.828761,-0.108017,-0.113311,0.537259,0.949294,0.109251,0.0163672,0.294341,0.699052,0.0331532,0.0702231,0.710841,0.655454,0.0454924,-0.137393,0.741238,-0.39565,0.180984,0.0695654,-0.393379,0.0713596,0.0495029,-0.393285,0.378373,0.11125,-0.358068,0.255075,-0.0163246,-0.184009,0.622299,0.0991708,-0.150686,0.555205,-0.0623884,0,0.750324,0,-0.0109132,0.907738,-0.00215836,-0.0885467,1.06642,-0.0191112,-0.0227405,1.10732,0.170301,-0.094494,0.97662,-0.15074,0.218663,1.11489,0.246271,-0.0241718,0.740004,-0.0921367,-0.194203,1.25238,-0.0349228,0,-2.60209e-17,0,0,-1.04083e-16,0,0,0,0,-0.00030868,-0.000534033,0.00018794,0,0,0,1.47328e-09,6.64173e-09,-7.14895e-10,0,-2.08167e-16,-1.66533e-15,6.12497e-07,-6.72817e-08,2.39226e-06,0,-4.16334e-16,0,0,8.32667e-16,0,0,0,0,0,2.08167e-16,0,-8.8522e-10,4.44825e-10,-6.76042e-09,-0.122634,0.789022,0.010429,1,1,0,0,0,0,0,0,0,7.19171e-10,0,0,0,0
0.997443,-0.0128603,-0.0117704,0.0693124,0.959384,-0.041582,-0.0474295,0.274961,0.974332,0.0535776,-0.0371366,-0.215469,0.889491,0.169885,-0.128717,-0.4042,0.476664,-0.131405,-0.00253748,-0.869205,0.970273,0.104437,0.0366117,0.215228,0.973615,0.0912954,0.102022,0.182564,0.137708,-0.104428,0.12372,-0.977151,0.335959,0.046247,-0.154447,-0.927976,0.828761,-0.108017,-0.113311,0.537259,0.949294,0.109251,0.0163672,0.294341,0.699052,0.0331532,0.0702231,0.710841,0.655454,0.0454924,-0.137393,0.741238,-0.395649,0.180984,0.0695654,-0.393379,0.0713596,0.0495029,-0.393285,0.378373,0.11125,-0.358068,0.255075,-0.0163246,-0.184009,0.622299,0.0991708,-0.150686,0.555205,-0.0623884,0,0.750324,0,-0.0109132,0.907738,-0.00215836,-0.0885467,1.06642,-0.0191112,-0.0227412,1.10732,0.170304,-0.094494,0.97662,-0.15074,0.218661,1.11489,0.246278,-0.0241718,0.740004,-0.0921367,-0.194203,1.25238,-0.0349228,0,-2.60209e-17,0,0,-1.04083e-16,0,0,0,0,-0.000308761,-0.000534323,0.000187974,0,0,0,0,2.08167e-16,0,0,-2.08167e-16,-1.66533e-15,2.88048e-07,-3.16415e-08,1.12504e-06,0,-4.16334e-16,0,0,8.32667e-16,0,0,0,0,0,2.08167e-16,0,0,0,0,-0.122634,0.789022,0.0104293,1,1,0,0,0,0,0,0,0,0,0,0,0,0
0.997443,-0.0128603,-0.0117704,0.0693124,0.959384,-0.041582,-0.0474295,0.274961,0.974332,0.0535776,-0.0371366,-0.215469,0.889492,0.169876,-0.128724,-0.404199,0.476664,-0.131405,-0.00253748,-0.869205,0.970273,0.104437,0.0366117,0.215228,0.973615,0.0912954,0.102022,0.182564,0.137708,-0.104428,0.12372,-0.977151,0.335959,0.046247,-0.154447,-0.927976,0.828761,-0.108017,-0.113311,0.537259,0.949294,0.109251,0.0163672,0.294341,0.699052,0.0331532,0.0702231,0.710841,0.655454,0.0454924,-0.137393,0.741238,-0.395649,0.180984,0.0695654,-0.393379,0.0713596,0.0495029,-0.393285,0.378373,0.11125,-0.358068,0.255075,-0.0163246,-0.184009,0.622299,0.0991708,-0.150686,0.555205,-0.0623884,0,0.750324,0,-0.0109132,0.907738,-0.00215836,-0.0885467,1.06642,-0.0191112,-0.0227419,1.10732,0.170306,-0.094494,0.97662,-0.15074,0.218659,1.11489,0.246284,-0.0241718,0.740004,-0.0921367,-0.194203,1.25238,-0.0349228,0,-2.60209e-17,0,-1.99308e-09,3.59672e-09,2.41807e-10,0,0,0,-0.000308622,-0.000534078,0.000188037,0,0,0,0,2.08167e-16,0,0,-2.08167e-16,-1.66533e-15,3.87756e-08,-4.25943e-09,1.51448e-07,0,-4.16334e-16,0,0,8.32667e-16,0,1.90371e-09,-2.73371e-09,-5.2359e-08,0,2.08167e-16,0,0,0,0,-0.122635,0.789022,0.0104296,1,1,0,0,0,0,0,0,0,2.27653e-09,0,0,0,0
0.997443,-0.0128603,-0.0117704,0.0693124,0.959384,-0.041582,-0.0474295,0.274961,0.974332,0.0535776,-0.0371366,-0.215469,0.889493,0.169867,-0.12873,-0.404198,0.476664,-0.131405,-0.00253748,-0.869205,0.970273,0.104437,0.0366117,0.215228,0.973615,0.0912954,0.102022,0.182564,0.137708,-0.104428,0.12372,-0.977151,0.335959,0.046247,-0.154447,-0.927976,0.828761,-0.108017,-0.113311,0.537259,0.949294,0.109251,0.0163672,0.294341,0.699052,0.0331532,0.0702231,0.710841,0.655454,0.0454924,-0.137393,0.741238,-0.395649,0.180984,0.0695654,-0.393379,0.0713596,0.0495029,-0.393285,0.378373,0.11125,-0.358068,0.255075,-0.0163246,-0.184009,0.622299,0.0991708,-0.150686,0.555205,-0.0623884,0,0.750324,0,-0.0109132,0.907738,-0.00215836,-0.0885467,1.06642,-0.0191112,-0.0227425,1.10732,0.170309,-0.094494,0.97662,-0.15074,0.218657,1.11489,0.246291,-0.0241718,0.740004,-0.0921367,-0.194203,1.25238,-0.0349228,0,-2.60209e-17,0,-1.48057e-08,2.67185e-08,1.79627e-09,0,0,0,-0.000309264,-0.000534645,0.000187995,0,0,0,0,2.08167e-16,0,0,-2.08167e-16,-1.66533e-15,0,0,0,0,-4.16334e-16,0,0,8.32667e-16,0,1.41419e-08,-2.03076e-08,-3.88952e-07,0,2.08167e-16,0,0,0,0,-0.122635,0.789022,0.0104299,1,1,0,0,0,0,0,0,0,1.69113e-08,0,0,0,0
0.997443,-0.0128603,-0.0117704,0.0693124,0.959384,-0.041582,-0.0474295,0.274961,0.974332,0.0535776,-0.0371366,-0.215469,0.889494,0.169859,-0.128736,-0.404198,0.476664,-0.131405,-0.00253748,-0.869205,0.970273,0.104437,0.0366117,0.215228,0.973615,0.0912954,0.102022,0.182564,0.137708,-0.104428,0.12372,-0.977151,0.335959,0.046247,-0.154447,-0.927976,0.828761,-0.108017,-0.113311,0.537259,0.949294,0.109251,0.0163672,0.294341,0.699052,0.0331532,0.0702231,0.710841,0.655454,0.0454924,-0.137393,0.741238,-0.395649,0.180984,0.0695654,-0.393379,0.0713596,0.0495029,-0.393285,0.378373,0.11125,-0.358068,0.255075,-0.0163246,-0.184009,0.622299,0.0991708,-0.150686,0.555205,-0.0623884,0,0.750324,0,-0.0109132,0.907738,-0.00215836,-0.0885467,1.06642,-0.0191112,-0.0227432,1.10732,0.170311,-0.094494,0.97662,-0.15074,0.218655,1.11489,0.246297,-0.0241718,0.740004,-0.0921367,-0.194203,1.25238,-0.0349228,0,-2.60209e-17,0,-3.14825e-08,5.68135e-08,3.81955e-09,0,0,0,-0.000308838,-0.000534352,0.000188008,0,0,0,0,2.08167e-16,0,0,-2.08167e-16,-1.66533e-15,0,0,0,0,-4.16334e-16,0,0,8.32667e-16,0,3.00709e-08,-4.31815e-08,-8.27058e-07,0,2.08167e-16,0,0,0,0,-0.122635,0.789022,0.0104302,1,1,0,0,0,0,0,0,0,3.59598e-08,0,0,0,0
0.997443,-0.0128603,-0.0117704,0.0693124,0.959384,-0.041582,-0.0474295,0.274961,0.974332,0.0535776,-0.0371366,-0.215469,0.889495,0.16985,-0.128743,-0.404197,0.476664,-0.131405,-0.00253748,-0.869205,0.970273,0.104437,0.0366117,0.215228,0.973615,0.0912954,0.102022,0.182564,0.137708,-0.104428,0.12372,-0.977151,0.335959,0.046247,-0.154447,-0.927976,0.828761,-0.108017,-0.113311,0.537259,0.949294,0.109251,0.0163672,0.294341,0.699052,0.0331532,0.0702231,0.710841,0.655454,0.0454924,-0.137393,0.741238,-0.395649,0.180984,0.0695654,-0.393379,0.0713596,0.0495029,-0.393285,0.378373,0.11125,-0.358068,0.255075,-0.0163246,-0.184009,0.622299,0.0991708,-0.150686,0.555205,-0.0623884,0,0.750324,0,-0.0109132,0.907738,-0.00215836,-0.0885467,1.06642,-0.0191112,-0.0227438,1.10732,0.170314,-0.094494,0.97662,-0.15074,0.218653,1.11489,0.246304,-0.0241718,0.740004,-0.0921367,-0.194203,1.25238,-0.0349228,0,-2.60209e-17,0,-1.48057e-08,2.67185e-08,1.79628e-09,0,0,0,-0.000308066,-0.000533733,0.000188133,0,0,0,0,2.08167e-16,0,0,-2.08167e-16,-1.66533e-15,0,0,0,0,-4.16334e-16,0,0,8.32667e-16,0,1.41419e-08,-2.03076e-08,-3.88952e-07,0,2.08167e-16,0,0,0,0,-0.122635,0.789022,0.0104304,1,1,0,0,0,0,0,0,0,1.69113e-08,0,0,0,0
0.997443,-0.0128603,-0.0117704,0.0693124,0.959384,-0.041582,-0.0474295,0.274961,0.974332,0.0535776,-0.0371366,-0.215469,0.889496,0.169842,-0.128749,-0.404197,0.476664,-0.131405,-0.00253748,-0.869205,0.970273,0.104437,0.0366117,0.215228,0.973615,0.0912954,0.102022,0.182564,0.137708,-0.104428,0.12372,-0.977151,0.335959,0.046247,-0.154447,-0.927976,0.828761,-0.108017,-0.113311,0.537259,0.949294,0.109251,0.0163672,0.294341,0.699052,0.0331532,0.0702231,0.710841,0.655454,0.0454924,-0.137393,0.741238,-0.395649,0.180984,0.0695654,-0.393379,0.0713596,0.0495029,-0.393285,0.378373,0.11125,-0.358068,0.255075,-0.0163246,-0.184009,0.622299,0.0991708,-0.150686,0.555205,-0.0623884,0,0.750324,0,-0.0109132,0.907738,-0.00215836,-0.0885467,1.06642,-0.0191112,-0.0227445,1.10732,0.170317,-0.094494,0.97662,-0.15074,0.218651,1.11489,0.24631,-0.0241718,0.740004,-0.0921367,-0.194203,1.25238,-0.0349228,0,-2.60209e-17,0,-1.99308e-09,3.59672e-09,2.41803e-10,0,0,0,-0.000307982,-0.000533554,0.000188054,0,0,0,0,2.08167e-16,0,0,-2.08167e-16,-1.66533e-15,0,0,0,0,-4.16334e-16,0,0,8.32667e-16,0,1.90372e-09,-2.73371e-09,-5.2359e-08,0,2.08167e-16,0,-1.35208e-08,8.30439e-10,1.77044e-09,-0.122635,0.789022,0.0104307,1,1,0,0,0,0,0,0,0,3.18833e-09,0,0,0,0
0.997443,-0.0128603,-0.0117704,0.0693124,0.959384,-0.041582,-0.0474295,0.274961,0.974332,0.0535776,-0.0371366,-0.215469,0.889497,0.169833,-0.128756,-0.404196,0.476664,-0.131405,-0.00253748,-0.869205,0.970273,0.104437,0.0366117,0.215228,0.973615,0.0912954,0.102022,0.182564,0.137708,-0.104428,0.12372,-0.977151,0.335959,0.046247,-0.154447,-0.927976,0.828761,-0.108017,-0.113311,0.537259,0.949294,0.109251,0.0163672,0.294341,0.699052,0.0331532,0.0702231,0.710841,0.655454,0.0454924,-0.137393,0.741238,-0.395649,0.180984,0.0695654,-0.393379,0.0713596,0.0495029,-0.393285,0.378373,0.11125,-0.358068,0.255075,-0.0163246,-0.184009,0.622299,0.0991708,-0.150686,0.555205,-0.0623884,0,0.750324,0,-0.0109132,0.907738,-0.00215836,-0.0885467,1.06642,-0.0191112,-0.0227451,1.10732,0.170319,-0.094494,0.97662,-0.15074,0.218649,1.11489,0.246317,-0.0241718,0.740004,-0.0921367,-0.194203,1.25238,-0.0349228,0,-2.60209e-17,0,0,-1.04083e-16,0,0,0,0,-0.000309164,-0.000534667,0.000187881,0,0,0,0,2.08167e-16,0,0,-2.08167e-16,-1.66533e-15,0,0,0,0,-4.16334e-16,0,0,8.32667e-16,0,0,0,0,0,2.08167e-16,0,-1.0044e-07,6.16896e-09,1.31518e-08,-0.122635,0.789022,0.010431,1,1,0,0,0,0,0,0,0,6.77345e-09,0,0,0,0
0.997443,-0.0128603,-0.0117704,0.0693124,0.959384,-0.041582,-0.0474295,0.274961,0.974332,0.0535776,-0.0371366,-0.215469,0.889498,0.169824,-0.128762,-0.404195,0.476664,-0.131405,-0.00253748,-0.869205,0.970273,0.104437,0.0366117,0.215228,0.973615,0.0912954,0.102022,0.182564,0.137708,-0.104428,0.12372,-0.977151,0.335959,0.046247,-0.154447,-0.927976,0.828761,-0.108017,-0.113311,0.537259,0.949294,0.109251,0.0163672,0.294341,0.699052,0.0331532,0.0702231,0.710841,0.655454,0.0454924,-0.137393,0.741238,-0.395649,0.180984,0.0695654,-0.393379,0.0713596,0.0495029,-0.393285,0.378373,0.11125,-0.358068,0.255075,-0.0163246,-0.184009,0.622299,0.0991708,-0.150686,0.555205,-0.0623884,0,0.750324,0,-0.0109132,0.907738,-0.00215836,-0.0885467,1.06642,-0.0191112,-0.0227458,1.10732,0.170322,-0.094494,0.97662,-0.15074,0.218647,1.11489,0.246324,-0.0241718,0.740004,-0.0921367,-0.194203,1.25238,-0.0349228,0,-2.60209e-17,0,0,-1.04083e-16,0,0,0,0,-0.000309165,-0.000534513,0.000187989,0,0,0,0,2.08167e-16,0,0,-2.08167e-16,-1.66533e-15,0,0,0,0,-4.16334e-16,0,0,8.32667e-16,0,0,0,0,0,2.08167e-16,0,-2.13574e-07,1.31175e-08,2.79657e-08,-0.122635,0.789022,0.0104313,1,1,0,0,0,0,0,0,0,1.44029e-08,0,0,0,0
0.997443,-0.0128603,-0.0117704,0.0693124,0.959384,-0.041582,-0.0474295,0.274961,0.974332,0.0535776,-0.0371366,-0.215469,0.889499,0.169816,-0.128768,-0.404195,0.476664,-0.131405,-0.00253748,-0.869205,0.970273,0.104437,0.0366117,0.215228,0.973615,0.0912954,0.102022,0.182564,0.137708,-0.104428,0.12372,-0.977151,0.335959,0.046247,-0.154447,-0.927976,0.828761,-0.108017,-0.113311,0.537259,0.949294,0.109251,0.0163672,0.294341,0.699052,0.0331532,0.0702231,0.710841,0.655454,0.0454924,-0.137393,0.741238,-0.395649,0.180984,0.0695654,-0.393379,0.0713596,0.0495029,-0.393285,0.378373,0.11125,-0.358068,0.255075,-0.0163246,-0.184009,0.622299,0.0991708,-0.150686,0.555205,-0.0623884,0,0.750324,0,-0.0109132,0.907738,-0.00215836,-0.0885467,1.06642,-0.0191112,-0.0227465,1.10732,0.170324,-0.094494,0.97662,-0.15074,0.218645,1.11489,0.24633,-0.0241718,0.740004,-0.0921367,-0.194203,1.25238,-0.0349228,0,-2.60209e-17,0,0,-1.04083e-16,0,0,0,0,-0.000308648,-0.000533956,0.000187983,0,0,0,0,2.08167e-16,0,0,-2.08167e-16,-1.66533e-15,0,0,0,0,-4.16334e-16,0,0,8.32667e-16,0,0,0,0,0,2.08167e-16,0,-1.0044e-07,6.16897e-09,1.31518e-08,-0.122635,0.789022,0.0104315,1,1,0,0,0,0,0,0,0,6.77344e-09,0,0,0,0
0.997443,-0.0128603,-0.0117704,0.0693124,0.959384,-0.041582,-0.0474295,0.274961,0.974332,0.0535776,-0.0371366,-0.215469,0.8895,0.169807,-0.128775,-0.404194,0.476664,-0.131405,-0.00253748,-0.869205,0.970273,0.104437,0.0366117,0.215228,0.973615,0.0912954,0.102022,0.182564,0.137708,-0.104428,0.12372,-0.977151,0.335959,0.046247,-0.154447,-0.927976,0.828761,-0.108017,-0.113311,0.537259,0.949294,0.109251,0.0163672,0.294341,0.699052,0.0331532,0.0702231,0.710841,0.655454,0.0454924,-0.137393,0.741238,-0.395649,0.180984,0.0695654,-0.393379,0.0713596,0.0495029,-0.393285,0.378373,0.11125,-0.358068,0.255075,-0.0163246,-0.184009,0.622299,0.0991708,-0.150686,0.555205,-0.0623884,0,0.750324,0,-0.0109132,0.907738,-0.00215836,-0.0885467,1.06642,-0.0191112,-0.0227471,1.10732,0.170327,-0.094494,0.97662,-0.15074,0.218643,1.11489,0.246337,-0.0241718,0.740004,-0.0921367,-0.194203,1.25238,-0.0349228,0,-2.60209e-17,0,0,-1.04083e-16,0,0,0,0,-0.000308547,-0.000534057,0.000187986,0,0,0,0,2.08167e-16,0,0,-2.08167e-16,-1.66533e-15,0,0,0,0,-4.16334e-16,0,0,8.32667e-16,0,0,0,0,0,2.08167e-16,0,-1.35208e-08,8.30438e-10,1.77044e-09,-0.122635,0.789022,0.0104318,1,1,0,0,0,0,0,0,0,9.11817e-10,0,0,0,0
0.997443,-0.0128603,-0.0117704,0.0693124,0.959384,-0.041582,-0.0474295,0.274961,0.974332,0.0535776,-0.0371366,-0.215469,0.889501,0.169799,-0.128781,-0.404193,0.476664,-0.131405,-0.00253748,-0.869205,0.970273,0.104437,0.0366117,0.215228,0.973615,0.0912954,0.102022,0.182564,0.137708,-0.104428,0.12372,-0.977151,0.335959,0.046247,-0.154447,-0.927976,0.828761,-0.108017,-0.113311,0.537259,0.949294,0.109251,0.0163672,0.294341,0.699052,0.0331532,0.0702231,0.710841,0.655454,0.0454924,-0.137393,0.741238,-0.395649,0.180984,0.0695654,-0.393379,0.0713596,0.0495029,-0.393285,0.378373,0.11125,-0.358068,0.255075,-0.0163246,-0.184009,0.622299,0.0991708,-0.150686,0.555205,-0.0623884,0,0.750324,0,-0.0109132,0.907738,-0.00215836,-0.0885467,1.06642,-0.0191112,-0.0227478,1.10732,0.17033,-0.094494,0.97662,-0.15074,0.218641,1.11489,0.246343,-0.0241718,0.740004,-0.0921367,-0.194203,1.25238,-0.0349228,0,-2.60209e-17,0,0,-1.04083e-16,0,0,0,0,-0.000308218,-0.000533809,0.000188186,0,0,0,0,2.08167e-16,0,0,-2.08167e-16,-1.66533e-15,0,0,0,0,-4.16334e-16,0,0,8.32667e-16,0,0,0,0,0,2.08167e-16,0,0,0,0,-0.122635,0.789022,0.0104321,1,1,0,0,0,0,0,0,0,0,0,0,0,0
0.997443,-0.0128603,-0.0117704,0.0693124,0.959384,-0.041582,-0.0474295,0.274961,0.974332,0.0535776,-0.0371366,-0.215469,0.889502,0.16979,-0.128787,-0.404193,0.476664,-0.131405,-0.00253748,-0.869205,0.970273,0.104437,0.0366117,0.215228,0.973615,0.0912954,0.102022,0.182564,0.137708,-0.104428,0.12372,-0.977151,0.335959,0.046247,-0.154447,-0.927976,0.828761,-0.108017,-0.113311,0.537259,0.949294,0.109251,0.0163672,0.294341,0.699052,0.0331532,0.0702231,0.710841,0.655454,0.0454924,-0.137393,0.741238,-0.395649,0.180984,0.0695654,-0.393379,0.0713596,0.0495029,-0.393285,0.378373,0.11125,-0.358068,0.255075,-0.0163246,-0.184009,0.622299,0.0991708,-0.150686,0.555205,-0.0623884,0,0.750324,0,-0.0109132,0.907738,-0.00215836,-0.0885467,1.06642,-0.0191112,-0.0227484,1.10732,0.170332,-0.094494,0.97662,-0.15074,0.218639,1.11489,0.24635,-0.0241718,0.740004,-0.0921367,-0.194203,1.25238,-0.0349228,0,-2.60209e-17,0,0,-1.04083e-16,0,0,0,0,-0.000308244,-0.000533733,0.000188115,0,0,0,0,2.08167e-16,0,0,-2.08167e-16,-1.66533e-15,0,0,0,0,-4.16334e-16,0,0,8.32667e-16,0,0,0,0,0,2.08167e-16,0,0,0,0,-0.122635,0.789022,0.0104324,1,1,0,0,0,0,0,0,0,0,0,0,0,0
0.997443,-0.0128603,-0.0117704,0.0693124,0.959384,-0.041582,-0.0474295,0.274961,0.974332,0.0535776,-0.0371366,-0.215469,0.889503,0.169782,-0.128794,-0.404192,0.476664,-0.131405,-0.00253748,-0.869205,0.970273,0.104437,0.0366117,0.215228,0.973615,0.0912954,0.102022,0.182564,0.137708,-0.104428,0.12372,-0.977151,0.335959,0.046247,-0.154447,-0.927976,0.828761,-0.108017,-0.113311,0.537259,0.949294,0.109251,0.0163672,0.294341,0.699052,0.0331532,0.0702231,0.710841,0.655454,0.0454924,-0.137393,0.741238,-0.395649,0.180984,0.0695654,-0.393379,0.0713596,0.0495029,-0.393285,0.378373,0.11125,-0.358068,0.255075,-0.0163246,-0.184009,0.622299,0.0991708,-0.150686,0.555205,-0.0623884,0,0.750324,0,-0.0109132,0.907738,-0.00215836,-0.0885467,1.06642,-0.0191112,-0.0227491,1.10732,0.170335,-0.094494,0.97662,-0.15074,0.218638,1.11489,0.246356,-0.0241718,0.740004,-0.0921367,-0.194203,1.25238,-0.0349228,0,-2.60209e-17,0,0,-1.04083e-16,0,0,0,0,-0.000308302,-0.000533843,0.000187812,0,0,0,0,2.08167e-16,0,0,-2.08167e-16,-1.66533e-15,0,0,0,0,-4.16334e-16,0,0,8.32667e-16,0,0,0,0,0,2.08167e-16,0,0,0,0,-0.122635,0.789022,0.0104327,1,1,0,0,0,0,0,0,0,0,0,0,0,0
0.997443,-0.0128603,-0.0117704,0.0693124,0.959384,-0.041582,-0.0474295,0.274961,0.974332,0.0535776,-0.0371366,-0.215469,0.889504,0.169773,-0.1288,-0.404192,0.476664,-0.131405,-0.00253748,-0.869205,0.970273,0.104437,0.0366117,0.215228,0.973615,0.0912954,0.102022,0.182564,0.137708,-0.104428,0.12372,-0.977151,0.335959,0.046247,-0.154447,-0.927976,0.828761,-0.108017,-0.113311,0.537259,0.949294,0.109251,0.0163672,0.294341,0.699052,0.0331532,0.0702231,0.710841,0.655454,0.0454924,-0.137393,0.741238,-0.395649,0.180984,0.0695654,-0.393379,0.0713596,0.0495029,-0.393285,0.378373,0.11125,-0.358068,0.255075,-0.0163246,-0.184009,0.622299,0.0991708,-0.150686,0.555205,-0.0623884,0,0.750324,0,-0.0109132,0.907738,-0.00215836,-0.0885467,1.06642,-0.0191112,-0.0227497,1.10732,0.170337,-0.094494,0.97662,-0.15074,0.218636,1.11489,0.246363,-0.0241718,0.740004,-0.0921367,-0.194203,1.25238,-0.0349228,0,-2.60209e-17,0,0,-1.04083e-16,0,0,0,0,-0.00030844,-0.00053397,0.000187816,0,0,0,0,2.08167e-16,0,0,-2.08167e-16,-1.66533e-15,0,0,0,0,-4.16334e-16,0,0,8.32667e-16,0,0,0,0,0,2.08167e-16,0,0,0,0,-0.122635,0.789022,0.0104329,1,1,0,0,0,0,0,0,0,0,0,0,0,0
0.997443,-0.0128603,-0.0117704,0.0693124,0.959384,-0.041582,-0.0474295,0.274961,0.974332,0.0535776,-0.0371366,-0.215469,0.889505,0.169764,-0.128806,-0.404191,0.476664,-0.131405,-0.00253748,-0.869205,0.970273,0.104437,0.0366117,0.215228,0.973615,0.0912954,0.102022,0.182564,0.137708,-0.104428,0.12372,-0.977151,0.335959,0.046247,-0.154447,-0.927976,0.828761,-0.108017,-0.113311,0.537259,0.949294,0.109251,0.0163672,0.294341,0.699052,0.0331532,0.0702231,0.710841,0.655454,0.0454924,-0.137393,0.741238,-0.395649,0.180984,0.0695654,-0.393379,0.0713596,0.0495029,-0.393285,0.378373,0.11125,-0.358068,0.255075,-0.0163246,-0.184009,0.622299,0.0991708,-0.150686,0.555205,-0.0623884,0,0.750324,0,-0.0109132,0.907738,-0.00215836,-0.0885467,1.06642,-0.0191112,-0.0227504,1.10732,0.17034,-0.094494,0.97662,-0.15074,0.218634,1.11489,0.24637,-0.0241718,0.740004,-0.0921367,-0.194203,1.25238,-0.0349228,0,-2.60209e-17,0,0,-1.04083e-16,0,0,0,0,-0.000308313,-0.000533724,0.000188006,0,0,0,0,2.08167e-16,0,0,-2.08167e-16,-1.66533e-15,0,0,0,0,-4.16334e-16,0,0,8.32667e-16,0,0,0,0,0,2.08167e-16,0,0,0,0,-0.122636,0.789022,0.0104332,1,1,0,0,0,0,0,0,0,0,0,0,0,0
0.997443,-0.0128603,-0.0117704,0.0693124,0.959384,-0.041582,-0.0474295,0.274961,0.974332,0.0535776,-0.0371366,-0.215469,0.889506,0.169756,-0.128813,-0.40419,0.476664,-0.131405,-0.00253748,-0.869205,0.970273,0.104437,0.0366117,0.215228,0.973615,0.0912954,0.102022,0.182564,0.137708,-0.104428,0.12372,-0.977151,0.335959,0.046247,-0.154447,-0.927976,0.828761,-0.108017,-0.113311,0.537259,0.949294,0.109251,0.0163672,0.294341,0.699052,0.0331532,0.0702231,0.710841,0.655454,0.0454924,-0.137393,0.741238,-0.395649,0.180984,0.0695654,-0.393379,0.0713596,0.0495029,-0.393285,0.378373,0.11125,-0.358068,0.255075,-0.0163246,-0.184009,0.622299,0.0991708,-0.150686,0.555205,-0.0623884,0,0.750324,0,-0.0109132,0.907738,-0.00215836,-0.0885467,1.06642,-0.0191112,-0.0227511,1.10732,0.170342,-0.094494,0.97662,-0.15074,0.218632,1.11489,0.246376,-0.0241718,0.740004,-0.0921367,-0.194203,1.25238,-0.0349228,0,-2.60209e-17,0,0,-1.04083e-16,0,0,0,0,-0.000308638,-0.000534255,0.000188133,0,0,0,0,2.08167e-16,0,0,-2.08167e-16,-1.66533e-15,0,0,0,0,-4.16334e-16,0,0,8.32667e-16,0,0,0,0,0,2.08167e-16,0,0,0,0,-0.122636,0.789022,0.0104335,1,1,0,0,0,0,0,0,0,0,0,0,0,0
0.997443,-0.0128603,-0.0117704,0.0693124,0.959384,-0.041582,-0.0474295,0.274961,0.974332,0.0535776,-0.0371366,-0.215469,0.889507,0.169747,-0.128819,-0.40419,0.476664,-0.131405,-0.00253748,-0.869205,0.970273,0.104437,0.0366117,0.215228,0.973615,0.0912954,0.102022,0.182564,0.137708,-0.104428,0.12372,-0.977151,0.335959,0.046247,-0.154447,-0.927976,0.828761,-0.108017,-0.113311,0.537259,0.949294,0.109251,0.0163672,0.294341,0.699052,0.0331532,0.0702231,0.710841,0.655454,0.0454924,-0.137393,0.741238,-0.395649,0.180984,0.0695654,-0.393379,0.0713596,0.0495029,-0.393285,0.378373,0.11125,-0.358068,0.255075,-0.0163246,-0.184009,0.622299,0.0991708,-0.150686,0.555205,-0.0623884,0,0.750324,0,-0.0109132,0.907738,-0.00215836,-0.0885467,1.06642,-0.0191112,-0.0227517,1.10732,0.170345,-0.094494,0.97662,-0.15074,0.21863,1.11489,0.246383,-0.0241718,0.740004,-0.0921367,-0.194203,1.25238,-0.0349228,0,-2.60209e-17,0,0,-1.04083e-16,0,0,0,0,-0.000308501,-0.000533914,0.000188201,0,0,0,0,2.08167e-16,0,0,-2.08167e-16,-1.66533e-15,0,0,0,0,-4.16334e-16,0,0,8.32667e-16,0,0,0,0,0,2.08167e-16,0,0,0,0,-0.122636,0.789022,0.0104338,1,1,0,0,0,0,0,0,0,0,0,0,0,0
0.997443,-0.0128603,-0.0117704,0.0693124,0.959384,-0.041582,-0.0474295,0.274961,0.974332,0.0535776,-0.0371366,-0.215469,0.889508,0.169739,-0.128826,-0.404189,0.476664,-0.131405,-0.00253748,-0.869205,0.970273,0.104437,0.0366117,0.215228,0.973615,0.0912954,0.102022,0.182564,0.137708,-0.104428,0.12372,-0.977151,0.335959,0.046247,-0.154447,-0.927976,0.828761,-0.108017,-0.113311,0.537259,0.949294,0.109251,0.0163672,0.294341,0.699052,0.0331532,0.0702231,0.710841,0.655454,0.0454924,-0.137393,0.741238,-0.395649,0.180984,0.0695654,-0.393379,0.0713596,0.0495029,-0.393285,0.378373,0.11125,-0.358068,0.255075,-0.0163246,-0.184009,0.622299,0.0991708,-0.150686,0.555205,-0.0623884,0,0.750324,0,-0.0109132,0.907738,-0.00215836,-0.0885467,1.06642,-0.0191112,-0.0227524,1.10732,0.170348,-0.094494,0.97662,-0.15074,0.218628,1.11489,0.246389,-0.0241718,0.740004,-0.0921367,-0.194203,1.25238,-0.0349228,0,-2.60209e-17,0,0,-1.04083e-16,0,0,0,0,-0.00030872,-0.000534065,0.00018814,0,0,0,0,2.08167e-16,0,0,-2.08167e-16,-1.66533e-15,0,0,0,0,-4.16334e-16,0,0,8.32667e-16,0,0,0,0,0,2.08167e-16,0,0,0,0,-0.122636,0.789022,0.010434,1,1,0,0,0,0,0,0,0,0,0,0,0,0
0.997443,-0.0128603,-0.0117704,0.0693124,0.959384,-0.041582,-0.0474295,0.274961,0.974332,0.0535776,-0.0371366,-0.215469,0.889509,0.16973,-0.128832,-0.404189,0.476664,-0.131405,-0.00253748,-0.869205,0.970273,0.104437,0.0366117,0.215228,0.973615,0.0912954,0.102022,0.182564,0.137708,-0.104428,0.12372,-0.977151,0.335959,0.046247,-0.154447,-0.927976,0.828761,-0.108017,-0.113311,0.537259,0.949294,0.109251,0.0163672,0.294341,0.699052,0.0331532,0.0702231,0.710841,0.655454,0.0454924,-0.137393,0.741238,-0.395649,0.180984,0.0695654,-0.393379,0.0713596,0.0495029,-0.393285,0.378373,0.11125,-0.358068,0.255075,-0.0163246,-0.184009,0.622299,0.0991708,-0.150686,0.555205,-0.0623884,0,0.750324,0,-0.0109132,0.907738,-0.00215836,-0.0885467,1.06642,-0.0191112,-0.022753,1.10732,0.17035,-0.094494,0.97662,-0.15074,0.218626,1.11489,0.246396,-0.0241718,0.740004,-0.0921367,-0.194203,1.25238,-0.0349228,0,-2.60209e-17,0,0,-1.04083e-16,0,0,0,0,-0.000308767,-0.000534377,0.000188148,0,0,0,0,2.08167e-16,0,0,-2.08167e-16,-1.66533e-15,0,0,0,0,-4.16334e-16,0,0,8.32667e-16,0,0,0,0,0,2.08167e-16,0,0,0,0,-0.122636,0.789022,0.0104343,1,1,0,0,0,0,0,0,0,0,0,0,0,0
0.997443,-0.0128603,-0.0117704,0.0693124,0.959384,-0.041582,-0.0474295,0.274961,0.974332,0.0535776,-0.0371366,-0.215469,0.88951,0.169722,-0.128838,-0.404188,0.476664,-0.131405,-0.00253748,-0.869205,0.970273,0.104437,0.0366117,0.215228,0.973615,0.0912954,0.102022,0.182564,0.137708,-0.104428,0.12372,-0.977151,0.335959,0.046247,-0.154447,-0.927976,0.828761,-0.108017,-0.113311,0.537259,0.949294,0.109251,0.0163672,0.294341,0.699052,0.0331532,0.0702231,0.710841,0.655454,0.0454924,-0.137393,0.741238,-0.395649,0.180984,0.0695654,-0.393379,0.0713596,0.0495029,-0.393285,0.378373,0.11125,-0.358068,0.255075,-0.0163246,-0.184009,0.622299,0.0991708,-0.150686,0.555205,-0.0623884,0,0.750324,0,-0.0109132,0.907738,-0.00215836,-0.0885467,1.06642,-0.0191112,-0.0227537,1.10732,0.170353,-0.094494,0.97662,-0.15074,0.218624,1.11489,0.246402,-0.0241718,0.740004,-0.0921367,-0.194203,1.25238,-0.0349228,0,-2.60209e-17,0,0,-1.04083e-16,0,0,0,0,-0.000308444,-0.000533944,0.000187967,0,0,0,0,2.08167e-16,0,0,-2.08167e-16,-1.66533e-15,0,0,0,0,-4.16334e-16,0,0,8.32667e-16,0,0,0,0,0,2.08167e-16,0,0,0,0,-0.122636,0.789022,0.0104346,1,1,0,0,0,0,0,0,0,0,0,0,0,0
0.997443,-0.0128603,-0.0117704,0.0693124,0.959384,-0.041582,-0.0474295,0.274961,0.974332,0.0535776,-0.0371366,-0.215469,0.889511,0.169713,-0.128845,-0.404187,0.476664,-0.131405,-0.00253748,-0.869205,0.970273,0.104437,0.0366117,0.215228,0.973615,0.0912954,0.102022,0.182564,0.137708,-0.104428,0.12372,-0.977151,0.335959,0.046247,-0.154447,-0.927976,0.828761,-0.108017,-0.113311,0.537259,0.949294,0.109251,0.0163672,0.294341,0.699052,0.0331532,0.0702231,0.710841,0.655454,0.0454924,-0.137393,0.741238,-0.395649,0.180984,0.0695654,-0.393379,0.0713596,0.0495029,-0.393285,0.378373,0.11125,-0.358068,0.255075,-0.0163246,-0.184009,0.622299,0.0991708,-0.150686,0.555205,-0.0623884,0,0.750324,0,-0.0109132,0.907738,-0.00215836,-0.0885467,1.06642,-0.0191112,-0.0227543,1.10732,0.170355,-0.094494,0.97662,-0.15074,0.218622,1.11489,0.246409,-0.0241718,0.740004,-0.0921367,-0.194203,1.25238,-0.0349228,1.82554e-09,1.58831e-09,1.86517e-12,0,-1.04083e-16,0,6.66952e-09,1.47493e-09,-2.54208e-10,-0.000308696,-0.000534105,0.00018794,3.03932e-08,5.62761e-08,4.20823e-08,0,2.08167e-16,0,2.49938e-09,1.33292e-08,-1.24987e-09,-5.07895e-09,6.74532e-09,1.38038e-09,0,-4.16334e-16,0,0,8.32667e-16,0,1.90371e-09,-2.73371e-09,-5.2359e-08,0,2.08167e-16,0,8.85219e-10,-4.44823e-10,6.76041e-09,-0.122636,0.789022,0.0104349,1,1,0,0,0,0,0,0,0,1.55734e-09,0,0,0,0
0.997443,-0.0128603,-0.0117704,0.0693124,0.959384,-0.041582,-0.0474295,0.274961,0.974332,0.0535776,-0.0371366,-0.215469,0.889512,0.169704,-0.128851,-0.404187,0.476664,-0.131405,-0.00253748,-0.869205,0.970273,0.104437,0.0366117,0.215228,0.973615,0.0912954,0.102022,0.182564,0.137708,-0.104428,0.12372,-0.977151,0.335959,0.046247,-0.154447,-0.927976,0.828761,-0.108017,-0.113311,0.537259,0.949294,0.109251,0.0163672,0.294341,0.699052,0.0331532,0.0702231,0.710841,0.655454,0.0454924,-0.137393,0.741238,-0.395649,0.180984,0.0695654,-0.393379,0.0713596,0.0495029,-0.393285,0.378373,0.11125,-0.358068,0.255075,-0.0163246,-0.184009,0.622299,0.0991708,-0.150686,0.555205,-0.0623884,0,0.750324,0,-0.0109132,0.907738,-0.00215836,-0.0885467,1.06642,-0.0191112,-0.022755,1.10732,0.170358,-0.094494,0.97662,-0.15074,0.21862,1.11489,0.246416,-0.0241718,0.740004,-0.0921367,-0.194203,1.25238,-0.0349228,1.35612e-08,1.17989e-08,1.38548e-11,0,-1.04083e-16,0,4.9545e-08,1.09566e-08,-1.88841e-09,-0.000308707,-0.000533811,0.000187632,2.25778e-07,4.18051e-07,3.12612e-07,0,2.08167e-16,0,1.85668e-08,9.90171e-08,-9.28478e-09,-3.77293e-08,5.01081e-08,1.02543e-08,0,-4.16334e-16,0,0,8.32667e-16,0,1.41419e-08,-2.03076e-08,-3.88952e-07,0,2.08167e-16,0,6.57591e-09,-3.30442e-09,5.02202e-08,-0.122636,0.789022,0.0104352,1,1,0,0,0,0,0,0,0,1.15689e-08,0,0,0,0
0.997443,-0.0128603,-0.0117704,0.0693124,0.959384,-0.041582,-0.0474295,0.274961,0.974332,0.0535776,-0.0371366,-0.215469,0.889513,0.169696,-0.128857,-0.404186,0.476664,-0.131405,-0.00253748,-0.869205,0.970273,0.104437,0.0366117,0.215228,0.973615,0.0912954,0.102022,0.182564,0.137708,-0.104428,0.12372,-0.977151,0.335959,0.046247,-0.154447,-0.927976,0.828761,-0.108017,-0.113311,0.537259,0.949294,0.109251,0.0163672,0.294341,0.699052,0.0331532,0.0702231,0.710841,0.655454,0.0454924,-0.137393,0.741238,-0.395649,0.180984,0.0695654,-0.393379,0.0713596,0.0495029,-0.393285,0.378373,0.11125,-0.358068,0.255075,-0.0163246,-0.184009,0.622299,0.0991708,-0.150686,0.555205,-0.0623884,0,0.750324,0,-0.0109132,0.907738,-0.00215836,-0.0885467,1.06642,-0.0191112,-0.0227557,1.10732,0.17036,-0.094494,0.97662,-0.15074,0.218618,1.11489,0.246422,-0.0241718,0.740004,-0.0921367,-0.194203,1.25238,-0.0349228,2.88361e-08,2.50889e-08,2.94614e-11,0,-1.04083e-16,0,1.05351e-07,2.32979e-08,-4.01545e-09,-0.000309137,-0.000533803,0.000187232,4.80088e-07,8.88933e-07,6.64729e-07,0,2.08167e-16,0,3.948e-08,2.10547e-07,-1.97429e-08,-8.02266e-08,1.06549e-07,2.18044e-08,0,-4.16334e-16,0,0,8.32667e-16,0,3.00709e-08,-4.31815e-08,-8.27058e-07,0,2.08167e-16,0,1.39828e-08,-7.02642e-09,1.06787e-07,-0.122636,0.789022,0.0104354,1,1,0,0,0,0,0,0,0,2.45997e-08,0,0,0,0
0.997443,-0.0128603,-0.0117704,0.0693124,0.959384,-0.041582,-0.0474295,0.274961,0.974332,0.0535776,-0.0371366,-0.215469,0.889514,0.169687,-0.128864,-0.404185,0.476664,-0.131405,-0.00253747,-0.869205,0.970273,0.104437,0.0366117,0.215228,0.973615,0.0912954,0.102022,0.182564,0.137708,-0.104428,0.12372,-0.977151,0.335959,0.046247,-0.154447,-0.927976,0.828761,-0.108017,-0.113311,0.537259,0.949294,0.109251,0.0163672,0.294341,0.699052,0.0331532,0.0702231,0.710841,0.655454,0.0454924,-0.137393,0.741238,-0.395649,0.180984,0.0695654,-0.393379,0.0713596,0.0495029,-0.393285,0.378373,0.11125,-0.358068,0.255075,-0.0163246,-0.184009,0.622299,0.0991708,-0.150686,0.555205,-0.0623884,0,0.750324,0,-0.0109132,0.907738,-0.00215836,-0.0885467,1.06642,-0.0191112,-0.0227563,1.10732,0.170363,-0.094494,0.97662,-0.15074,0.218616,1.11489,0.246429,-0.0241718,0.740004,-0.0921367,-0.194203,1.25238,-0.0349228,1.35612e-08,1.17989e-08,1.38548e-11,0,-1.04083e-16,0,4.9545e-08,1.09566e-08,-1.88841e-09,-0.000308024,-0.000533211,0.000187817,2.25778e-07,4.18051e-07,3.12612e-07,0,2.08167e-16,0,1.85668e-08,9.90171e-08,-9.28478e-09,-3.77293e-08,5.01081e-08,1.02543e-08,0,-4.16334e-16,0,0,8.32667e-16,0,1.41419e-08,-2.03076e-08,-3.88952e-07,0,2.08167e-16,0,6.57591e-09,-3.30441e-09,5.02202e-08,-0.122636,0.789022,0.0104357,1,1,0,0,0,0,0,0,0,1.15689e-08,0,0,0,0
0.997443,-0.0128603,-0.0117704,0.0693124,0.959384,-0.041582,-0.0474295,0.274961,0.974332,0.0535776,-0.0371366,-0.215469,0.889515,0.169679,-0.12887,-0.404185,0.476664,-0.131405,-0.00253747,-0.869205,0.970273,0.104437,0.0366117,0.215228,0.973615,0.0912954,0.102022,0.182564,0.137708,-0.104428,0.12372,-0.977151,0.335959,0.046247,-0.154447,-0.927976,0.828761,-0.108017,-0.113311,0.537259,0.949294,0.109251,0.0163672,0.294341,0.699052,0.0331532,0.0702231,0.710841,0.655454,0.0454924,-0.137393,0.741238,-0.395649,0.180984,0.0695654,-0.393379,0.0713596,0.0495029,-0.393285,0.378373,0.11125,-0.358068,0.255075,-0.0163246,-0.184009,0.622299,0.0991708,-0.150686,0.555205,-0.0623884,0,0.750324,0,-0.0109132,0.907738,-0.00215836,-0.0885467,1.06642,-0.0191112,-0.022757,1.10732,0.170366,-0.094494,0.97662,-0.15074,0.218615,1.1149,0.246435,-0.0241718,0.740004,-0.0921367,-0.194203,1.25238,-0.0349228,1.82554e-09,1.58831e-09,1.86517e-12,0,-1.04083e-16,0,6.66952e-09,1.47493e-09,-2.54207e-10,-0.000307903,-0.000533328,0.000187942,3.03932e-08,5.62761e-08,4.20823e-08,0,2.08167e-16,0,2.49938e-09,1.33292e-08,-1.24987e-09,-5.07895e-09,6.74532e-09,1.38038e-09,0,-4.16334e-16,0,0,8.32667e-16,0,1.90372e-09,-2.73371e-09,-5.2359e-08,0,2.08167e-16,0,8.85219e-10,-4.44825e-10,6.76041e-09,-0.122636,0.789022,0.010436,1,1,0,0,0,0,0,0,0,1.55734e-09,0,0,0,0
0.997443,-0.0128603,-0.0117704,0.0693124,0.959384,-0.041582,-0.0474295,0.274961,0.974332,0.0535776,-0.0371366,-0.215469,0.889516,0.16967,-0.128877,-0.404184,0.476664,-0.131405,-0.00253747,-0.869205,0.970273,0.104437,0.0366117,0.215228,0.973615,0.0912954,0.102022,0.182564,0.137708,-0.104428,0.12372,-0.977151,0.335959,0.046247,-0.154447,-0.927976,0.828761,-0.108017,-0.113311,0.537259,0.949294,0.109251,0.0163672,0.294341,0.699052,0.0331532,0.0702231,0.710841,0.655454,0.0454924,-0.137393,0.741238,-0.395649,0.180984,0.0695654,-0.393379,0.0713596,0.0495029,-0.393285,0.378373,0.11125,-0.358068,0.255075,-0.0163246,-0.184009,0.622299,0.0991708,-0.150686,0.555205,-0.0623884,0,0.750324,0,-0.0109132,0.907738,-0.00215836,-0.0885467,1.06642,-0.0191112,-0.0227576,1.10732,0.170368,-0.094494,0.97662,-0.15074,0.218613,1.1149,0.246442,-0.0241718,0.740004,-0.0921367,-0.194203,1.25238,-0.0349228,0,1.95156e-17,0,0,-1.04083e-16,0,0,1.04083e-16,0,-0.000308201,-0.000533575,0.000187857,0,0,0,0,2.08167e-16,0,0,-2.08167e-16,0,0,8.32667e-16,0,0,-4.16334e-16,0,0,8.32667e-16,0,0,0,0,0,2.08167e-16,0,0,0,0,-0.122636,0.789022,0.0104363,1,1,0,0,0,0,0,0,0,0,0,0,0,0
0.997443,-0.0128603,-0.0117704,0.0693124,0.959384,-0.041582,-0.0474295,0.274961,0.974332,0.0535776,-0.0371366,-0.215469,0.889517,0.169662,-0.128883,-0.404184,0.476664,-0.131405,-0.00253747,-0.869205,0.970273,0.104437,0.0366117,0.215228,0.973615,0.0912954,0.102022,0.182564,0.137708,-0.104428,0.12372,-0.977151,0.335959,0.046247,-0.154447,-0.927976,0.828761,-0.108017,-0.113311,0.537259,0.949294,0.109251,0.0163672,0.294341,0.699052,0.0331532,0.0702231,0.710841,0.655454,0.0454924,-0.137393,0.741238,-0.395649,0.180984,0.0695654,-0.393379,0.0713596,0.0495029,-0.393285,0.378373,0.11125,-0.358068,0.255075,-0.0163246,-0.184009,0.622299,0.0991708,-0.150686,0.555205,-0.0623884,0,0.750324,0,-0.0109132,0.907738,-0.00215836,-0.0885467,1.06642,-0.0191112,-0.0227583,1.10732,0.170371,-0.094494,0.97662,-0.15074,0.218611,1.1149,0.246448,-0.0241718,0.740004,-0.0921367,-0.194203,1.25238,-0.0349228,0,1.95156e-17,0,0,-1.04083e-16,0,0,1.04083e-16,0,-0.000308781,-0.000534405,0.000188017,0,0,0,0,2.08167e-16,0,0,-2.08167e-16,0,0,8.32667e-16,0,0,-4.16334e-16,0,0,8.32667e-16,0,0,0,0,0,2.08167e-16,0,0,0,0,-0.122637,0.789022,0.0104365,1,1,0,0,0,0,0,0,0,0,0,0,0,0
0.997443,-0.0128603,-0.0117704,0.0693124,0.959384,-0.041582,-0.0474295,0.274961,0.974332,0.0535776,-0.0371366,-0.215469,0.889518,0.169653,-0.128889,-0.404183,0.476664,-0.131405,-0.00253747,-0.869205,0.970273,0.104437,0.0366117,0.215228,0.973615,0.0912954,0.102022,0.182564,0.137708,-0.104428,0.12372,-0.977151,0.335959,0.046247,-0.154447,-0.927976,0.828761,-0.108017,-0.113311,0.537259,0.949294,0.109251,0.0163672,0.294341,0.699052,0.0331532,0.0702231,0.710841,0.655454,0.0454924,-0.137393,0.741238,-0.395649,0.180984,0.0695654,-0.393379,0.0713596,0.0495029,-0.393285,0.378373,0.11125,-0.358068,0.255075,-0.0163246,-0.184009,0.622299,0.0991708,-0.150686,0.555205,-0.0623884,0,0.750324,0,-0.0109132,0.907738,-0.00215836,-0.0885467,1.06642,-0.0191112,-0.0227589,1.10732,0.170373,-0.094494,0.97662,-0.15074,0.218609,1.1149,0.246455,-0.0241718,0.740004,-0.0921367,-0.194203,1.25238,-0.0349228,0,1.95156e-17,0,0,-1.04083e-16,0,0,1.04083e-16,0,-0.000308788,-0.000534295,0.000188132,-2.23052e-09,-2.7276e-08,5.77055e-10,0,2.08167e-16,0,0,-2.08167e-16,0,0,8.32667e-16,0,0,-4.16334e-16,0,0,8.32667e-16,0,0,0,0,0,2.08167e-16,0,0,0,0,-0.122637,0.789022,0.0104368,1,1,0,0,0,0,0,0,0,0,0,0,0,0
0.997443,-0.0128603,-0.0117704,0.0693124,0.959384,-0.041582,-0.0474295,0.274961,0.974332,0.0535776,-0.0371366,-0.215469,0.889519,0.169644,-0.128896,-0.404182,0.476664,-0.131405,-0.00253748,-0.869205,0.970273,0.104437,0.0366117,0.215228,0.973615,0.0912954,0.102022,0.182564,0.137708,-0.104428,0.12372,-0.977151,0.335959,0.046247,-0.154447,-0.927976,0.828761,-0.108017,-0.113311,0.537259,0.949294,0.109251,0.0163672,0.294341,0.699052,0.0331532,0.0702231,0.710841,0.655454,0.0454924,-0.137393,0.741238,-0.395649,0.180984,0.0695654,-0.393379,0.0713596,0.0495029,-0.393285,0.378373,0.11125,-0.358068,0.255075,-0.0163246,-0.184009,0.622299,0.0991708,-0.150686,0.555205,-0.0623884,0,0.750324,0,-0.0109132,0.907738,-0.00215836,-0.0885467,1.06642,-0.0191112,-0.0227596,1.10732,0.170376,-0.094494,0.97662,-0.15074,0.218607,1.1149,0.246461,-0.0241718,0.740004,-0.0921367,-0.194203,1.25238,-0.0349228,0,1.95156e-17,0,0,-1.04083e-16,0,0,1.04083e-16,0,-0.000308937,-0.000534411,0.000188082,-1.65696e-08,-2.02622e-07,4.28668e-09,0,2.08167e-16,0,0,-2.08167e-16,0,0,8.32667e-16,0,0,-4.16334e-16,0,0,8.32667e-16,0,0,0,0,0,2.08167e-16,0,0,0,0,-0.122637,0.789022,0.0104371,1,1,0,0,0,0,0,0,0,0,0,0,0,0
0.997443,-0.0128603,-0.0117704,0.0693124,0.959384,-0.041582,-0.0474295,0.274961,0.974332,0.0535776,-0.0371366,-0.215469,0.88952,0.169636,-0.128902,-0.404182,0.476664,-0.131405,-0.00253748,-0.869205,0.970273,0.104437,0.0366117,0.215228,0.973615,0.0912954,0.102022,0.182564,0.137708,-0.104428,0.12372,-0.977151,0.335959,0.046247,-0.154447,-0.927976,0.828761,-0.108017,-0.113311,0.537259,0.949294,0.109251,0.0163672,0.294341,0.699052,0.0331532,0.0702231,0.710841,0.655454,0.0454924,-0.137393,0.741238,-0.395649,0.180984,0.0695654,-0.393379,0.0713596,0.0495029,-0.393285,0.378373,0.11125,-0.358068,0.255075,-0.0163246,-0.184009,0.622299,0.0991708,-0.150686,0.555205,-0.0623884,0,0.750324,0,-0.0109132,0.907738,-0.00215836,-0.0885467,1.06642,-0.0191112,-0.0227603,1.10732,0.170378,-0.094494,0.97662,-0.15074,0.218605,1.1149,0.246468,-0.0241718,0.740004,-0.0921367,-0.194203,1.25238,-0.0349228,0,1.95156e-17,0,0,-1.04083e-16,0,0,1.04083e-16,0,-0.000308918,-0.000534362,0.000188042,-4.59104e-08,-4.0659e-07,1.4768e-08,0,2.08167e-16,0,2.49938e-09,1.33292e-08,-1.24987e-09,0,8.32667e-16,0,0,-4.16334e-16,0,0,8.32667e-16,0,0,0,0,0,2.08167e-16,0,0,0,0,-0.122637,0.789022,0.0104374,1,1,0,0,0,0,0,0,0,0,0,0,0,0
0.997443,-0.0128603,-0.0117704,0.0693124,0.959384,-0.041582,-0.0474295,0.274961,0.974332,0.0535776,-0.0371366,-0.215469,0.889521,0.169627,-0.128908,-0.404181,0.476664,-0.131405,-0.00253748,-0.869205,0.970273,0.104437,0.0366117,0.215228,0.973615,0.0912954,0.102022,0.182564,0.137708,-0.104428,0.12372,-0.977151,0.335959,0.046247,-0.154447,-0.927976,0.828761,-0.108017,-0.113311,0.537259,0.949294,0.109251,0.0163672,0.294341,0.699052,0.0331532,0.0702231,0.710841,0.655454,0.0454924,-0.137393,0.741238,-0.395649,0.180984,0.0695654,-0.393379,0.0713596,0.0495029,-0.393285,0.378373,0.11125,-0.358068,0.255075,-0.0163246,-0.184009,0.622299,0.0991708,-0.150686,0.555205,-0.0623884,0,0.750324,0,-0.0109132,0.907738,-0.00215836,-0.0885467,1.06642,-0.0191112,-0.0227609,1.10732,0.170381,-0.094494,0.97662,-0.15074,0.218603,1.1149,0.246475,-0.0241718,0.740004,-0.0921367,-0.194203,1.25238,-0.0349228,0,1.95156e-17,0,0,-1.04083e-16,0,0,1.04083e-16,0,-0.000307978,-0.000533341,0.00018779,-9.58865e-08,-2.2408e-08,4.62801e-08,0,2.08167e-16,0,1.85668e-08,9.90171e-08,-9.28478e-09,0,8.32667e-16,0,0,-4.16334e-16,0,0,8.32667e-16,0,0,0,0,0,2.08167e-16,0,0,0,0,-0.122637,0.789022,0.0104377,1,1,0,0,0,0,0,0,0,0,0,0,0,0
0.997443,-0.0128603,-0.0117704,0.0693124,0.959384,-0.041582,-0.0474295,0.274961,0.974332,0.0535776,-0.0371366,-0.215469,0.889522,0.169619,-0.128915,-0.404181,0.476664,-0.131405,-0.00253747,-0.869205,0.970273,0.104437,0.0366117,0.215228,0.973615,0.0912954,0.102022,0.182564,0.137708,-0.104428,0.12372,-0.977151,0.335959,0.046247,-0.154447,-0.927976,0.828761,-0.108017,-0.113311,0.537259,0.949294,0.109251,0.0163672,0.294341,0.699052,0.0331532,0.0702231,0.710841,0.655454,0.0454924,-0.137393,0.741238,-0.395649,0.180984,0.0695654,-0.393379,0.0713596,0.0495029,-0.393285,0.378373,0.11125,-0.358068,0.255075,-0.0163246,-0.184009,0.622299,0.0991708,-0.150686,0.555205,-0.0623884,0,0.750324,0,-0.0109132,0.907738,-0.00215836,-0.0885467,1.06642,-0.0191112,-0.0227616,1.10732,0.170384,-0.094494,0.97662,-0.15074,0.218601,1.1149,0.246481,-0.0241718,0.740004,-0.0921367,-0.194203,1.25238,-0.0349228,0,1.95156e-17,0,0,-1.04083e-16,0,0,1.04083e-16,0,-0.000308368,-0.000533963,0.000187921,-1.70888e-07,3.55926e-07,8.98707e-08,0,2.08167e-16,0,3.948e-08,2.10547e-07,-1.97429e-08,0,8.32667e-16,0,0,-4.16334e-16,0,0,8.32667e-16,0,0,0,0,0,2.08167e-16,0,0,0,0,-0.122637,0.789022,0.0104379,1,1,0,0,0,0,0,0,0,0,0,0,0,0
0.997443,-0.0128603,-0.0117704,0.0693124,0.959384,-0.041582,-0.0474295,0.274961,0.974332,0.0535776,-0.0371366,-0.215469,0.889523,0.16961,-0.128921,-0.40418,0.476664,-0.131405,-0.00253747,-0.869205,0.970273,0.104437,0.0366117,0.215228,0.973615,0.0912954,0.102022,0.182564,0.137708,-0.104428,0.12372,-0.977151,0.335959,0.046247,-0.154447,-0.927976,0.828761,-0.108017,-0.113311,0.537259,0.949294,0.109251,0.0163672,0.294341,0.699052,0.0331532,0.0702231,0.710841,0.655454,0.0454924,-0.137393,0.741238,-0.395649,0.180984,0.0695654,-0.393379,0.0713596,0.0495029,-0.393285,0.378373,0.11125,-0.358068,0.255075,-0.0163246,-0.184009,0.622299,0.0991708,-0.150686,0.555205,-0.0623884,0,0.750324,0,-0.0109132,0.907738,-0.00215836,-0.0885467,1.06642,-0.0191112,-0.0227622,1.10732,0.170386,-0.094494,0.97662,-0.15074,0.218599,1.1149,0.246488,-0.0241718,0.740004,-0.0921367,-0.194203,1.25238,-0.0349228,0,1.95156e-17,0,0,-1.04083e-16,0,0,1.04083e-16,0,-0.000308698,-0.00053422,0.000188283,-7.93169e-08,1.80214e-07,4.19934e-08,0,2.08167e-16,0,1.85668e-08,9.90171e-08,-9.28478e-09,0,8.32667e-16,0,0,-4.16334e-16,0,0,8.32667e-16,0,0,0,0,0,2.08167e-16,0,0,0,0,-0.122637,0.789022,0.0104382,1,1,0,0,0,0,0,0,0,0,0,0,0,0
0.997443,-0.0128603,-0.0117704,0.0693124,0.959384,-0.041582,-0.0474295,0.274961,0.974332,0.0535776,-0.0371366,-0.215469,0.889524,0.169602,-0.128928,-0.404179,0.476664,-0.131405,-0.00253747,-0.869205,0.970273,0.104437,0.0366117,0.215228,0.973615,0.0912954,0.102022,0.182564,0.137708,-0.104428,0.12372,-0.977151,0.335959,0.046247,-0.154447,-0.927976,0.828761,-0.108017,-0.113311,0.537259,0.949294,0.109251,0.0163672,0.294341,0.699052,0.0331532,0.0702231,0.710841,0.655454,0.0454924,-0.137393,0.741238,-0.395649,0.180984,0.0695654,-0.393379,0.0713596,0.0495029,-0.393285,0.378373,0.11125,-0.358068,0.255075,-0.0163246,-0.184009,0.622299,0.0991708,-0.150686,0.555205,-0.0623884,0,0.750324,0,-0.0109132,0.907738,-0.00215836,-0.0885467,1.06642,-0.0191112,-0.0227629,1.10732,0.170389,-0.094494,0.97662,-0.15074,0.218597,1.1149,0.246494,-0.0241718,0.740004,-0.0921367,-0.194203,1.25238,-0.0349228,0,1.95156e-17,0,0,-1.04083e-16,0,0,1.04083e-16,0,-0.000308386,-0.000533838,0.000188125,-1.06773e-08,2.42596e-08,5.65295e-09,-1.47328e-09,-6.64173e-09,7.14895e-10,2.49938e-09,1.33292e-08,-1.24987e-09,-3.97914e-08,5.6085e-09,-1.51172e-07,0,-4.16334e-16,0,0,8.32667e-16,0,0,0,0,0,2.08167e-16,0,0,0,0,-0.122637,0.789022,0.0104385,1,1,0,0,0,0,0,0,0,0,0,0,0,0
0.997443,-0.0128603,-0.0117704,0.0693124,0.959384,-0.041582,-0.0474295,0.274961,0.974332,0.0535776,-0.0371366,-0.215469,0.889525,0.169593,-0.128934,-0.404179,0.476664,-0.131405,-0.00253747,-0.869205,0.970273,0.104437,0.0366117,0.215228,0.973615,0.0912954,0.102022,0.182564,0.137708,-0.104428,0.12372,-0.977151,0.335959,0.046247,-0.154447,-0.927976,0.828761,-0.108017,-0.113311,0.537259,0.949294,0.109251,0.0163672,0.294341,0.699052,0.0331532,0.0702231,0.710841,0.655454,0.0454924,-0.137393,0.741238,-0.39565,0.180984,0.0695654,-0.393379,0.0713596,0.0495029,-0.393285,0.378373,0.11125,-0.358068,0.255075,-0.0163246,-0.184009,0.622299,0.0991708,-0.150686,0.555205,-0.0623884,0,0.750324,0,-0.0109132,0.907738,-0.00215836,-0.0885467,1.06642,-0.0191112,-0.0227636,1.10732,0.170391,-0.094494,0.97662,-0.15074,0.218595,1.1149,0.246501,-0.0241718,0.740004,-0.0921367,-0.194203,1.25238,-0.0349228,0,1.95156e-17,0,0,-1.04083e-16,0,0,1.04083e-16,0,-0.000308357,-0.000533876,0.000187807,0,0,0,-1.09444e-08,-4.93386e-08,5.31065e-09,0,0,0,-2.95593e-07,4.16631e-08,-1.12299e-06,0,-4.16334e-16,0,0,8.32667e-16,0,0,0,0,0,2.08167e-16,0,0,0,0,-0.122637,0.789022,0.0104388,1,1,0,0,0,0,0,0,0,0,0,0,0,0
0.997443,-0.0128603,-0.0117704,0.0693124,0.959384,-0.041582,-0.0474295,0.274961,0.974332,0.0535776,-0.0371366,-0.215469,0.889525,0.169584,-0.12894,-0.404178,0.476664,-0.131405,-0.00253747,-0.869205,0.970273,0.104437,0.0366117,0.215228,0.973615,0.0912954,0.102022,0.182564,0.137708,-0.104428,0.12372,-0.977151,0.335959,0.046247,-0.154447,-0.927976,0.828761,-0.108017,-0.113311,0.537259,0.949294,0.109251,0.0163672,0.294341,0.699052,0.0331532,0.0702231,0.710841,0.655454,0.0454924,-0.137393,0.741238,-0.39565,0.180984,0.0695654,-0.393379,0.0713596,0.0495029,-0.393285,0.378373,0.11125,-0.358068,0.255075,-0.0163246,-0.184009,0.622299,0.0991708,-0.150686,0.555205,-0.0623884,0,0.750324,0,-0.0109132,0.907738,-0.00215836,-0.0885467,1.06642,-0.0191112,-0.0227642,1.10732,0.170394,-0.094494,0.97662,-0.15074,0.218593,1.1149,0.246507,-0.0241718,0.740004,-0.0921367,-0.194203,1.25238,-0.0349228,0,1.95156e-17,0,0,-1.04083e-16,0,0,1.04083e-16,0,-0.000308031,-0.000533553,0.000188188,0,0,0,-2.32718e-08,-1.04912e-07,1.12924e-08,0,0,0,-6.28542e-07,8.85914e-08,-2.3879e-06,0,-4.16334e-16,0,0,8.32667e-16,0,0,0,0,0,2.08167e-16,0,0,0,0,-0.122637,0.789022,0.010439,1,1,0,0,0,0,0,0,0,0,0,0,0,0
0.997443,-0.0128603,-0.0117704,0.0693124,0.959384,-0.041582,-0.0474295,0.274961,0.974332,0.0535776,-0.0371366,-0.215469,0.889526,0.169576,-0.128947,-0.404177,0.476664,-0.131405,-0.00253747,-0.869205,0.970273,0.104437,0.0366117,0.215228,0.973615,0.0912954,0.102022,0.182564,0.137708,-0.104428,0.12372,-0.977151,0.335959,0.046247,-0.154447,-0.927976,0.828761,-0.108017,-0.113311,0.537259,0.949294,0.109251,0.0163672,0.294341,0.699052,0.0331532,0.0702231,0.710841,0.655454,0.0454924,-0.137393,0.741238,-0.39565,0.180984,0.0695654,-0.393379,0.0713596,0.0495029,-0.393286,0.378373,0.11125,-0.358068,0.255075,-0.0163246,-0.184009,0.622299,0.0991708,-0.150686,0.555205,-0.0623884,0,0.750324,0,-0.0109132,0.907738,-0.00215836,-0.0885467,1.06642,-0.0191112,-0.0227649,1.10732,0.170396,-0.094494,0.97662,-0.15074,0.218591,1.1149,0.246514,-0.0241718,0.740004,-0.0921367,-0.194203,1.25238,-0.0349228,0,1.95156e-17,0,0,-1.04083e-16,0,0,1.04083e-16,0,-0.000307992,-0.000533306,0.000188303,0,0,0,-1.09444e-08,-4.93386e-08,5.31065e-09,0,0,0,-2.55802e-07,3.60546e-08,-9.7182e-07,0,-4.16334e-16,0,0,8.32667e-16,0,0,0,0,0,2.08167e-16,0,0,0,0,-0.122637,0.789022,0.0104393,1,1,0,0,0,0,0,0,0,0,0,0,0,0
0.997443,-0.0128603,-0.0117704,0.0693124,0.959384,-0.041582,-0.0474295,0.274961,0.974332,0.0535776,-0.0371366,-0.215469,0.889527,0.169567,-0.128953,-0.404177,0.476664,-0.131405,-0.00253747,-0.869205,0.970273,0.104437,0.0366117,0.215228,0.973615,0.0912954,0.102022,0.182564,0.137708,-0.104428,0.12372,-0.977151,0.335959,0.046247,-0.154447,-0.927976,0.828761,-0.108017,-0.113311,0.537259,0.949294,0.109251,0.0163672,0.294341,0.699052,0.0331532,0.0702231,0.710841,0.655454,0.0454924,-0.137393,0.741238,-0.39565,0.180984,0.0695654,-0.393379,0.0713596,0.0495029,-0.393285,0.378373,0.11125,-0.358068,0.255075,-0.0163246,-0.184009,0.622299,0.0991708,-0.150686,0.555205,-0.0623884,0,0.750324,0,-0.0109132,0.907738,-0.00215836,-0.0885467,1.06642,-0.0191112,-0.0227655,1.10732,0.170399,-0.094494,0.97662,-0.15074,0.21859,1.1149,0.246521,-0.0241718,0.740004,-0.0921367,-0.194203,1.25238,-0.0349228,0,1.95156e-17,0,0,-1.04083e-16,0,0,1.04083e-16,0,-0.00030888,-0.000534378,0.000188145,0,0,0,-1.47328e-09,-6.64173e-09,7.14895e-10,0,0,0,2.55802e-07,-3.60546e-08,9.7182e-07,0,-4.16334e-16,0,0,8.32667e-16,0,0,0,0,0,2.08167e-16,0,0,0,0,-0.122637,0.789022,0.0104396,1,1,0,0,0,0,0,0,0,0,0,0,0,0
0.997443,-0.0128603,-0.0117704,0.0693124,0.959384,-0.041582,-0.0474295,0.274961,0.974332,0.0535776,-0.0371366,-0.215469,0.889528,0.169559,-0.128959,-0.404176,0.476664,-0.131405,-0.00253747,-0.869205,0.970273,0.104437,0.0366117,0.215228,0.973615,0.0912954,0.102022,0.182564,0.137708,-0.104428,0.12372,-0.977151,0.335959,0.046247,-0.154447,-0.927976,0.828761,-0.108017,-0.113311,0.537259,0.949294,0.109251,0.0163672,0.294341,0.699052,0.0331532,0.0702231,0.710841,0.655454,0.0454924,-0.137393,0.741238,-0.39565,0.180984,0.0695654,-0.393379,0.0713596,0.0495029,-0.393285,0.378373,0.11125,-0.358068,0.255075,-0.0163246,-0.184009,0.622299,0.0991708,-0.150686,0.555205,-0.0623884,0,0.750324,0,-0.0109132,0.907738,-0.00215836,-0.0885467,1.06642,-0.0191112,-0.0227662,1.10732,0.170402,-0.094494,0.97662,-0.15074,0.218588,1.1149,0.246527,-0.0241718,0.740004,-0.0921367,-0.194203,1.25238,-0.0349228,0,1.95156e-17,0,0,-1.04083e-16,0,0,1.04083e-16,0,-0.0003089,-0.000534361,0.000187823,0,0,0,0,-2.08167e-16,0,0,0,0,6.28542e-07,-8.85914e-08,2.3879e-06,0,-4.16334e-16,0,0,8.32667e-16,0,0,0,0,0,2.08167e-16,0,0,0,0,-0.122637,0.789022,0.0104399,1,1,0,0,0,0,0,0,0,0,0,0,0,0
0.997443,-0.0128603,-0.0117704,0.0693124,0.959384,-0.041582,-0.0474295,0.274961,0.974332,0.0535776,-0.0371366,-0.215469,0.889529,0.16955,-0.128966,-0.404176,0.476664,-0.131405,-0.00253747,-0.869205,0.970273,0.104437,0.0366117,0.215228,0.973615,0.0912954,0.102022,0.182564,0.137708,-0.104428,0.12372,-0.977151,0.335959,0.046247,-0.154447,-0.927976,0.828761,-0.108017,-0.113311,0.537259,0.949294,0.109251,0.0163672,0.294341,0.699052,0.0331532,0.0702231,0.710841,0.655454,0.0454924,-0.137393,0.741238,-0.395649,0.180984,0.0695654,-0.393379,0.0713596,0.0495029,-0.393285,0.378373,0.11125,-0.358068,0.255075,-0.0163246,-0.184009,0.622299,0.0991708,-0.150686,0.555205,-0.0623884,0,0.750324,0,-0.0109132,0.907738,-0.00215836,-0.0885467,1.06642,-0.0191112,-0.0227669,1.10732,0.170404,-0.094494,0.97662,-0.15074,0.218586,1.1149,0.246534,-0.0241718,0.740004,-0.0921367,-0.194203,1.25238,-0.0349228,0,1.95156e-17,0,-1.39457e-09,-3.12092e-09,-1.52505e-10,0,1.04083e-16,0,-0.000308791,-0.000534389,0.000187849,6.5491e-09,1.07964e-09,-1.65184e-09,0,-2.08167e-16,0,0,0,0,2.95593e-07,-4.16631e-08,1.12299e-06,0,-4.16334e-16,0,0,8.32667e-16,0,0,0,0,0,2.08167e-16,0,0,0,0,-0.122638,0.789022,0.0104402,1,1,0,0,0,0,0,0,0,0,0,0,0,0
0.997443,-0.0128603,-0.0117704,0.0693124,0.959384,-0.041582,-0.0474295,0.274961,0.974332,0.0535776,-0.0371366,-0.215469,0.88953,0.169542,-0.128972,-0.404175,0.476664,-0.131405,-0.00253747,-0.869205,0.970273,0.104437,0.0366117,0.215228,0.973615,0.0912954,0.102022,0.182564,0.137708,-0.104428,0.12372,-0.977151,0.335959,0.046247,-0.154447,-0.927976,0.828761,-0.108017,-0.113311,0.537259,0.949294,0.109251,0.0163672,0.294341,0.699052,0.0331532,0.0702231,0.710841,0.655454,0.0454924,-0.137393,0.741238,-0.395649,0.180984,0.0695654,-0.393379,0.0713596,0.0495029,-0.393285,0.378373,0.11125,-0.358068,0.255075,-0.0163246,-0.184009,0.622299,0.0991708,-0.150686,0.555205,-0.0623884,0,0.750324,0,-0.0109132,0.907738,-0.00215836,-0.0885467,1.06642,-0.0191112,-0.0227675,1.10732,0.170407,-0.094494,0.97662,-0.15074,0.218584,1.1149,0.24654,-0.0241718,0.740004,-0.0921367,-0.194203,1.25238,-0.0349228,0,1.95156e-17,0,-1.03596e-08,-2.31839e-08,-1.13288e-09,0,1.04083e-16,0,-0.0003083,-0.000533951,0.000188085,4.86504e-08,8.0202e-09,-1.22708e-08,0,-2.08167e-16,0,0,0,0,3.97914e-08,-5.6085e-09,1.51172e-07,0,-4.16334e-16,0,0,8.32667e-16,0,0,0,0,0,2.08167e-16,0,0,0,0,-0.122638,0.789022,0.0104404,1,1,0,0,0,0,0,0,0,0,0,0,0,0
0.997443,-0.0128603,-0.0117704,0.0693124,0.959384,-0.041582,-0.0474295,0.274961,0.974332,0.0535776,-0.0371366,-0.215469,0.889531,0.169533,-0.128978,-0.404174,0.476664,-0.131405,-0.00253747,-0.869205,0.970273,0.104437,0.0366117,0.215228,0.973615,0.0912954,0.102022,0.182564,0.137708,-0.104428,0.12372,-0.977151,0.335959,0.046247,-0.154447,-0.927976,0.828761,-0.108017,-0.113311,0.537259,0.949294,0.109251,0.0163672,0.294341,0.699052,0.0331532,0.0702231,0.710841,0.655454,0.0454924,-0.137393,0.741238,-0.395649,0.180984,0.0695654,-0.393379,0.0713596,0.0495029,-0.393285,0.378373,0.11125,-0.358068,0.255075,-0.0163246,-0.184009,0.622299,0.0991708,-0.150686,0.555205,-0.0623884,0,0.750324,0,-0.0109132,0.907738,-0.00215836,-0.0885467,1.06642,-0.0191112,-0.0227682,1.10732,0.170409,-0.094494,0.97662,-0.15074,0.218582,1.1149,0.246547,-0.0241718,0.740004,-0.0921367,-0.194203,1.25238,-0.0349228,0,1.95156e-17,0,-2.20284e-08,-4.92977e-08,-2.40894e-09,0,1.04083e-16,0,-0.000308483,-0.000534169,0.000188047,1.03449e-07,1.70539e-08,-2.60923e-08,0,-2.08167e-16,0,0,0,0,0,8.32667e-16,0,0,-4.16334e-16,0,0,8.32667e-16,0,0,0,0,0,2.08167e-16,0,0,0,0,-0.122638,0.789022,0.0104407,1,1,0,0,0,0,0,0,0,0,0,0,0,0
0.997443,-0.0128603,-0.0117704,0.0693124,0.959384,-0.041582,-0.0474295,0.274961,0.974332,0.0535776,-0.0371366,-0.215469,0.889532,0.169524,-0.128985,-0.404174,0.476664,-0.131405,-0.00253747,-0.869205,0.970273,0.104437,0.0366117,0.215228,0.973615,0.0912954,0.102022,0.182564,0.137708,-0.104428,0.12372,-0.977151,0.335959,0.046247,-0.154447,-0.927976,0.828761,-0.108017,-0.113311,0.537259,0.949294,0.109251,0.0163672,0.294341,0.699052,0.0331532,0.0702231,0.710841,0.655454,0.0454924,-0.137393,0.741238,-0.395649,0.180984,0.0695654,-0.393379,0.0713596,0.0495029,-0.393285,0.378373,0.11125,-0.358068,0.255075,-0.0163246,-0.184009,0.622299,0.0991708,-0.150686,0.555205,-0.0623884,0,0.750324,0,-0.0109132,0.907738,-0.00215836,-0.0885467,1.06642,-0.0191112,-0.0227688,1.10732,0.170412,-0.094494,0.97662,-0.15074,0.21858,1.1149,0.246553,-0.0241718,0.740004,-0.0921367,-0.194203,1.25238,-0.0349228,0,1.95156e-17,0,-1.03596e-08,-2.31839e-08,-1.13288e-09,0,1.04083e-16,0,-0.000308012,-0.000533548,0.000188182,4.86504e-08,8.0202e-09,-1.22708e-08,0,-2.08167e-16,0,0,0,0,0,8.32667e-16,0,0,-4.16334e-16,0,0,8.32667e-16,0,0,0,0,0,2.08167e-16,0,0,0,0,-0.122638,0.789022,0.010441,1,1,0,0,0,0,0,0,0,0,0,0,0,0
0.997443,-0.0128603,-0.0117704,0.0693124,0.959384,-0.041582,-0.0474295,0.274961,0.974332,0.0535776,-0.0371366,-0.215469,0.889533,0.169516,-0.128991,-0.404173,0.476664,-0.131405,-0.00253747,-0.869205,0.970273,0.104437,0.0366117,0.215228,0.973615,0.0912954,0.102022,0.182564,0.137708,-0.104428,0.12372,-0.977151,0.335959,0.046247,-0.154447,-0.927976,0.828761,-0.108017,-0.113311,0.537259,0.949294,0.109251,0.0163672,0.294341,0.699052,0.0331532,0.0702231,0.710841,0.655454,0.0454924,-0.137393,0.741238,-0.395649,0.180984,0.0695654,-0.393379,0.0713596,0.0495029,-0.393285,0.378373,0.11125,-0.358068,0.255075,-0.0163246,-0.184009,0.622299,0.0991708,-0.150686,0.555205,-0.0623884,0,0.750324,0,-0.0109132,0.907738,-0.00215836,-0.0885467,1.06642,-0.0191112,-0.0227695,1.10732,0.170414,-0.094494,0.97662,-0.15074,0.218578,1.1149,0.24656,-0.0241718,0.740004,-0.0921367,-0.194203,1.25238,-0.0349228,0,1.95156e-17,0,-1.39457e-09,-3.12092e-09,-1.52501e-10,0,1.04083e-16,0,-0.000308465,-0.000533925,0.000188136,6.5491e-09,1.07964e-09,-1.65184e-09,0,-2.08167e-16,0,0,0,0,0,8.32667e-16,0,0,-4.16334e-16,0,0,8.32667e-16,0,0,0,0,0,2.08167e-16,0,0,0,0,-0.122638,0.789022,0.0104413,1,1,0,0,0,0,0,0,0,0,0,0,0,0
0.997443,-0.0128603,-0.0117704,0.0693124,0.959384,-0.041582,-0.0474295,0.274961,0.974332,0.0535776,-0.0371366,-0.215469,0.889534,0.169507,-0.128998,-0.404173,0.476664,-0.131405,-0.00253747,-0.869205,0.970273,0.104437,0.0366117,0.215228,0.973615,0.0912954,0.102022,0.182564,0.137708,-0.104428,0.12372,-0.977151,0.335959,0.046247,-0.154447,-0.927976,0.828761,-0.108017,-0.113311,0.537259,0.949294,0.109251,0.0163672,0.294341,0.699052,0.0331532,0.0702231,0.710841,0.655454,0.0454924,-0.137393,0.741238,-0.395649,0.180984,0.0695654,-0.393379,0.0713596,0.0495029,-0.393285,0.378373,0.11125,-0.358068,0.255075,-0.0163246,-0.184009,0.622299,0.0991708,-0.150686,0.555205,-0.0623884,0,0.750324,0,-0.0109132,0.907738,-0.00215836,-0.0885467,1.06642,-0.0191112,-0.0227701,1.10732,0.170417,-0.094494,0.97662,-0.15074,0.218576,1.1149,0.246567,-0.0241718,0.740004,-0.0921367,-0.194203,1.25238,-0.0349228,0,1.95156e-17,0,0,-1.04083e-16,0,0,1.04083e-16,0,-0.000309258,-0.000534905,0.000187981,0,0,0,0,-2.08167e-16,0,0,0,0,0,8.32667e-16,0,0,-4.16334e-16,0,0,8.32667e-16,0,0,0,0,0,2.08167e-16,0,0,0,0,-0.122638,0.789022,0.0104415,1,1,0,0,0,0,0,0,0,0,0,0,0,0
0.997443,-0.0128603,-0.0117704,0.0693124,0.959384,-0.041582,-0.0474295,0.274961,0.974332,0.0535776,-0.0371366,-0.215469,0.889535,0.169499,-0.129004,-0.404172,0.476664,-0.131405,-0.00253747,-0.869205,0.970273,0.104437,0.0366117,0.215228,0.973615,0.0912954,0.102022,0.182564,0.137708,-0.104428,0.12372,-0.977151,0.335959,0.046247,-0.154447,-0.927976,0.828761,-0.108017,-0.113311,0.537259,0.949294,0.109251,0.0163672,0.294341,0.699052,0.0331532,0.0702231,0.710841,0.655454,0.0454924,-0.137393,0.741238,-0.395649,0.180984,0.0695654,-0.393379,0.0713596,0.0495029,-0.393285,0.378373,0.11125,-0.358068,0.255075,-0.0163246,-0.184009,0.622299,0.0991708,-0.150686,0.555205,-0.0623884,0,0.750324,0,-0.0109132,0.907738,-0.00215836,-0.0885467,1.06642,-0.0191112,-0.0227708,1.10732,0.17042,-0.094494,0.97662,-0.15074,0.218574,1.1149,0.246573,-0.0241718,0.740004,-0.0921367,-0.194203,1.25238,-0.0349228,0,1.95156e-17,0,0,-1.04083e-16,0,0,1.04083e-16,0,-0.00030874,-0.000534146,0.000187709,0,0,0,0,-2.08167e-16,0,0,0,0,0,8.32667e-16,0,0,-4.16334e-16,0,0,8.32667e-16,0,0,0,0,0,2.08167e-16,0,-8.85219e-10,4.44825e-10,-6.76041e-09,-0.122638,0.789022,0.0104418,1,1,0,0,0,0,0,0,0,7.19171e-10,0,0,0,0
0.997443,-0.0128603,-0.0117704,0.0693124,0.959384,-0.041582,-0.0474295,0.274961,0.974332,0.0535776,-0.0371366,-0.215469,0.889536,0.16949,-0.12901,-0.404171,0.476664,-0.131405,-0.00253747,-0.869205,0.970273,0.104437,0.0366117,0.215228,0.973615,0.0912954,0.102022,0.182564,0.137708,-0.104428,0.12372,-0.977151,0.335959,0.046247,-0.154447,-0.927976,0.828761,-0.108017,-0.113311,0.537259,0.949294,0.109251,0.0163672,0.294341,0.699052,0.0331532,0.0702231,0.710841,0.655454,0.0454924,-0.137393,0.741238,-0.395649,0.180984,0.0695654,-0.393379,0.0713596,0.0495029,-0.393285,0.378373,0.11125,-0.358068,0.255075,-0.0163246,-0.184009,0.622299,0.0991708,-0.150686,0.555205,-0.0623884,0,0.750324,0,-0.0109132,0.907738,-0.00215836,-0.0885467,1.06642,-0.0191112,-0.0227715,1.10732,0.170422,-0.094494,0.97662,-0.15074,0.218572,1.1149,0.24658,-0.0241718,0.740004,-0.0921367,-0.194203,1.25238,-0.0349228,0,1.95156e-17,0,0,-1.04083e-16,0,0,1.04083e-16,0,-0.000308874,-0.00053406,0.000187688,0,0,0,0,-2.08167e-16,0,0,0,0,0,8.32667e-16,0,0,-4.16334e-16,0,0,8.32667e-16,0,0,0,0,0,2.08167e-16,0,-6.57591e-09,3.30441e-09,-5.02202e-08,-0.122638,0.789022,0.0104421,1,1,0,0,0,0,0,0,0,5.34246e-09,0,0,0,0
0.997443,-0.0128603,-0.0117704,0.0693124,0.959384,-0.041582,-0.0474295,0.274961,0.974332,0.0535776,-0.0371366,-0.215469,0.889537,0.169481,-0.129017,-0.404171,0.476664,-0.131405,-0.00253747,-0.869205,0.970273,0.104437,0.0366117,0.215228,0.973615,0.0912954,0.102022,0.182564,0.137708,-0.104428,0.12372,-0.977151,0.335959,0.046247,-0.154447,-0.927976,0.828761,-0.108017,-0.113311,0.537259,0.949294,0.109251,0.0163672,0.294341,0.699052,0.0331532,0.0702231,0.710841,0.655454,0.0454924,-0.137393,0.741238,-0.395649,0.180984,0.0695654,-0.393379,0.0713596,0.0495029,-0.393285,0.378373,0.11125,-0.358068,0.255075,-0.0163246,-0.184009,0.622299,0.0991708,-0.150686,0.555205,-0.0623884,0,0.750324,0,-0.0109132,0.907738,-0.00215836,-0.0885467,1.06642,-0.0191112,-0.0227721,1.10732,0.170425,-0.094494,0.97662,-0.15074,0.21857,1.1149,0.246586,-0.0241718,0.740004,-0.0921367,-0.194203,1.25238,-0.0349228,0,1.95156e-17,0,0,-1.04083e-16,0,0,1.04083e-16,0,-0.000308933,-0.000533916,0.000187639,0,0,0,0,-2.08167e-16,0,0,0,0,0,8.32667e-16,0,0,-4.16334e-16,0,0,8.32667e-16,0,0,0,0,0,2.08167e-16,0,-1.39828e-08,7.02642e-09,-1.06787e-07,-0.122638,0.789022,0.0104424,1,1,0,0,0,0,0,0,0,1.13601e-08,0,0,0,0
0.997443,-0.0128603,-0.0117704,0.0693124,0.959384,-0.041582,-0.0474295,0.274961,0.974332,0.0535776,-0.0371366,-0.215469,0.889538,0.169473,-0.129023,-0.40417,0.476664,-0.131405,-0.00253747,-0.869205,0.970273,0.104437,0.0366117,0.215228,0.973615,0.0912954,0.102022,0.182564,0.137708,-0.104428,0.12372,-0.977151,0.335959,0.046247,-0.154447,-0.927976,0.828761,-0.108017,-0.113311,0.537259,0.949294,0.109251,0.0163672,0.294341,0.699052,0.0331532,0.0702231,0.710841,0.655454,0.0454924,-0.137393,0.741238,-0.395649,0.180984,0.0695654,-0.393379,0.0713596,0.0495029,-0.393285,0.378373,0.11125,-0.358068,0.255075,-0.0163246,-0.184009,0.622299,0.0991708,-0.150686,0.555205,-0.0623884,0,0.750324,0,-0.0109132,0.907738,-0.00215836,-0.0885467,1.06642,-0.0191112,-0.0227728,1.10732,0.170427,-0.094494,0.97662,-0.15074,0.218568,1.1149,0.246593,-0.0241718,0.740004,-0.0921367,-0.194203,1.25238,-0.0349228,0,1.95156e-17,0,0,-1.04083e-16,0,0,1.04083e-16,0,-0.000308294,-0.000533536,0.000188196,0,0,0,0,-2.08167e-16,0,-2.49938e-09,-1.33292e-08,1.24987e-09,0,8.32667e-16,0,0,-4.16334e-16,0,0,8.32667e-16,0,0,0,0,0,2.08167e-16,0,-6.57591e-09,3.30442e-09,-5.02202e-08,-0.122638,0.789022,0.0104427,1,1,0,0,0,0,0,0,0,5.34245e-09,0,0,0,0
0.997443,-0.0128603,-0.0117704,0.0693124,0.959384,-0.041582,-0.0474295,0.274961,0.974332,0.0535776,-0.0371366,-0.215469,0.889539,0.169464,-0.129029,-0.404169,0.476664,-0.131405,-0.00253747,-0.869205,0.970273,0.104437,0.0366117,0.215228,0.973615,0.0912954,0.102022,0.182564,0.137708,-0.104428,0.12372,-0.977151,0.335959,0.046247,-0.154447,-0.927976,0.828761,-0.108017,-0.113311,0.537259,0.949294,0.109251,0.0163672,0.294341,0.699052,0.0331532,0.0702231,0.710841,0.655454,0.0454924,-0.137393,0.741238,-0.395649,0.180984,0.0695654,-0.393379,0.0713596,0.0495029,-0.393285,0.378373,0.11125,-0.358068,0.255075,-0.0163246,-0.184009,0.622299,0.0991708,-0.150686,0.555205,-0.0623884,0,0.750324,0,-0.0109132,0.907738,-0.00215836,-0.0885467,1.06642,-0.0191112,-0.0227734,1.10732,0.17043,-0.094494,0.97662,-0.15074,0.218566,1.1149,0.246599,-0.0241718,0.740004,-0.0921367,-0.194203,1.25238,-0.0349228,0,1.95156e-17,0,0,-1.04083e-16,0,0,1.04083e-16,0,-0.000308395,-0.000533878,0.00018824,0,0,0,0,-2.08167e-16,0,-1.85668e-08,-9.90171e-08,9.28478e-09,0,8.32667e-16,0,0,-4.16334e-16,0,0,8.32667e-16,0,0,0,0,0,2.08167e-16,0,-8.85219e-10,4.44823e-10,-6.76041e-09,-0.122638,0.789022,0.0104429,1,1,0,0,0,0,0,0,0,7.19185e-10,0,0,0,0
0.997443,-0.0128603,-0.0117704,0.0693124,0.959384,-0.041582,-0.0474295,0.274961,0.974332,0.0535776,-0.0371366,-0.215469,0.88954,0.169456,-0.129036,-0.404169,0.476664,-0.131405,-0.00253747,-0.869205,0.970273,0.104437,0.0366117,0.215228,0.973615,0.0912954,0.102022,0.182564,0.137708,-0.104428,0.12372,-0.977151,0.335959,0.046247,-0.154447,-0.927976,0.828761,-0.108017,-0.113311,0.537259,0.949294,0.109251,0.0163672,0.294341,0.699052,0.0331532,0.0702231,0.710841,0.655454,0.0454924,-0.137393,0.741238,-0.395649,0.180984,0.0695654,-0.393379,0.0713596,0.0495029,-0.393285,0.378373,0.11125,-0.358068,0.255075,-0.0163246,-0.184009,0.622299,0.0991708,-0.150686,0.555205,-0.0623884,0,0.750324,0,-0.0109132,0.907738,-0.00215836,-0.0885467,1.06642,-0.0191112,-0.0227741,1.10732,0.170432,-0.094494,0.97662,-0.15074,0.218565,1.1149,0.246606,-0.0241718,0.740004,-0.0921367,-0.194203,1.25238,-0.0349228,0,1.95156e-17,0,0,-1.04083e-16,0,0,1.04083e-16,0,-0.000309315,-0.000534863,0.000187867,2.23053e-09,2.7276e-08,-5.77048e-10,0,-2.08167e-16,0,-3.948e-08,-2.10547e-07,1.97429e-08,0,8.32667e-16,0,0,-4.16334e-16,0,0,8.32667e-16,0,0,0,0,0,2.08167e-16,0,-1.66087e-09,-2.70416e-08,-1.7793e-09,-0.122638,0.789022,0.0104432,1,1,0,0,0,0,0,0,0,-8.97948e-11,0,0,0,0
0.997443,-0.0128603,-0.0117704,0.0693124,0.959384,-0.041582,-0.0474295,0.274961,0.974332,0.0535776,-0.0371366,-0.215469,0.889541,0.169447,-0.129042,-0.404168,0.476664,-0.131405,-0.00253747,-0.869205,0.970273,0.104437,0.0366117,0.215228,0.973615,0.0912954,0.102022,0.182564,0.137708,-0.104428,0.12372,-0.977151,0.335959,0.046247,-0.154447,-0.927976,0.828761,-0.108017,-0.113311,0.537259,0.949294,0.109251,0.0163672,0.294341,0.699052,0.0331532,0.0702231,0.710841,0.655454,0.0454924,-0.137393,0.741238,-0.395649,0.180984,0.0695654,-0.393379,0.0713596,0.0495029,-0.393285,0.378373,0.11125,-0.358068,0.255075,-0.0163246,-0.184009,0.622299,0.0991708,-0.150686,0.555205,-0.0623884,0,0.750324,0,-0.0109132,0.907738,-0.00215836,-0.0885467,1.06642,-0.0191112,-0.0227748,1.10732,0.170435,-0.094494,0.97662,-0.15074,0.218563,1.1149,0.246612,-0.0241718,0.740004,-0.0921368,-0.194203,1.25238,-0.0349228,0,1.95156e-17,0,0,-1.04083e-16,0,0,1.04083e-16,0,-0.000307652,-0.000533193,0.000188039,1.65696e-08,2.02622e-07,-4.28669e-09,0,-2.08167e-16,0,-1.85668e-08,-9.90171e-08,9.28478e-09,0,8.32667e-16,0,0,-4.16334e-16,0,0,8.32667e-16,0,0,0,0,0,2.08167e-16,0,-1.23379e-08,-2.00881e-07,-1.32177e-08,-0.122638,0.789022,0.0104435,1,1,0,0,0,0,0,0,0,-6.66933e-10,0,0,0,0
0.997443,-0.0128603,-0.0117704,0.0693124,0.959384,-0.041582,-0.0474295,0.274961,0.974332,0.0535776,-0.0371366,-0.215469,0.889542,0.169439,-0.129049,-0.404168,0.476664,-0.131405,-0.00253747,-0.869205,0.970273,0.104437,0.0366117,0.215228,0.973615,0.0912954,0.102022,0.182564,0.137708,-0.104428,0.12372,-0.977151,0.335959,0.046247,-0.154447,-0.927976,0.828761,-0.108017,-0.113311,0.537259,0.949294,0.109251,0.0163672,0.294341,0.699052,0.0331532,0.0702231,0.710841,0.655454,0.0454924,-0.137393,0.741238,-0.395649,0.180984,0.0695654,-0.393379,0.0713596,0.0495029,-0.393285,0.378373,0.11125,-0.358068,0.255075,-0.0163246,-0.184009,0.622299,0.0991708,-0.150686,0.555205,-0.0623884,0,0.750324,0,-0.0109132,0.907738,-0.00215836,-0.0885467,1.06642,-0.0191112,-0.0227754,1.10732,0.170438,-0.094494,0.97662,-0.15074,0.218561,1.1149,0.246619,-0.0241718,0.740004,-0.0921368,-0.194203,1.25238,-0.0349228,0,1.95156e-17,0,0,-1.04083e-16,0,0,1.04083e-16,0,-0.000308246,-0.000533841,0.000188079,3.52332e-08,4.3085e-07,-9.11508e-09,0,-2.08167e-16,0,-2.49938e-09,-1.33292e-08,1.24987e-09,0,8.32667e-16,0,0,-4.16334e-16,0,0,8.32667e-16,0,0,0,0,0,2.08167e-16,0,-2.62351e-08,-4.27148e-07,-2.81057e-08,-0.122639,0.789022,0.0104438,1,1,0,0,0,0,0,0,0,-1.41817e-09,0,0,0,0
0.997443,-0.0128603,-0.0117704,0.0693124,0.959384,-0.041582,-0.0474295,0.274961,0.974332,0.0535776,-0.0371366,-0.215469,0.889543,0.16943,-0.129055,-0.404167,0.476664,-0.131405,-0.00253747,-0.869205,0.970273,0.104437,0.0366117,0.215228,0.973615,0.0912954,0.102022,0.182564,0.137708,-0.104428,0.12372,-0.977151,0.335959,0.046247,-0.154447,-0.927976,0.828761,-0.108017,-0.113311,0.537259,0.949294,0.109251,0.0163672,0.294341,0.699052,0.0331532,0.0702231,0.710841,0.655454,0.0454924,-0.137393,0.741238,-0.395649,0.180984,0.0695654,-0.393379,0.0713596,0.0495029,-0.393285,0.378373,0.11125,-0.358068,0.255075,-0.0163246,-0.184009,0.622299,0.0991708,-0.150686,0.555205,-0.0623884,0,0.750324,0,-0.0109132,0.907738,-0.00215836,-0.0885467,1.06642,-0.0191112,-0.0227761,1.10732,0.17044,-0.094494,0.97662,-0.15074,0.218559,1.1149,0.246626,-0.0241718,0.740004,-0.0921368,-0.194203,1.25238,-0.0349228,0,1.95156e-17,0,0,-1.04083e-16,0,0,1.04083e-16,0,-0.000308329,-0.000533881,0.00018822,1.65696e-08,2.02622e-07,-4.28669e-09,0,-2.08167e-16,0,0,-2.08167e-16,0,0,8.32667e-16,0,0,-4.16334e-16,0,0,8.32667e-16,0,0,0,0,0,2.08167e-16,0,-1.23379e-08,-2.00881e-07,-1.32177e-08,-0.122639,0.789022,0.010444,1,1,0,0,0,0,0,0,0,-6.66946e-10,0,0,0,0
0.997443,-0.0128603,-0.0117704,0.0693124,0.959384,-0.041582,-0.0474295,0.274961,0.974332,0.0535776,-0.0371366,-0.215469,0.889544,0.169421,-0.129061,-0.404166,0.476664,-0.131405,-0.00253747,-0.869205,0.970273,0.104437,0.0366117,0.215228,0.973615,0.0912954,0.102022,0.182564,0.137708,-0.104428,0.12372,-0.977151,0.335959,0.046247,-0.154447,-0.927976,0.828761,-0.108017,-0.113311,0.537259,0.949294,0.109251,0.0163672,0.294341,0.699052,0.0331532,0.0702231,0.710841,0.655454,0.0454924,-0.137393,0.741238,-0.395649,0.180984,0.0695654,-0.393379,0.0713596,0.0495029,-0.393285,0.378373,0.11125,-0.358068,0.255075,-0.0163246,-0.184009,0.622299,0.0991708,-0.150686,0.555205,-0.0623884,0,0.750324,0,-0.0109132,0.907738,-0.00215836,-0.0885467,1.06642,-0.0191112,-0.0227767,1.10732,0.170443,-0.094494,0.97662,-0.15074,0.218557,1.1149,0.246632,-0.0241718,0.740004,-0.0921368,-0.194203,1.25238,-0.0349228,0,1.95156e-17,0,0,-1.04083e-16,0,0,1.04083e-16,0,-0.000308558,-0.000534039,0.000188008,2.23052e-09,2.7276e-08,-5.77052e-10,0,-2.08167e-16,0,0,-2.08167e-16,0,0,8.32667e-16,0,0,-4.16334e-16,0,0,8.32667e-16,0,0,0,0,0,2.08167e-16,0,-1.66088e-09,-2.70416e-08,-1.7793e-09,-0.122639,0.789022,0.0104443,1,1,0,0,0,0,0,0,0,-8.97815e-11,0,0,0,0
0.997443,-0.0128603,-0.0117704,0.0693124,0.959384,-0.041582,-0.0474295,0.274961,0.974332,0.0535776,-0.0371366,-0.215469,0.889545,0.169413,-0.129068,-0.404166,0.476664,-0.131405,-0.00253747,-0.869205,0.970273,0.104437,0.0366117,0.215228,0.973615,0.0912954,0.102022,0.182564,0.137708,-0.104428,0.12372,-0.977151,0.335959,0.046247,-0.154447,-0.927976,0.828761,-0.108017,-0.113311,0.537259,0.949294,0.109251,0.0163672,0.294341,0.699052,0.0331532,0.0702231,0.710841,0.655454,0.0454924,-0.137393,0.741238,-0.395649,0.180984,0.0695654,-0.393379,0.0713596,0.0495029,-0.393285,0.378373,0.11125,-0.358068,0.255075,-0.0163246,-0.184009,0.622299,0.0991708,-0.150686,0.555205,-0.0623884,0,0.750324,0,-0.0109132,0.907738,-0.00215836,-0.0885467,1.06642,-0.0191112,-0.0227774,1.10732,0.170445,-0.094494,0.97662,-0.15074,0.218555,1.1149,0.246639,-0.0241718,0.740004,-0.0921368,-0.194203,1.25238,-0.0349228,0,1.95156e-17,0,0,-1.04083e-16,0,0,1.04083e-16,0,-0.0003084,-0.000533783,0.000187979,0,0,0,0,-2.08167e-16,0,0,-2.08167e-16,0,0,8.32667e-16,0,0,-4.16334e-16,0,0,8.32667e-16,0,0,0,0,0,2.08167e-16,0,0,0,0,-0.122639,0.789022,0.0104446,1,1,0,0,0,0,0,0,0,0,0,0,0,0
0.997443,-0.0128603,-0.0117704,0.0693124,0.959384,-0.041582,-0.0474295,0.274961,0.974332,0.0535776,-0.0371366,-0.215469,0.889546,0.169404,-0.129074,-0.404165,0.476664,-0.131405,-0.00253747,-0.869205,0.970273,0.104437,0.0366117,0.215228,0.973615,0.0912954,0.102022,0.182564,0.137708,-0.104428,0.12372,-0.977151,0.335959,0.046247,-0.154447,-0.927976,0.828761,-0.108017,-0.113311,0.537259,0.949294,0.109251,0.0163672,0.294341,0.699052,0.0331532,0.0702231,0.710841,0.655454,0.0454924,-0.137393,0.741238,-0.395649,0.180984,0.0695654,-0.393379,0.0713596,0.0495029,-0.393285,0.378373,0.11125,-0.358068,0.255075,-0.0163246,-0.184009,0.622299,0.0991708,-0.150686,0.555205,-0.0623884,0,0.750324,0,-0.0109132,0.907738,-0.00215836,-0.0885467,1.06642,-0.0191112,-0.0227781,1.10732,0.170448,-0.094494,0.97662,-0.15074,0.218553,1.1149,0.246645,-0.0241718,0.740004,-0.0921368,-0.194203,1.25238,-0.0349228,0,1.95156e-17,0,0,-1.04083e-16,0,0,1.04083e-16,0,-0.000309061,-0.000534488,0.000187578,0,0,0,0,-2.08167e-16,0,0,-2.08167e-16,0,0,8.32667e-16,0,0,-4.16334e-16,0,0,8.32667e-16,0,0,0,0,0,2.08167e-16,0,0,0,0,-0.122639,0.789022,0.0104449,1,1,0,0,0,0,0,0,0,0,0,0,0,0
0.997443,-0.0128603,-0.0117704,0.0693124,0.959384,-0.041582,-0.0474295,0.274961,0.974332,0.0535776,-0.0371366,-0.215469,0.889547,0.169396,-0.12908,-0.404165,0.476664,-0.131405,-0.00253747,-0.869205,0.970273,0.104437,0.0366117,0.215228,0.973615,0.0912954,0.102022,0.182564,0.137708,-0.104428,0.12372,-0.977151,0.335959,0.046247,-0.154447,-0.927976,0.828761,-0.108017,-0.113311,0.537259,0.949294,0.109251,0.0163672,0.294341,0.699052,0.0331532,0.0702231,0.710841,0.655454,0.0454924,-0.137393,0.741238,-0.395649,0.180984,0.0695654,-0.393379,0.0713596,0.0495029,-0.393285,0.378373,0.11125,-0.358068,0.255075,-0.0163246,-0.184009,0.622299,0.0991708,-0.150686,0.555205,-0.0623884,0,0.750324,0,-0.0109132,0.907738,-0.00215836,-0.0885467,1.06642,-0.0191112,-0.0227787,1.10732,0.17045,-0.094494,0.97662,-0.15074,0.218551,1.1149,0.246652,-0.0241718,0.740004,-0.0921368,-0.194203,1.25238,-0.0349228,0,1.95156e-17,0,0,-1.04083e-16,0,0,1.04083e-16,0,-0.000308457,-0.000534041,0.000188031,0,0,0,0,-2.08167e-16,0,0,-2.08167e-16,0,0,8.32667e-16,0,0,-4.16334e-16,0,0,8.32667e-16,0,0,0,0,0,2.08167e-16,0,0,0,0,-0.122639,0.789022,0.0104452,1,1,0,0,0,0,0,0,0,0,0,0,0,0
0.997445,-0.0128594,-0.0118171,0.0692727,0.959419,-0.0415686,-0.047613,0.274809,0.974358,0.0536747,-0.0370599,-0.215342,0.889166,0.169727,-0.129356,-0.404777,0.476713,-0.132411,-0.00248474,-0.869026,0.970336,0.104219,0.0371457,0.214959,0.973324,0.0914386,0.103702,0.183097,0.137896,-0.104276,0.123493,-0.97717,0.336409,0.0464731,-0.154182,-0.927846,0.829046,-0.107759,-0.113195,0.536896,0.949523,0.108385,0.0164216,0.29392,0.69877,0.0333048,0.0699874,0.711135,0.655332,0.0455489,-0.137231,0.741372,-0.395757,0.181216,0.0697888,-0.392995,0.071215,0.0487399,-0.393348,0.37862,0.111287,-0.357766,0.255049,-0.0167716,-0.184002,0.622609,0.0991166,-0.15056,0.555415,-0.0624759,0,0.75069,0,-0.0109069,0.908104,-0.00215867,-0.0884987,1.06682,-0.0191239,-0.0228321,1.10744,0.17047,-0.0943956,0.977123,-0.15054,0.218519,1.11454,0.246684,-0.0239988,0.7406,-0.0919607,-0.194104,1.25281,-0.0349314,-0.000168412,-0.00276752,-0.0024221,-0.00260068,-0.0103023,-0.00982569,0.00488633,0.00620803,0.00728689,0.0235028,-0.0158519,-0.0416936,-0.0311217,-0.0523785,0.00821187,-0.00558057,0.0320813,-0.020283,0.0251027,0.101292,0.0260197,0.0158697,0.0057546,0.0105549,-0.0102595,0.0224683,0.0248451,0.015969,0.00174031,-0.0282946,-0.0494483,0.0154021,-0.029241,-0.00437143,-0.0145748,0.0254589,0.0108466,0.00319452,0.00980551,-0.122584,0.789317,0.0104077,1,1,0,0,0,0,0,0,0,0.0109788,0,0,0,0
0.997463,-0.0128333,-0.0122134,0.0689436,0.95971,-0.0413813,-0.0491637,0.273547,0.97457,0.0544554,-0.0364169,-0.214294,0.885831,0.172208,-0.131754,-0.410229,0.477025,-0.140679,-0.00204455,-0.867555,0.970831,0.102361,0.0410523,0.212896,0.970811,0.092664,0.117598,0.187378,0.139526,-0.102987,0.121725,-0.977297,0.340054,0.0482934,-0.151953,-0.926791,0.831236,-0.106028,-0.112104,0.534076,0.951277,0.101303,0.0168021,0.290737,0.696609,0.0344391,0.0680864,0.713382,0.654353,0.045939,-0.136013,0.742436,-0.396524,0.183004,0.0711576,-0.389694,0.0700059,0.0425885,-0.393784,0.380503,0.111341,-0.355222,0.254789,-0.0203819,-0.183929,0.625018,0.0986466,-0.149527,0.55707,-0.0631937,0,0.753596,0,-0.0108544,0.911018,-0.00215828,-0.0881014,1.06997,-0.0192067,-0.023327,1.1082,0.170689,-0.0935966,0.981199,-0.148897,0.218112,1.111,0.247157,-0.0226665,0.745424,-0.090607,-0.193293,1.25624,-0.034948,-0.00030048,-0.0235623,-0.0200983,-0.017667,-0.0883812,-0.0818179,0.0389814,0.0515208,0.0602181,0.182236,-0.149106,-0.366708,-0.256734,-0.430142,0.0630785,-0.0563066,0.237404,-0.155091,0.211368,0.837128,0.208986,0.125466,0.0496511,0.0929831,-0.087729,0.182978,0.201141,0.116246,0.0316692,-0.215494,-0.405007,0.124133,-0.221756,-0.0386735,-0.114538,0.194965,0.0809693,0.0253989,0.0788491,-0.122131,0.791618,0.0100925,1,1,0,0,0,0,0,0,0,0.0871757,0,0,0,0
0.997513,-0.0126418,-0.013364,0.0680334,0.960504,-0.0403841,-0.0536304,0.270047,0.97515,0.0564524,-0.0345855,-0.211422,0.875445,0.176952,-0.139344,-0.42763,0.477335,-0.162975,-0.000763234,-0.863475,0.972064,0.0968449,0.0484669,0.208239,0.962882,0.096329,0.155648,0.198373,0.14455,-0.0992505,0.117588,-0.97746,0.349566,0.0529718,-0.145639,-0.924006,0.836178,-0.103834,-0.108231,0.527553,0.955136,0.0825028,0.0174326,0.283909,0.691815,0.0367913,0.0632061,0.718362,0.651885,0.0465366,-0.133431,0.745034,-0.397747,0.186901,0.0718232,-0.379818,0.0666001,0.0267327,-0.394429,0.384431,0.109878,-0.347921,0.253729,-0.0297341,-0.183666,0.630517,0.0972183,-0.146774,0.560944,-0.0651312,0,0.760687,0,-0.0107094,0.918129,-0.0021388,-0.0870043,1.07773,-0.0192913,-0.02516,1.10842,0.171662,-0.091468,0.991734,-0.144488,0.21569,1.09781,0.24985,-0.0196017,0.757981,-0.0876014,-0.191055,1.2648,-0.0346394,0.00606839,-0.0689131,-0.0557062,-0.0242433,-0.262539,-0.228576,0.097603,0.143421,0.165057,0.408712,-0.548529,-1.13954,-0.701705,-1.15828,0.146481,-0.222705,0.470723,-0.346144,0.607773,2.29227,0.543917,0.306139,0.148793,0.294982,-0.257833,0.483781,0.524842,0.221079,0.1976,-0.473802,-1.07865,0.31856,-0.479776,-0.121014,-0.274785,0.43303,0.166463,0.061758,0.199951,-0.120871,0.796985,0.00919333,1,1,0,0,0,0,0,0,0,0.212731,0,0,0,0
0.997573,-0.0120766,-0.0148676,0.0669352,0.961454,-0.0378464,-0.0593743,0.265798,0.975848,0.0582995,-0.0321577,-0.208055,0.859464,0.176517,-0.151328,-0.455262,0.476801,-0.187349,0.0013959,-0.858813,0.973383,0.0889294,0.0472829,0.205868,0.951848,0.101868,0.1989,0.209873,0.152486,-0.0944754,0.114962,-0.977039,0.359213,0.0573329,-0.13789,-0.921231,0.838866,-0.108252,-0.100638,0.523886,0.957113,0.0641452,0.0170608,0.28201,0.69006,0.0373669,0.0589124,0.720382,0.650163,0.0461024,-0.132833,0.746672,-0.395724,0.188738,0.0634937,-0.366018,0.0626184,0.0119884,-0.393083,0.385764,0.103463,-0.338598,0.251972,-0.038618,-0.183106,0.63433,0.0951673,-0.14391,0.564279,-0.0671858,0,0.767194,0,-0.0105351,0.924662,-0.00206331,-0.0856963,1.08509,-0.0189805,-0.0287771,1.10398,0.173893,-0.0890603,1.00271,-0.139746,0.208719,1.07274,0.257124,-0.016989,0.771131,-0.0861012,-0.188381,1.27314,-0.0332808,0.0268597,-0.0914147,-0.0675654,0.0418093,-0.358786,-0.282345,0.0818949,0.178328,0.193789,0.223266,-1.06761,-1.73061,-0.814975,-1.24661,0.128071,-0.477226,0.0122335,-0.170859,0.791161,2.60234,0.597435,0.239695,0.198782,0.487142,-0.344557,0.497428,0.53027,0.011657,0.561086,-0.193063,-1.06617,0.279942,-0.159852,-0.164962,-0.191922,0.171173,0.0277001,0.0336072,0.142829,-0.119311,0.801175,0.00809054,1,1,0,0,0,0,0,0,0,0.195226,0,0,0,0
0.997638,-0.0112997,-0.0162897,0.0657743,0.962469,-0.0345126,-0.0647483,0.261284,0.976605,0.0593202,-0.0292584,-0.204617,0.839489,0.172349,-0.166218,-0.487777,0.478021,-0.206049,0.00605525,-0.853817,0.974541,0.0789088,0.0382479,0.20635,0.940678,0.108902,0.232812,0.221502,0.163633,-0.090615,0.114425,-0.975664,0.366587,0.0594948,-0.131102,-0.919177,0.838396,-0.115047,-0.0883674,0.525402,0.955924,0.0583069,0.0165118,0.287291,0.693665,0.036701,0.0580283,0.717018,0.652588,0.0460097,-0.134692,0.744224,-0.387548,0.187085,0.047951,-0.351092,0.0598098,0.00510992,-0.388045,0.383174,0.0936722,-0.329149,0.250681,-0.0431601,-0.182006,0.635365,0.0931751,-0.141716,0.566972,-0.0684933,0,0.772211,0,-0.0103518,0.929706,-0.00195289,-0.0843401,1.091,-0.0183499,-0.033854,1.09627,0.1765,-0.0861223,1.01192,-0.136392,0.196815,1.04084,0.266308,-0.0130493,0.782487,-0.0872844,-0.185562,1.28011,-0.0312875,0.0397967,-0.08734,-0.0714704,0.0928369,-0.349307,-0.300707,0.0275562,0.195985,0.198624,0.108182,-1.40742,-2.02681,-0.761739,-0.886508,0.256602,-0.704383,-0.404611,0.0336002,0.758283,2.05259,0.6815,0.120527,0.1367,0.689628,-0.336936,0.333859,0.410644,0.0497984,0.81847,0.211814,-0.345395,0.0887976,0.319474,-0.0619774,-0.0281059,-0.295437,-0.113137,-0.0558241,-0.198232,-0.117504,0.803602,0.00718001,1,1,0,0,0,0,0,0,0,0.150496,0,0,0,0
0.99772,-0.0105935,-0.0174669,0.0643156,0.963783,-0.0315477,-0.069216,0.25561,0.97757,0.0597045,-0.0257065,-0.200328,0.816186,0.172352,-0.182419,-0.52044,0.484968,-0.218026,0.0143679,-0.846797,0.976159,0.0646853,0.0310057,0.204859,0.930468,0.118485,0.254027,0.235927,0.178329,-0.0891557,0.113633,-0.973313,0.372385,0.0596641,-0.126522,-0.917476,0.837273,-0.113642,-0.0717195,0.530014,0.951741,0.0697194,0.0202774,0.298191,0.701572,0.0380665,0.0609053,0.70897,0.663155,0.0481969,-0.134995,0.734629,-0.372577,0.182543,0.034229,-0.335016,0.058536,0.00500693,-0.37891,0.377835,0.0854213,-0.319233,0.25076,-0.0438601,-0.180142,0.635081,0.0919329,-0.140031,0.570304,-0.0688846,0,0.777282,0,-0.0101223,0.934809,-0.0018498,-0.0826485,1.09714,-0.017705,-0.0394807,1.08886,0.177859,-0.0813726,1.02052,-0.134794,0.182049,1.00787,0.271592,-0.00435817,0.793847,-0.0906899,-0.181957,1.28755,-0.0294801,0.0362546,-0.0721856,-0.089132,0.0818568,-0.287631,-0.369035,-0.0169925,0.229805,0.249831,0.389518,-1.38611,-2.15969,-0.686051,-0.464497,0.655644,-0.925589,-0.258143,-0.105574,0.68802,1.30691,0.945093,0.12441,-0.0360236,0.889102,-0.256202,0.161758,0.339469,0.612168,0.75539,0.374868,0.723312,0.0615309,0.695415,0.191217,0.0157425,-0.676722,-0.0345878,-0.0506099,-0.864401,-0.115021,0.805902,0.0066317,1,1,0,0,0,0,0,0,0,0.152127,0,0,0,0
0.997809,-0.00976004,-0.0185179,0.0627685,0.965178,-0.028129,-0.0731663,0.249574,0.978588,0.0593853,-0.0223288,-0.195806,0.792941,0.172596,-0.194405,-0.551056,0.495662,-0.220547,0.0222075,-0.839753,0.979297,0.0443402,0.019542,0.196544,0.921921,0.134717,0.263475,0.249989,0.192818,-0.0901593,0.114641,-0.970335,0.373588,0.0588763,-0.125933,-0.917119,0.834765,-0.109247,-0.056525,0.536691,0.942743,0.0905647,0.0336171,0.319222,0.712925,0.0399368,0.0653971,0.697041,0.680533,0.0493416,-0.130314,0.719346,-0.354765,0.175437,0.0225705,-0.316607,0.0568837,0.00740483,-0.367957,0.369872,0.0790701,-0.309327,0.250731,-0.0428238,-0.177967,0.631998,0.0914897,-0.139716,0.572268,-0.06862,0,0.779573,0,-0.00987963,0.937135,-0.00172454,-0.0808685,1.10055,-0.0168326,-0.0451915,1.07976,0.177828,-0.0758783,1.02564,-0.135074,0.165653,0.973098,0.271904,0.00699768,0.80179,-0.0963794,-0.178132,1.29231,-0.0272435,0.0442754,-0.0650573,-0.0944914,0.114679,-0.263649,-0.392098,-0.0559946,0.212047,0.265872,0.291516,-1.15037,-2.1039,-0.337854,-0.00134017,0.84867,-1.32922,-0.459458,-0.518936,0.886375,0.52794,1.08623,-0.0123774,-0.162537,0.876541,-0.0516115,-0.0197965,0.0781078,0.715615,0.56723,0.499866,1.44108,0.48773,1.33152,0.287463,0.040783,-0.988531,0.0778403,0.232359,-1.39686,-0.112342,0.805816,0.00628064,1,1,0,0,0,0,0,0,0,0.0687512,0,0,0,0
0.997849,-0.00874282,-0.0195519,0.0619564,0.96582,-0.0239341,-0.0769483,0.246369,0.979266,0.0583908,-0.0201697,-0.192929,0.774542,0.166984,-0.200551,-0.576178,0.502154,-0.215863,0.0270867,-0.836965,0.983603,0.0227025,0.00613423,0.178808,0.91613,0.154422,0.263411,0.259758,0.201424,-0.0936976,0.118458,-0.96779,0.368869,0.0579421,-0.128455,-0.918737,0.830912,-0.107021,-0.0470691,0.543981,0.930436,0.109647,0.0507765,0.345959,0.720594,0.039229,0.0689902,0.6888,0.695235,0.048133,-0.126283,0.705963,-0.341365,0.167637,0.0137691,-0.300745,0.0545342,0.0109553,-0.359681,0.360748,0.0753555,-0.302478,0.24928,-0.0410074,-0.176384,0.625441,0.0920531,-0.14113,0.570527,-0.0681899,0,0.776384,0,-0.00975338,0.933964,-0.00157178,-0.0799632,1.09798,-0.0157424,-0.0509894,1.06716,0.177777,-0.072564,1.02422,-0.13655,0.149555,0.938935,0.269923,0.014881,0.802106,-0.10246,-0.176324,1.29043,-0.0245006,0.0561264,-0.0652147,-0.0505083,0.173313,-0.273602,-0.220027,-0.0823166,0.126251,0.170529,-0.166324,-0.95274,-1.67445,-0.0243284,0.335595,0.480804,-1.42016,-0.584883,-1.08262,0.98142,-0.128629,0.939303,-0.234118,-0.234812,0.526817,0.122261,-0.149301,-0.279978,0.415443,0.341085,0.543644,1.421,0.775229,1.69332,0.133953,0.133466,-0.684611,-0.0235566,0.292083,-1.18355,-0.110852,0.801281,0.0062822,1,1,0,0,0,0,0,0,0,-0.0956886,0,0,0,0
0.997807,-0.00788307,-0.0205139,0.0624432,0.96515,-0.0202578,-0.0804021,0.248213,0.979407,0.0573187,-0.0195791,-0.192597,0.764974,0.157338,-0.207225,-0.589166,0.496753,-0.214185,0.0307555,-0.840485,0.989118,0.0108856,0.00691193,0.146558,0.915275,0.163158,0.257176,0.263649,0.202015,-0.0993679,0.123517,-0.966468,0.362124,0.0567627,-0.131635,-0.921041,0.828877,-0.105519,-0.0453562,0.547513,0.92294,0.120872,0.0599118,0.360532,0.717629,0.0353106,0.0687925,0.69212,0.696568,0.047603,-0.131653,0.7037,-0.337953,0.163039,0.0125466,-0.298059,0.0540804,0.0156587,-0.357453,0.354974,0.0765781,-0.302833,0.248254,-0.0385729,-0.175862,0.619781,0.0937221,-0.143113,0.567534,-0.0677054,0,0.771302,0,-0.00983127,0.928876,-0.00144701,-0.0805694,1.09265,-0.0149187,-0.0562543,1.05616,0.179522,-0.0736137,1.01968,-0.13746,0.137929,0.914351,0.269149,0.0133757,0.796941,-0.10514,-0.178071,1.28461,-0.0223893,0.0484471,-0.0610936,0.0277922,0.169533,-0.260232,0.0948239,-0.0699199,0.0236223,0.0203538,-0.277974,-0.888911,-0.751396,-0.197902,0.249193,-0.327027,-0.684691,0.126715,-1.96785,0.329421,-0.429288,0.423043,-0.36837,-0.27974,0.0383781,0.154878,-0.195394,-0.402688,0.127734,0.00791957,0.249271,0.821169,0.395704,0.943243,-0.184343,0.173476,0.250292,-0.270577,-0.19801,-0.1313,-0.111598,0.795819,0.00702595,1,1,0,0,0,0,0,0,0,-0.15244,0,0,0,0
0.997757,-0.0075475,-0.021028,0.0630958,0.964374,-0.0187425,-0.0822543,0.250729,0.979547,0.057308,-0.0195469,-0.191887,0.763853,0.155451,-0.223433,-0.585186,0.484158,-0.225444,0.0343302,-0.844741,0.995145,0.0158935,0.0291946,0.0926331,0.920488,0.147987,0.24849,0.262784,0.202264,-0.105153,0.128582,-0.965142,0.362693,0.0541695,-0.135118,-0.920469,0.833182,-0.101728,-0.054052,0.540868,0.928194,0.128433,0.0606441,0.343923,0.71218,0.0317264,0.0628041,0.698461,0.686433,0.0497169,-0.140142,0.711828,-0.340751,0.162146,0.0217389,-0.311185,0.0569973,0.0194938,-0.358311,0.354728,0.0829399,-0.308974,0.25013,-0.0355791,-0.17536,0.620637,0.095443,-0.143064,0.568802,-0.0662347,0,0.772635,0,-0.00993426,0.930196,-0.00140123,-0.081338,1.09357,-0.0146712,-0.0589847,1.05636,0.183349,-0.076841,1.02158,-0.135595,0.132816,0.90651,0.269469,0.00431603,0.796361,-0.100359,-0.180297,1.28484,-0.0216913,0.0189438,-0.0324071,0.0385936,0.0713623,-0.136628,0.147685,-0.000651982,0.00437974,0.0432701,0.546416,-0.786955,0.3195,-0.669845,-0.383314,-0.736796,0.511574,1.24066,-3.26573,-1.00824,-0.325939,-0.279043,-0.372182,-0.283849,0.0178714,0.138717,-0.21253,0.0762564,-0.0879581,-0.503217,-0.537303,0.456141,-0.262341,-1.01151,-0.417646,-0.0730792,0.497234,-0.176927,-0.500896,0.775163,-0.113203,0.796559,0.00861577,1,1,0,0,0,0,0,0,0,0.039985,0,0,0,0
0.997769,-0.00742235,-0.0205159,0.0630913,0.964561,-0.0184035,-0.0802281,0.250693,0.980051,0.0584532,-0.0192732,-0.188977,0.765358,0.160831,-0.242313,-0.574148,0.477596,-0.240215,0.0300153,-0.84457,0.997185,0.0272285,0.0606014,0.0347696,0.92658,0.126975,0.240878,0.259431,0.206519,-0.111868,0.131761,-0.963055,0.372979,0.0492341,-0.135393,-0.916587,0.843259,-0.0890897,-0.070972,0.5253,0.941177,0.136025,0.0527103,0.304803,0.706208,0.0300108,0.0560205,0.705147,0.674534,0.0522285,-0.142909,0.722394,-0.342622,0.16142,0.0441177,-0.329515,0.0616491,0.023533,-0.357999,0.356426,0.0959395,-0.315089,0.253334,-0.0313206,-0.174109,0.625982,0.0974169,-0.140302,0.573181,-0.0637976,0,0.779897,0,-0.00993469,0.937458,-0.00137637,-0.0813745,1.10085,-0.0143668,-0.0584558,1.06513,0.187348,-0.0792366,1.0302,-0.131371,0.133055,0.910272,0.26676,-0.00283348,0.803691,-0.0892725,-0.180859,1.29197,-0.0209324,0.0094305,0.030198,-0.000236953,0.0501284,0.113103,-0.00425619,0.0658344,0.0398666,0.174526,1.04341,-0.553266,0.662682,-0.299523,-0.862818,-0.416426,0.950768,1.75351,-3.47638,-1.28457,-0.209729,-0.526908,-0.254835,-0.396224,0.239974,-0.0941444,-0.182568,0.693429,0.0937164,-1.12827,-1.24953,0.301414,-0.947219,-2.35781,-0.371415,-0.182741,0.54242,0.109643,-0.289734,0.930546,-0.113876,0.802587,0.0112636,1,1,0,0,0,0,0,0,0,0.21785,0,0,0,0
0.997835,-0.00676323,-0.0187596,0.0626763,0.96559,-0.0163903,-0.0732428,0.249004,0.980831,0.0598036,-0.0188812,-0.184494,0.763699,0.162197,-0.248763,-0.573212,0.488163,-0.240357,0.0123771,-0.838911,0.996374,0.0286302,0.0800273,0.00375696,0.928122,0.130537,0.234501,0.257991,0.213045,-0.12178,0.131652,-0.960442,0.385584,0.0422541,-0.129278,-0.912594,0.853683,-0.0651558,-0.0902115,0.508765,0.950059,0.144469,0.034319,0.27448,0.694926,0.0284367,0.055654,0.71636,0.670498,0.0518359,-0.138484,0.727026,-0.33864,0.158293,0.0781441,-0.339081,0.0654004,0.0335542,-0.354171,0.355543,0.115956,-0.316427,0.255185,-0.023894,-0.17213,0.629731,0.100701,-0.13681,0.576229,-0.0614824,0,0.786394,0,-0.00987385,0.943965,-0.00125363,-0.0810483,1.10766,-0.0129999,-0.0553705,1.0715,0.18924,-0.0791266,1.03826,-0.12757,0.135691,0.911911,0.259145,0.00219442,0.814162,-0.0792441,-0.180551,1.29902,-0.0176811,0.0456256,0.102915,-0.0251238,0.214589,0.3808,-0.115186,0.0774163,0.0549894,0.269565,0.314523,-0.264273,0.0282346,1.03185,-0.613207,0.443149,0.23848,1.11163,-1.88047,0.107824,-0.443223,-0.00399249,-0.093349,-0.643283,0.33038,-0.497306,-0.132827,0.821212,0.589866,-1.59501,-1.36987,0.163876,-1.46855,-1.69801,-0.0995782,0.109177,0.947773,0.228253,0.176004,0.351873,-0.112894,0.807649,0.0150979,1,1,0,0,0,0,0,0,0,0.194903,0,0,0,0
0.997883,-0.00553791,-0.0167819,0.0625854,0.966352,-0.0122131,-0.0652057,0.248523,0.98162,0.060745,-0.0192821,-0.179893,0.760659,0.159272,-0.246367,-0.57908,0.507777,-0.23114,0.000360586,-0.829902,0.995831,0.0255819,0.087542,-0.00148138,0.928013,0.145725,0.221514,0.261703,0.220027,-0.131761,0.130679,-0.95768,0.391103,0.0363351,-0.123525,-0.911295,0.860434,-0.0465983,-0.108834,0.495617,0.951857,0.151701,0.0132367,0.266043,0.685473,0.0261418,0.0586,0.725265,0.671991,0.0503907,-0.135259,0.726357,-0.330869,0.151732,0.108837,-0.342065,0.0679895,0.0491689,-0.348143,0.349988,0.134575,-0.316589,0.255558,-0.0144425,-0.169957,0.627969,0.104035,-0.135314,0.575927,-0.0599511,0,0.787483,0,-0.00986534,0.945058,-0.0010404,-0.081139,1.10887,-0.010859,-0.0519323,1.07056,0.189915,-0.0767881,1.04043,-0.126011,0.139167,0.907829,0.251366,0.0165137,0.820871,-0.0757899,-0.181321,1.30012,-0.0125066,0.0807146,0.113892,-0.00620266,0.360719,0.407051,-0.0497349,0.0622201,0.00423037,0.279864,-0.27444,-0.0932637,-0.353076,1.15095,-0.032556,1.08468,-0.154452,0.443542,-0.340583,0.593399,-0.927685,0.523777,-0.0423327,-0.662898,0.351693,-0.455879,-0.144888,0.363595,0.337288,-1.43241,-1.05279,0.0668739,-1.39771,-0.312874,0.0173293,0.268235,0.764958,0.0723493,0.203125,-0.0900982,-0.111455,0.807766,0.0189058,1,1,0,0,0,0,0,0,0,0.0326681,0,0,0,0
0.99787,-0.00428101,-0.0153173,0.0632617,0.966145,-0.00769696,-0.0591016,0.251022,0.982075,0.0613052,-0.0210455,-0.176993,0.759255,0.157365,-0.245265,-0.581905,0.524758,-0.219677,0.000647335,-0.822418,0.995511,0.0284224,0.0899217,0.00802615,0.930581,0.15623,0.200626,0.263362,0.225571,-0.137731,0.128636,-0.955825,0.386927,0.0345989,-0.120679,-0.913524,0.864526,-0.04164,-0.121784,0.485829,0.951828,0.151032,-0.001651,0.266853,0.682574,0.0250148,0.0618329,0.727766,0.668213,0.0488442,-0.137564,0.729508,-0.325708,0.142072,0.127224,-0.349713,0.0696641,0.0576851,-0.343816,0.340795,0.14594,-0.321929,0.25508,-0.0101295,-0.16836,0.621085,0.10607,-0.136634,0.572426,-0.0599949,0,0.782708,0,-0.00997631,0.940272,-0.000829109,-0.0820776,1.1037,-0.00885531,-0.0495255,1.06385,0.190912,-0.0743916,1.03576,-0.126953,0.143986,0.902687,0.248555,0.0304099,0.819847,-0.0783334,-0.184102,1.29409,-0.00755678,0.0814308,0.0827325,0.0397629,0.362497,0.283938,0.134795,0.0537194,-0.0867193,0.181463,-0.153639,-0.0637056,-0.160104,0.570317,0.475391,1.07781,0.12006,0.158714,0.579312,0.212428,-1.34766,0.3743,0.0678464,-0.428186,0.280088,-0.203749,-0.0639697,-0.273985,-0.181599,-0.761924,-0.695613,-0.276238,-0.832188,0.181669,0.0900788,0.196125,0.219994,-0.125839,-0.0466927,0.311207,-0.111218,0.802798,0.0211522,1,1,0,0,0,0,0,0,0,-0.143248,0,0,0,0
0.9978,-0.00351982,-0.0142179,0.0646543,0.965036,-0.00494968,-0.0545184,0.256338,0.981982,0.0615028,-0.0238025,-0.177096,0.761054,0.159127,-0.250683,-0.576743,0.533336,-0.205133,0.00230295,-0.820651,0.994856,0.0394316,0.0896403,0.0259243,0.938136,0.160286,0.176754,0.250933,0.226432,-0.137028,0.123679,-0.956376,0.376836,0.0373666,-0.116929,-0.91811,0.867869,-0.0447418,-0.123304,0.479163,0.956513,0.138626,-0.0067117,0.256557,0.683838,0.0273477,0.0648587,0.726231,0.652353,0.0458348,-0.142114,0.74306,-0.329805,0.134008,0.133028,-0.370546,0.0708737,0.0471276,-0.345646,0.333263,0.149024,-0.335564,0.254908,-0.0172032,-0.168283,0.613521,0.106232,-0.139572,0.567788,-0.0620813,0,0.775214,0,-0.0101979,0.932751,-0.000701035,-0.0837773,1.0953,-0.0076247,-0.047827,1.05639,0.192929,-0.0744355,1.02685,-0.129432,0.150753,0.902635,0.253183,0.0357274,0.810917,-0.0821829,-0.188424,1.28423,-0.00449555,0.0510091,0.0625111,0.0832301,0.246623,0.217918,0.317212,0.0411376,-0.160856,0.00282164,0.328394,-0.110061,0.323196,0.489228,0.74619,0.501294,0.562005,0.0119454,1.12926,-0.0719355,-1.6044,-0.540771,0.305151,-0.0288428,0.00638448,-0.15356,0.156186,-0.687371,-0.245552,0.0526613,-0.424322,-0.833008,-0.183214,-0.615904,0.231472,0.0150537,-0.113984,-0.161445,-0.141868,1.27576,-0.113153,0.795949,0.0210775,1,1,0,0,0,0,0,0,0,-0.224814,0,0,0,0
0.997715,-0.0030696,-0.0129537,0.0662451,0.963679,-0.00345108,-0.0493774,0.262436,0.981611,0.0606957,-0.0260045,-0.179108,0.766096,0.162064,-0.254783,-0.567378,0.535884,-0.187711,0.00257146,-0.823157,0.993979,0.0493031,0.0847464,0.0489197,0.948913,0.159273,0.149069,0.227979,0.219054,-0.130598,0.119419,-0.95953,0.368999,0.0410265,-0.111327,-0.921826,0.867787,-0.0508888,-0.117479,0.480161,0.963923,0.125639,-0.00554133,0.234598,0.687762,0.031137,0.0655748,0.722297,0.63885,0.0426251,-0.143696,0.754589,-0.341724,0.134584,0.127051,-0.395345,0.073056,0.027207,-0.353502,0.334332,0.144391,-0.350232,0.256239,-0.029373,-0.170243,0.611354,0.104709,-0.141748,0.564802,-0.064624,0,0.770026,0,-0.0104497,0.92753,-0.000620255,-0.0856674,1.08903,-0.00674526,-0.0452287,1.05311,0.194781,-0.076689,1.01918,-0.132554,0.159733,0.910245,0.259813,0.0337455,0.80019,-0.08587,-0.192876,1.27643,-0.00252541,0.0331969,0.0735284,0.0954534,0.185389,0.268377,0.370615,-0.0256589,-0.146267,-0.113182,0.368742,0.0796254,0.597103,0.575992,0.896931,0.0509667,0.46002,-0.248355,1.43866,-0.334054,-1.87814,-1.19877,0.294593,0.391775,-0.453524,-0.234359,0.264965,-0.553983,-0.145442,0.476782,0.11545,-0.797782,0.0874156,-1.37883,0.195544,-0.157455,-0.318809,-0.0607464,-0.00227455,1.08499,-0.116106,0.792084,0.0194899,1,1,0,0,0,0,0,0,0,-0.155639,0,0,0,0
0.997631,-0.00267088,-0.0115471,0.0677708,0.962348,-0.0022004,-0.0437071,0.268274,0.9812,0.059004,-0.0263817,-0.181848,0.773892,0.16256,-0.252115,-0.557766,0.535341,-0.168921,0.00573453,-0.827552,0.993116,0.0539822,0.0744004,0.0726049,0.960473,0.151537,0.115686,0.20284,0.204091,-0.123798,0.119175,-0.963752,0.364548,0.0433977,-0.104927,-0.924236,0.862881,-0.0542277,-0.108924,0.490542,0.968249,0.122755,-0.000735728,0.217773,0.691365,0.0332812,0.0650073,0.718805,0.63924,0.0423204,-0.141385,0.754713,-0.355077,0.144678,0.114868,-0.412128,0.0758404,0.00989921,-0.363351,0.344479,0.136532,-0.359558,0.25904,-0.0398962,-0.173398,0.615577,0.103078,-0.142948,0.564681,-0.0666274,0,0.768637,0,-0.0106911,0.926109,-0.000545332,-0.0874599,1.08659,-0.00586825,-0.0416195,1.05465,0.195779,-0.0798895,1.01487,-0.136394,0.169814,0.923768,0.264575,0.0283434,0.791573,-0.090925,-0.196899,1.27257,-0.000789716,0.0306295,0.0822692,0.0916127,0.178621,0.303013,0.35599,-0.098366,-0.0510164,-0.161796,0.00309318,0.352188,0.673659,0.442488,1.07931,-0.129628,0.130808,-0.556305,1.46948,-0.782771,-2.13847,-1.33956,0.0163889,0.528593,-0.87015,-0.306584,0.237166,-0.331115,0.130797,0.475334,0.731459,-0.137372,0.19314,-1.06922,0.0708954,-0.137044,-0.29075,0.0930519,0.106078,-0.0161745,-0.118759,0.792452,0.0176117,1,1,0,0,0,0,0,0,0,-0.0416716,0,0,0,0
0.997538,-0.00232839,-0.0106291,0.0692827,0.960881,-0.00102826,-0.0399552,0.274063,0.980806,0.0569552,-0.024764,-0.184829,0.782895,0.160005,-0.245964,-0.548612,0.531658,-0.149425,0.0134728,-0.833565,0.992085,0.0582986,0.0616528,0.0925651,0.971494,0.134653,0.0786669,0.17855,0.188543,-0.122902,0.122285,-0.96664,0.357215,0.0447866,-0.0988267,-0.927699,0.856096,-0.0486207,-0.0983282,0.505042,0.965089,0.129946,0.00629995,0.227328,0.691256,0.0319404,0.0659793,0.718882,0.650061,0.0451526,-0.139613,0.74558,-0.363218,0.155696,0.106103,-0.414574,0.0766427,0.000743453,-0.37002,0.354991,0.132335,-0.362438,0.261644,-0.0463077,-0.175874,0.62023,0.103375,-0.144971,0.566009,-0.0683447,0,0.767746,0,-0.0109296,0.925186,-0.000483944,-0.0892031,1.08463,-0.00519496,-0.038816,1.05679,0.196427,-0.083252,1.01095,-0.141373,0.178091,0.937721,0.268783,0.0208816,0.782785,-0.0984779,-0.200801,1.2692,0.000387353,0.0252663,0.0532534,0.0907858,0.143059,0.193159,0.355279,-0.141591,0.0617054,-0.182279,-0.27381,0.425576,0.705033,0.206742,1.27881,-0.290848,0.115909,-0.709136,1.25442,-1.35513,-2.22521,-1.31454,-0.263692,0.222503,-0.904895,-0.310643,0.155281,-0.507033,0.674838,0.292025,0.948236,0.533384,0.385014,0.544248,-0.0137769,0.0987275,0.000738567,0.0838901,0.00830625,-0.868853,-0.120583,0.793293,0.0164273,1,1,0,0,0,0,0,0,0,-0.0267086,0,0,0,0
0.997447,-0.00226594,-0.0107602,0.0705631,0.959443,-0.000654623,-0.0403726,0.278995,0.980521,0.0540394,-0.022435,-0.187494,0.789746,0.159099,-0.24395,-0.539886,0.522606,-0.128095,0.0180375,-0.842703,0.990365,0.0666844,0.0534781,0.108947,0.98127,0.110841,0.0460135,0.150689,0.183175,-0.127998,0.124732,-0.966698,0.343914,0.0459049,-0.0946577,-0.93309,0.853349,-0.0353674,-0.0862475,0.512938,0.954828,0.13595,0.0127466,0.26393,0.689403,0.0280044,0.065812,0.720839,0.658647,0.0446696,-0.145176,0.736962,-0.363294,0.154983,0.105854,-0.405101,0.0746479,-0.000191015,-0.370561,0.353842,0.134002,-0.361281,0.262179,-0.0485405,-0.176155,0.617301,0.105387,-0.148582,0.565555,-0.0699233,0,0.763157,0,-0.0111307,0.920569,-0.000477674,-0.0906407,1.07911,-0.00519604,-0.0385619,1.0545,0.197236,-0.0868574,1.00345,-0.147119,0.181555,0.945707,0.274801,0.00837766,0.769013,-0.107146,-0.204089,1.26248,-0.000154316,0.0039962,-0.00834708,0.0769546,0.0264129,-0.0339589,0.307067,-0.200402,0.0951985,-0.163599,-0.0458869,0.24965,0.629462,0.37834,1.30164,-0.686067,0.399175,-0.469515,1.04431,-1.68527,-1.9195,-1.57734,-0.238702,-0.228053,-0.33133,-0.204307,0.0582393,-0.873772,1.08541,0.179687,0.44589,0.501779,0.580654,2.21144,-0.174658,0.173919,0.145826,-0.363131,-0.146788,-0.70109,-0.12161,0.789657,0.0161095,1,1,0,0,0,0,0,0,0,-0.137681,0,0,0,0
0.9974,-0.00276786,-0.0118337,0.0710386,0.958699,-0.00225307,-0.0446555,0.280885,0.980398,0.0505383,-0.0206219,-0.189317,0.792839,0.158977,-0.246734,-0.534093,0.509488,-0.107743,0.0139686,-0.853591,0.988134,0.0768093,0.0518476,0.122488,0.989151,0.0807008,0.020728,0.12099,0.190388,-0.135948,0.127089,-0.963908,0.330611,0.0464449,-0.0968217,-0.937638,0.856604,-0.0222744,-0.0762836,0.509819,0.942515,0.140033,0.023497,0.302496,0.687539,0.0238943,0.0619524,0.723105,0.66037,0.0428967,-0.154421,0.733639,-0.35748,0.141998,0.110219,-0.392568,0.0714736,0.00272335,-0.365992,0.340671,0.138269,-0.358553,0.260555,-0.0478705,-0.174279,0.607219,0.107719,-0.152074,0.562718,-0.070416,0,0.75611,0,-0.0112039,0.91351,-0.000569727,-0.0911271,1.0717,-0.00619927,-0.0407904,1.04884,0.198032,-0.0899785,0.994091,-0.152455,0.179287,0.946353,0.282707,-0.00891114,0.752863,-0.113477,-0.205143,1.25472,-0.0031907,-0.0342822,-0.0622102,0.0288369,-0.159164,-0.221672,0.124946,-0.228424,0.0612006,-0.109785,0.139679,-0.0353388,0.403019,0.754862,0.999339,-1.01394,0.556465,-0.101732,0.858209,-1.97357,-1.43548,-1.73488,-0.189599,-0.510641,0.407622,0.143103,-0.102503,-0.835701,0.967794,0.130668,-0.306482,0.475108,0.87523,2.31984,-0.342759,0.029283,0.164594,-0.512461,-0.280884,-0.167301,-0.121862,0.782454,0.0161948,1,1,0,0,0,0,0,0,0,-0.211428,0,0,0,0
0.997432,-0.0038159,-0.013069,0.0703143,0.959213,-0.00601463,-0.0497956,0.278197,0.98032,0.0474377,-0.0198913,-0.190596,0.793359,0.155089,-0.249238,-0.5333,0.497398,-0.0925768,0.000189248,-0.862569,0.986027,0.0847873,0.0543947,0.132677,0.99404,0.0469765,0.000958298,0.0983704,0.203208,-0.143306,0.132527,-0.959483,0.326596,0.0448804,-0.107024,-0.938012,0.861966,-0.0202706,-0.0721239,0.501399,0.936154,0.148759,0.0437105,0.315558,0.687785,0.02257,0.0566768,0.723346,0.660329,0.0475532,-0.157219,0.732794,-0.349974,0.129321,0.110102,-0.385551,0.0692454,0.00565567,-0.359476,0.32775,0.139718,-0.355771,0.25901,-0.0451573,-0.1715,0.599446,0.109177,-0.153163,0.561407,-0.0686965,0,0.753492,0,-0.0110873,0.910908,-0.000747502,-0.090229,1.06958,-0.00791248,-0.0435321,1.0473,0.198321,-0.0918333,0.990196,-0.15583,0.173967,0.946131,0.289825,-0.0263624,0.74406,-0.11373,-0.202668,1.25358,-0.00791185,-0.0684935,-0.0693189,-0.0429457,-0.31013,-0.230533,-0.153879,-0.192034,0.0037796,-0.0745396,-0.0979502,-0.228418,0.135859,1.0987,0.423684,-0.970016,0.469731,0.145886,0.632645,-2.14056,-1.0441,-1.32414,-0.327712,-0.497239,0.780231,0.551942,-0.31476,-0.195785,0.198859,0.188295,-0.600371,0.895323,1.10344,0.69657,-0.284766,-0.160745,0.00191736,0.0536152,-0.31839,-0.0676379,-0.121302,0.778805,0.0162189,1,1,0,0,0,0,0,0,0,-0.0785145,0,0,0,0
0.997498,-0.00473226,-0.0135326,0.069226,0.960257,-0.00951987,-0.0519253,0.274078,0.979917,0.0445425,-0.0200249,-0.193334,0.795077,0.151208,-0.249077,-0.53193,0.489172,-0.080097,-0.0217923,-0.868229,0.984005,0.0950361,0.0607856,0.137868,0.995698,0.0244802,-0.0116624,0.0885984,0.212959,-0.147927,0.137301,-0.955989,0.328362,0.0395337,-0.11552,-0.936627,0.862677,-0.0342555,-0.0708795,0.49959,0.934271,0.15585,0.0588226,0.315259,0.696522,0.0254232,0.057178,0.714802,0.663978,0.0531883,-0.15423,0.729738,-0.342587,0.12277,0.10132,-0.381523,0.0681201,0.011714,-0.353327,0.320954,0.136471,-0.353184,0.258433,-0.0392195,-0.169385,0.596336,0.109806,-0.152887,0.561805,-0.0655462,0,0.754269,0,-0.010914,0.911707,-0.000894973,-0.088935,1.07111,-0.00919387,-0.0440556,1.05003,0.198265,-0.0935823,0.990363,-0.156982,0.172155,0.949766,0.292987,-0.0398075,0.742031,-0.11014,-0.19879,1.25655,-0.0115583,-0.0576342,-0.0235732,-0.0647982,-0.249214,-0.0594558,-0.244765,-0.170884,-0.0492391,-0.161809,-0.185354,-0.0780829,0.176733,1.46445,0.0213962,-0.716595,0.650556,0.329521,0.324149,-1.42034,-0.647589,-0.558331,-0.275109,-0.315406,0.60829,0.377533,-0.452333,0.183739,-0.692799,0.490355,-0.0529274,0.702008,0.716846,-0.0974264,0.15672,-0.144432,-0.722784,0.315467,-0.103611,-0.343206,-0.120306,0.778793,0.0163237,1,1,0,0,0,0,0,0,0,0.0233031,0,0,0,0
0.997522,-0.00543519,-0.0130204,0.0689294,0.960632,-0.012422,-0.0501607,0.272976,0.978795,0.0415069,-0.0203125,-0.199564,0.803639,0.149665,-0.241274,-0.523022,0.483006,-0.0698801,-0.040196,-0.871898,0.982394,0.106379,0.0684224,0.137491,0.995407,0.0207922,-0.0226695,0.0906532,0.212556,-0.149958,0.139328,-0.955469,0.326604,0.031937,-0.121668,-0.936753,0.855195,-0.0589115,-0.0704499,0.510106,0.931919,0.162126,0.0630351,0.318228,0.712887,0.0298718,0.0639517,0.697717,0.671478,0.0554216,-0.15034,0.723494,-0.338766,0.122226,0.0866906,-0.381625,0.0688676,0.0252662,-0.350582,0.319959,0.130568,-0.353772,0.258981,-0.0290314,-0.169215,0.594763,0.110389,-0.15355,0.561161,-0.0620564,0,0.75273,0,-0.0108664,0.910174,-0.000999699,-0.0885727,1.06976,-0.00993098,-0.0412176,1.05345,0.197355,-0.0962178,0.987498,-0.15734,0.17876,0.960369,0.290402,-0.0478691,0.739094,-0.105736,-0.196633,1.25594,-0.0139566,-0.0401769,0.0336754,-0.0171329,-0.14141,0.151191,-0.0596405,-0.179629,-0.0701215,-0.374886,-0.267203,0.531783,0.650454,1.22416,0.00165712,-0.530658,0.743433,0.36077,-0.0110915,-0.276972,-0.635167,0.14305,-0.150081,-0.0919355,-0.0152441,0.199125,-0.560531,-0.0340667,-1.23399,0.70788,0.874306,0.44301,0.15349,0.193709,0.51007,0.0100848,-1.41092,0.177582,0.106669,-0.610206,-0.119968,0.778087,0.0166356,1,1,0,0,0,0,0,0,0,-0.0461754,0,0,0,0
0.997451,-0.00635756,-0.0118996,0.0700683,0.959512,-0.0162396,-0.0460136,0.277411,0.976877,0.038311,-0.0196744,-0.209421,0.822904,0.151536,-0.220816,-0.501105,0.475605,-0.066532,-0.0409572,-0.876183,0.981968,0.112498,0.0742641,0.132546,0.993923,0.0281841,-0.0394758,0.0988153,0.200055,-0.150877,0.139802,-0.957951,0.314853,0.0259311,-0.132152,-0.939538,0.844338,-0.0789022,-0.0737108,0.524818,0.927364,0.174039,0.0632968,0.325115,0.725057,0.0321377,0.069204,0.684449,0.676905,0.0563601,-0.148354,0.718759,-0.343213,0.123146,0.0778809,-0.392939,0.072055,0.0445124,-0.354088,0.32047,0.127951,-0.362195,0.260049,-0.0168003,-0.171126,0.590192,0.111524,-0.156636,0.556333,-0.0591502,0,0.743756,0,-0.0110446,0.901173,-0.00113511,-0.0898378,1.05991,-0.0108089,-0.0357393,1.05489,0.194173,-0.0998803,0.975209,-0.158091,0.194035,0.980602,0.280375,-0.051726,0.728296,-0.101108,-0.198069,1.24546,-0.0168914,-0.0497031,0.0704696,0.0695438,-0.139606,0.294881,0.288547,-0.202567,-0.0276761,-0.599543,-0.407497,1.52085,1.45053,0.0954816,0.153206,-0.522659,0.431859,0.264047,-0.300136,0.363015,-1.03579,0.506464,-0.130625,0.0802032,-0.751751,0.473775,-0.63413,-0.651057,-1.10175,0.346622,1.16019,0.68936,-0.128609,0.51456,0.345897,0.0593267,-1.07767,0.0632675,0.0724763,-0.441388,-0.121452,0.772297,0.0171317,1,1,0,0,0,0,0,0,0,-0.269208,0,0,0,0
0.997335,-0.00716744,-0.0102953,0.0718731,0.957676,-0.0197054,-0.0399233,0.284384,0.975001,0.035054,-0.0173949,-0.218725,0.847134,0.163254,-0.195178,-0.466494,0.469102,-0.0734062,-0.0300647,-0.879574,0.98212,0.114977,0.0806552,0.125364,0.992334,0.033339,-0.0520391,0.107022,0.18655,-0.15122,0.137751,-0.960914,0.298798,0.0233475,-0.140527,-0.943624,0.844693,-0.078489,-0.084377,0.522698,0.926814,0.181617,0.0600607,0.323146,0.720291,0.0335713,0.0649482,0.689808,0.672391,0.0575021,-0.147176,0.723135,-0.355449,0.117999,0.0906971,-0.416064,0.0760002,0.0554742,-0.362137,0.316395,0.135457,-0.377413,0.260555,-0.0104901,-0.173128,0.581598,0.112716,-0.160542,0.548273,-0.0580884,0,0.730213,0,-0.0113283,0.887588,-0.00124793,-0.0918679,1.04499,-0.0113829,-0.0290419,1.05594,0.18883,-0.103906,0.957827,-0.157269,0.21203,1.00911,0.262962,-0.0524541,0.71333,-0.0946876,-0.201587,1.22911,-0.0193052,-0.04048,0.0986469,0.10969,-0.0806915,0.396443,0.447487,-0.226218,0.0690779,-0.570301,0.0459873,2.2539,2.04908,-0.803088,-0.0529928,-0.378269,0.227892,0.30768,-0.456427,0.255054,-0.769663,0.507883,0.0163363,0.0957734,-0.833186,0.415893,-0.437524,-0.948759,-0.32263,-0.541762,-0.170879,0.371765,-0.346369,-0.0362895,-0.12547,-0.213895,0.443001,0.151372,-0.0268054,0.35823,-0.124194,0.762754,0.0178986,1,1,0,0,0,0,0,0,0,-0.406296,0,0,0,0
0.997279,-0.00722456,-0.00818452,0.0729109,0.956786,-0.0204617,-0.0316978,0.288335,0.974172,0.0317824,-0.0144287,-0.223091,0.866706,0.180272,-0.173145,-0.431675,0.47287,-0.0882007,-0.0165478,-0.876551,0.982508,0.112684,0.0838692,0.122254,0.991351,0.0391047,-0.0494681,0.115093,0.184614,-0.151865,0.132935,-0.961864,0.288937,0.023766,-0.142122,-0.946442,0.857181,-0.0643444,-0.0959457,0.501892,0.931612,0.179538,0.0536747,0.311424,0.705219,0.0341013,0.0556802,0.705977,0.661294,0.0584147,-0.145968,0.733465,-0.366745,0.107905,0.117235,-0.437738,0.0785772,0.0543931,-0.368296,0.307694,0.148888,-0.390544,0.260179,-0.0115439,-0.173333,0.572564,0.113468,-0.162803,0.541613,-0.0586312,0,0.720268,0,-0.0114938,0.877619,-0.00123422,-0.0930978,1.03426,-0.0107842,-0.0220685,1.0595,0.183473,-0.105454,0.946249,-0.15366,0.226327,1.03758,0.243799,-0.0454196,0.704847,-0.0876229,-0.20383,1.21755,-0.0189707,0.00630135,0.126073,0.0632863,0.105306,0.478743,0.253786,-0.233131,0.120543,-0.269116,0.464306,2.16649,1.90249,-1.10771,-0.406846,0.370165,-0.0985644,0.1833,-0.219471,0.386966,0.129126,0.463698,0.260736,-0.066464,-0.171323,0.0878684,-0.0919905,-0.610125,0.307527,-0.868712,-1.57224,-0.249478,-0.459825,-0.682778,-0.393333,-0.331174,1.34329,0.218774,-0.0531811,0.886016,-0.125853,0.755392,0.0189112,1,1,0,0,0,0,0,0,0,-0.298357,0,0,0,0
0.997366,-0.00626552,-0.00543024,0.07206,0.958156,-0.0176199,-0.0207752,0.284948,0.974771,0.0285242,-0.0128435,-0.221003,0.875257,0.189092,-0.158779,-0.415884,0.496377,-0.105115,-0.00467052,-0.861707,0.983005,0.10224,0.076924,0.13165,0.989931,0.0576387,-0.0262873,0.126586,0.199864,-0.15416,0.126287,-0.959344,0.293098,0.025637,-0.139442,-0.945511,0.869133,-0.0581863,-0.0983541,0.481195,0.936322,0.172822,0.0469605,0.30204,0.699928,0.031552,0.0525749,0.711577,0.65548,0.058902,-0.145632,0.738693,-0.363374,0.0981312,0.133572,-0.440191,0.0784278,0.050444,-0.364156,0.298599,0.157203,-0.390989,0.259486,-0.0141141,-0.170764,0.568948,0.113906,-0.161819,0.541747,-0.0593909,0,0.721914,0,-0.0113645,0.879286,-0.0010505,-0.0922892,1.03661,-0.00865557,-0.0137264,1.06723,0.180117,-0.101453,0.950334,-0.148277,0.237555,1.05468,0.229466,-0.0245887,0.713248,-0.0846092,-0.201792,1.22085,-0.0148756,0.069055,0.161023,-0.0505704,0.347344,0.584637,-0.210134,-0.210991,0.0535432,0.129868,0.158139,1.23514,0.795602,-0.965405,-0.607783,1.73711,-0.717304,-0.271778,0.544675,1.29994,1.27358,0.584023,0.477111,-0.350687,0.829147,-0.117767,0.189524,0.232684,0.171187,-0.1606,-1.46913,-0.521363,-0.366069,-0.561818,-0.247284,0.00572796,0.458924,0.100281,-0.0407106,0.457851,-0.123623,0.756511,0.0199327,1,1,0,0,0,0,0,0,0,0.0493773,0,0,0,0
0.997544,-0.00491456,-0.00175835,0.0698498,0.960959,-0.0136281,-0.00621735,0.276285,0.975951,0.0255025,-0.0134956,-0.216071,0.873213,0.188015,-0.149076,-0.424177,0.533223,-0.120323,0.0039041,-0.837365,0.981824,0.0912159,0.0656769,0.152932,0.986593,0.0818853,0.0172512,0.140111,0.224641,-0.157955,0.118447,-0.954231,0.306873,0.027943,-0.135152,-0.941691,0.874425,-0.0653354,-0.094416,0.471379,0.937521,0.164516,0.0415441,0.303748,0.706412,0.0269205,0.0562561,0.705048,0.658923,0.0596958,-0.146229,0.735442,-0.344235,0.0906561,0.136357,-0.422447,0.0757089,0.0486063,-0.349867,0.291636,0.159359,-0.379123,0.258762,-0.0154025,-0.166183,0.571111,0.11448,-0.158536,0.54775,-0.0599661,0,0.732634,0,-0.0110217,0.890059,-0.000795004,-0.0899363,1.04903,-0.00577163,-0.00374311,1.07637,0.177156,-0.0938295,0.966061,-0.14288,0.248393,1.05789,0.21619,0.00482173,0.735165,-0.0889175,-0.196169,1.23554,-0.00895136,0.0960665,0.214781,-0.132095,0.470541,0.781328,-0.53558,-0.1663,-0.0688581,0.307531,-0.3545,0.369082,-0.586327,-0.657068,-0.674134,2.68836,-0.830012,-0.440278,1.28266,1.80371,2.44336,0.639871,0.596223,-0.547454,1.38621,-0.192074,0.327395,0.822726,-0.298563,0.477268,-0.608734,-0.582019,-0.139442,0.106965,-0.0290183,0.319517,-0.572635,-0.0358304,-0.0400796,-0.285311,-0.11794,0.764393,0.0205777,1,1,0,0,0,0,0,0,0,0.321616,0,0,0,0
0.997711,-0.00387614,0.00287076,0.0674461,0.963599,-0.0111374,0.0119956,0.26685,0.976833,0.0224635,-0.0163344,-0.212193,0.863605,0.184449,-0.14073,-0.447615,0.573119,-0.130721,0.00948869,-0.808923,0.978641,0.0902259,0.0585911,0.17518,0.980596,0.098498,0.0723844,0.153263,0.248667,-0.162186,0.110893,-0.948453,0.319677,0.0301764,-0.131874,-0.937819,0.874063,-0.0830553,-0.0892996,0.470256,0.933876,0.154725,0.0393031,0.319986,0.719137,0.0220523,0.0636191,0.691598,0.670879,0.0586156,-0.146712,0.724542,-0.320259,0.0848741,0.131186,-0.394009,0.0718322,0.0489614,-0.332486,0.286094,0.158151,-0.36205,0.258075,-0.0154874,-0.161202,0.574161,0.115314,-0.155345,0.554613,-0.0604763,0,0.743812,0,-0.0106473,0.90129,-0.000581172,-0.087267,1.06197,-0.00307651,0.00608419,1.0822,0.172654,-0.0858998,0.982346,-0.139069,0.257623,1.04967,0.19871,0.034449,0.759984,-0.101113,-0.189574,1.25092,-0.00368462,0.0813482,0.273439,-0.143314,0.444165,1.01752,-0.573758,-0.139362,-0.198982,0.245362,-0.500463,-0.00380029,-1.53476,-0.331873,-0.558407,2.9523,-0.193588,-0.274038,1.37465,1.46273,3.19481,0.575255,0.562085,-0.569577,1.3518,-0.134139,0.296859,0.771112,-0.792751,0.771955,0.0717776,-0.596085,0.221755,0.977559,0.129984,0.453339,-1.13668,-0.202451,0.0944423,-0.947267,-0.111325,0.772467,0.0204759,1,1,0,0,0,0,0,0,0,0.335317,0,0,0,0
0.997783,-0.00373349,0.00784287,0.0659849,0.964731,-0.0121513,0.0313326,0.261082,0.976922,0.0191412,-0.0204538,-0.211751,0.852596,0.185765,-0.12989,-0.470851,0.606579,-0.132913,0.011439,-0.783751,0.975816,0.101244,0.0603271,0.184099,0.973185,0.102193,0.124217,0.16443,0.263406,-0.166655,0.104949,-0.944367,0.320653,0.0321914,-0.132464,-0.937336,0.871713,-0.106696,-0.0856027,0.470537,0.925212,0.142227,0.0417459,0.349301,0.732723,0.0177216,0.0722155,0.676452,0.687308,0.0526606,-0.145983,0.709594,-0.306302,0.0781681,0.125219,-0.369131,0.0687447,0.0499776,-0.321239,0.279563,0.157241,-0.34969,0.257788,-0.015265,-0.157673,0.572502,0.11668,-0.155051,0.557401,-0.0610855,0,0.747009,0,-0.0104203,0.904518,-0.000507459,-0.085607,1.06621,-0.00148733,0.0136668,1.08171,0.165595,-0.0805783,0.988384,-0.137744,0.263853,1.03583,0.174718,0.0567042,0.775804,-0.117382,-0.185159,1.25666,-0.00139668,0.0289287,0.297394,-0.0865785,0.255896,1.13726,-0.339422,-0.141959,-0.283055,0.0358322,-0.297326,0.246908,-1.63073,0.0780435,-0.255827,2.50359,0.649179,0.0443379,0.582762,0.689321,3.11382,0.434876,0.387806,-0.480854,0.812185,0.0739001,0.110666,0.0493152,-1.14572,0.846919,0.226145,-0.642117,0.669411,1.75678,0.209689,0.478733,-1.24516,-0.3974,0.380251,-1.26608,-0.106868,0.774251,0.0195468,1,1,0,0,0,0,0,0,0,0.0959305,0,0,0,0
0.997735,-0.00511367,0.0115095,0.0660751,0.963982,-0.0185784,0.0451837,0.261442,0.976126,0.0166248,-0.0235559,-0.215283,0.847545,0.192397,-0.108501,-0.482575,0.627923,-0.122323,0.00721853,-0.768569,0.97606,0.108321,0.0709518,0.174758,0.966747,0.102813,0.15899,0.171906,0.263948,-0.170679,0.0992758,-0.94411,0.306522,0.0339775,-0.137513,-0.941265,0.869824,-0.128567,-0.0846333,0.468736,0.914491,0.125756,0.0455435,0.381861,0.739398,0.0134074,0.0785816,0.668533,0.698253,0.0447442,-0.14481,0.699621,-0.309769,0.0698343,0.125727,-0.359937,0.0672488,0.050657,-0.321514,0.271587,0.16012,-0.348936,0.257572,-0.0153716,-0.15703,0.564363,0.118714,-0.158474,0.553775,-0.0619198,0,0.73883,0,-0.0104387,0.896335,-0.000686841,-0.0857904,1.0579,-0.00218837,0.0168399,1.07527,0.155085,-0.0782504,0.979029,-0.139443,0.266157,1.02411,0.14344,0.0700099,0.775143,-0.130773,-0.185058,1.24832,-0.0046201,-0.0681637,0.224978,0.00576235,-0.156277,0.903583,0.0305979,-0.111508,-0.218834,-0.210498,-0.300089,1.11147,-1.03257,0.743681,0.208662,1.52989,0.563999,0.486278,-0.588529,0.363054,2.11813,0.291472,0.261693,-0.32366,-0.0472987,0.314409,-0.116596,-0.874747,-1.13788,0.669995,0.0776631,-0.824813,0.860718,1.95852,0.0959336,0.417632,-0.644525,-0.398461,0.449772,-0.811634,-0.106385,0.767225,0.0178002,1,1,0,0,0,0,0,0,0,-0.245372,0,0,0,0
0.997615,-0.00820028,0.0126798,0.067353,0.96208,-0.0308026,0.0488452,0.266584,0.974874,0.0155257,-0.0239344,-0.220921,0.849826,0.205723,-0.0774402,-0.479038,0.63762,-0.102207,0.00166524,-0.763539,0.9801,0.102681,0.0860969,0.146451,0.962798,0.108263,0.167809,0.182043,0.253821,-0.173272,0.0908549,-0.947258,0.283087,0.0349977,-0.145842,-0.947295,0.871701,-0.141419,-0.0884146,0.460783,0.90611,0.106437,0.0441102,0.407052,0.734127,0.00875951,0.0792737,0.674312,0.698829,0.0375881,-0.144481,0.699536,-0.32684,0.0609668,0.139476,-0.368015,0.0675389,0.0532614,-0.331239,0.263261,0.169614,-0.358818,0.257366,-0.0144435,-0.158733,0.552007,0.121116,-0.163854,0.545316,-0.0627168,0,0.722574,0,-0.0106463,0.880046,-0.00115908,-0.087454,1.04052,-0.00570799,0.014823,1.06639,0.141652,-0.0766669,0.957733,-0.144208,0.263657,1.01803,0.108449,0.0798695,0.761157,-0.137319,-0.188571,1.22948,-0.0143192,-0.181057,0.0819838,0.0752046,-0.665657,0.402954,0.298149,-0.0662028,-0.0437565,-0.344417,-0.224953,2.02109,-0.199396,1.08295,0.677294,0.604595,-0.0772551,0.744918,-1.82253,0.334745,0.555552,0.626352,0.350988,-0.187677,-0.725191,0.487148,-0.3012,-1.42583,-0.803021,0.235008,-0.431797,-1.09846,0.576963,1.53226,-0.201444,0.246643,0.445335,-0.288281,0.318953,0.0335439,-0.109124,0.754051,0.0157218,1,1,0,0,0,0,0,0,0,-0.487684,0,0,0,0
0.997494,-0.0125976,0.011406,0.0686844,0.960162,-0.0473837,0.0426292,0.272077,0.973957,0.0155788,-0.0216883,-0.225156,0.854564,0.226963,-0.0473966,-0.464716,0.640202,-0.0817753,0.00520244,-0.763824,0.985859,0.0881418,0.0984992,0.103014,0.960262,0.119936,0.147033,0.204681,0.243108,-0.173622,0.0781569,-0.951128,0.261745,0.0346888,-0.155697,-0.951864,0.879673,-0.143476,-0.0987025,0.442548,0.903066,0.0882502,0.0327457,0.419061,0.717952,0.0049033,0.0729536,0.692242,0.691246,0.0328514,-0.144655,0.707231,-0.347023,0.0526767,0.167689,-0.38463,0.0688544,0.0617453,-0.343336,0.255142,0.185456,-0.372166,0.256342,-0.00992835,-0.160769,0.538724,0.123098,-0.168414,0.534908,-0.062873,0,0.704837,0,-0.0108614,0.862266,-0.00186401,-0.0891587,1.02134,-0.0116231,0.00909879,1.05889,0.127477,-0.0731986,0.932872,-0.151816,0.257196,1.01518,0.0777909,0.0910226,0.743446,-0.137872,-0.192434,1.20825,-0.0293947,-0.269432,-0.0590358,0.076209,-1.07621,-0.0981323,0.287719,-0.031897,0.126817,-0.262048,0.227535,2.34119,0.39695,0.635484,1.07285,0.131112,-0.55708,0.559731,-2.75649,0.235919,-1.15512,1.58792,0.626094,-0.114637,-0.801752,0.559742,-0.381305,-1.26727,-0.421072,-0.284215,-1.25049,-1.27866,-0.0889254,0.751684,-0.502343,-0.0360138,1.42916,-0.122105,0.143128,0.682399,-0.112574,0.739614,0.0139809,1,1,0,0,0,0,0,0,0,-0.532107,0,0,0,0
0.997419,-0.0173392,0.00910713,0.06908,0.958984,-0.0650703,0.0323208,0.273991,0.973868,0.016569,-0.0189513,-0.225713,0.855747,0.248269,-0.0261483,-0.453184,0.638624,-0.0653311,0.0176299,-0.766538,0.990468,0.0705485,0.101248,0.0612031,0.956405,0.137494,0.107077,0.23435,0.239006,-0.171936,0.0659195,-0.953398,0.250678,0.0333426,-0.166147,-0.953123,0.88886,-0.144075,-0.113633,0.41983,0.902729,0.0776379,0.016459,0.422826,0.700776,0.00492897,0.0649519,0.710402,0.682224,0.0345636,-0.141533,0.71648,-0.360927,0.0511085,0.196688,-0.396123,0.0749341,0.0771137,-0.351409,0.252743,0.20038,-0.380586,0.258791,-0.0010773,-0.161771,0.532486,0.123893,-0.17067,0.530425,-0.062037,0,0.69641,0,-0.0109252,0.853807,-0.00263646,-0.089631,1.01188,-0.0183719,0.00296691,1.05871,0.115108,-0.0684665,0.916935,-0.160265,0.250146,1.01426,0.0578387,0.100413,0.733464,-0.134354,-0.19365,1.19711,-0.0461468,-0.293583,-0.118296,0.0190052,-1.19544,-0.307567,0.0549217,0.0202495,0.172686,-0.0376304,0.516659,1.84396,0.274324,0.0552221,1.2448,-0.110404,-0.800954,0.0229678,-2.62018,0.286947,-2.27015,2.19917,0.690875,-0.0393639,-0.38676,0.586928,-0.346998,-0.617489,-0.483516,-0.522152,-1.568,-0.990142,-0.595045,0.277872,-0.405674,-0.265227,1.49814,0.301558,-0.00322613,0.7454,-0.114549,0.733033,0.0127431,1,1,0,0,0,0,0,0,0,-0.252823,0,0,0,0
0.99741,-0.0217083,0.006455,0.0682679,0.95885,-0.0813245,0.0207291,0.271226,0.974505,0.0182429,-0.0167423,-0.222997,0.852606,0.261754,-0.0178155,-0.451919,0.633553,-0.0498323,0.0296213,-0.771524,0.993691,0.0574704,0.0905338,0.0328383,0.949191,0.15796,0.0762962,0.261274,0.242711,-0.168587,0.0583894,-0.953551,0.251158,0.0326024,-0.178309,-0.950822,0.893624,-0.151685,-0.127628,0.402665,0.900788,0.0784626,0.00465753,0.427086,0.690944,0.00869429,0.0615513,0.72023,0.680447,0.0414968,-0.133985,0.719248,-0.364364,0.0513231,0.212101,-0.394135,0.0809306,0.0967804,-0.352848,0.252034,0.207355,-0.379703,0.26105,0.0103281,-0.161519,0.531287,0.123273,-0.170594,0.52998,-0.0605046,0,0.696024,0,-0.0107942,0.853413,-0.00335565,-0.0885379,1.01119,-0.0248458,-0.00167024,1.0621,0.107055,-0.0636935,0.909664,-0.167978,0.245515,1.00937,0.0542602,0.104511,0.72887,-0.131102,-0.191274,1.19565,-0.0619308,-0.272028,-0.139758,-0.05371,-1.12097,-0.388708,-0.233684,0.0703503,0.155169,0.163247,0.514589,0.808426,-0.165771,0.0277581,1.19722,-0.360896,-0.657884,-0.72834,-1.7316,0.628147,-1.78567,2.03187,0.517595,0.0704811,0.145291,0.706376,-0.215868,0.0937971,-0.834224,-0.373822,-1.10449,-0.249893,-0.638371,0.335765,-0.0220255,-0.262257,0.84799,0.635487,0.00157684,0.115158,-0.114215,0.732361,0.0116806,1,1,0,0,0,0,0,0,0,-0.0115627,0,0,0,0
0.997464,-0.0254206,0.00299128,0.0664176,0.959703,-0.0949174,0.00614224,0.264431,0.97545,0.0201211,-0.0144749,-0.218823,0.848606,0.262433,-0.0213318,-0.458849,0.624637,-0.0332638,0.0338907,-0.77947,0.996113,0.0533197,0.0674689,0.0190856,0.940668,0.174077,0.077658,0.28073,0.253151,-0.16454,0.0547145,-0.95176,0.25958,0.0353266,-0.192789,-0.945623,0.893074,-0.167054,-0.135354,0.395211,0.895957,0.0854344,0.00257675,0.435839,0.690168,0.0124564,0.0637313,0.72073,0.688459,0.0481084,-0.12653,0.712531,-0.35755,0.0508921,0.211291,-0.379498,0.0859622,0.114095,-0.347737,0.251603,0.205665,-0.370512,0.263269,0.0198089,-0.160021,0.534381,0.121773,-0.168838,0.533467,-0.0593877,0,0.702508,0,-0.0104926,0.859908,-0.00397992,-0.0860145,1.01809,-0.0307817,-0.00530023,1.06855,0.104682,-0.0587545,0.910713,-0.174424,0.242539,1.00287,0.0697289,0.103553,0.727909,-0.131301,-0.185361,1.2028,-0.0760668,-0.235563,-0.18969,-0.116904,-1.00678,-0.585895,-0.492879,0.0826396,0.163225,0.252336,0.185509,-0.274564,-0.40843,0.419649,0.968876,-0.672558,-0.226562,-1.42756,-0.767741,0.930964,0.0483049,1.30252,0.368512,0.123367,0.600357,0.906257,0.0374834,0.557975,-1.07283,0.0206987,-0.339029,0.343789,-0.248559,0.608618,0.248734,-0.0690727,0.067004,0.517677,0.0666986,-0.691679,-0.111782,0.736754,0.0104015,1,1,0,0,0,0,0,0,0,0.194498,0,0,0,0
0.997568,-0.0282216,-0.00153621,0.0637201,0.961353,-0.104774,-0.0123638,0.254303,0.976508,0.0216647,-0.0119681,-0.214054,0.84673,0.249683,-0.0274815,-0.46899,0.610674,-0.0266907,0.0377957,-0.790529,0.99766,0.0514356,0.0421553,0.0158709,0.935074,0.175318,0.0878305,0.295273,0.270347,-0.161082,0.0491372,-0.947919,0.271218,0.0439079,-0.204297,-0.939561,0.892931,-0.181091,-0.13865,0.388145,0.893151,0.0818529,0.0034561,0.442232,0.693988,0.0138608,0.0636221,0.717036,0.693073,0.0536237,-0.126305,0.707687,-0.343323,0.0499964,0.209603,-0.362036,0.0895526,0.11857,-0.337454,0.251161,0.203593,-0.358974,0.26565,0.0208175,-0.156938,0.539999,0.120465,-0.166154,0.54015,-0.0603598,0,0.7137,0,-0.0100491,0.871132,-0.00446928,-0.0822215,1.03037,-0.0358516,-0.00888241,1.07747,0.106478,-0.0538773,0.918743,-0.178828,0.237589,0.998079,0.0963752,0.0977081,0.730013,-0.130336,-0.17622,1.2164,-0.0877409,-0.18503,-0.255703,-0.169258,-0.848034,-0.852168,-0.718382,0.0602916,0.17366,0.288614,-0.463352,-0.826242,-0.454856,0.0583391,0.504228,-1.04636,-0.133525,-1.5273,-0.120551,0.232064,0.731194,0.814582,0.528172,0.0183278,0.996663,0.832005,0.45512,0.679853,-0.889105,0.225866,-0.294249,-0.156146,0.174137,0.411996,0.0646973,-0.0826208,-0.312658,0.187342,-0.205459,-0.439863,-0.108172,0.744839,0.00905259,1,1,0,0,0,0,0,0,0,0.335775,0,0,0,0
0.997677,-0.0298113,-0.00602099,0.0609507,0.963102,-0.109949,-0.0303812,0.243767,0.977402,0.0226979,-0.0100983,-0.209922,0.844855,0.23261,-0.034313,-0.480558,0.592999,-0.0298137,0.0427845,-0.803512,0.998201,0.0510714,0.0252572,0.0186899,0.932656,0.170015,0.0920945,0.304576,0.287207,-0.160122,0.040975,-0.943501,0.279599,0.0559046,-0.207945,-0.935659,0.894967,-0.183177,-0.141173,0.381511,0.892062,0.0698616,0.00404246,0.446463,0.698381,0.0148272,0.0610401,0.712965,0.69295,0.0603272,-0.130515,0.706504,-0.326106,0.0489407,0.216776,-0.348615,0.0898421,0.109357,-0.325497,0.250397,0.206868,-0.349919,0.266676,0.0128252,-0.153379,0.544469,0.120425,-0.163879,0.546155,-0.0636168,0,0.723399,0,-0.00959161,0.88087,-0.00476325,-0.0782381,1.04146,-0.0392418,-0.01258,1.08346,0.110493,-0.0509558,0.927449,-0.181189,0.229699,0.992026,0.12326,0.0867684,0.730798,-0.127478,-0.166512,1.22933,-0.0951491,-0.112364,-0.257655,-0.173629,-0.570253,-0.892764,-0.743859,0.0383233,0.128836,0.25042,-0.66612,-1.00388,-0.509974,-0.349917,0.0955415,-1.31315,-0.0466942,-1.00383,0.219459,-0.24558,0.443784,0.491984,0.629729,-0.170181,0.95452,0.426632,0.729947,0.398524,-0.203579,0.00248155,-0.412947,-0.622571,0.370603,0.250258,-0.0589532,-0.169243,-0.352684,0.0914517,-0.464428,-0.081244,-0.104847,0.751757,0.00813253,1,1,0,0,0,0,0,0,0,0.290958,0,0,0,0
0.997738,-0.0299278,-0.00880104,0.0595406,0.964076,-0.109746,-0.0412966,0.238345,0.977668,0.0232866,-0.00953629,-0.208646,0.840464,0.223898,-0.0451161,-0.49138,0.574367,-0.031479,0.0425968,-0.816882,0.997877,0.0557626,0.0224127,0.0250838,0.929933,0.178695,0.0923792,0.30783,0.29139,-0.164004,0.0360172,-0.941752,0.27854,0.0647066,-0.202716,-0.936555,0.897043,-0.166939,-0.146445,0.382098,0.889654,0.0680757,0.00536018,0.451501,0.699716,0.0179161,0.0626094,0.711447,0.695992,0.068948,-0.130637,0.702692,-0.314285,0.0482493,0.232728,-0.345616,0.0865229,0.0960572,-0.318515,0.249336,0.216222,-0.348022,0.265082,0.00208348,-0.151939,0.543794,0.122244,-0.163695,0.546275,-0.0675192,0,0.723813,0,-0.00935635,0.88131,-0.00480677,-0.0761413,1.04277,-0.040161,-0.0159495,1.07962,0.115273,-0.0523294,0.92807,-0.182303,0.222344,0.980941,0.141566,0.0729158,0.724497,-0.125208,-0.161291,1.23196,-0.0966551,-0.0175446,-0.163445,-0.0895646,-0.151385,-0.596185,-0.399924,0.0278592,0.04227,0.0770836,-0.0910971,-0.95889,-0.506499,-0.049208,-0.0152184,-1.37859,0.269076,-0.15554,0.399133,0.500736,-0.0944462,0.276932,0.249663,-0.332251,0.209777,-0.153518,0.565646,-0.201827,0.779026,-0.643652,-0.211443,-0.0514197,0.14007,0.328175,0.200936,-0.0726216,-0.110788,0.312392,-0.360482,-0.354511,-0.10386,0.751395,0.00833085,1,1,0,0,0,0,0,0,0,0.0124241,0,0,0,0
0.997712,-0.0285699,-0.00980586,0.060487,0.963655,-0.104072,-0.0447713,0.241938,0.977077,0.0234418,-0.00882234,-0.211408,0.839608,0.223619,-0.0541367,-0.492058,0.558456,-0.0338976,0.0377654,-0.82798,0.997253,0.0578336,0.0294458,0.0357032,0.925874,0.196291,0.0846851,0.311538,0.279348,-0.171996,0.0399659,-0.943814,0.268577,0.0653976,-0.191281,-0.941808,0.900498,-0.137598,-0.155862,0.381939,0.891406,0.0799013,0.00369017,0.446092,0.69236,0.019716,0.0664983,0.718211,0.69368,0.0730055,-0.127902,0.705067,-0.318557,0.0483297,0.254133,-0.362719,0.0810498,0.0860339,-0.32256,0.247965,0.229379,-0.358415,0.260685,-0.00547646,-0.153578,0.536834,0.125067,-0.165793,0.538819,-0.0698995,0,0.713019,0,-0.00950282,0.870511,-0.00460325,-0.0772302,1.0318,-0.038675,-0.0183026,1.06666,0.119677,-0.0572171,0.918475,-0.181563,0.22132,0.972404,0.148705,0.061799,0.712196,-0.121482,-0.163726,1.22102,-0.0924966,0.0781519,-0.0667173,0.0542292,0.284641,-0.306835,0.176906,-0.000589837,0.039625,-0.170544,0.26152,-0.474545,0.0625269,0.151762,-0.223418,-1.1776,0.122389,0.454342,0.616007,0.862598,-0.69203,0.461882,-0.476902,-0.336273,-0.694922,-0.656217,0.0883553,-0.700478,1.39657,-1.1476,-0.439888,0.580587,-0.432155,-0.325535,0.224069,0.12134,0.600497,0.312906,-0.0651802,0.15353,-0.106503,0.742496,0.0100075,1,1,0,0,0,0,0,0,0,-0.32383,0,0,0,0
0.997607,-0.0264458,-0.0096141,0.0631587,0.961987,-0.0955787,-0.0432809,0.252134,0.976189,0.023918,-0.00709397,-0.21548,0.845449,0.228709,-0.0614584,-0.478676,0.550884,-0.0419583,0.033273,-0.832862,0.996508,0.0579676,0.0369686,0.0473878,0.920469,0.212794,0.0782844,0.318319,0.255364,-0.181099,0.0509047,-0.948368,0.252344,0.0592577,-0.175268,-0.949785,0.905191,-0.0994298,-0.164063,0.379244,0.898277,0.10062,0.000637551,0.427753,0.678139,0.0194462,0.0697753,0.731355,0.682517,0.0690817,-0.125324,0.716723,-0.33735,0.0491675,0.276005,-0.397464,0.0754126,0.0775437,-0.335947,0.246454,0.242934,-0.379169,0.25484,-0.0105283,-0.15734,0.525191,0.128034,-0.169402,0.525715,-0.0706181,0,0.693888,0,-0.00992757,0.851346,-0.00426978,-0.0805764,1.01153,-0.0358719,-0.0192131,1.04912,0.123832,-0.0622491,0.901139,-0.178586,0.226213,0.97105,0.150621,0.0591548,0.697353,-0.116599,-0.171871,1.19948,-0.0852745,0.129243,-0.000871765,0.159398,0.529715,-0.105275,0.600243,0.00508989,0.101169,-0.252657,0.437665,-0.0200499,0.928303,-0.0512519,-0.523886,-0.567182,0.00607961,0.491703,0.674879,0.826367,-0.556736,0.636967,-1.00861,-0.227617,-1.34347,-1.03168,-0.306512,-1.03818,1.8878,-1.25163,-0.67783,0.997531,-0.807249,-1.14554,0.0943861,0.220047,1.15393,0.0841141,0.238699,0.976228,-0.111708,0.727534,0.0125004,1,1,0,0,0,0,0,0,0,-0.573921,0,0,0,0
0.997482,-0.0246727,-0.00860756,0.065928,0.960015,-0.0886781,-0.0387188,0.262693,0.975889,0.0257336,-0.00511611,-0.216684,0.854848,0.234993,-0.0724224,-0.456912,0.55652,-0.0580252,0.0321565,-0.828181,0.995755,0.0642383,0.0343616,0.0562548,0.914952,0.22413,0.0920156,0.322741,0.226435,-0.189018,0.0612726,-0.953543,0.233322,0.0513858,-0.155926,-0.95844,0.906468,-0.0558614,-0.162451,0.385752,0.903724,0.126323,0.00228399,0.409047,0.66776,0.0184945,0.0747252,0.740386,0.67202,0.0605157,-0.123954,0.727573,-0.357882,0.0521641,0.291754,-0.433947,0.072711,0.0668902,-0.350858,0.247489,0.253321,-0.40105,0.251363,-0.016287,-0.161648,0.514655,0.131014,-0.173359,0.513035,-0.070937,0,0.673998,0,-0.01037,0.831414,-0.00398317,-0.0840571,0.990233,-0.0332743,-0.0189527,1.03404,0.128284,-0.0640128,0.883355,-0.173598,0.231666,0.975641,0.156172,0.0673995,0.686305,-0.113047,-0.180893,1.17634,-0.0786507,0.111347,0.0490625,0.166807,0.483423,0.0932598,0.647518,0.0806883,0.137464,-0.0780189,0.584948,-0.0423759,1.50124,-0.470427,-0.862834,0.401507,0.350462,-0.141195,0.555276,0.937998,0.624203,0.227487,-1.00982,-0.147174,-1.63692,-1.24477,-0.386572,-1.20107,2.47463,-0.930072,-0.0948621,1.3954,-0.68408,-1.15695,0.152785,0.297161,0.813155,-0.166756,0.390524,0.954471,-0.116829,0.712956,0.0147052,1,1,0,0,0,0,0,0,0,-0.596696,0,0,0,0
0.997375,-0.0236185,-0.00690345,0.0680954,0.958324,-0.0848441,-0.0316907,0.270947,0.975918,0.0285004,-0.0042899,-0.216223,0.864541,0.234105,-0.0823617,-0.437013,0.572489,-0.083345,0.0305987,-0.815091,0.994972,0.0719472,0.0176388,0.0674063,0.911737,0.227403,0.122219,0.31951,0.19657,-0.196302,0.0677847,-0.958244,0.217352,0.0446639,-0.138797,-0.965142,0.898037,-0.0193342,-0.152654,0.412132,0.901893,0.154752,0.0066906,0.403233,0.669449,0.0135979,0.0848506,0.737871,0.672347,0.0534202,-0.126632,0.727365,-0.368177,0.0626515,0.296412,-0.456445,0.0780135,0.0615892,-0.360054,0.258193,0.258688,-0.414847,0.255867,-0.0192862,-0.165494,0.515399,0.134309,-0.176429,0.5098,-0.0709644,0,0.664632,0,-0.0107186,0.822011,-0.00380102,-0.0868181,0.979602,-0.0313713,-0.0179967,1.0302,0.132116,-0.0627346,0.876888,-0.166376,0.235208,0.988364,0.165299,0.0817862,0.689255,-0.108252,-0.188297,1.16392,-0.0738029,0.0707922,0.0945555,0.132118,0.341795,0.29655,0.530571,0.151362,0.0850698,0.0252637,0.176747,-0.211449,1.43037,-0.737709,-1.38656,1.17635,0.384157,-0.98053,0.749241,0.82563,1.569,-0.503208,-0.792955,-0.165163,-1.72542,-1.09259,-0.316825,-1.00209,2.44225,-0.483199,1.30668,1.66436,-0.502607,-0.299812,0.26302,0.612834,-0.208993,-0.405758,0.203434,0.0398221,-0.119998,0.708688,0.0166524,1,1,0,0,0,0,0,0,0,-0.280968,0,0,0,0
0.997306,-0.0228027,-0.00478953,0.0695568,0.957223,-0.0821384,-0.023183,0.276476,0.975568,0.0322122,-0.00524031,-0.217262,0.873135,0.228481,-0.0886927,-0.421386,0.595018,-0.113275,0.0259313,-0.795267,0.993414,0.0794883,-0.00494887,0.0823798,0.909739,0.222121,0.158108,0.313111,0.168256,-0.202546,0.0728318,-0.961957,0.206474,0.0401448,-0.127991,-0.969214,0.883236,0.00235157,-0.146345,0.445501,0.894973,0.177085,0.011439,0.409308,0.675994,0.00562776,0.0953623,0.730689,0.681646,0.0500661,-0.131735,0.717982,-0.370489,0.0746004,0.295216,-0.464143,0.0817813,0.0620922,-0.364216,0.271424,0.261261,-0.420086,0.25964,-0.0192429,-0.168562,0.520203,0.137364,-0.178383,0.508989,-0.0707855,0,0.659627,0,-0.010957,0.816979,-0.00365038,-0.0887685,0.973729,-0.029636,-0.0161212,1.03009,0.134913,-0.059285,0.876682,-0.158145,0.237871,1.00127,0.173524,0.0991043,0.700752,-0.103097,-0.193273,1.15691,-0.0692017,0.0579631,0.121069,0.0903919,0.298791,0.414961,0.374022,0.230005,-0.00936371,-0.0647069,-0.169229,-0.213905,1.15266,-0.72356,-1.76457,1.70441,0.349714,-1.31266,1.00569,0.473213,1.9919,-0.840144,-0.682223,-0.140605,-1.63768,-0.689466,-0.222276,-0.674369,1.61297,-0.37056,1.97273,1.3852,-0.224185,0.46101,0.176464,0.735898,-0.62741,-0.459134,-0.0189191,-0.742534,-0.121215,0.708168,0.0185424,1,1,0,0,0,0,0,0,0,-0.150174,0,0,0,0
0.997274,-0.0215785,-0.00278534,0.0705055,0.956718,-0.0778815,-0.0150151,0.279999,0.974285,0.0373167,-0.00756474,-0.222079,0.881025,0.227976,-0.0919589,-0.404185,0.620359,-0.138562,0.0183729,-0.771763,0.99079,0.092251,-0.0213589,0.0967935,0.905193,0.212157,0.192831,0.313738,0.140989,-0.204933,0.0807469,-0.965197,0.197205,0.038259,-0.123697,-0.971774,0.870733,0.00604849,-0.152596,0.467443,0.889374,0.182844,0.0158198,0.418726,0.677002,0.000141423,0.0984866,0.729362,0.69053,0.0488926,-0.136737,0.708576,-0.377567,0.0884527,0.292437,-0.466496,0.0838242,0.0612721,-0.370346,0.285868,0.261762,-0.422457,0.262532,-0.0199387,-0.171482,0.525928,0.138863,-0.179906,0.508808,-0.0709042,0,0.655968,0,-0.0111141,0.813308,-0.00343549,-0.0901202,0.969643,-0.0274135,-0.0133724,1.03123,0.136944,-0.0546872,0.879886,-0.151192,0.24111,1.01512,0.177084,0.117552,0.71819,-0.102033,-0.195973,1.15256,-0.0629477,0.0818476,0.113511,0.0592912,0.382392,0.380424,0.245046,0.330054,-0.0792301,-0.295784,0.0394951,0.0939107,1.14806,-0.406436,-1.67558,1.95757,0.696402,-0.973239,0.946568,0.163074,2.13401,-0.43763,-0.798137,0.100691,-1.5207,-0.270399,-0.133815,-0.566593,0.223251,-0.53678,1.46542,0.469888,0.197712,0.600636,-0.0782968,0.361037,-0.130443,-0.364464,-0.112017,-0.743103,-0.121913,0.709053,0.0199177,1,1,0,0,0,0,0,0,0,-0.109767,0,0,0,0
0.997233,-0.0203267,-0.00131348,0.0714917,0.95607,-0.0733606,-0.00890772,0.283669,0.972146,0.0426698,-0.00992356,-0.230246,0.891391,0.23066,-0.0862426,-0.3805,0.639834,-0.15371,0.00815891,-0.75294,0.98773,0.108345,-0.0320584,0.107812,0.897698,0.203832,0.221352,0.321862,0.109291,-0.20073,0.0907981,-0.969288,0.183931,0.0383558,-0.1242,-0.974306,0.856253,-0.0153078,-0.159149,0.491191,0.883133,0.175753,0.018115,0.434579,0.681197,-0.00228639,0.101428,0.725036,0.698632,0.0475043,-0.143958,0.699238,-0.39408,0.101144,0.272279,-0.467274,0.0853496,0.0602537,-0.38158,0.299959,0.251823,-0.424706,0.26504,-0.0211366,-0.175254,0.530436,0.138169,-0.181883,0.507028,-0.0715855,0,0.649333,0,-0.0112745,0.806659,-0.00322164,-0.0914228,0.962544,-0.0253056,-0.0112454,1.03126,0.136804,-0.0515176,0.879391,-0.146346,0.243876,1.03157,0.17363,0.131304,0.731653,-0.103399,-0.197923,1.14529,-0.0567901,0.0812452,0.0814916,0.0608809,0.362396,0.256903,0.245998,0.345441,-0.0858198,-0.503111,-0.00784472,0.748444,1.41042,0.0503031,-1.25957,1.50082,0.925672,-0.672457,0.7114,0.0861815,1.89586,0.122901,-0.916468,0.532284,-1.72634,0.042154,-0.104642,-0.803515,-1.07686,0.132624,1.84473,-0.267355,0.48049,0.970858,0.0556256,0.200891,-0.373702,-0.464926,-0.201111,-0.698758,-0.123356,0.707825,0.0195691,1,1,0,0,0,0,0,0,0,-0.199044,0,0,0,0
0.997164,-0.0196626,-0.000566358,0.072643,0.954978,-0.0708846,-0.00577493,0.288025,0.969608,0.0470886,-0.0106599,-0.239854,0.90533,0.23426,-0.0674726,-0.347775,0.648042,-0.159791,-0.00637103,-0.744626,0.985526,0.120012,-0.0342214,0.114739,0.891629,0.197756,0.238133,0.330429,0.0730059,-0.191959,0.0990125,-0.973662,0.16237,0.0402164,-0.128661,-0.977479,0.836721,-0.0489984,-0.15951,0.521588,0.871497,0.164799,0.020424,0.46143,0.692086,-0.00190451,0.104659,0.714185,0.708412,0.0461919,-0.152798,0.687511,-0.415263,0.112045,0.238694,-0.467124,0.0869065,0.0606055,-0.395165,0.312112,0.23397,-0.427404,0.267313,-0.0225088,-0.179191,0.530823,0.136225,-0.184748,0.501939,-0.0731096,0,0.636384,0,-0.0114578,0.793688,-0.0031083,-0.0927891,0.948874,-0.0241556,-0.0111605,1.0284,0.132925,-0.0511868,0.869677,-0.142597,0.243891,1.05142,0.160296,0.137011,0.731756,-0.100577,-0.199784,1.13111,-0.0531614,0.0429487,0.0404447,0.0700442,0.192879,0.117809,0.28094,0.268691,-0.00801349,-0.596209,-0.25954,1.6111,1.79006,0.494549,-0.91326,0.552982,0.70508,-0.162869,0.416384,-0.0427215,1.20653,0.292723,-0.833392,0.814351,-1.99224,0.307274,-0.108435,-1.29902,-1.46915,0.759973,2.45867,-0.426684,0.703766,1.68997,0.223705,0.0506757,-0.91444,-0.555051,-0.264438,-0.865349,-0.125634,0.70163,0.0175942,1,1,0,0,0,0,0,0,0,-0.388451,0,0,0,0
0.997084,-0.0197706,-0.000461686,0.0737041,0.953719,-0.0712089,-0.00535674,0.292097,0.967192,0.0500507,-0.00868888,-0.248915,0.920986,0.240733,-0.0372681,-0.304044,0.64273,-0.162695,-0.0260865,-0.748163,0.985601,0.120162,-0.0235121,0.116617,0.893143,0.189191,0.236974,0.332184,0.0366661,-0.184592,0.101827,-0.976838,0.133082,0.0443879,-0.135543,-0.980789,0.818666,-0.0666918,-0.158707,0.54786,0.855472,0.155909,0.0248405,0.493196,0.700662,0.00174671,0.100154,0.706427,0.717534,0.0472907,-0.159994,0.676247,-0.432701,0.120296,0.218168,-0.469298,0.0884664,0.0596235,-0.40614,0.320315,0.222746,-0.431545,0.268989,-0.025893,-0.181837,0.525018,0.135014,-0.187997,0.492951,-0.0758795,0,0.616694,0,-0.0116245,0.773973,-0.00312397,-0.093956,0.928367,-0.0241927,-0.0138126,1.0226,0.125037,-0.0541866,0.850012,-0.138466,0.238203,1.0747,0.135812,0.133496,0.714417,-0.0879265,-0.20123,1.10989,-0.0528117,-0.00606724,0.00547893,0.0639626,-0.0153011,0.0118138,0.256944,0.144987,0.13015,-0.569351,-0.321684,2.45382,2.25142,0.715656,-0.86444,-0.562759,0.0859302,0.645896,0.0330847,-0.524276,0.107019,-0.044741,-0.531856,0.695195,-2.06069,0.489373,-0.056471,-1.76556,-0.664779,0.344003,2.05567,-0.223035,0.810783,2.0501,0.00827663,-0.396481,-0.667169,-0.378701,-0.298791,-0.845204,-0.128301,0.689742,0.0154551,1,1,0,0,0,0,0,0,0,-0.590721,0,0,0,0
0.997014,-0.0201256,-0.000717644,0.0745539,0.95261,-0.0724098,-0.00641626,0.29538,0.965173,0.0514115,-0.00504724,-0.256461,0.934747,0.251124,-0.00344127,-0.251343,0.621352,-0.167851,-0.0459483,-0.763961,0.987528,0.111153,-0.011734,0.110883,0.902916,0.176703,0.215729,0.327078,0.00335557,-0.181258,0.0995436,-0.978379,0.106187,0.0509086,-0.140089,-0.983111,0.808762,-0.0630973,-0.155744,0.56362,0.846785,0.147767,0.0254515,0.510365,0.698686,0.00664283,0.0912165,0.709558,0.717319,0.0511182,-0.165798,0.674797,-0.447213,0.129103,0.217701,-0.47998,0.0902787,0.0529747,-0.414578,0.328067,0.22237,-0.438957,0.269805,-0.0331282,-0.182836,0.5182,0.13518,-0.190272,0.482896,-0.0796668,0,0.596847,0,-0.0117569,0.754104,-0.00318282,-0.0948423,0.907807,-0.0246746,-0.0192853,1.01867,0.115678,-0.0615243,0.82751,-0.133684,0.224762,1.10133,0.107539,0.118311,0.685368,-0.0666966,-0.20221,1.08867,-0.0538737,-0.0224271,-0.014753,0.0508569,-0.0909678,-0.0539674,0.203176,0.026712,0.207939,-0.479724,-0.123832,2.85078,2.65145,0.459346,-0.87663,-1.75472,-0.472369,0.720933,-0.424755,-1.13095,-1.08651,-0.404837,-0.218325,0.410905,-1.96066,0.372329,0.122521,-1.64212,0.384401,-0.129987,1.07729,-0.3442,0.445877,1.12046,-0.191613,-0.571074,0.245695,-0.0839986,-0.411319,-0.0740026,-0.131588,0.677279,0.0139754,1,1,0,0,0,0,0,0,0,-0.595392,0,0,0,0
0.996991,-0.0202435,-0.00140471,0.074812,0.952257,-0.0726367,-0.00910061,0.296391,0.963788,0.0512551,-0.00141723,-0.261694,0.942275,0.267069,0.0211551,-0.200859,0.585562,-0.174704,-0.0612588,-0.789204,0.989723,0.102799,-0.00511662,0.0992728,0.917813,0.161773,0.180447,0.314466,-0.0197225,-0.179816,0.0954637,-0.978858,0.0891491,0.0578933,-0.141402,-0.984229,0.806376,-0.0584039,-0.149048,0.569325,0.848246,0.140371,0.0240884,0.510093,0.691789,0.0104569,0.0834809,0.717182,0.708915,0.0559506,-0.167995,0.682705,-0.460563,0.13737,0.221302,-0.495183,0.0915269,0.0412982,-0.421547,0.334657,0.224178,-0.447438,0.269701,-0.0426103,-0.182892,0.513507,0.135529,-0.191277,0.475123,-0.0832681,0,0.582969,0,-0.0117951,0.740219,-0.00320951,-0.0950517,0.893713,-0.0250402,-0.0257394,1.01874,0.109278,-0.0725707,0.809783,-0.129495,0.208169,1.12585,0.0882752,0.0901682,0.653135,-0.0429812,-0.201817,1.0745,-0.0547604,-0.010145,-0.0408855,0.0147134,-0.0616892,-0.153937,0.0524979,-0.0622278,0.191245,-0.335526,0.420395,2.38217,2.57102,0.0162766,-0.729375,-2.71688,-0.473761,0.371786,-0.740776,-1.49596,-1.94493,-0.794775,-0.00833086,0.226904,-1.3906,0.164627,0.257009,-1.06685,0.498476,0.122312,0.339057,-0.430042,0.152582,-0.057758,-0.208421,-0.445873,0.637231,0.223473,-0.349566,0.639287,-0.135097,0.66854,0.0129464,1,1,0,0,0,0,0,0,0,-0.416343,0,0,0,0
0.997046,-0.0200309,-0.00282764,0.0740974,0.953118,-0.0714764,-0.0145793,0.293674,0.963105,0.0500271,0.00111055,-0.264434,0.94278,0.28709,0.0279596,-0.167224,0.540637,-0.179978,-0.0718545,-0.818631,0.990853,0.101478,-0.00080869,0.0889452,0.934245,0.147696,0.141184,0.292298,-0.0248259,-0.177444,0.0923564,-0.979473,0.083121,0.0629268,-0.142963,-0.984222,0.805454,-0.0767297,-0.141011,0.570502,0.851527,0.136777,0.0289035,0.50533,0.693385,0.0118695,0.0788237,0.716145,0.702073,0.0601531,-0.164056,0.690334,-0.470227,0.138794,0.210076,-0.503479,0.0910738,0.0302577,-0.426427,0.335075,0.218016,-0.451663,0.269056,-0.0503627,-0.183135,0.51068,0.134823,-0.191446,0.472035,-0.0854898,0,0.577877,0,-0.0116786,0.735145,-0.00319268,-0.0941494,0.889216,-0.0252881,-0.0296661,1.02193,0.108784,-0.0854076,0.801632,-0.127294,0.197862,1.14231,0.0864424,0.0500609,0.625634,-0.0227846,-0.198949,1.07094,-0.0552124,0.00633601,-0.0852009,-0.0447359,-0.0288655,-0.321343,-0.195119,-0.108835,0.11841,-0.176821,0.999093,1.1643,1.82401,-0.262635,-0.478659,-3.25288,-0.0629161,0.200334,-0.646187,-1.43549,-2.28963,-1.3021,0.128151,0.178886,-0.318938,0.140091,0.237779,-0.393224,-0.60482,1.00248,0.280477,-0.0562889,0.310202,-0.388538,-0.13757,-0.262741,-0.10177,0.439957,-0.0479657,0.549171,-0.137688,0.665074,0.0118722,1,1,0,0,0,0,0,0,0,-0.152779,0,0,0,0
0.997124,-0.0197285,-0.0047773,0.0730133,0.954358,-0.0698538,-0.0220911,0.289538,0.962643,0.0484464,0.00277895,-0.266391,0.941626,0.2989,0.0278387,-0.152394,0.489813,-0.183069,-0.0793267,-0.848691,0.99164,0.0954016,0.00018784,0.0868871,0.94883,0.136767,0.102155,0.26567,-0.0166928,-0.177395,0.0883725,-0.980022,0.0858295,0.0661075,-0.145994,-0.983336,0.801162,-0.11028,-0.135634,0.572347,0.854128,0.137875,0.0363331,0.500135,0.702584,0.0113926,0.0751355,0.707532,0.698297,0.0644673,-0.159739,0.694773,-0.471356,0.134546,0.192559,-0.504684,0.0897859,0.0241832,-0.426636,0.330825,0.209486,-0.451794,0.268051,-0.054451,-0.183274,0.509745,0.134523,-0.191106,0.472666,-0.0864388,0,0.579778,0,-0.0115026,0.737073,-0.00316726,-0.0927914,0.892008,-0.0255981,-0.0311788,1.02666,0.110919,-0.0993597,0.801925,-0.127406,0.194243,1.15182,0.0935209,0.000794766,0.60759,-0.00875114,-0.195052,1.07504,-0.0556429,0.00933163,-0.116662,-0.0675973,-0.037874,-0.439352,-0.291962,-0.116291,0.0654888,-0.125535,0.664282,0.369065,0.849253,-0.411664,-0.28869,-3.53884,-0.360821,0.0791804,-0.132323,-1.20081,-2.35563,-1.49511,0.323688,-0.0304474,0.43664,0.192223,0.199297,0.148522,-1.4415,1.36346,0.54469,0.269057,0.299131,-0.403375,-0.144138,-0.18259,-0.753188,0.417881,-0.0179805,0.285368,-0.139239,0.665882,0.011086,1,1,0,0,0,0,0,0,0,0.0570341,0,0,0,0
0.997179,-0.0192943,-0.00672977,0.0722225,0.955224,-0.0676967,-0.0295688,0.286512,0.962199,0.0466468,0.00372703,-0.268298,0.941569,0.299503,0.0287902,-0.151385,0.433944,-0.186011,-0.0818461,-0.877721,0.992468,0.08452,-0.000801135,0.0886704,0.959825,0.124887,0.0656588,0.242547,-0.000988367,-0.183519,0.0816076,-0.979622,0.0935557,0.0674217,-0.147704,-0.982286,0.798171,-0.139837,-0.137095,0.569713,0.85858,0.140717,0.0387722,0.491463,0.708545,0.00907727,0.0690833,0.702218,0.693341,0.0673866,-0.159613,0.699471,-0.464475,0.126288,0.188571,-0.505019,0.0890094,0.0226521,-0.421954,0.323152,0.209758,-0.451269,0.26689,-0.0553163,-0.182518,0.508939,0.136297,-0.190495,0.474555,-0.0864128,0,0.584722,0,-0.0113728,0.742038,-0.00312064,-0.0917563,0.897641,-0.0257107,-0.0317043,1.03058,0.113105,-0.114523,0.806833,-0.129322,0.194205,1.15536,0.100567,-0.0531711,0.598991,-0.0024055,-0.192041,1.08169,-0.0555565,0.0172664,-0.117762,-0.0499873,-0.00676825,-0.451827,-0.222538,-0.117489,0.0205251,-0.12032,0.024681,0.0774431,0.0403907,-0.710028,-0.170941,-3.71172,-0.657354,0.00808419,0.107324,-1.20653,-2.14549,-1.26501,0.568953,-0.440836,0.818567,0.0862103,0.140573,0.456527,-1.51219,0.937916,0.206961,0.200877,-0.0417007,-0.591996,-0.334646,-0.187342,-0.483392,0.191741,-0.145761,0.374967,-0.14033,0.668284,0.0114714,1,1,0,0,0,0,0,0,0,0.148328,0,0,0,0
0.99721,-0.0185197,-0.00810083,0.071856,0.955715,-0.064338,-0.0346783,0.285075,0.96207,0.044666,0.00389258,-0.269092,0.941989,0.294435,0.0292217,-0.158463,0.375161,-0.190737,-0.0767429,-0.903872,0.993428,0.0787892,-0.000977737,0.0830188,0.967269,0.107881,0.0352111,0.226963,0.0205825,-0.196804,0.0726151,-0.977533,0.102591,0.0660774,-0.144583,-0.981939,0.804733,-0.154321,-0.145888,0.554353,0.86658,0.143043,0.0338122,0.476901,0.704954,0.00463088,0.060561,0.706648,0.684146,0.0666421,-0.162108,0.707972,-0.453095,0.112953,0.208887,-0.509194,0.0891412,0.0227424,-0.413762,0.310717,0.224466,-0.452847,0.265752,-0.0543377,-0.180375,0.505472,0.140614,-0.189872,0.475773,-0.08549,0,0.589241,0,-0.0113122,0.74657,-0.00301373,-0.0912713,0.902588,-0.0251776,-0.031365,1.03179,0.11567,-0.130549,0.813192,-0.131801,0.197289,1.15197,0.105584,-0.106214,0.597453,-0.00284982,-0.190668,1.08724,-0.0540205,0.0402888,-0.0849513,-0.0239652,0.104106,-0.343871,-0.117526,-0.116485,-0.0245222,-0.0487982,-0.285517,-0.149563,-0.412537,-1.17627,-0.112806,-3.69643,-0.347338,-0.00864124,-0.340477,-1.41688,-1.65207,-0.844649,0.756635,-0.908961,1.10369,-0.224971,0.0197648,0.533744,-1.06551,0.256843,-0.914544,-0.0600755,-0.465678,-0.93877,-0.56451,-0.157672,0.325847,-0.0170781,-0.126223,0.756756,-0.141298,0.669639,0.0136594,1,1,0,0,0,0,0,0,0,0.135568,0,0,0,0
0.997247,-0.0176769,-0.00857753,0.0715059,0.95629,-0.0609686,-0.0363024,0.283679,0.962525,0.0435878,0.00401545,-0.267636,0.943153,0.283705,0.0269945,-0.171011,0.322944,-0.195229,-0.069006,-0.923489,0.994839,0.0718576,-0.00230981,0.0715953,0.972148,0.0941869,0.0140092,0.214151,0.0456283,-0.214366,0.0639938,-0.973586,0.111815,0.0630948,-0.137986,-0.982078,0.815449,-0.159224,-0.154488,0.534625,0.874785,0.149378,0.0297004,0.459951,0.70397,-0.000548105,0.0557488,0.708038,0.674545,0.0655158,-0.160954,0.717489,-0.43665,0.0964553,0.23897,-0.514598,0.089041,0.022202,-0.401623,0.295464,0.245402,-0.455059,0.264454,-0.0531671,-0.176899,0.500244,0.146444,-0.189248,0.476613,-0.0841139,0,0.593301,0,-0.0112571,0.750642,-0.00288582,-0.0909001,0.907061,-0.0242641,-0.0292522,1.03129,0.118533,-0.14494,0.820655,-0.133612,0.204093,1.14272,0.109611,-0.151695,0.602142,-0.00547904,-0.189952,1.09223,-0.0516982,0.0482404,-0.0317485,-0.0220449,0.16475,-0.144178,-0.103133,-0.0657802,-0.00651835,0.0908419,-0.583861,-0.451624,-0.677639,-1.20862,-0.0854085,-3.16422,-0.427141,-0.0987924,-0.681235,-1.08799,-1.13723,-0.701713,0.762516,-1.19642,1.29555,-0.444802,-0.0556457,0.542306,-0.596261,0.0242865,-1.34566,0.175673,-0.557173,-1.06799,-0.427863,0.020003,0.0830061,0.133752,0.0398938,0.804832,-0.141492,0.670281,0.0166811,1,1,0,0,0,0,0,0,0,0.12179,0,0,0,0
0.997286,-0.0173131,-0.00842104,0.0710682,0.956906,-0.0596469,-0.035614,0.281965,0.963256,0.0435623,0.0048982,-0.264985,0.942448,0.276762,0.0227999,-0.186213,0.283217,-0.195585,-0.0647334,-0.936667,0.995962,0.0640361,-0.000598638,0.0629171,0.975217,0.0888382,0.00227282,0.202621,0.0669909,-0.234492,0.0549145,-0.968251,0.121189,0.0610956,-0.129305,-0.982273,0.825105,-0.152946,-0.162031,0.519187,0.88294,0.158667,0.0313475,0.440748,0.708388,-0.00613088,0.0562434,0.703552,0.666574,0.0650926,-0.153762,0.726498,-0.414395,0.0843979,0.274319,-0.520532,0.0884174,0.0158071,-0.385589,0.284825,0.269791,-0.457281,0.263536,-0.055434,-0.172422,0.497613,0.153326,-0.188491,0.478357,-0.0832556,0,0.598341,0,-0.0111894,0.755695,-0.00282618,-0.0904549,0.912486,-0.0237568,-0.0262139,1.03184,0.120214,-0.156017,0.828901,-0.13524,0.211783,1.13333,0.111245,-0.186662,0.610852,-0.00850806,-0.189219,1.09808,-0.0505217,0.0222569,0.00828666,-0.0263748,0.0860721,0.0246107,-0.109187,-0.0181972,0.0573269,0.162494,-0.313224,-0.56624,-0.807339,-0.763536,0.0529724,-2.40505,-0.465559,0.0984797,-0.529118,-0.470434,-0.683582,-0.650111,0.729548,-1.35118,1.06845,-0.562055,0.017305,0.534743,0.0143633,-0.333452,-1.19534,0.494126,-0.356532,-1.23115,-0.199646,0.24343,-0.395797,0.410824,0.267743,0.68358,-0.140749,0.672303,0.0194705,1,1,0,0,0,0,0,0,0,0.151218,0,0,0,0
0.997296,-0.0178512,-0.00839686,0.0707924,0.957078,-0.0617676,-0.035688,0.280915,0.963739,0.0431667,0.00676643,-0.263245,0.937859,0.283509,0.018889,-0.199217,0.254327,-0.188267,-0.0656948,-0.946339,0.995923,0.0640657,0.00800643,0.0629922,0.977049,0.0874821,-0.0030702,0.1942,0.0775791,-0.257416,0.0419753,-0.962266,0.129539,0.0627087,-0.11794,-0.982536,0.834676,-0.126946,-0.171752,0.507643,0.892805,0.163722,0.0359229,0.418096,0.707454,-0.0119519,0.0591044,0.704182,0.659563,0.0629836,-0.144455,0.734944,-0.387674,0.0856518,0.323358,-0.528621,0.0879825,-0.00147145,-0.367169,0.28595,0.302042,-0.460347,0.263646,-0.0646926,-0.167409,0.500246,0.161576,-0.187593,0.480983,-0.0840358,0,0.603994,0,-0.0111454,0.761351,-0.00291046,-0.0901071,0.91825,-0.0244382,-0.0245926,1.03458,0.119357,-0.163706,0.835818,-0.138848,0.215945,1.12976,0.109277,-0.212581,0.618984,-0.0149032,-0.188589,1.10393,-0.0524752,-0.032222,0.00403296,-0.0162537,-0.12464,0.0357595,-0.0589404,-0.0543441,0.106092,0.103281,0.519184,-0.35543,-0.712438,-0.19821,0.396241,-1.82768,0.0344031,0.514395,-0.0284314,-0.152922,-0.341287,-0.486722,0.788819,-1.50283,0.381596,-0.690719,0.241524,0.436017,0.959974,-1.09217,-1.21162,0.337504,-0.125501,-1.49495,-0.129111,0.370244,0.0475895,0.426639,0.432454,0.626507,-0.139603,0.676346,0.0215345,1,1,0,0,0,0,0,0,0,0.16958,0,0,0,0
0.997276,-0.0190297,-0.00924643,0.0706558,0.956781,-0.066095,-0.0393223,0.280454,0.964167,0.0407007,0.0089687,-0.262,0.935718,0.285233,0.0166439,-0.206877,0.232781,-0.173872,-0.0681109,-0.954433,0.995271,0.0685914,0.00784141,0.0683345,0.979168,0.0833801,-0.00882447,0.184931,0.0817249,-0.281181,0.0262977,-0.955807,0.133491,0.0672679,-0.104385,-0.983239,0.846165,-0.0909765,-0.176265,0.49463,0.900672,0.162918,0.0393979,0.400868,0.69844,-0.0153602,0.0632085,0.712706,0.655973,0.0593053,-0.139817,0.739347,-0.363233,0.0964709,0.377483,-0.535919,0.0881504,-0.0242374,-0.349969,0.293688,0.337116,-0.463213,0.264781,-0.0781489,-0.162141,0.503764,0.170249,-0.186954,0.483111,-0.0863334,0,0.607532,0,-0.0111195,0.764885,-0.00310565,-0.0897764,0.921682,-0.0262052,-0.0252437,1.03688,0.117808,-0.168065,0.838894,-0.145616,0.216499,1.12902,0.111196,-0.232565,0.622446,-0.0273437,-0.187961,1.10714,-0.0573123,-0.0742175,-0.0456942,-0.00840572,-0.31184,-0.134693,-0.0256667,-0.178994,0.0914444,0.0720152,0.168954,-0.233591,-0.416451,0.0815605,0.786978,-1.43095,0.269757,-0.00611743,0.324505,-0.320351,-0.337798,-0.537119,0.842302,-1.55528,-0.0325606,-0.783529,0.399458,0.14429,1.61732,-1.10408,-1.40671,0.00395554,0.020121,-1.15609,-0.00796585,0.344065,0.733572,0.110675,0.331262,0.346899,-0.138449,0.679703,0.0227897,1,1,0,0,0,0,0,0,0,0.106142,0,0,0,0
0.997252,-0.0201365,-0.0112416,0.0704024,0.956391,-0.0698237,-0.047389,0.279636,0.964819,0.0365041,0.0104347,-0.26016,0.938594,0.27086,0.0133353,-0.213303,0.215687,-0.156848,-0.0650112,-0.961588,0.994302,0.0751255,-0.00766002,0.0752402,0.982341,0.0721699,-0.0196207,0.171504,0.0873095,-0.301381,0.0128362,-0.949411,0.133198,0.0712325,-0.0925895,-0.984181,0.857032,-0.0686101,-0.171921,0.480866,0.904169,0.159204,0.0447652,0.393864,0.688461,-0.0166486,0.0668373,0.721995,0.656443,0.0559235,-0.140809,0.739005,-0.346474,0.104974,0.416853,-0.539182,0.0883384,-0.044527,-0.336801,0.298482,0.363611,-0.464475,0.266436,-0.0902857,-0.157165,0.504744,0.177454,-0.18677,0.484812,-0.0885123,0,0.609002,0,-0.0110712,0.766354,-0.00330204,-0.0891943,0.923132,-0.0282365,-0.0271704,1.03665,0.118527,-0.16923,0.839826,-0.154769,0.215834,1.12513,0.123681,-0.24835,0.622647,-0.0458143,-0.186836,1.10844,-0.0627213,-0.0748534,-0.114414,-0.0167226,-0.353276,-0.398013,-0.0636158,-0.268397,0.0229785,0.110831,-0.80867,-0.477008,-0.282804,-0.147304,1.02298,-1.11607,0.32737,-0.923601,0.483228,-0.801375,-0.575387,-0.764104,0.757067,-1.3412,0.0926476,-0.668804,0.322725,-0.0972773,1.17818,-0.253225,-1.23415,-0.0892222,0.302644,-0.523858,0.0567581,0.236451,0.814441,-0.181634,0.11372,-0.00241943,-0.137348,0.681188,0.0232648,1,1,0,0,0,0,0,0,0,0.0441051,0,0,0,0
0.997248,-0.0205025,-0.0141049,0.0698393,0.95632,-0.0704579,-0.0586268,0.277579,0.965771,0.0325249,0.0105595,-0.257133,0.941692,0.24826,0.00544239,-0.227052,0.20087,-0.142929,-0.0524637,-0.967714,0.992403,0.0858105,-0.0261308,0.084203,0.985908,0.0537929,-0.0340316,0.154704,0.0992409,-0.31486,0.00537294,-0.94392,0.131845,0.0710666,-0.0871694,-0.984869,0.862256,-0.0771394,-0.163991,0.472938,0.903746,0.156054,0.0583795,0.394313,0.687705,-0.0183014,0.0668744,0.722672,0.659089,0.0546639,-0.143472,0.736227,-0.335639,0.10065,0.429023,-0.537187,0.087538,-0.0579834,-0.326978,0.293753,0.374367,-0.463416,0.267788,-0.097229,-0.153043,0.502866,0.182017,-0.186919,0.486944,-0.0887963,0,0.610493,0,-0.0109724,0.767855,-0.0033904,-0.0882113,0.924977,-0.0295834,-0.0288558,1.03303,0.122973,-0.168123,0.84262,-0.164118,0.215586,1.11364,0.145754,-0.260843,0.624359,-0.0672823,-0.184925,1.11064,-0.065992,-0.0343781,-0.169105,-0.0368907,-0.231085,-0.625811,-0.162079,-0.23628,-0.0488537,0.187334,-1.21107,-0.959666,-0.624479,-0.707146,0.965251,-0.870323,0.56674,-1.11064,0.621624,-1.26667,-0.728829,-0.942848,0.566059,-0.915398,0.563093,-0.319433,0.0230619,-0.107632,-0.270054,0.740417,-0.437776,0.153663,0.818447,-0.104153,-0.0701367,0.0754887,0.0541512,-0.200031,-0.0360072,-0.207136,-0.136106,0.681492,0.0232246,1,1,0,0,0,0,0,0,0,0.044717,0,0,0,0
0.997258,-0.0201566,-0.0170142,0.0691377,0.956491,-0.0683314,-0.0698463,0.274912,0.966965,0.0297878,0.010188,-0.252958,0.940682,0.227714,-0.00322306,-0.251503,0.194721,-0.132267,-0.0406375,-0.97105,0.989851,0.0980234,-0.0298734,0.0984579,0.988544,0.0347901,-0.0462983,0.139378,0.114519,-0.324451,0.000460691,-0.938945,0.130803,0.0674683,-0.08643,-0.985327,0.860154,-0.100342,-0.158259,0.474364,0.900393,0.153918,0.0769794,0.399594,0.697235,-0.0187385,0.0625337,0.713864,0.663658,0.0565593,-0.146359,0.731395,-0.321976,0.0887146,0.426183,-0.530963,0.0857733,-0.065097,-0.316041,0.284011,0.376294,-0.460383,0.268687,-0.099506,-0.149365,0.500169,0.185116,-0.187222,0.489585,-0.0874947,0,0.612613,0,-0.0108533,0.769993,-0.00336613,-0.0871272,0.927697,-0.0300154,-0.0298165,1.02611,0.128731,-0.164862,0.846921,-0.171445,0.215919,1.09526,0.166339,-0.266009,0.627052,-0.0861554,-0.182986,1.11404,-0.0666958,0.0079223,-0.174655,-0.0458931,-0.0734945,-0.6673,-0.210823,-0.15785,-0.0563643,0.259366,-1.01976,-1.13339,-1.27292,-0.621391,0.770893,-0.329415,0.743791,-0.215161,0.861809,-1.27777,-0.593322,-0.852674,0.508123,-0.671333,0.799013,-0.0701042,-0.214181,-0.0495193,-1.03344,0.927658,0.388264,0.337103,1.12031,0.184044,-0.160439,-0.188725,-0.783212,-0.109166,-0.174422,-0.399746,-0.134247,0.681446,0.023287,1,1,0,0,0,0,0,0,0,0.0636133,0,0,0,0
0.99725,-0.0194071,-0.0193579,0.0688569,0.956364,-0.0647615,-0.0787279,0.273817,0.968212,0.0280076,0.00993515,-0.248358,0.934567,0.214603,-0.00977382,-0.283609,0.201752,-0.120633,-0.0379778,-0.971237,0.987356,0.108971,-0.0157716,0.114036,0.990207,0.0197528,-0.0551532,0.126722,0.127212,-0.332638,-0.00363298,-0.934428,0.130397,0.0619035,-0.0878322,-0.985622,0.853113,-0.121655,-0.157474,0.482287,0.896174,0.151156,0.0944593,0.406326,0.710135,-0.0173029,0.0570249,0.701539,0.66884,0.0597032,-0.149388,0.72579,-0.304641,0.0780853,0.42059,-0.523322,0.0837785,-0.0672659,-0.30372,0.275891,0.376307,-0.456732,0.269234,-0.0984102,-0.146058,0.498497,0.187738,-0.187545,0.492118,-0.0852979,0,0.61485,0,-0.0108038,0.77224,-0.00327262,-0.0866323,0.930301,-0.0297564,-0.0308717,1.01679,0.133449,-0.159716,0.849789,-0.176478,0.216561,1.07301,0.178388,-0.26142,0.626416,-0.100493,-0.182678,1.11699,-0.0657101,0.0348311,-0.143012,-0.0203648,0.0532596,-0.564637,-0.112142,-0.104488,-0.0342287,0.28519,-0.563845,-1.00743,-1.81233,0.0363043,0.727533,0.400203,0.776074,0.86,0.837379,-1.00458,-0.421255,-0.704307,0.421326,-0.577672,0.666172,0.039333,-0.343297,0.00820513,-1.04476,0.532542,0.816409,0.27775,1.0922,0.290665,-0.115154,-0.326488,-1.06892,-0.0745564,-0.232099,-0.467936,-0.132087,0.681221,0.0237107,1,1,0,0,0,0,0,0,0,0.0671013,0,0,0,0
0.99719,-0.0185606,-0.020808,0.0695325,0.955423,-0.0609818,-0.0840489,0.276378,0.969474,0.0261711,0.00962325,-0.243603,0.924919,0.208351,-0.0158895,-0.317589,0.222863,-0.1055,-0.0454217,-0.968059,0.986093,0.116786,0.00738979,0.118013,0.991595,0.00695883,-0.0614814,0.113627,0.133837,-0.339426,-0.00496381,-0.931049,0.131913,0.0551434,-0.0901961,-0.985608,0.845849,-0.135572,-0.161871,0.489855,0.893801,0.147482,0.106373,0.409942,0.717814,-0.0162477,0.0548335,0.693882,0.671522,0.0608872,-0.152687,0.722522,-0.289982,0.0735171,0.417062,-0.517185,0.0824206,-0.0649366,-0.293587,0.272799,0.376871,-0.45383,0.26951,-0.094431,-0.143596,0.49907,0.189851,-0.187699,0.494348,-0.0825156,0,0.617482,0,-0.010908,0.774863,-0.00315693,-0.087335,0.932618,-0.0291443,-0.0329142,1.00748,0.136692,-0.152932,0.849867,-0.179501,0.216995,1.05016,0.182283,-0.246502,0.620532,-0.110052,-0.185506,1.11868,-0.0641961,0.0453684,-0.0911227,0.0379961,0.137911,-0.381826,0.123912,-0.106992,-0.0382473,0.294425,-0.142167,-0.892487,-1.98712,0.777011,0.816827,1.18037,0.633509,1.34344,0.0854214,-0.853219,-0.289626,-0.738737,0.155768,-0.456694,0.372144,0.0813514,-0.410228,0.134142,-0.821155,0.0537865,0.696965,0.0939436,0.776401,0.123436,-0.0131052,-0.156115,-0.648181,-0.135064,-0.171633,-0.246748,-0.130401,0.681302,0.0245114,1,1,0,0,0,0,0,0,0,0.0789629,0,0,0,0
0.997108,-0.0179109,-0.0210719,0.0707858,0.954133,-0.0582581,-0.084789,0.281154,0.971285,0.0235076,0.00904778,-0.236581,0.914367,0.201803,-0.0224781,-0.350291,0.262072,-0.092344,-0.0594799,-0.958777,0.988006,0.115093,0.0350665,0.0967912,0.993046,-0.00809711,-0.0602047,0.100848,0.139097,-0.343365,-0.00261991,-0.928841,0.139431,0.0481605,-0.0923428,-0.98474,0.841797,-0.139287,-0.168725,0.493466,0.893926,0.148075,0.112299,0.407872,0.718375,-0.0176304,0.0548839,0.693264,0.670085,0.0607474,-0.156118,0.723134,-0.277681,0.0742334,0.414918,-0.511021,0.0813924,-0.0581379,-0.285676,0.273893,0.377053,-0.45036,0.269188,-0.0879735,-0.141981,0.503021,0.190873,-0.187183,0.497756,-0.0794229,0,0.623538,0,-0.0111062,0.780894,-0.00306128,-0.0887905,0.937883,-0.0284592,-0.0349074,1.00264,0.138866,-0.143321,0.850677,-0.17868,0.21868,1.02875,0.178765,-0.218075,0.613831,-0.110252,-0.190601,1.1225,-0.063132,0.0392485,-0.0199969,0.0742283,0.163232,-0.111576,0.278767,-0.15342,-0.062423,0.434342,-0.137133,-0.909304,-1.9273,1.26596,0.624271,2.27667,0.0917645,1.49995,-1.46384,-0.934804,0.17862,-0.715148,-0.0547902,-0.244661,0.360485,0.0515017,-0.386375,0.496376,-0.387817,-0.307352,0.282676,0.189639,0.284111,-0.162754,-0.0548706,0.0584941,-0.0544796,-0.143473,-0.143071,0.100802,-0.128666,0.683964,0.0256234,1,1,0,0,0,0,0,0,0,0.181673,0,0,0,0
0.997054,-0.0178542,-0.0203458,0.0717661,0.953279,-0.0581542,-0.0818888,0.284905,0.97426,0.0199775,0.00827193,-0.224386,0.90395,0.185159,-0.0271297,-0.384518,0.327547,-0.0820239,-0.0736158,-0.938385,0.991945,0.10117,0.0587677,0.0485471,0.994056,-0.0179672,-0.0504288,0.0948029,0.149782,-0.342932,0.00362489,-0.927335,0.158562,0.0412083,-0.0946281,-0.98194,0.839269,-0.137445,-0.173502,0.496622,0.895659,0.155193,0.12024,0.399063,0.716014,-0.0208645,0.0546564,0.695631,0.667109,0.061556,-0.156341,0.725764,-0.26425,0.0778351,0.405954,-0.498139,0.0786863,-0.0505899,-0.278048,0.277723,0.372162,-0.442066,0.267605,-0.0807606,-0.14089,0.512603,0.190158,-0.185195,0.504987,-0.0758649,0,0.637754,0,-0.0112625,0.795089,-0.00304721,-0.0899642,0.951383,-0.028207,-0.0359122,1.00668,0.140142,-0.127028,0.858497,-0.173917,0.22089,1.00777,0.170993,-0.1675,0.614866,-0.099592,-0.19573,1.13433,-0.0637993,0.00765613,0.0420779,0.0595821,0.0709682,0.146831,0.238698,-0.205529,-0.0797391,0.752074,-0.735373,-1.03347,-2.01793,1.41102,0.492085,3.97207,-0.61342,1.14443,-3.07577,-0.550278,0.648787,-0.325914,-0.124039,0.0469502,0.736628,0.0371007,-0.315799,1.19886,-0.0376237,-0.347821,0.175702,0.620094,0.161807,-0.537469,-0.159155,0.129993,0.189353,0.0583025,-0.0623505,0.228096,-0.125445,0.692709,0.0263264,1,1,0,0,0,0,0,0,0,0.426488,0,0,0,0
0.997072,-0.0185713,-0.0191501,0.0716604,0.953563,-0.0612971,-0.0774747,0.284533,0.978521,0.0164818,0.00657445,-0.205383,0.889431,0.154858,-0.0263164,-0.42923,0.420708,-0.0692037,-0.0759051,-0.901362,0.99433,0.0813375,0.0674911,-0.0116995,0.993958,-0.010378,-0.0379838,0.102456,0.171131,-0.337158,0.0129759,-0.925673,0.193376,0.0343712,-0.0983729,-0.975575,0.835727,-0.142004,-0.171413,0.502009,0.898907,0.162166,0.139728,0.382287,0.715409,-0.0243221,0.0520482,0.69634,0.665007,0.0647055,-0.15163,0.728414,-0.249097,0.0819295,0.381299,-0.470982,0.071981,-0.0495667,-0.269698,0.282613,0.357327,-0.424031,0.263782,-0.076029,-0.139745,0.528745,0.187186,-0.180602,0.517298,-0.0715787,0,0.66276,0,-0.0112472,0.820093,-0.00314648,-0.0898875,0.97633,-0.028737,-0.036177,1.01961,0.14034,-0.100814,0.879472,-0.168361,0.218633,0.981636,0.16493,-0.0888219,0.635795,-0.0848835,-0.198678,1.15809,-0.0667268,-0.0378593,0.0747527,-0.00424571,-0.105151,0.308887,0.00472564,-0.196026,-0.125627,1.16847,-1.57371,-1.17534,-2.7197,1.00286,0.906108,5.90495,-0.956971,0.202839,-3.71551,0.546485,0.690543,0.447477,-0.0294759,0.366411,1.39651,0.105635,-0.225047,2.15975,-0.140478,0.159745,0.441499,0.932165,0.70066,-1.11046,-0.260489,0.0333579,0.0411285,0.36384,0.0414978,0.150649,-0.11957,0.70946,0.0255272,1,1,0,0,0,0,0,0,0,0.750173,0,0,0,0
0.997182,-0.0195665,-0.0174011,0.0703022,0.955286,-0.0658161,-0.0710866,0.279363,0.983215,0.0150638,0.00155373,-0.181823,0.861299,0.128299,-0.0199356,-0.49123,0.523711,-0.0510592,-0.0537143,-0.848666,0.994042,0.0678506,0.0649944,-0.0552456,0.991751,0.0087309,-0.0283528,0.124696,0.202602,-0.327129,0.0215619,-0.922753,0.240156,0.029117,-0.102055,-0.964915,0.837018,-0.159345,-0.161279,0.497994,0.907115,0.154233,0.164616,0.355326,0.712471,-0.0284816,0.0445227,0.699708,0.658085,0.0688206,-0.150328,0.734568,-0.238114,0.0848124,0.349963,-0.432631,0.0621693,-0.060098,-0.262552,0.285874,0.337304,-0.397418,0.257021,-0.0768519,-0.137749,0.546488,0.182338,-0.172794,0.530559,-0.0673036,0,0.692722,0,-0.0110366,0.850079,-0.00328022,-0.0884567,1.00708,-0.029415,-0.0369833,1.03292,0.138487,-0.0690216,0.911228,-0.166884,0.205571,0.945924,0.158536,0.00551888,0.680359,-0.081215,-0.198876,1.18855,-0.0696951,-0.0534539,0.11055,-0.0786331,-0.167181,0.469654,-0.280671,-0.0353195,-0.290799,1.44552,-1.41814,-0.963947,-4.05054,-0.0744176,1.79174,6.91023,-0.625131,-0.36977,-2.64058,1.24812,0.438023,1.30236,0.26048,0.56163,1.95939,0.121039,-0.0521772,2.90055,-0.594539,1.07797,0.0244947,0.289143,1.19314,-1.95103,-0.507764,-0.144987,0.243315,0.303924,-0.167025,0.505585,-0.111937,0.729743,0.0229545,1,1,0,0,0,0,0,0,0,0.898863,0,0,0,0
0.997365,-0.0209393,-0.0143064,0.0679641,0.958165,-0.0723137,-0.0596397,0.270431,0.98791,0.0172132,-0.00714331,-0.153901,0.816316,0.125252,-0.00615631,-0.563828,0.617746,-0.0264365,-0.00693119,-0.785902,0.993308,0.0654122,0.0627781,-0.0715517,0.986542,0.0411982,-0.0192556,0.157057,0.23773,-0.316123,0.0255617,-0.918094,0.296083,0.0251779,-0.100784,-0.949496,0.84774,-0.179759,-0.147636,0.476683,0.922294,0.126909,0.184581,0.314958,0.699926,-0.0313168,0.0324125,0.712792,0.643471,0.0728218,-0.153501,0.746377,-0.232461,0.0887408,0.32929,-0.389526,0.0509309,-0.081677,-0.256842,0.289063,0.322079,-0.365039,0.246983,-0.0833208,-0.134466,0.563324,0.177118,-0.16114,0.540886,-0.0635774,0,0.722214,0,-0.0106762,0.879613,-0.00345769,-0.0860396,1.03794,-0.0301854,-0.0397037,1.04399,0.13127,-0.039198,0.946723,-0.173673,0.179726,0.90807,0.138991,0.0949609,0.74066,-0.101873,-0.197301,1.21967,-0.0723698,-0.0713097,0.193885,-0.135598,-0.207282,0.812573,-0.487349,0.214834,-0.464816,1.70647,-0.304192,0.00958849,-5.17998,-1.11813,2.83462,6.82446,-0.0715107,-0.203789,-0.975456,2.05782,0.306508,1.90462,0.595802,0.521116,2.09425,-0.133652,0.159659,3.48195,-0.721273,1.60266,-1.06268,-0.803277,1.14569,-2.9754,-0.686007,-0.387505,1.05773,0.185011,-0.384663,1.08738,-0.103873,0.749808,0.0186858,1,1,0,0,0,0,0,0,0,0.884755,0,0,0,0
0.997577,-0.0232069,-0.00873155,0.0650076,0.961485,-0.0830908,-0.038807,0.259107,0.992484,0.0216795,-0.0176205,-0.11914,0.76163,0.150116,0.018306,-0.630118,0.690883,0.00779901,0.0562709,-0.720731,0.992609,0.0735305,0.0661737,-0.0702935,0.976784,0.0985466,-0.00603235,0.190119,0.268465,-0.308228,0.0226262,-0.912365,0.359528,0.019893,-0.0886237,-0.928703,0.866451,-0.185175,-0.134669,0.443662,0.941759,0.0898613,0.191912,0.261121,0.676818,-0.0299796,0.0218101,0.735216,0.626019,0.0755734,-0.153568,0.760793,-0.228095,0.0981215,0.330495,-0.346078,0.039702,-0.107509,-0.251203,0.296505,0.319151,-0.328451,0.234521,-0.0921113,-0.130306,0.580133,0.173591,-0.144952,0.547355,-0.0606599,0,0.749032,0,-0.0102272,0.906478,-0.00375223,-0.0831264,1.06624,-0.0314705,-0.0434701,1.05745,0.116601,-0.0189379,0.978473,-0.190654,0.144977,0.881758,0.0997026,0.159612,0.801024,-0.15188,-0.19559,1.24785,-0.0761066,-0.115236,0.346754,-0.168829,-0.30766,1.43355,-0.575885,0.371657,-0.541926,2.11159,0.776776,1.52093,-5.28984,-1.5682,3.88396,5.95029,0.467267,0.244792,0.0892401,3.58152,0.312748,1.95,0.848483,0.237211,1.7312,-0.756766,0.330016,3.99746,0.00465218,1.33633,-2.02689,-1.46357,0.480245,-3.81315,-0.484314,-0.499639,1.91266,0.312263,-0.223566,1.3131,-0.0962705,0.768601,0.0132559,1,1,0,0,0,0,0,0,0,0.804548,0,0,0,0
0.997758,-0.0255049,-0.000575604,0.0618797,0.964331,-0.094763,-0.0078759,0.247029,0.996142,0.023688,-0.0274324,-0.0799249,0.713565,0.181703,0.051527,-0.674651,0.730997,0.0578519,0.129775,-0.667424,0.991899,0.091848,0.0662957,-0.0574918,0.962478,0.172294,0.000474933,0.209646,0.290522,-0.303605,0.01615,-0.907282,0.420082,0.0114715,-0.0646619,-0.905107,0.883637,-0.174784,-0.118793,0.417761,0.959041,0.0581397,0.1835,0.207815,0.659362,-0.0278394,0.0223219,0.750978,0.615264,0.0747979,-0.148939,0.770502,-0.224157,0.115526,0.338405,-0.306494,0.0359895,-0.126899,-0.246281,0.312158,0.321137,-0.291741,0.228755,-0.0987858,-0.126587,0.601195,0.171877,-0.126578,0.557173,-0.0593321,0,0.776581,0,-0.0097651,0.934072,-0.00403146,-0.0803688,1.09519,-0.0322532,-0.0454038,1.07989,0.100191,-0.0163599,1.00555,-0.216847,0.110945,0.878774,0.0567961,0.180091,0.845394,-0.227316,-0.194959,1.27605,-0.0785728,-0.107121,0.501584,-0.175364,-0.206428,2.03269,-0.559676,0.226446,-0.515059,2.372,0.66927,2.36401,-4.11676,-1.3025,5.10095,4.07897,1.04272,0.143826,0.831615,4.488,-0.349591,1.24246,0.829995,0.0247842,1.17582,-1.46367,0.397788,3.89939,0.944495,0.975363,-1.71162,-1.40361,-0.464745,-3.60275,0.0574674,-0.079134,1.41381,0.320418,0.154222,0.841728,-0.0905125,0.790007,0.00749486,1,1,0,0,0,0,0,0,0,0.826479,0,0,0,0
0.997838,-0.0264055,0.00831236,0.0596027,0.965614,-0.101091,0.0263993,0.238061,0.998121,0.0227305,-0.0338078,-0.0457585,0.688294,0.203411,0.0915516,-0.690285,0.733598,0.120721,0.195,-0.639715,0.991623,0.110356,0.0599713,-0.0301545,0.951659,0.226359,-0.00695041,0.207505,0.297764,-0.299619,0.0136784,-0.906299,0.46319,0.00175307,-0.037544,-0.885462,0.890837,-0.160045,-0.0999062,0.413296,0.971287,0.0386998,0.162478,0.169426,0.660057,-0.0263975,0.0334709,0.750005,0.61546,0.0708961,-0.144561,0.771547,-0.226871,0.131808,0.334072,-0.279319,0.0359024,-0.133508,-0.24737,0.328721,0.317418,-0.264351,0.227905,-0.100815,-0.125861,0.620243,0.170588,-0.111726,0.566918,-0.0597011,0,0.797771,0,-0.00944349,0.955299,-0.00408994,-0.0787675,1.11749,-0.0311778,-0.0432239,1.10209,0.0870108,-0.0332326,1.02257,-0.242503,0.0919862,0.891471,0.021107,0.153559,0.861786,-0.30305,-0.196465,1.29733,-0.0758257,-0.0208715,0.538913,-0.122982,0.144946,2.12854,-0.340038,0.0267685,-0.333818,2.06221,-0.366887,2.50002,-2.06159,-0.0793242,5.45433,1.58265,1.0161,-0.160793,1.73447,3.14067,-1.1307,0.0907431,0.334986,0.148965,0.370195,-1.67108,0.336502,2.85522,1.29851,0.730068,-0.324146,-1.00079,-1.23597,-2.50241,0.561862,0.376796,-0.0492045,0.0668239,0.348437,0.0447865,-0.0885164,0.807503,0.00260708,1,1,0,0,0,0,0,0,0,0.635697,0,0,0,0
0.99781,-0.0251973,0.0152147,0.0592413,0.965176,-0.098403,0.0536109,0.236385,0.998762,0.0226432,-0.0351608,-0.0269295,0.693206,0.213276,0.134232,-0.675249,0.706896,0.183304,0.230619,-0.64305,0.991443,0.116161,0.0589484,0.00855659,0.956852,0.221649,-0.019616,0.186872,0.285336,-0.294011,0.0207332,-0.911982,0.476255,-0.00449821,-0.0207312,-0.879052,0.886728,-0.153248,-0.0818947,0.428394,0.977726,0.0273235,0.137799,0.155939,0.676373,-0.0240454,0.0454222,0.734764,0.625018,0.0681519,-0.146973,0.763614,-0.245818,0.144617,0.312076,-0.275818,0.0390814,-0.127585,-0.260949,0.343879,0.304267,-0.258124,0.232051,-0.0976978,-0.13,0.634293,0.168532,-0.106915,0.574705,-0.0604879,0,0.808829,0,-0.0094121,0.966374,-0.0038349,-0.0790919,1.12904,-0.0278074,-0.036829,1.11758,0.0773688,-0.0594821,1.03088,-0.257472,0.0966703,0.914955,-0.0130327,0.101703,0.859195,-0.354808,-0.200329,1.30808,-0.0665067,0.0971516,0.409513,-0.00999587,0.544402,1.54903,0.0784841,0.0358053,-0.0542883,1.1314,-1.50288,2.32772,0.357709,1.61991,4.25818,-0.697492,0.209129,0.206611,2.33054,-0.505754,-0.942614,-1.06878,-0.502186,0.543372,-0.64592,-1.0539,0.165241,0.884542,0.861011,0.62455,1.04107,-0.797332,-1.41669,-0.905031,0.687416,0.358841,-1.31417,-0.322476,0.0871156,-0.701375,-0.0915635,0.818344,-0.000606782,1,1,0,0,0,0,0,0,0,0.331744,0,0,0,0
0.997701,-0.0236365,0.0193021,0.0605054,0.963473,-0.0933453,0.0699731,0.241061,0.998854,0.0234898,-0.0349133,-0.0227935,0.720945,0.219169,0.1692,-0.635275,0.664871,0.219831,0.235291,-0.673987,0.989824,0.114681,0.0781781,0.0313791,0.973566,0.165528,-0.0215123,0.155909,0.261629,-0.289353,0.0303993,-0.920272,0.455406,-0.00567251,-0.0213189,-0.89001,0.882179,-0.153189,-0.063167,0.440799,0.977133,0.015478,0.12003,0.174825,0.693468,-0.0238486,0.0505715,0.718314,0.641315,0.0705225,-0.158097,0.747494,-0.280656,0.152231,0.290966,-0.29769,0.044634,-0.113909,-0.284173,0.353571,0.292113,-0.276363,0.239448,-0.0904194,-0.136139,0.638445,0.167011,-0.114513,0.577532,-0.060124,0,0.806425,0,-0.00962213,0.963957,-0.00354595,-0.0808901,1.12622,-0.0244931,-0.0282343,1.12367,0.06858,-0.0836981,1.02353,-0.259167,0.114256,0.943631,-0.0501509,0.0480276,0.835214,-0.372382,-0.205506,1.30413,-0.0573816,0.106654,0.237347,0.0836687,0.499863,0.853677,0.407853,0.0589368,0.0220133,0.245877,-1.84848,1.98124,2.38644,2.25924,1.84871,-2.47957,-0.147611,1.30946,1.21921,-3.50197,0.128273,-1.87376,-0.857071,0.596091,-1.26285,-0.0218142,-0.101706,-1.41145,0.503644,0.858449,0.948818,-1.01633,-0.895727,1.04466,0.304497,0.177435,-1.4133,-0.629564,-0.447983,-1.32663,-0.0987856,0.818952,-0.00179394,1,1,0,0,0,0,0,0,0,-0.0721258,0,0,0,0
0.997551,-0.023531,0.0209569,0.0624485,0.961095,-0.0931732,0.0764297,0.248542,0.99865,0.025026,-0.0370534,-0.0264499,0.760583,0.227135,0.195255,-0.576021,0.616912,0.229337,0.223265,-0.719011,0.986897,0.112206,0.113442,0.0239973,0.987989,0.0937809,-0.0142342,0.121987,0.234787,-0.287622,0.0364771,-0.927803,0.405876,-0.00463247,-0.0386124,-0.913101,0.883965,-0.154059,-0.0441282,0.439232,0.968783,0.00236397,0.112407,0.22095,0.704965,-0.0266658,0.0473046,0.707161,0.659775,0.075676,-0.173045,0.727342,-0.324115,0.151737,0.284096,-0.338123,0.0516404,-0.0943571,-0.311084,0.35359,0.288395,-0.312588,0.248297,-0.0791721,-0.141745,0.628928,0.166996,-0.131214,0.573311,-0.0581105,0,0.788596,0,-0.00993317,0.946091,-0.00350645,-0.0832809,1.10716,-0.0235649,-0.0202082,1.12019,0.058065,-0.101856,0.995708,-0.253415,0.131597,0.971447,-0.0876044,0.00156309,0.787154,-0.363372,-0.211,1.28315,-0.0546189,0.00986174,0.0960952,0.119332,0.0586102,0.338838,0.503716,0.0876203,-0.131741,-0.219611,-1.77136,1.8075,3.81226,2.13374,-0.0121128,-3.44268,-0.0258474,2.06188,-0.687145,-4.30996,0.778012,-2.09613,-0.760685,0.370681,-1.49162,0.905508,-0.472493,-3.2831,0.467921,1.05194,0.0481126,-1.17323,-0.206372,2.70445,-0.207728,-0.0334354,-0.972774,-0.741392,-0.716488,-1.58897,-0.10841,0.806877,-0.00148764,1,1,0,0,0,0,0,0,0,-0.534879,0,0,0,0
0.997386,-0.0254697,0.0211402,0.0642352,0.958492,-0.100519,0.0765568,0.255593,0.998215,0.0278094,-0.0429379,-0.0308339,0.800808,0.239099,0.219726,-0.503249,0.566922,0.233541,0.212519,-0.76085,0.983124,0.107264,0.14809,-0.00553448,0.995083,0.0400061,-0.0127374,0.0897052,0.206705,-0.288551,0.0388138,-0.93408,0.339256,-0.00734625,-0.0648583,-0.938427,0.889958,-0.152112,-0.0284371,0.428986,0.954592,-0.00717568,0.107557,0.27773,0.714255,-0.0291859,0.0398733,0.698139,0.675506,0.0772906,-0.184712,0.709647,-0.368107,0.145615,0.290614,-0.38772,0.0622793,-0.0653543,-0.337205,0.346328,0.292394,-0.356041,0.259868,-0.0618643,-0.146388,0.608793,0.168254,-0.150631,0.564326,-0.0545895,0,0.759048,0,-0.0102206,0.916493,-0.00380395,-0.0854744,1.07592,-0.0256582,-0.0158564,1.11048,0.0442733,-0.115506,0.953874,-0.248821,0.139838,0.994674,-0.123566,-0.0393786,0.727182,-0.346572,-0.215956,1.2493,-0.0595244,-0.11783,0.015916,0.105381,-0.468598,0.0893987,0.412446,0.167021,-0.355725,-0.260733,-1.70048,2.05073,4.51785,1.86758,-0.12244,-3.50109,-0.0163341,1.88565,-2.01016,-3.24427,0.306736,-1.92807,-0.614044,0.151021,-1.61342,1.29463,-0.935133,-4.26758,0.545062,0.891481,-0.561461,-0.999749,-0.0517079,3.42494,-0.381434,-0.219334,-0.794804,-0.700385,-0.449323,-1.35079,-0.11877,0.785566,-0.00066108,1,1,0,0,0,0,0,0,0,-0.886432,0,0,0,0
0.997202,-0.0285528,0.0209625,0.0658234,0.955604,-0.112183,0.0749516,0.261952,0.997656,0.0310563,-0.0499768,-0.0349228,0.830964,0.25425,0.245889,-0.429412,0.518219,0.24108,0.209079,-0.793483,0.978714,0.102737,0.172304,-0.0432958,0.998079,0.0030946,-0.0197581,0.058641,0.175944,-0.29205,0.0387091,-0.939283,0.266513,-0.016891,-0.0889366,-0.959571,0.896192,-0.147539,-0.0207167,0.417902,0.938575,-0.0130768,0.0924652,0.3322,0.724479,-0.028214,0.0338068,0.687889,0.686695,0.0753512,-0.192528,0.696926,-0.407408,0.133514,0.307569,-0.43882,0.0735343,-0.025342,-0.359909,0.331755,0.302524,-0.398199,0.269974,-0.0380621,-0.1502,0.578279,0.170602,-0.167788,0.547879,-0.0502789,0,0.717687,0,-0.0104788,0.875073,-0.00428613,-0.0874382,1.03261,-0.0293035,-0.0173085,1.08988,0.0284501,-0.127201,0.900633,-0.247402,0.134458,1.00202,-0.157095,-0.0777147,0.661065,-0.332201,-0.220425,1.2029,-0.068353,-0.187482,-0.000946339,0.0915625,-0.742019,0.0614676,0.346763,0.197886,-0.423832,-0.242543,-1.46809,2.37627,4.28273,1.51203,0.390899,-3.18901,0.0888456,1.22295,-2.42497,-2.27252,-0.292781,-1.82575,-0.557989,-0.0357286,-1.79847,1.04711,-1.30131,-4.49973,0.480925,0.406326,-0.689645,-0.947879,-0.686114,3.34209,-0.170034,-0.307205,-0.875867,-0.604261,-0.169187,-0.934278,-0.128858,0.75425,0.000757308,1,1,0,0,0,0,0,0,0,-1.24082,0,0,0,0
0.996982,-0.0316964,0.0210159,0.0676739,0.952143,-0.124078,0.0742185,0.269295,0.997034,0.0345614,-0.0559603,-0.0399639,0.848401,0.270256,0.274749,-0.362892,0.474328,0.252436,0.20965,-0.816906,0.9741,0.0999092,0.186395,-0.0800266,0.998613,-0.0263572,-0.0328543,0.0315798,0.142229,-0.299109,0.0370407,-0.942832,0.195125,-0.0308094,-0.104989,-0.974656,0.901889,-0.140642,-0.0238568,0.407733,0.922883,-0.0208523,0.0652613,0.378937,0.734355,-0.0248972,0.031469,0.677578,0.694477,0.0725936,-0.196095,0.688461,-0.438873,0.117722,0.335785,-0.483962,0.0836218,0.0171564,-0.377151,0.312216,0.319446,-0.433169,0.276406,-0.012673,-0.152765,0.540114,0.174217,-0.180426,0.523766,-0.0461286,0,0.667236,0,-0.0107791,0.824553,-0.00477424,-0.0896681,0.979892,-0.0328581,-0.0246316,1.05727,0.0124878,-0.13774,0.839827,-0.247894,0.116173,0.990541,-0.188164,-0.11106,0.593029,-0.322248,-0.225427,1.14666,-0.0769062,-0.190581,0.0127204,0.107729,-0.749886,0.111078,0.41693,0.208399,-0.362087,-0.302427,-1.19293,2.60876,3.56169,1.25465,0.770165,-2.68374,0.205492,0.641385,-2.28502,-1.84197,-0.685025,-1.58508,-0.563038,-0.274915,-1.98319,0.548781,-1.42367,-4.2933,0.329894,-0.244671,-0.726039,-1.2517,-1.32661,2.88028,0.085322,-0.241094,-0.853056,-0.395755,0.019942,-0.626147,-0.137849,0.714724,0.00295646,1,1,0,0,0,0,0,0,0,-1.51353,0,0,0,0
0.996714,-0.0344636,0.0213774,0.0701195,0.947924,-0.134487,0.0747795,0.278859,0.996362,0.0387295,-0.0604325,-0.045946,0.854442,0.28459,0.30831,-0.306401,0.438597,0.266755,0.20956,-0.832201,0.968999,0.0988638,0.197821,-0.110155,0.997242,-0.0521884,-0.0511862,0.0128677,0.107344,-0.310744,0.0336048,-0.943815,0.130335,-0.0442105,-0.114587,-0.983833,0.908365,-0.130956,-0.0372235,0.395396,0.90792,-0.0367156,0.0341021,0.416136,0.740968,-0.0229631,0.0316406,0.670402,0.700785,0.0711975,-0.194747,0.682572,-0.460376,0.10423,0.377159,-0.518322,0.0910054,0.0506668,-0.38727,0.293165,0.34427,-0.458106,0.279064,0.00774158,-0.153396,0.500057,0.17928,-0.188286,0.495592,-0.0430303,0,0.614098,0,-0.011173,0.771332,-0.00519708,-0.0925162,0.924081,-0.0356749,-0.0374293,1.01722,-0.00265577,-0.146311,0.77756,-0.249194,0.0855912,0.965405,-0.217236,-0.134328,0.527509,-0.315775,-0.231839,1.08672,-0.0834255,-0.167657,0.0285478,0.144582,-0.659547,0.147806,0.572384,0.241374,-0.272204,-0.364191,-1.03027,2.83698,2.69921,1.14548,0.917095,-2.00511,0.251563,0.539244,-1.86557,-1.62151,-1.02256,-1.09664,-0.528794,-0.592323,-2.06933,0.22681,-1.28723,-3.82966,0.234149,-0.846913,-0.952683,-1.75122,-1.35265,2.29894,0.115621,-0.0728348,-0.581099,-0.0992394,0.162429,-0.495415,-0.145173,0.672243,0.00568844,1,1,0,0,0,0,0,0,0,-1.59414,0,0,0,0
0.996421,-0.0373204,0.021954,0.0726029,0.943321,-0.14524,0.0761362,0.288538,0.995786,0.0425504,-0.0635974,-0.0505444,0.849528,0.296801,0.347076,-0.264103,0.413931,0.280942,0.209833,-0.840061,0.962949,0.100968,0.212779,-0.131377,0.994632,-0.0737086,-0.0726081,-0.00148478,0.0753116,-0.324609,0.0265874,-0.94247,0.0765143,-0.0543886,-0.123116,-0.987942,0.915714,-0.119443,-0.0538222,0.379875,0.895324,-0.0588596,0.00603976,0.441468,0.744714,-0.0227952,0.0323081,0.666212,0.705498,0.0713805,-0.193197,0.678124,-0.47191,0.0992839,0.425345,-0.543266,0.0974026,0.073537,-0.390651,0.280627,0.372824,-0.474318,0.280581,0.0217552,-0.152238,0.465314,0.184859,-0.192251,0.469507,-0.0411819,0,0.566773,0,-0.0115743,0.723919,-0.0056308,-0.0953709,0.873902,-0.0384482,-0.0536829,0.976744,-0.0173569,-0.151588,0.721131,-0.250815,0.0454795,0.930961,-0.24359,-0.146763,0.469369,-0.310219,-0.238483,1.03197,-0.0898382,-0.172213,0.0417421,0.147278,-0.669473,0.199632,0.590216,0.221811,-0.191443,-0.282986,-0.785227,3.025,1.64206,0.853331,0.899901,-1.26445,0.311236,0.829517,-1.33758,-1.35644,-1.22823,-0.857745,-0.291859,-0.790884,-1.9641,0.252855,-1.02664,-3.16182,0.256785,-1.03943,-1.17636,-1.98655,-1.00584,1.58732,0.0474295,0.0215868,-0.335739,-0.000943503,0.0937396,-0.388836,-0.150628,0.634031,0.00817961,1,1,0,0,0,0,0,0,0,-1.41975,0,0,0,0
0.99612,-0.0404887,0.0227543,0.0747561,0.938607,-0.157239,0.0782519,0.296933,0.995378,0.0448725,-0.0658133,-0.0536367,0.837014,0.305865,0.390174,-0.231554,0.40076,0.294595,0.209911,-0.84175,0.956131,0.1042,0.229924,-0.148632,0.991343,-0.0908639,-0.0935824,-0.0149966,0.048317,-0.337392,0.0155113,-0.939996,0.0353863,-0.0612575,-0.133776,-0.988483,0.922894,-0.109482,-0.0690179,0.362653,0.885711,-0.0836937,-0.0148812,0.456388,0.747812,-0.0219746,0.0310943,0.662818,0.709423,0.0721942,-0.194965,0.673421,-0.476479,0.103018,0.471826,-0.561312,0.102051,0.0880977,-0.389891,0.27518,0.399631,-0.484435,0.280612,0.0304403,-0.150232,0.437679,0.189738,-0.193741,0.447021,-0.0403471,0,0.527804,0,-0.0119263,0.684861,-0.00611135,-0.0978511,0.832079,-0.0415028,-0.0714367,0.939548,-0.0318327,-0.15333,0.672629,-0.252431,8.61167e-05,0.890977,-0.26594,-0.149757,0.419746,-0.304637,-0.244421,0.985366,-0.0972009,-0.189439,0.0572229,0.127657,-0.721914,0.275848,0.520399,0.134694,-0.134801,-0.189201,-0.67589,3.18067,0.882064,0.578442,0.827457,-0.535268,0.313189,0.998574,-1.11329,-1.09533,-1.2078,-0.824673,0.0388597,-0.777986,-1.75143,0.462149,-0.758147,-2.42446,0.196755,-0.915308,-1.25098,-1.92759,-0.515265,0.973264,-0.00103598,-0.0884083,-0.275552,-0.108817,-0.0825867,-0.360635,-0.154561,0.602139,0.00987977,1,1,0,0,0,0,0,0,0,-1.16906,0,0,0,0
0.995812,-0.0437224,0.0237707,0.0766946,0.933795,-0.169523,0.0811664,0.304467,0.995118,0.045837,-0.066972,-0.0561572,0.819441,0.312076,0.434917,-0.204872,0.397566,0.309248,0.206606,-0.838821,0.949108,0.106744,0.246396,-0.164584,0.987749,-0.10579,-0.111295,-0.0278234,0.0259133,-0.347041,0.0019382,-0.93749,0.00587827,-0.0656949,-0.146805,-0.986964,0.92905,-0.105008,-0.0821728,0.345091,0.877756,-0.110396,-0.0271547,0.465423,0.751905,-0.0190156,0.0273212,0.65843,0.713904,0.0725255,-0.20051,0.666991,-0.478514,0.114874,0.511271,-0.573858,0.104515,0.0955232,-0.388074,0.276838,0.421428,-0.490485,0.279461,0.03468,-0.148298,0.417806,0.193221,-0.193997,0.429082,-0.0401844,0,0.497878,0,-0.0122467,0.654845,-0.00659951,-0.100087,0.79931,-0.0445113,-0.089836,0.907729,-0.0450397,-0.151996,0.633162,-0.253831,-0.0471888,0.850248,-0.282316,-0.144359,0.379709,-0.299793,-0.249828,0.947714,-0.104668,-0.192108,0.070961,0.115293,-0.720625,0.334497,0.479823,0.0520831,-0.0739109,-0.152052,-0.611819,3.23438,0.42013,0.538818,0.752561,0.152066,0.26304,0.964779,-1.04566,-0.963479,-1.01722,-0.778934,0.281688,-0.613427,-1.54005,0.667042,-0.533274,-1.75914,-0.070792,-0.684934,-1.21135,-1.78697,0.0264696,0.660171,-0.00370136,-0.28882,-0.359093,-0.304555,-0.224841,-0.434572,-0.157559,0.577369,0.010732,1,1,0,0,0,0,0,0,0,-0.897792,0,0,0,0
0.995524,-0.0467018,0.0247321,0.0783561,0.9293,-0.180817,0.0839379,0.310904,0.995202,0.0466922,-0.0657474,-0.0554152,0.800059,0.321129,0.474078,-0.178973,0.402863,0.322455,0.201069,-0.832644,0.944726,0.106557,0.254664,-0.176872,0.983919,-0.119742,-0.12611,-0.0407627,0.0081387,-0.354419,-0.0113695,-0.934982,-0.0127544,-0.0682248,-0.160141,-0.984651,0.934889,-0.105937,-0.0928627,0.325785,0.871054,-0.13951,-0.0335667,0.46976,0.755806,-0.0174959,0.0244491,0.654105,0.717073,0.0727582,-0.208817,0.66099,-0.48022,0.135732,0.543424,-0.582545,0.106914,0.097086,-0.38622,0.286696,0.43861,-0.494242,0.279444,0.0355333,-0.146509,0.407469,0.195637,-0.193815,0.418062,-0.0404061,0,0.47917,0,-0.0125232,0.636054,-0.00704857,-0.101982,0.777979,-0.0472181,-0.107407,0.886784,-0.0559481,-0.148038,0.605919,-0.254815,-0.0901925,0.821334,-0.293195,-0.132445,0.352453,-0.29515,-0.254803,0.921538,-0.11126,-0.176712,0.0672069,0.0988722,-0.659236,0.318023,0.415977,0.0496866,0.0783735,0.0377769,-0.349215,3.02738,0.538068,0.418877,0.58159,0.680426,0.117443,0.455093,-0.798731,-0.912857,-0.844758,-0.77411,0.366678,-0.485864,-1.27387,0.735779,-0.327755,-1.13286,-0.331528,-0.426218,-1.25986,-1.74973,0.435701,0.420541,-0.033365,-0.191065,-0.350043,-0.408456,-0.353114,-0.350527,-0.159784,0.562333,0.0110701,1,1,0,0,0,0,0,0,0,-0.561228,0,0,0,0
0.995267,-0.0494582,0.0255583,0.0796462,0.925304,-0.191246,0.0862514,0.315908,0.995664,0.0471008,-0.0618916,-0.0510282,0.78261,0.338341,0.500888,-0.148857,0.414784,0.331919,0.19597,-0.824245,0.946808,0.101425,0.245298,-0.181924,0.979753,-0.133079,-0.139111,-0.0549758,-0.00424235,-0.360241,-0.0234749,-0.932554,-0.0224441,-0.070524,-0.172366,-0.982249,0.940902,-0.107294,-0.101886,0.304648,0.866623,-0.164269,-0.0385388,0.469568,0.758419,-0.0174975,0.0222477,0.651153,0.716801,0.0736184,-0.216416,0.658741,-0.480247,0.159088,0.570297,-0.588234,0.107998,0.0994971,-0.383844,0.298871,0.452539,-0.496619,0.278433,0.0370774,-0.1449,0.401729,0.19735,-0.193556,0.410257,-0.0403011,0,0.467171,0,-0.0127404,0.62398,-0.00746523,-0.103443,0.763662,-0.0497369,-0.122891,0.875658,-0.0650342,-0.142224,0.586548,-0.255181,-0.123649,0.809298,-0.303054,-0.116584,0.333634,-0.289402,-0.25915,0.902502,-0.117295,-0.163396,0.0590738,0.0764865,-0.60687,0.289376,0.326087,0.0275899,0.245715,0.251083,0.0178818,2.54842,1.23133,0.151526,0.368184,1.01139,-0.127622,-0.649511,-0.282769,-0.893033,-0.729575,-0.841758,0.414626,-0.392602,-0.946829,0.70742,-0.229413,-0.602246,-0.332042,-0.311797,-1.35295,-1.4716,0.430676,0.12307,-0.0793986,-0.100503,-0.238703,-0.291349,-0.374274,-0.0635936,-0.161163,0.553073,0.0113596,1,1,0,0,0,0,0,0,0,-0.359989,0,0,0,0
0.995043,-0.0520956,0.026295,0.0805236,0.921814,-0.201237,0.0882548,0.319334,0.996295,0.0460046,-0.0567722,-0.0453553,0.766666,0.360765,0.516549,-0.123484,0.430514,0.337834,0.192774,-0.814472,0.951682,0.0940003,0.227544,-0.183547,0.975302,-0.146121,-0.149873,-0.0705151,-0.0105776,-0.364791,-0.03464,-0.930385,-0.0262566,-0.0742407,-0.182855,-0.979981,0.946873,-0.102483,-0.110372,0.284161,0.865352,-0.175329,-0.0444701,0.467385,0.76036,-0.014451,0.0187694,0.64907,0.71409,0.0748166,-0.219063,0.660673,-0.476101,0.178914,0.593625,-0.590173,0.108051,0.109166,-0.380122,0.308518,0.46419,-0.497309,0.276125,0.0429915,-0.143572,0.396941,0.198596,-0.193273,0.403528,-0.0393031,0,0.458443,0,-0.0128924,0.615188,-0.00786571,-0.104453,0.752928,-0.0522026,-0.135088,0.86911,-0.0726702,-0.135562,0.571464,-0.255055,-0.147783,0.805175,-0.312107,-0.0995671,0.31968,-0.282714,-0.262505,0.887349,-0.123379,-0.155986,0.054334,0.05161,-0.574501,0.279345,0.227677,-0.0618804,0.320852,0.330432,0.474222,1.92994,1.40503,-0.122916,0.222704,1.15435,-0.233791,-1.17123,-0.0402489,-0.896433,-0.588684,-0.905224,0.492009,-0.307569,-0.589948,0.630487,-0.253944,-0.233687,0.029658,-0.3986,-1.34979,-0.759743,0.0217496,-0.110563,0.00755665,-0.277713,-0.17025,-0.0160559,-0.187897,0.186363,-0.161623,0.546168,0.0120235,1,1,0,0,0,0,0,0,0,-0.261823,0,0,0,0
0.994891,-0.0541175,0.0267114,0.080933,0.919449,-0.208887,0.0892238,0.320966,0.996927,0.0437789,-0.0520903,-0.0388268,0.752496,0.386205,0.522923,-0.105582,0.445954,0.3415,0.191282,-0.804931,0.956372,0.0863736,0.208973,-0.184993,0.971358,-0.15844,-0.155659,-0.0844395,-0.0115854,-0.369486,-0.0435364,-0.928143,-0.0256511,-0.0775805,-0.189489,-0.978477,0.952241,-0.0914422,-0.116837,0.26688,0.864479,-0.176825,-0.0487883,0.468006,0.763142,-0.00787507,0.0176703,0.645941,0.714228,0.0749997,-0.217267,0.661096,-0.468328,0.196421,0.613322,-0.587466,0.107649,0.119116,-0.374887,0.317918,0.474185,-0.495858,0.27492,0.0492024,-0.142214,0.39636,0.199928,-0.193087,0.401433,-0.038091,0,0.456155,0,-0.0129669,0.612856,-0.00817565,-0.104926,0.749267,-0.0541899,-0.14333,0.870152,-0.0782554,-0.129303,0.565087,-0.255187,-0.163404,0.811422,-0.31957,-0.0846317,0.314761,-0.278316,-0.264594,0.88023,-0.12839,-0.119824,0.0335908,0.0232891,-0.441763,0.19299,0.106775,-0.125294,0.293988,0.386632,0.87492,1.30836,1.36901,-0.255708,0.155395,1.0736,-0.23769,-1.21656,-0.0303055,-0.856204,-0.304128,-0.771473,0.482203,-0.307599,-0.242645,0.41455,-0.185983,0.0403216,0.435618,-0.413739,-1.18616,-0.206299,-0.191115,0.0152849,0.263137,-0.306656,-0.244606,0.084004,0.0734296,0.00219143,-0.161197,0.544815,0.012791,1,1,0,0,0,0,0,0,0,-0.0686309,0,0,0,0
0.994809,-0.0555443,0.0269855,0.0808791,0.918185,-0.214333,0.0898352,0.320824,0.997473,0.0398774,-0.0485994,-0.0331095,0.742173,0.41059,0.52152,-0.0927987,0.457965,0.342712,0.190192,-0.7979,0.959435,0.0797488,0.193366,-0.189035,0.968703,-0.167457,-0.156911,-0.0946086,-0.00883803,-0.376024,-0.0515308,-0.925134,-0.0214071,-0.0790445,-0.192189,-0.977935,0.957043,-0.0766261,-0.119157,0.252979,0.862948,-0.177018,-0.0507622,0.470541,0.766404,0.000153215,0.0197296,0.642055,0.717021,0.0749628,-0.214831,0.65887,-0.457886,0.214291,0.630921,-0.582309,0.107089,0.124058,-0.367978,0.329412,0.483878,-0.493374,0.275409,0.0525597,-0.140328,0.401162,0.201879,-0.193075,0.404518,-0.0372549,0,0.460678,0,-0.0129658,0.617355,-0.00839622,-0.104916,0.753066,-0.0556792,-0.147555,0.879182,-0.0821555,-0.124643,0.567169,-0.255036,-0.171112,0.827011,-0.325315,-0.0743299,0.31793,-0.274891,-0.265351,0.881711,-0.132468,-0.0840171,0.0235953,-0.00421459,-0.303768,0.14717,-0.00499961,-0.225066,0.216445,0.346284,0.947999,0.711251,1.30935,-0.241759,0.0356065,0.804449,-0.172104,-1.02848,-0.200122,-0.639361,-0.0467836,-0.533812,0.518509,-0.418041,-0.00924593,0.186685,-0.0360619,0.252404,0.738266,-0.259836,-0.987706,-0.0742588,-0.128348,0.154113,0.453076,-0.218478,-0.294871,0.0534463,0.132229,-0.216656,-0.1601,0.549575,0.0135128,1,1,0,0,0,0,0,0,0,0.135682,0,0,0,0
0.994753,-0.0569428,0.0275313,0.0804068,0.917325,-0.219818,0.0914949,0.319099,0.997902,0.0333084,-0.0461586,-0.0308374,0.736845,0.429203,0.515662,-0.0832923,0.465665,0.340591,0.188566,-0.794731,0.959686,0.0754564,0.184206,-0.198439,0.967484,-0.170312,-0.156969,-0.101636,-0.00418048,-0.384769,-0.06168,-0.92094,-0.0148621,-0.0790042,-0.193342,-0.977832,0.961419,-0.061285,-0.116289,0.241651,0.862424,-0.180296,-0.0521167,0.470108,0.768858,0.00781233,0.0214628,0.639012,0.717813,0.0765347,-0.215447,0.657624,-0.446034,0.232329,0.647612,-0.578439,0.106402,0.125531,-0.359835,0.341735,0.493859,-0.49166,0.275847,0.0538146,-0.137748,0.407828,0.204491,-0.193171,0.408699,-0.0367879,0,0.467332,0,-0.0129016,0.623996,-0.00861087,-0.104557,0.759311,-0.0571334,-0.148488,0.89024,-0.0858025,-0.122025,0.571042,-0.253406,-0.173074,0.842058,-0.329657,-0.0694336,0.322105,-0.268125,-0.264808,0.886364,-0.137086,-0.0802436,0.0410312,-0.0283653,-0.271967,0.223827,-0.0866905,-0.392395,0.139717,0.15015,0.69524,0.243656,1.1204,-0.17491,-0.168927,0.464955,-0.0352879,-0.623905,-0.544519,-0.244052,0.0395665,-0.389039,0.686048,-0.560259,0.0543655,0.0998288,0.0788302,0.37797,0.863589,0.0151828,-0.813372,-0.214881,0.0254377,-0.0120304,0.422549,-0.218286,-0.22544,0.0236444,-0.0840469,-0.102392,-0.158699,0.556057,0.0142328,1,1,0,0,0,0,0,0,0,0.199615,0,0,0,0
0.994715,-0.058295,0.0280296,0.0797326,0.916742,-0.225155,0.092989,0.316611,0.998221,0.0255775,-0.0441132,-0.030889,0.735061,0.442786,0.507608,-0.0772033,0.47071,0.337528,0.187303,-0.793363,0.958718,0.0727803,0.178094,-0.209391,0.966875,-0.169823,-0.1577,-0.106972,0.000698809,-0.393126,-0.0717499,-0.916681,-0.00898425,-0.0789533,-0.194512,-0.977676,0.964785,-0.0505492,-0.109555,0.233735,0.863526,-0.183489,-0.0514297,0.466916,0.770716,0.013553,0.021474,0.636673,0.717191,0.0781433,-0.217609,0.657402,-0.436786,0.245745,0.660019,-0.57723,0.106076,0.125999,-0.353029,0.350878,0.501795,-0.491183,0.275916,0.0544437,-0.13521,0.412843,0.206969,-0.193229,0.411502,-0.0363715,0,0.472353,0,-0.0128055,0.62901,-0.00881998,-0.103992,0.764084,-0.0586083,-0.147243,0.898962,-0.0892847,-0.120239,0.573352,-0.251531,-0.170354,0.852774,-0.333361,-0.0671237,0.324436,-0.260586,-0.263441,0.889954,-0.142089,-0.0773214,0.0386333,-0.0405891,-0.259163,0.220419,-0.135341,-0.467448,0.108943,0.0148231,0.498317,-0.0761665,0.88794,-0.143916,-0.210505,0.269914,0.0440887,-0.422654,-0.644,-0.0236054,0.00936998,-0.325553,0.68693,-0.539519,0.0669956,0.0982921,0.0714751,0.338574,0.674074,0.28537,-0.555603,-0.143885,0.163583,-0.17886,0.267395,-0.223074,-0.171759,-0.0160343,-0.165641,0.00411343,-0.157352,0.560857,0.0146939,1,1,0,0,0,0,0,0,0,0.150646,0,0,0,0
0.994699,-0.0594863,0.028172,0.0790081,0.916488,-0.229807,0.0931763,0.313937,0.998469,0.0179825,-0.0415731,-0.0317372,0.735211,0.45325,0.49846,-0.0746048,0.474296,0.335961,0.187253,-0.791903,0.957756,0.071132,0.172419,-0.218895,0.966126,-0.169123,-0.160291,-0.11093,0.00521889,-0.399636,-0.079921,-0.913168,-0.00593487,-0.0795381,-0.196219,-0.977311,0.967299,-0.0451311,-0.0998356,0.228753,0.865777,-0.18369,-0.0469021,0.463128,0.772074,0.0168894,0.0199622,0.634995,0.717045,0.0781607,-0.219173,0.657039,-0.432203,0.252327,0.667014,-0.578642,0.106467,0.125876,-0.348964,0.354975,0.506749,-0.491821,0.27605,0.0546947,-0.133179,0.414739,0.208899,-0.19321,0.412482,-0.0359309,0,0.474403,0,-0.0126979,0.631056,-0.00900871,-0.103299,0.765998,-0.0600627,-0.14463,0.903959,-0.0923646,-0.118344,0.573395,-0.250693,-0.163797,0.859102,-0.336745,-0.0650944,0.324612,-0.255299,-0.261605,0.890954,-0.147094,-0.0692555,0.0167573,-0.0446692,-0.240818,0.136219,-0.165715,-0.462223,0.137411,-0.0341377,0.42074,-0.290547,0.677041,-0.130902,-0.0866951,0.195354,0.0822472,-0.378397,-0.551656,0.0121643,-0.112584,-0.267433,0.570883,-0.42183,0.0840485,0.119127,0.000472281,0.177423,0.424814,0.518301,-0.329839,0.129502,0.288875,-0.208873,0.0975906,-0.200474,-0.123912,-0.0650022,-0.0716011,-0.00274951,-0.156215,0.562862,0.0147123,1,1,0,0,0,0,0,0,0,0.0614862,0,0,0,0
0.9947,-0.0605583,0.028025,0.0782264,0.916513,-0.233944,0.0923018,0.311055,0.998683,0.0104712,-0.0377105,-0.0331628,0.736309,0.461408,0.489263,-0.0746547,0.476005,0.336476,0.188839,-0.790281,0.957201,0.0707169,0.166808,-0.2257,0.965107,-0.169016,-0.164921,-0.113149,0.00971031,-0.404423,-0.0865347,-0.910417,-0.00604821,-0.0802515,-0.198357,-0.97682,0.969565,-0.0425606,-0.0870889,0.224828,0.868425,-0.181334,-0.0388935,0.45983,0.772915,0.0180711,0.0173348,0.634015,0.717785,0.0767424,-0.220092,0.656091,-0.432088,0.25349,0.669846,-0.582206,0.107511,0.124339,-0.347556,0.354782,0.509303,-0.493393,0.276438,0.0539503,-0.131647,0.413691,0.21034,-0.193165,0.411996,-0.0356872,0,0.473753,0,-0.0125783,0.630405,-0.00918272,-0.102479,0.765311,-0.0615155,-0.141169,0.905567,-0.0951387,-0.116561,0.571264,-0.250988,-0.154863,0.861679,-0.33991,-0.0637007,0.322629,-0.252557,-0.259331,0.889566,-0.152143,-0.0633512,-0.000903285,-0.0489943,-0.227515,0.0694285,-0.194103,-0.461128,0.216097,-0.0704311,0.37269,-0.40337,0.496813,-0.113411,0.0830826,0.10117,0.12261,-0.351204,-0.378663,0.00534733,-0.25496,-0.183477,0.481752,-0.308754,0.111316,0.130868,-0.0447497,-0.00862536,0.306772,0.728711,-0.239722,0.364841,0.394344,-0.163252,-0.0450413,-0.168734,-0.0733439,-0.113191,0.0216544,-0.046994,-0.155342,0.562375,0.0142541,1,1,0,0,0,0,0,0,0,-0.0194928,0,0,0,0
0.994716,-0.06145,0.027863,0.0773769,0.916772,-0.237413,0.0914249,0.307906,0.998837,0.00281632,-0.0326867,-0.0353343,0.738101,0.466985,0.480975,-0.0761232,0.4741,0.338077,0.192149,-0.789944,0.957383,0.072184,0.161314,-0.228439,0.963954,-0.169092,-0.170936,-0.113939,0.0138216,-0.407856,-0.0917691,-0.908318,-0.00795236,-0.0802662,-0.200519,-0.976364,0.971455,-0.0417878,-0.0718548,0.222185,0.87119,-0.179015,-0.0304193,0.456132,0.774302,0.0178372,0.014723,0.632394,0.71791,0.075488,-0.221988,0.65546,-0.435523,0.250552,0.669315,-0.587338,0.108775,0.121361,-0.348222,0.351511,0.509901,-0.495736,0.276636,0.0520338,-0.130517,0.410661,0.211396,-0.193154,0.410264,-0.0358505,0,0.471225,0,-0.0124472,0.627881,-0.00932895,-0.101586,0.762887,-0.0627943,-0.137289,0.90473,-0.0974505,-0.116107,0.56748,-0.251743,-0.145234,0.86166,-0.342696,-0.0655485,0.318658,-0.251136,-0.256749,0.88673,-0.156818,-0.052491,-0.00242529,-0.0528658,-0.186106,0.059309,-0.209527,-0.473695,0.284779,-0.115646,0.276992,-0.434412,0.336301,-0.0765693,0.198871,-0.129392,0.185291,-0.309065,-0.116875,0.0169303,-0.352252,-0.113781,0.39459,-0.220186,0.116611,0.122963,-0.0249337,-0.122001,0.241468,0.892426,-0.144422,0.376107,0.424253,-0.182208,-0.110015,-0.115425,-0.125359,-0.137549,-0.0335027,-0.00680509,-0.154853,0.560107,0.0134712,1,1,0,0,0,0,0,0,0,-0.0758385,0,0,0,0
0.994745,-0.0621051,0.0278824,0.0764662,0.91723,-0.240059,0.0913106,0.304506,0.998867,-0.00427206,-0.0276778,-0.0384867,0.740406,0.470209,0.473944,-0.0779658,0.468357,0.340134,0.196727,-0.791359,0.958466,0.0760915,0.155967,-0.226334,0.96259,-0.169475,-0.178263,-0.113673,0.0169432,-0.410042,-0.0954875,-0.906896,-0.010623,-0.0797728,-0.202469,-0.975976,0.972892,-0.0416047,-0.0563509,0.220395,0.873999,-0.177637,-0.0232057,0.451699,0.776269,0.0174633,0.0126253,0.630034,0.717798,0.074822,-0.224505,0.654802,-0.441094,0.245625,0.666608,-0.593332,0.11015,0.117922,-0.350259,0.346785,0.5091,-0.498498,0.276605,0.0496313,-0.12978,0.406617,0.212081,-0.193165,0.407686,-0.0362689,0,0.467606,0,-0.0123073,0.624271,-0.0094361,-0.100676,0.759542,-0.0637607,-0.133302,0.902464,-0.099178,-0.117533,0.562777,-0.252499,-0.136078,0.860473,-0.345085,-0.071521,0.313418,-0.250137,-0.254001,0.883414,-0.160655,-0.037377,0.00750723,-0.0555101,-0.122445,0.0885137,-0.211651,-0.441615,0.284681,-0.175808,0.163466,-0.414811,0.218969,-0.0256667,0.265242,-0.381582,0.272691,-0.254985,0.196749,0.0168037,-0.443095,-0.0643508,0.285056,-0.139813,0.0923501,0.105817,-0.00416121,-0.171967,0.213247,0.911924,-0.0854177,0.291497,0.392103,-0.233584,-0.0969862,-0.0875323,-0.182366,-0.135962,-0.0867316,-0.00368409,-0.15475,0.556871,0.0126028,1,1,0,0,0,0,0,0,0,-0.108584,0,0,0,0
0.994786,-0.0625084,0.0281504,0.0755078,0.917861,-0.241834,0.0922222,0.300902,0.998755,-0.00995529,-0.0237258,-0.0427325,0.742806,0.472042,0.468056,-0.0796204,0.460105,0.342775,0.202021,-0.793723,0.960263,0.0820133,0.150694,-0.220137,0.960896,-0.170375,-0.187158,-0.11235,0.018412,-0.410564,-0.097032,-0.906467,-0.0137401,-0.0796365,-0.204251,-0.975577,0.973985,-0.040841,-0.0438094,0.218553,0.876878,-0.176383,-0.0173934,0.446845,0.778003,0.0182227,0.010999,0.6279,0.718404,0.0742194,-0.225687,0.653799,-0.44773,0.240424,0.662804,-0.599545,0.111629,0.115411,-0.35333,0.341672,0.507275,-0.501291,0.276428,0.0478318,-0.129592,0.401889,0.212264,-0.193144,0.404442,-0.03659,0,0.463129,0,-0.0121614,0.619809,-0.009501,-0.0997802,0.755511,-0.0643704,-0.129398,0.899255,-0.100311,-0.120573,0.557553,-0.253209,-0.127967,0.858878,-0.347094,-0.0805218,0.307578,-0.249509,-0.251178,0.879966,-0.163421,-0.0210911,0.0213496,-0.0570624,-0.0521924,0.131043,-0.206455,-0.356812,0.224632,-0.244267,0.0883054,-0.367922,0.155951,0.0191479,0.323291,-0.53511,0.345957,-0.211307,0.460261,0.00560852,-0.551436,-0.0159818,0.122108,-0.0321119,0.0453474,0.0941666,-0.0306594,-0.192966,0.206922,0.730286,-0.0932186,0.247219,0.326552,-0.27239,-0.0263075,-0.108002,-0.162699,-0.088609,-0.0235557,-0.0535832,-0.15496,0.553024,0.0118338,1,1,0,0,0,0,0,0,0,-0.134302,0,0,0,0
0.994837,-0.062586,0.0286298,0.0745837,0.918661,-0.242428,0.0940424,0.297401,0.998543,-0.0147711,-0.0200707,-0.0478582,0.74476,0.473178,0.463515,-0.081174,0.451152,0.346053,0.208094,-0.795868,0.962559,0.0889477,0.145377,-0.210793,0.959045,-0.171479,-0.196728,-0.110118,0.0173865,-0.408501,-0.094918,-0.907643,-0.0169055,-0.0798692,-0.205793,-0.975184,0.974466,-0.0410101,-0.0361413,0.217781,0.879871,-0.175194,-0.0142162,0.44151,0.779539,0.019758,0.0106225,0.625951,0.718959,0.0739311,-0.225601,0.653251,-0.456036,0.234269,0.656976,-0.605543,0.112989,0.114694,-0.357982,0.335857,0.503777,-0.503952,0.275805,0.0471195,-0.130268,0.396471,0.211667,-0.193091,0.400358,-0.0367767,0,0.457772,0,-0.0120217,0.614472,-0.00951219,-0.098974,0.750761,-0.0645359,-0.125878,0.89512,-0.100679,-0.124699,0.552124,-0.25405,-0.121426,0.856993,-0.348539,-0.0909342,0.301651,-0.25001,-0.248491,0.876264,-0.164973,-0.000709039,0.0323475,-0.0537233,0.0311322,0.157347,-0.184155,-0.305381,0.209449,-0.298665,0.0605985,-0.295866,0.100616,0.0114132,0.388132,-0.57074,0.373981,-0.189579,0.65757,0.00701034,-0.602747,0.0307534,-0.144806,0.137505,-0.0170082,0.0801852,-0.0530229,-0.190133,0.0898197,0.453493,-0.0321883,0.173881,0.194853,-0.328545,0.0570912,-0.0785614,-0.147398,-0.018938,0.0201077,-0.0418945,-0.155529,0.548502,0.0111412,1,1,0,0,0,0,0,0,0,-0.160725,0,0,0,0
0.994896,-0.0622751,0.0292873,0.0738027,0.919574,-0.241583,0.0966596,0.294411,0.998226,-0.0188091,-0.0162919,-0.0540923,0.745905,0.473791,0.460722,-0.0829675,0.443298,0.349824,0.214528,-0.796924,0.965252,0.0959084,0.139916,-0.19878,0.957199,-0.171893,-0.206854,-0.106928,0.0135651,-0.403159,-0.0886723,-0.910723,-0.0195815,-0.0801164,-0.207044,-0.974849,0.974354,-0.0442682,-0.0339,0.218003,0.882662,-0.17491,-0.0140419,0.436024,0.780439,0.0212193,0.01112,0.624772,0.719893,0.0736534,-0.224344,0.652686,-0.467081,0.228247,0.648247,-0.610905,0.114188,0.115372,-0.364908,0.330371,0.498025,-0.506307,0.274943,0.0472257,-0.132011,0.391303,0.21008,-0.193038,0.39611,-0.036918,0,0.452446,0,-0.0119045,0.609171,-0.00945968,-0.0983563,0.746168,-0.0641725,-0.123083,0.890838,-0.100127,-0.129336,0.5476,-0.255027,-0.116969,0.855506,-0.349236,-0.100967,0.296899,-0.251813,-0.246155,0.873133,-0.165134,0.0230652,0.040685,-0.0438764,0.123446,0.167512,-0.13826,-0.260568,0.219943,-0.366198,0.0584194,-0.204545,0.0217877,-0.028894,0.430424,-0.490144,0.35192,-0.186742,0.817704,0.0617218,-0.640051,0.0720756,-0.445764,0.351174,-0.0886579,0.0647619,-0.0478406,-0.159859,-0.161002,0.172827,0.0270208,0.0442219,0.0617523,-0.361976,0.0867129,-0.0335836,-0.0885975,0.0254925,0.0752254,-0.0627476,-0.156517,0.54414,0.0104542,1,1,0,0,0,0,0,0,0,-0.159771,0,0,0,0
0.994954,-0.0615355,0.0301158,0.0732961,0.920488,-0.239118,0.100058,0.292427,0.997771,-0.0209713,-0.0121561,-0.0621723,0.746138,0.473737,0.459954,-0.085406,0.437974,0.35426,0.219352,-0.796595,0.968335,0.101911,0.134272,-0.184152,0.95525,-0.170803,-0.218883,-0.102049,0.00683379,-0.392997,-0.0782322,-0.91618,-0.0217489,-0.0795693,-0.208024,-0.974639,0.973369,-0.0548941,-0.0375849,0.219376,0.884296,-0.177007,-0.0164005,0.431765,0.780372,0.0219219,0.0106107,0.624841,0.721934,0.0730483,-0.221922,0.651326,-0.482875,0.223458,0.634529,-0.615106,0.115187,0.115638,-0.375478,0.326415,0.488586,-0.508151,0.274373,0.0469788,-0.135231,0.387642,0.207035,-0.193037,0.392834,-0.0373172,0,0.448359,0,-0.0118301,0.60511,-0.0093366,-0.0980534,0.742873,-0.0631985,-0.121345,0.88741,-0.0985169,-0.13389,0.545207,-0.255941,-0.115023,0.855287,-0.34901,-0.108609,0.294707,-0.254325,-0.244382,0.871788,-0.163588,0.0489253,0.0479759,-0.0261069,0.220748,0.167437,-0.0620238,-0.151338,0.249364,-0.478636,0.0621565,-0.110432,-0.0876355,-0.00518606,0.415829,-0.289996,0.274407,-0.196945,0.966815,0.18025,-0.758395,0.13015,-0.754073,0.659989,-0.17379,0.0488338,0.00521792,-0.138523,-0.669225,-0.0820891,0.104991,-0.159179,-0.0239958,-0.29128,0.0138522,-0.0500541,0.00683612,0.0413836,0.149784,-0.141266,-0.158054,0.541053,0.00953499,1,1,0,0,0,0,0,0,0,-0.122605,0,0,0,0
0.995006,-0.0603317,0.0309744,0.0732443,0.921281,-0.234822,0.103709,0.292139,0.997165,-0.0194453,-0.00576495,-0.0724659,0.745798,0.47287,0.460902,-0.0880316,0.435921,0.359404,0.218645,-0.79561,0.971889,0.105859,0.128546,-0.166437,0.952819,-0.169158,-0.233542,-0.0947608,-0.00374548,-0.373699,-0.0620408,-0.925465,-0.0249453,-0.076451,-0.208663,-0.974676,0.969125,-0.0832613,-0.0489161,0.226873,0.882926,-0.182445,-0.0220557,0.432051,0.780546,0.0202087,0.00713092,0.624731,0.724249,0.0726861,-0.220093,0.649414,-0.507857,0.216229,0.608424,-0.617145,0.1157,0.113118,-0.392863,0.322322,0.470728,-0.509142,0.274385,0.0443859,-0.141035,0.385729,0.201173,-0.193169,0.391058,-0.0387721,0,0.445598,0,-0.011825,0.602373,-0.0091379,-0.0982071,0.740854,-0.0615679,-0.121015,0.884947,-0.0956568,-0.137462,0.54496,-0.256472,-0.11564,0.857018,-0.347698,-0.111598,0.295209,-0.256526,-0.243448,0.872244,-0.159999,0.0759241,0.0460584,0.00202632,0.314422,0.125618,0.0483386,0.0592479,0.400817,-0.611569,0.0384542,-0.0272172,-0.170178,0.199653,0.275212,0.010506,0.128175,-0.209379,1.13536,0.254848,-0.936682,0.230989,-1.17518,1.23672,-0.29415,0.0176079,0.143462,-0.228841,-1.80293,-0.322641,0.520331,-0.449284,-0.163571,-0.00402919,-0.210838,-0.0989573,-0.00814507,0.0201701,0.115814,-0.176477,-0.160459,0.539198,0.00766056,1,1,0,0,0,0,0,0,0,-0.0828393,0,0,0,0
0.995055,-0.0586229,0.0313631,0.0737885,0.922047,-0.228392,0.105713,0.294095,0.996303,-0.0122667,0.00455981,-0.0849053,0.74561,0.470815,0.463197,-0.0885866,0.435549,0.362009,0.209567,-0.797075,0.975912,0.10703,0.123033,-0.144923,0.949798,-0.168894,-0.248553,-0.0870616,-0.0194572,-0.34055,-0.0386497,-0.93923,-0.0311778,-0.0695597,-0.208916,-0.974958,0.956941,-0.138439,-0.0704652,0.245222,0.876144,-0.190103,-0.0319412,0.441828,0.779828,0.0141154,-0.000925804,0.625834,0.726217,0.0728214,-0.220206,0.647159,-0.545063,0.204393,0.560104,-0.614756,0.115304,0.106754,-0.419349,0.317398,0.43829,-0.508268,0.275316,0.0382674,-0.15016,0.386094,0.190797,-0.193426,0.391375,-0.0419055,0,0.444089,0,-0.0119065,0.600884,-0.00886217,-0.0988358,0.739954,-0.0593776,-0.122413,0.883815,-0.0913524,-0.139281,0.546685,-0.255996,-0.118354,0.862697,-0.345147,-0.110064,0.298087,-0.256167,-0.243294,0.874407,-0.15435,0.102893,0.013634,0.0368579,0.389175,-0.0342599,0.162947,0.379295,0.663157,-0.738433,-0.0833701,0.0812855,-0.147746,0.528739,-0.139759,0.173896,-0.0681612,-0.204162,1.33878,0.177633,-0.977183,0.26693,-1.70984,2.08562,-0.468268,-0.0276369,0.326656,-0.451499,-3.50878,-0.629357,1.28711,-0.723259,-0.441171,0.595682,-0.586963,-0.147275,0.0857085,-0.0368937,0.0059652,-0.175976,-0.163868,0.538609,0.00403004,1,1,0,0,0,0,0,0,0,-0.0452508,0,0,0,0
0.99512,-0.0563216,0.0305009,0.0750528,0.923045,-0.219278,0.103112,0.298786,0.994859,0.00230255,0.0201332,-0.0992226,0.745861,0.467555,0.466931,-0.0840113,0.433674,0.354087,0.191039,-0.806259,0.980049,0.105818,0.118015,-0.119912,0.947351,-0.1704,-0.258237,-0.0824841,-0.0432779,-0.298824,-0.0112263,-0.95326,-0.0427423,-0.0593681,-0.208927,-0.975191,0.931208,-0.206065,-0.101403,0.283032,0.861105,-0.196428,-0.046259,0.466663,0.775898,0.0087676,-0.0101464,0.630716,0.727999,0.0725747,-0.222609,0.644357,-0.582501,0.189966,0.490393,-0.604481,0.113494,0.0977585,-0.447063,0.314196,0.39291,-0.503726,0.277295,0.0291687,-0.160017,0.390127,0.177203,-0.193605,0.393835,-0.046735,0,0.442966,0,-0.0120872,0.599773,-0.00850445,-0.0998954,0.739238,-0.0567908,-0.126046,0.883723,-0.0853091,-0.138944,0.549377,-0.253186,-0.123048,0.874188,-0.340843,-0.10645,0.301775,-0.249157,-0.243667,0.877385,-0.146755,0.131428,-0.0662364,0.0764908,0.44225,-0.375328,0.264074,0.794439,1.0161,-0.847769,-0.299953,0.271993,0.00992529,0.835299,-1.03898,-0.0268908,-0.238504,-0.174316,1.52372,0.00823018,-0.642599,0.172402,-2.11339,2.55083,-0.862424,-0.0696053,0.452211,-0.803857,-4.39196,-1.20416,2.57844,-0.836035,-0.897072,1.55304,-0.592854,-0.226701,0.384123,-0.148838,-0.083811,-0.177499,-0.167165,0.539112,-0.000910244,1,1,0,0,0,0,0,0,0,-0.0336932,0,0,0,0
0.995204,-0.053345,0.0279566,0.0770884,0.924314,-0.207035,0.0942794,0.306418,0.99226,0.0235051,0.0414264,-0.114676,0.746401,0.464261,0.471288,-0.0723515,0.425308,0.327059,0.164273,-0.827744,0.983846,0.102988,0.113621,-0.0923642,0.948621,-0.168534,-0.254951,-0.0819448,-0.0767302,-0.263214,0.0124315,-0.961601,-0.0616635,-0.0486473,-0.208886,-0.974781,0.891762,-0.255496,-0.133419,0.348828,0.836321,-0.195808,-0.0632347,0.508161,0.770806,0.0101976,-0.0148959,0.636815,0.729599,0.0705262,-0.227326,0.641119,-0.600981,0.173918,0.413868,-0.584162,0.109965,0.0897582,-0.462831,0.313235,0.345935,-0.494037,0.27935,0.0196953,-0.166279,0.396096,0.165339,-0.193285,0.396001,-0.0523811,0,0.438798,0,-0.0123728,0.595607,-0.00805775,-0.10138,0.735216,-0.053877,-0.132228,0.881657,-0.0771957,-0.137837,0.549415,-0.246328,-0.130086,0.890181,-0.333669,-0.106498,0.301808,-0.231969,-0.244581,0.877344,-0.137304,0.162825,-0.172349,0.118015,0.489179,-0.816908,0.35948,1.15787,1.39826,-0.915242,-0.51119,0.490313,0.310012,1.01552,-2.36445,-0.704926,-0.353942,-0.130689,1.65508,0.111138,0.210191,0.0416254,-2.05099,2.10229,-1.49149,-0.092165,0.388537,-1.24241,-3.39291,-2.00291,4.25093,-0.620205,-1.45229,2.63617,-0.106769,-0.275116,0.478234,-0.322055,-0.119559,-0.155406,-0.168817,0.538069,-0.00520949,1,1,0,0,0,0,0,0,0,-0.12506,0,0,0,0
0.995297,-0.0495061,0.0238964,0.0797593,0.92574,-0.191004,0.0798945,0.31645,0.988136,0.0465563,0.0665947,-0.130322,0.747625,0.462838,0.47309,-0.0549836,0.405648,0.279386,0.13621,-0.859558,0.986749,0.0990264,0.110568,-0.0655349,0.955705,-0.160289,-0.231586,-0.0854588,-0.114605,-0.237724,0.0307233,-0.964059,-0.0888262,-0.0387283,-0.20805,-0.973306,0.839958,-0.281326,-0.158067,0.436281,0.802158,-0.182449,-0.0787093,0.56308,0.767305,0.0143682,-0.0148872,0.640948,0.73039,0.0668149,-0.234252,0.638116,-0.597304,0.15361,0.334773,-0.554425,0.104891,0.0837589,-0.464447,0.309137,0.300785,-0.478958,0.280057,0.0106709,-0.16844,0.398001,0.156979,-0.192025,0.394608,-0.0583796,0,0.427915,0,-0.0127457,0.584721,-0.00749351,-0.103245,0.724304,-0.0504246,-0.140122,0.874071,-0.0662947,-0.13904,0.543995,-0.235787,-0.138704,0.907208,-0.321412,-0.117363,0.294985,-0.208552,-0.246194,0.870165,-0.125929,0.206268,-0.268904,0.152493,0.585591,-1.22519,0.442112,1.2439,1.6452,-0.938092,-0.596739,0.523753,0.692677,0.876557,-3.51432,-1.70741,-0.417802,-0.0561835,1.59169,0.372319,1.51434,-0.0550356,-1.76904,1.45357,-1.86602,-0.146405,0.232298,-1.71599,-1.99197,-2.53354,5.59243,0.00556361,-1.95866,3.56493,0.199051,-0.159551,0.321204,-0.47319,-0.162345,-0.081945,-0.168797,0.531799,-0.00827718,1,1,0,0,0,0,0,0,0,-0.326466,0,0,0,0
0.995408,-0.0447257,0.0187965,0.0825233,0.927431,-0.171059,0.061793,0.326791,0.983087,0.0644797,0.0915409,-0.14492,0.751075,0.460292,0.471089,-0.0457435,0.374879,0.215811,0.114646,-0.894286,0.987504,0.0942051,0.113056,-0.0563934,0.968321,-0.145564,-0.181261,-0.0911624,-0.149799,-0.223601,0.0448005,-0.962058,-0.122508,-0.02931,-0.204921,-0.970639,0.778691,-0.285723,-0.167927,0.532732,0.760582,-0.154632,-0.0869564,0.624534,0.76723,0.0187323,-0.00789986,0.641049,0.730097,0.0620478,-0.242352,0.635904,-0.572441,0.128996,0.258368,-0.518249,0.0990487,0.078002,-0.452835,0.298363,0.26046,-0.459424,0.278847,0.00126855,-0.167348,0.392044,0.152723,-0.18949,0.38845,-0.0645907,0,0.409858,0,-0.0131282,0.566664,-0.00679772,-0.105111,0.706357,-0.0463057,-0.146248,0.857656,-0.0527779,-0.144123,0.534163,-0.223492,-0.143061,0.912071,-0.304275,-0.140983,0.282723,-0.187347,-0.24801,0.855461,-0.113205,0.257432,-0.335797,0.15624,0.733951,-1.51075,0.430451,0.940015,1.59856,-0.903037,-0.465718,0.0605157,0.409151,0.364403,-4.13438,-2.59024,-0.360355,0.177602,0.497427,0.628379,3.19136,0.017018,-1.41706,0.75647,-1.82265,-0.277918,0.106693,-2.09145,-0.599124,-2.59093,6.33993,0.895247,-2.20579,4.14077,0.469779,0.153875,-0.00240492,-0.548965,-0.185458,0.0137655,-0.167054,0.519011,-0.0101687,1,1,0,0,0,0,0,0,0,-0.541732,0,0,0,0
0.995553,-0.0396883,0.0130869,0.0844215,0.929691,-0.150042,0.0414005,0.333837,0.978501,0.0736366,0.110987,-0.157462,0.756977,0.444643,0.473163,-0.0734571,0.34432,0.141051,0.0990091,-0.9229,0.984206,0.0881736,0.126658,-0.0867226,0.982382,-0.125466,-0.101863,-0.0938542,-0.175315,-0.219423,0.0557881,-0.958126,-0.155372,-0.0211336,-0.199737,-0.967222,0.716334,-0.277213,-0.160415,0.619908,0.716117,-0.120076,-0.0840708,0.682415,0.768076,0.0203941,0.00644552,0.640001,0.730304,0.0552591,-0.249295,0.633604,-0.534883,0.106898,0.19236,-0.480247,0.0934843,0.0716501,-0.43354,0.284281,0.22824,-0.437901,0.276593,-0.00784225,-0.164826,0.381024,0.152014,-0.186077,0.380541,-0.070046,0,0.39037,0,-0.0133783,0.547193,-0.00607599,-0.106155,0.687494,-0.0423207,-0.145079,0.830715,-0.0409587,-0.14946,0.52605,-0.2101,-0.131253,0.881459,-0.291853,-0.167113,0.272835,-0.170386,-0.248295,0.839677,-0.101702,0.270835,-0.371204,0.103005,0.766695,-1.62753,0.216407,0.457656,1.20335,-0.804604,-0.0905747,-0.881728,-1.73228,-0.249981,-4.52339,-2.59506,-0.179022,0.636477,-1.92597,0.826909,4.89933,0.395388,-1.02468,0.158221,-1.34958,-0.377742,0.0279928,-2.0305,0.447032,-2.04377,6.10921,1.57455,-1.93221,4.15402,0.626818,0.595678,-0.0976826,-0.59651,-0.0506836,0.0159022,-0.163306,0.503514,-0.0113097,1,1,0,0,0,0,0,0,0,-0.584635,0,0,0,0
0.995742,-0.034927,0.00691499,0.0850301,0.93263,-0.130082,0.0190991,0.336029,0.975118,0.0745601,0.122687,-0.16892,0.759952,0.416697,0.481822,-0.129163,0.319061,0.0640186,0.0900065,-0.941276,0.976913,0.0785748,0.147314,-0.133285,0.990305,-0.103077,-0.00368454,-0.0930489,-0.187465,-0.219992,0.0650738,-0.955105,-0.181928,-0.0138144,-0.19357,-0.963972,0.662272,-0.263478,-0.141753,0.686936,0.674427,-0.0857343,-0.0716707,0.729836,0.767022,0.0205297,0.0205295,0.640963,0.730975,0.0479623,-0.255955,0.630763,-0.494731,0.0938234,0.140392,-0.445336,0.0938356,0.0652449,-0.413577,0.273683,0.204012,-0.417622,0.27886,-0.0161075,-0.163003,0.372914,0.152914,-0.182671,0.378125,-0.0744713,0,0.378737,0,-0.0134327,0.5356,-0.00540891,-0.105998,0.677179,-0.0390275,-0.138299,0.804189,-0.0320026,-0.152573,0.528555,-0.197508,-0.108155,0.832583,-0.282875,-0.189501,0.275684,-0.160075,-0.245935,0.83284,-0.0928279,0.253116,-0.394385,0.0244427,0.68772,-1.67083,-0.0878304,0.0349316,0.667529,-0.750196,0.194701,-1.30051,-3.54137,-0.769997,-4.45706,-2.15978,-0.281879,0.978952,-2.96982,0.831369,5.95537,0.694337,-0.697909,-0.129479,-0.609943,-0.420881,0.0448894,-1.65133,1.03042,-1.34398,5.06986,1.92214,-1.42528,3.66068,0.547991,0.645433,0.0676127,-0.617617,-0.0137838,-0.0187809,-0.158537,0.494142,-0.0121074,1,1,0,0,0,0,0,0,0,-0.348983,0,0,0,0
0.995946,-0.0306618,0.000230586,0.0845683,0.935816,-0.111956,-0.00538708,0.334193,0.972723,0.0697815,0.126891,-0.181214,0.759048,0.392516,0.492299,-0.165586,0.29442,-0.00392171,0.0913744,-0.95129,0.967491,0.0655344,0.171751,-0.173692,0.988141,-0.084068,0.0925531,-0.0891333,-0.187704,-0.218707,0.0739746,-0.954705,-0.199528,-0.00546877,-0.187591,-0.961753,0.621471,-0.247956,-0.120966,0.733252,0.640685,-0.054018,-0.054619,0.763952,0.764019,0.0228976,0.0254339,0.644285,0.73072,0.0438366,-0.264591,0.627788,-0.458089,0.0918702,0.100722,-0.417476,0.1038,0.0601032,-0.397386,0.271246,0.184516,-0.401361,0.289044,-0.023578,-0.163188,0.373613,0.153059,-0.180106,0.385315,-0.0784914,0,0.380105,0,-0.0133256,0.537025,-0.00482794,-0.104822,0.680384,-0.0365677,-0.133594,0.794846,-0.0243454,-0.153866,0.545535,-0.188736,-0.0930619,0.808026,-0.272309,-0.209141,0.295931,-0.159969,-0.240983,0.840063,-0.0865639,0.221341,-0.420234,-0.0408718,0.547611,-1.72498,-0.337321,-0.220977,0.160174,-0.797562,-0.108211,-0.594179,-2.62879,-1.22915,-3.71624,-1.95551,-0.558218,1.22088,-2.67422,0.5797,5.79971,0.81157,-0.529246,-0.0308078,0.104323,-0.425742,0.211175,-1.13417,1.22241,-0.892986,3.71867,2.00325,-1.01944,2.80939,0.297195,0.142433,0.265237,-0.552745,-0.235095,-0.0326329,-0.154492,0.497155,-0.0131019,1,1,0,0,0,0,0,0,0,0.0410442,0,0,0,0
0.996119,-0.0271595,-0.00676299,0.0834442,0.938542,-0.0966767,-0.0313513,0.329863,0.971504,0.0606213,0.124341,-0.192471,0.754977,0.369267,0.503303,-0.200842,0.267872,-0.0539259,0.100843,-0.956644,0.958519,0.0590989,0.195061,-0.19925,0.979488,-0.0721516,0.168814,-0.0830585,-0.182562,-0.213451,0.081748,-0.956257,-0.206439,0.00446232,-0.182778,-0.961226,0.594366,-0.232974,-0.102683,0.762829,0.618268,-0.0272542,-0.0372118,0.784613,0.761612,0.0262487,0.0249925,0.647019,0.730131,0.0434599,-0.271784,0.625422,-0.429161,0.0882371,0.0718258,-0.398651,0.107052,0.0563988,-0.386225,0.266112,0.168371,-0.39077,0.291369,-0.0302406,-0.164822,0.371339,0.151632,-0.179012,0.387188,-0.0823473,0,0.38014,0,-0.0131206,0.537121,-0.00436924,-0.102999,0.682425,-0.035061,-0.128983,0.784245,-0.0188512,-0.153799,0.560678,-0.185371,-0.0787934,0.784882,-0.262931,-0.226556,0.316955,-0.170234,-0.234604,0.846078,-0.0829462,0.174131,-0.433619,-0.0808672,0.354188,-1.73427,-0.477081,-0.416075,-0.28631,-0.729298,-0.0309059,-0.43985,-2.59199,-1.40064,-2.54004,-1.88178,-0.317837,1.27801,-1.73514,0.22128,4.60254,0.76473,-0.430099,0.211024,0.437371,-0.39295,0.437505,-0.515281,1.17446,-0.614184,2.45865,1.82178,-0.69805,1.79045,0.135688,-0.14235,0.224109,-0.323465,-0.316749,-0.0566375,-0.151392,0.497858,-0.0147106,1,1,0,0,0,0,0,0,0,0.00103291,0,0,0,0
0.996246,-0.0244828,-0.0136871,0.0818988,0.94054,-0.0845711,-0.0573392,0.323951,0.971223,0.0486602,0.117159,-0.201573,0.74051,0.351944,0.509333,-0.261457,0.238549,-0.0826825,0.113643,-0.960908,0.950612,0.0635029,0.21974,-0.209805,0.971663,-0.0677174,0.214493,-0.0726544,-0.17723,-0.204094,0.0869618,-0.958839,-0.204399,0.0174047,-0.178155,-0.962382,0.578154,-0.220521,-0.0902437,0.780362,0.605319,-0.00548312,-0.0232305,0.795625,0.762225,0.0298328,0.0254606,0.646123,0.730701,0.0460216,-0.273627,0.623767,-0.409047,0.0850617,0.0516432,-0.386984,0.104705,0.0522698,-0.379613,0.262068,0.154745,-0.384861,0.287724,-0.0375348,-0.167102,0.369411,0.148527,-0.179229,0.385623,-0.0867087,0,0.380145,0,-0.0128547,0.537189,-0.00403597,-0.100757,0.684454,-0.03439,-0.122794,0.768776,-0.015065,-0.153179,0.574383,-0.187471,-0.0636075,0.753505,-0.254618,-0.242023,0.337808,-0.188653,-0.22745,0.851826,-0.0815445,0.124895,-0.424666,-0.105371,0.167819,-1.66498,-0.546005,-0.545357,-0.587768,-0.596893,1.29361,-0.841759,-3.57681,-1.26601,-1.25364,-1.88419,0.1098,1.52709,-0.737498,-0.106303,2.74084,0.815108,-0.3207,0.486727,0.446853,-0.440151,0.711235,-0.0112021,0.894866,-0.471331,1.46448,1.46923,-0.553181,0.992416,0.182333,-0.120079,-0.0601404,0.0145647,-0.171916,-0.130862,-0.149058,0.497363,-0.0170973,1,1,0,0,0,0,0,0,0,0.000148763,0,0,0,0
0.996343,-0.0223582,-0.0204422,0.0798986,0.942069,-0.0746341,-0.0828882,0.316331,0.971318,0.0353328,0.108072,-0.208838,0.709933,0.349919,0.500144,-0.351294,0.207457,-0.0903371,0.126051,-0.965874,0.943715,0.0723773,0.246817,-0.207954,0.969696,-0.0696996,0.226913,-0.0578062,-0.172909,-0.189835,0.0893045,-0.962336,-0.197205,0.0365977,-0.171575,-0.964538,0.569008,-0.211674,-0.0857149,0.789985,0.596623,0.0133091,-0.0147623,0.802275,0.766777,0.0350267,0.0299599,0.640256,0.733484,0.0511941,-0.268547,0.622305,-0.395813,0.0833953,0.0364219,-0.378698,0.100267,0.044807,-0.376477,0.260974,0.141655,-0.38101,0.281961,-0.0483001,-0.169893,0.370166,0.143447,-0.179954,0.383665,-0.0929595,0,0.381974,0,-0.0125214,0.539085,-0.00378252,-0.0980488,0.68846,-0.0341629,-0.11662,0.750929,-0.0113955,-0.151975,0.589273,-0.194755,-0.0514824,0.72042,-0.246249,-0.255221,0.359964,-0.214327,-0.219254,0.859611,-0.0812501,0.0922999,-0.411208,-0.131703,0.0457141,-1.59101,-0.623575,-0.615937,-0.712601,-0.489379,3.44529,-1.40266,-4.33907,-0.945298,-0.0270894,-1.85433,0.167194,1.75407,0.0325854,-0.368783,0.680423,0.882024,-0.215244,0.815673,0.388866,-0.645891,1.10221,0.229816,0.450019,-0.433942,0.774033,1.09318,-0.603846,0.633207,0.412776,-0.0130366,-0.444885,0.385209,0.0707794,-0.267189,-0.147197,0.498045,-0.0205663,1,1,0,0,0,0,0,0,0,0.0548674,0,0,0,0
0.996424,-0.0204699,-0.0275066,0.0772247,0.943362,-0.0655515,-0.10977,0.306139,0.972174,0.0202154,0.0982653,-0.211692,0.677426,0.348451,0.469736,-0.44612,0.178757,-0.0781736,0.136732,-0.971205,0.943294,0.0776112,0.257471,-0.194631,0.972561,-0.0774303,0.215163,-0.0428269,-0.166974,-0.169656,0.0901071,-0.967066,-0.184602,0.0655418,-0.161486,-0.967238,0.56571,-0.206218,-0.0868538,0.793664,0.591007,0.0272106,-0.0116344,0.806123,0.773737,0.0420048,0.0388139,0.63092,0.737854,0.058682,-0.257898,0.62098,-0.38735,0.0830673,0.0218836,-0.37205,0.0937701,0.0294203,-0.376288,0.262312,0.1266,-0.377841,0.274637,-0.0661605,-0.173522,0.374155,0.136005,-0.180681,0.382681,-0.10238,0,0.387237,0,-0.0120842,0.544427,-0.0035628,-0.0945784,0.696306,-0.0341065,-0.110595,0.736104,-0.00592113,-0.147882,0.608498,-0.207243,-0.0315931,0.693053,-0.23447,-0.262707,0.387005,-0.250014,-0.209638,0.871527,-0.0814563,0.0758503,-0.427676,-0.172032,-0.0417238,-1.6398,-0.766178,-0.741456,-0.772544,-0.232846,4.10652,-2.34161,-4.12999,-0.582801,1.0838,-1.57968,-0.0320454,0.732652,0.780374,-0.600993,-0.812108,0.727069,-0.162723,1.17885,0.509064,-0.981825,1.6795,0.441215,0.109332,-0.361191,0.239391,0.656095,-0.559098,0.393295,0.663325,0.107144,-0.702965,0.692382,0.255429,-0.37487,-0.145049,0.501634,-0.0256338,1,1,0,0,0,0,0,0,0,0.15791,0,0,0,0
0.996486,-0.0189533,-0.0348751,0.0737625,0.944355,-0.0578593,-0.13801,0.292915,0.974182,0.00368874,0.0868495,-0.208359,0.652142,0.334804,0.424814,-0.531177,0.152329,-0.0538065,0.146871,-0.975874,0.951941,0.0741306,0.242003,-0.172473,0.976944,-0.0884129,0.192119,-0.0292324,-0.157013,-0.144602,0.0898026,-0.972817,-0.164086,0.10429,-0.148347,-0.969635,0.568857,-0.201153,-0.0901464,0.792347,0.590978,0.0342445,-0.0127962,0.805859,0.780509,0.0507452,0.0502154,0.621054,0.741856,0.0686742,-0.244043,0.620787,-0.381633,0.0832661,0.00790746,-0.366089,0.0841257,0.00465876,-0.378132,0.265122,0.109695,-0.374389,0.264937,-0.0918866,-0.177867,0.381512,0.126478,-0.180905,0.383029,-0.115007,0,0.397111,0,-0.0115237,0.554393,-0.00339484,-0.0901528,0.709198,-0.0342869,-0.10539,0.726366,0.00145277,-0.139878,0.634143,-0.222773,-0.00269138,0.664868,-0.21548,-0.263361,0.422867,-0.29263,-0.198351,0.888761,-0.0824335,0.0508913,-0.443204,-0.218824,-0.166513,-1.68115,-0.928458,-0.841094,-0.883599,0.136315,3.57359,-3.25681,-3.57943,-0.415175,1.76739,-1.34262,-0.398923,-0.946532,1.37333,-0.736803,-1.49268,0.555705,-0.100849,1.46148,0.767948,-1.2956,2.29252,0.79003,0.0471982,-0.32027,-0.261664,0.193096,-0.381865,-0.010977,0.84328,0.157797,-0.722739,0.941512,0.302325,-0.361055,-0.142249,0.508741,-0.0321058,1,1,0,0,0,0,0,0,0,0.296199,0,0,0,0
0.996532,-0.0181758,-0.0420047,0.069491,0.945117,-0.0531461,-0.16562,0.276586,0.9772,-0.0129249,0.0723459,-0.199198,0.628277,0.309159,0.374162,-0.608022,0.126108,-0.0283705,0.158118,-0.978923,0.965786,0.0609056,0.205364,-0.146199,0.980576,-0.0976738,0.169342,-0.0159485,-0.14178,-0.117598,0.0875352,-0.978983,-0.13248,0.149638,-0.134002,-0.970619,0.579673,-0.191871,-0.0933071,0.786422,0.600092,0.0337997,-0.0186963,0.798998,0.784261,0.0613831,0.061606,0.614306,0.74311,0.0810239,-0.230378,0.623016,-0.377246,0.0895101,-0.00163256,-0.359227,0.076978,-0.0272129,-0.380959,0.275178,0.093696,-0.369373,0.258348,-0.123167,-0.18242,0.398976,0.115818,-0.180066,0.39116,-0.129696,0,0.418979,0,-0.0108346,0.576363,-0.00332721,-0.0846762,0.734414,-0.0348946,-0.103955,0.728606,0.00906751,-0.128789,0.673109,-0.23777,0.0200083,0.636411,-0.188862,-0.259113,0.475456,-0.334229,-0.185023,0.918496,-0.0847023,0.00604644,-0.424763,-0.26533,-0.350762,-1.58427,-1.0735,-0.838171,-1.06915,0.489843,3.04895,-3.73467,-3.4036,-0.483804,1.83304,-1.30275,-0.819284,-2.31371,1.61485,-0.636748,-1.46365,0.557454,0.0433254,1.56901,1.07303,-1.48755,2.77224,1.35506,0.265044,-0.419148,-0.804784,-0.325045,-0.1948,-0.671494,0.931539,0.105176,-0.458449,1.08617,0.1758,-0.184598,-0.13906,0.526077,-0.0391312,1,1,0,0,0,0,0,0,0,0.656059,0,0,0,0
0.996561,-0.0179123,-0.0484113,0.064816,0.945609,-0.0506467,-0.19063,0.258687,0.980511,-0.0292195,0.0562433,-0.185962,0.598995,0.278717,0.319746,-0.679179,0.103279,-0.00391815,0.170142,-0.979985,0.980112,0.0463589,0.154689,-0.115336,0.982799,-0.103256,0.152945,-0.00718639,-0.121999,-0.0918251,0.0836643,-0.984726,-0.090221,0.195572,-0.119722,-0.969164,0.596828,-0.177843,-0.0968959,0.776389,0.618309,0.0273305,-0.0330056,0.784766,0.78361,0.0727788,0.0715796,0.612809,0.739559,0.0938659,-0.221398,0.628669,-0.37394,0.100252,-0.00478266,-0.349266,0.0718445,-0.0601926,-0.384039,0.290323,0.0808457,-0.36123,0.253711,-0.154798,-0.186574,0.423978,0.105286,-0.177544,0.405023,-0.144314,0,0.450263,0,-0.0100814,0.607748,-0.00332039,-0.0786419,0.769056,-0.0355235,-0.108617,0.741423,0.0156102,-0.115305,0.721227,-0.250674,0.0239045,0.610744,-0.158062,-0.249726,0.539754,-0.372003,-0.170584,0.95747,-0.0873951,-0.0227096,-0.378986,-0.287303,-0.4496,-1.39773,-1.12772,-0.817813,-1.16351,0.732409,2.97824,-3.82442,-3.42462,-0.550041,1.74559,-1.09645,-0.831068,-3.12781,1.92007,-0.388733,-1.04404,0.364828,0.17786,1.48342,1.31881,-1.56443,2.91438,1.95199,0.459885,-0.575195,-1.27826,-0.971818,-0.213507,-1.34946,0.911776,0.046178,-0.041092,1.00368,-0.101249,0.163623,-0.135787,0.551255,-0.0456509,1,1,0,0,0,0,0,0,0,0.938525,0,0,0,0
0.996567,-0.0179841,-0.0537911,0.0603069,0.945736,-0.0497139,-0.211758,0.241392,0.983506,-0.0447932,0.0387616,-0.1709,0.563567,0.250625,0.261253,-0.742513,0.0855203,0.0209232,0.181658,-0.979413,0.991213,0.0317522,0.0956983,-0.0856155,0.98388,-0.107135,0.143104,-0.00478802,-0.0976886,-0.0698776,0.0782216,-0.989674,-0.0396312,0.235253,-0.107358,-0.965173,0.61955,-0.160661,-0.0993047,0.761895,0.645803,0.0183592,-0.0550153,0.761298,0.77852,0.0824328,0.0818009,0.616782,0.73048,0.105554,-0.216605,0.639014,-0.372638,0.111711,-0.00182773,-0.338032,0.0665042,-0.0882689,-0.387461,0.305872,0.0721947,-0.351076,0.24849,-0.181307,-0.190054,0.451301,0.0959585,-0.173424,0.420685,-0.156437,0,0.485899,0,-0.00935476,0.643473,-0.00334852,-0.0727544,0.807676,-0.03602,-0.11886,0.762059,0.0200294,-0.100587,0.771841,-0.261468,0.00559281,0.592468,-0.128083,-0.235604,0.607541,-0.405325,-0.156506,0.999784,-0.0900847,-0.0383061,-0.316539,-0.275209,-0.472443,-1.15922,-1.05811,-0.766736,-1.23875,0.836367,3.18155,-3.62643,-3.28071,-0.533167,1.71316,-0.784334,-0.757474,-3.59048,1.85309,-0.239835,-0.606701,0.0453294,0.319702,1.24181,1.55276,-1.49873,2.65076,2.49006,0.661241,-0.599863,-1.70307,-1.46074,-0.378143,-2.11142,0.834877,0.164822,0.370836,0.88797,-0.29054,0.619232,-0.132905,0.579637,-0.0509236,1,1,0,0,0,0,0,0,0,1.06908,0,0,0,0
0.996547,-0.0184991,-0.0579789,0.0564748,0.945457,-0.0507802,-0.228345,0.226698,0.985878,-0.0589763,0.0180615,-0.155693,0.526926,0.227873,0.199804,-0.794041,0.0712471,0.0456937,0.190834,-0.977966,0.997256,0.0112134,0.031275,-0.0661499,0.984288,-0.111939,0.136369,-0.00706336,-0.066285,-0.0528927,0.0706575,-0.993889,0.0166674,0.262927,-0.0992157,-0.959556,0.649426,-0.141296,-0.0983419,0.740683,0.683204,0.0122851,-0.0797186,0.725759,0.76959,0.0881018,0.0932681,0.625516,0.717313,0.114143,-0.211673,0.653933,-0.374114,0.122034,0.00671651,-0.330476,0.0623082,-0.106938,-0.391584,0.319597,0.0680308,-0.342245,0.244178,-0.198368,-0.192885,0.479402,0.0883088,-0.168534,0.438609,-0.164,0,0.525379,0,-0.00873378,0.683021,-0.00343445,-0.0675992,0.849464,-0.0367058,-0.131823,0.791318,0.0223301,-0.0863548,0.823177,-0.27056,-0.0299605,0.588256,-0.101446,-0.219338,0.67509,-0.433127,-0.14413,1.04424,-0.0933947,-0.0583344,-0.244468,-0.231924,-0.488282,-0.885473,-0.865726,-0.653685,-1.41334,0.833034,3.32691,-3.29198,-2.80733,-0.410002,1.66011,-0.572877,-1.01384,-3.93456,1.19352,-0.259499,-0.38786,-0.218746,0.501055,0.923191,1.93747,-1.29584,2.02514,2.95372,0.925497,-0.466999,-2.26039,-1.52226,-0.595445,-3.03819,0.690476,0.412876,0.709523,0.842827,-0.189763,1.01585,-0.130928,0.610742,-0.0545078,1,1,0,0,0,0,0,0,0,1.1844,0,0,0,0
0.996519,-0.0194505,-0.0608738,0.0535362,0.945027,-0.0538556,-0.239993,0.215467,0.987391,-0.0711867,-0.00561988,-0.141278,0.496198,0.20661,0.141236,-0.831356,0.0603513,0.0676949,0.196363,-0.976328,0.99789,-0.0127426,-0.0363202,-0.0522836,0.984362,-0.115883,0.131969,-0.0136491,-0.0234899,-0.0398194,0.0617634,-0.99702,0.0742984,0.277559,-0.0947836,-0.95313,0.689381,-0.119114,-0.0982561,0.707751,0.725236,0.0122882,-0.103674,0.680539,0.757355,0.0896447,0.0999806,0.639047,0.703897,0.115912,-0.205458,0.669986,-0.377877,0.125476,0.0224355,-0.327388,0.0603933,-0.114983,-0.396007,0.326016,0.0686687,-0.335611,0.241976,-0.205084,-0.194863,0.5045,0.0820067,-0.163386,0.458281,-0.166689,0,0.566596,0,-0.00825263,0.724282,-0.00358192,-0.0634629,0.892257,-0.0377408,-0.144659,0.826405,0.0240709,-0.0741683,0.872302,-0.277893,-0.0727761,0.598495,-0.075466,-0.204156,0.737664,-0.454212,-0.134168,1.0886,-0.097606,-0.0769507,-0.16671,-0.175514,-0.488072,-0.590624,-0.624594,-0.511322,-1.56753,0.76982,2.98558,-3.00645,-2.09785,-0.219281,1.44387,-0.395585,-1.19158,-4.13152,0.832735,-0.176657,-0.217891,-0.450723,0.627475,0.643486,2.59166,-1.11145,1.29136,3.16741,1.01254,-0.467473,-3.18902,-1.29031,-0.814418,-3.66635,0.312125,0.392041,1.05715,0.615749,0.13762,1.15227,-0.129791,0.642361,-0.0561548,1,1,0,0,0,0,0,0,0,1.23649,0,0,0,0
0.996505,-0.0206589,-0.062593,0.0513097,0.944822,-0.0582238,-0.24714,0.206985,0.988027,-0.0800621,-0.0299827,-0.128426,0.475483,0.185965,0.0834799,-0.855782,0.057251,0.0854509,0.195547,-0.975285,0.994044,-0.0297417,-0.0995076,-0.0330161,0.983892,-0.117391,0.132497,-0.024923,0.034319,-0.0298367,0.0532801,-0.997544,0.132717,0.281168,-0.0925243,-0.945923,0.741237,-0.0953355,-0.104351,0.656193,0.770393,0.0156982,-0.12523,0.624952,0.743111,0.0868301,0.0982115,0.656202,0.691063,0.110647,-0.196765,0.686639,-0.383224,0.119849,0.0460648,-0.32783,0.0602781,-0.116242,-0.399213,0.322725,0.0742175,-0.330602,0.241947,-0.204043,-0.194891,0.525125,0.0768337,-0.157864,0.479828,-0.165192,0,0.609446,0,-0.00788426,0.767162,-0.00376489,-0.0601969,0.936151,-0.038981,-0.155708,0.865783,0.027369,-0.0638935,0.91853,-0.283274,-0.113427,0.622027,-0.0457691,-0.189802,0.792776,-0.468765,-0.126382,1.13331,-0.10208,-0.0859209,-0.0963646,-0.130672,-0.462881,-0.324312,-0.438488,-0.31224,-1.57325,0.665715,2.7301,-2.8766,-1.21946,0.112411,1.07795,0.0346729,-0.780525,-3.85969,1.13028,-0.00351103,0.112058,-0.674515,0.633468,0.396154,3.47566,-1.04501,0.668664,3.31479,0.791391,-0.587675,-4.51838,-1.11086,-0.837306,-4.26799,-0.222026,0.205253,1.31834,0.421608,0.536367,1.22372,-0.128846,0.674003,-0.0558858,1,1,0,0,0,0,0,0,0,1.28552,0,0,0,0
0.996524,-0.0220238,-0.0635093,0.0492075,0.945123,-0.0634368,-0.251261,0.198962,0.988157,-0.0838831,-0.052628,-0.117216,0.465645,0.16929,0.0202163,-0.868393,0.0692417,0.0979116,0.18584,-0.975235,0.988531,-0.0303966,-0.147927,4.52654e-05,0.982186,-0.117567,0.140568,-0.0415924,0.109046,-0.02378,0.045451,-0.992712,0.194255,0.276703,-0.0914642,-0.936662,0.805175,-0.0702992,-0.119003,0.576706,0.81988,0.016992,-0.143699,0.553949,0.727288,0.0785866,0.0888737,0.676001,0.67809,0.101083,-0.183236,0.704557,-0.389593,0.107184,0.0801783,-0.330065,0.0607749,-0.116178,-0.398649,0.311044,0.0863966,-0.325379,0.243567,-0.198789,-0.190825,0.542078,0.0731998,-0.150963,0.50375,-0.160388,0,0.655171,0,-0.00753629,0.812911,-0.00396646,-0.0571059,0.982753,-0.0402688,-0.164126,0.91023,0.0330392,-0.0535845,0.96245,-0.286185,-0.146583,0.658205,-0.0117077,-0.173081,0.839033,-0.47682,-0.119292,1.18058,-0.106085,-0.0923045,-0.0479056,-0.121759,-0.464626,-0.136402,-0.395662,-0.0312304,-1.42551,0.563655,2.9456,-2.75249,-0.242549,0.548804,0.555389,0.89781,0.244408,-2.98109,1.87845,0.0980425,0.607155,-0.931153,0.599392,0.0988524,4.48791,-1.08245,0.252886,3.57325,0.404656,-0.782365,-6.29304,-1.21285,-0.597269,-5.12995,-0.769434,0.104607,1.50581,0.458505,0.920786,1.30047,-0.126905,0.706627,-0.0537642,1,1,0,0,0,0,0,0,0,1.37174,0,0,0,0
0.996596,-0.0239636,-0.063836,0.0463471,0.946248,-0.0711417,-0.253391,0.188007,0.988143,-0.0825838,-0.0732838,-0.106693,0.468549,0.158847,-0.0383115,-0.868195,0.0982694,0.100192,0.169348,-0.975513,0.983502,-0.0209812,-0.174083,0.0444862,0.978875,-0.11893,0.153209,-0.0647004,0.19515,-0.0222958,0.0353927,-0.979881,0.255637,0.267172,-0.0923705,-0.92452,0.87457,-0.0419044,-0.137149,0.463208,0.868908,0.0166426,-0.159452,0.468292,0.708243,0.065116,0.0751232,0.698934,0.671712,0.0902747,-0.167791,0.715891,-0.39837,0.0954914,0.126117,-0.335415,0.0639944,-0.114558,-0.392889,0.297042,0.106368,-0.319746,0.248411,-0.190409,-0.1806,0.556388,0.0717477,-0.142183,0.529378,-0.153336,0,0.701842,0,-0.00706515,0.859611,-0.00424619,-0.0529655,1.03049,-0.0419457,-0.168167,0.95913,0.0397863,-0.0423503,1.00161,-0.285563,-0.168094,0.70444,0.0235212,-0.156145,0.87319,-0.475298,-0.109911,1.22929,-0.110452,-0.127752,-0.00975508,-0.164276,-0.623215,0.0298876,-0.526604,0.25546,-1.26854,0.515725,2.72803,-2.18079,0.738633,0.807062,-0.260401,1.81968,0.943646,-1.67705,2.50462,0.0596772,0.932469,-1.29237,0.696671,-0.230527,5.20223,-1.0126,-0.00773905,3.65857,0.226196,-0.884926,-8.16363,-1.32927,-0.427917,-5.82416,-1.17803,0.156021,1.7662,0.376439,1.0839,0.755891,-0.123085,0.739774,-0.0499304,1,1,0,0,0,0,0,0,0,1.40013,0,0,0,0
0.996753,-0.026702,-0.0630526,0.0423669,0.948718,-0.0824231,-0.251629,0.172693,0.987726,-0.078244,-0.0933082,-0.0978153,0.486455,0.152495,-0.0874782,-0.855836,0.135642,0.0878624,0.151769,-0.975114,0.980645,-0.00610944,-0.171137,0.0949191,0.974434,-0.122401,0.164016,-0.0927075,0.280979,-0.0224794,0.0215334,-0.959209,0.307363,0.257614,-0.0951936,-0.911099,0.933559,-0.0168671,-0.148308,0.325864,0.910237,0.0140943,-0.173198,0.375862,0.694865,0.052106,0.062103,0.714556,0.680169,0.0801088,-0.156925,0.711567,-0.410006,0.0925735,0.169269,-0.348494,0.0728738,-0.114329,-0.382285,0.28747,0.126335,-0.316715,0.258705,-0.182855,-0.164601,0.568102,0.0719714,-0.132748,0.554576,-0.146314,0,0.744081,0,-0.00641432,0.901884,-0.00463314,-0.0473178,1.07399,-0.0441478,-0.166863,1.00746,0.0489801,-0.0336632,1.03224,-0.280832,-0.17587,0.753593,0.063061,-0.149591,0.894551,-0.461161,-0.0967262,1.27402,-0.115698,-0.176583,0.0607851,-0.226827,-0.842903,0.330183,-0.718256,0.422458,-1.20525,0.405366,2.24033,-1.55418,1.76342,0.727499,-1.20263,2.17018,1.40862,0.0408338,2.83205,-0.0200108,0.86193,-1.61695,0.883598,-0.382991,5.26927,-0.744816,-0.0716969,3.17338,0.0217971,-0.450679,-9.08056,-1.44466,-0.341966,-5.94196,-1.11702,0.11364,1.21713,-0.0323167,0.93631,-0.494029,-0.117982,0.770661,-0.0455258,1,1,0,0,0,0,0,0,0,1.26718,0,0,0,0
0.996999,-0.0298764,-0.0599303,0.0388367,0.952577,-0.0961117,-0.240958,0.159055,0.986276,-0.0746928,-0.113134,-0.0942414,0.527401,0.147406,-0.13283,-0.826121,0.16765,0.064776,0.137338,-0.974082,0.980576,0.014625,-0.131746,0.144565,0.970898,-0.125816,0.165641,-0.118703,0.348148,-0.0190422,0.00672971,-0.937222,0.330437,0.257514,-0.100955,-0.902389,0.967007,-0.00214998,-0.147329,0.207815,0.935552,0.0164282,-0.180292,0.30326,0.700731,0.0475415,0.0573707,0.709524,0.70345,0.07301,-0.153115,0.690206,-0.418408,0.0891705,0.189725,-0.375799,0.086142,-0.124076,-0.368957,0.277128,0.134838,-0.323294,0.271816,-0.185179,-0.148118,0.569946,0.0719682,-0.127009,0.570823,-0.143796,0,0.768007,0,-0.00584227,0.925827,-0.00508047,-0.0424064,1.09859,-0.0468013,-0.158836,1.03971,0.0661639,-0.0341042,1.04301,-0.273722,-0.161344,0.790886,0.119208,-0.162951,0.895526,-0.435467,-0.0847024,1.29903,-0.122083,-0.194871,0.201385,-0.194736,-0.855443,0.875003,-0.556871,0.340011,-1.17898,0.0903336,1.9616,-1.09822,3.41156,0.478272,-1.75419,1.74699,1.95407,2.1807,2.723,0.0211463,0.301715,-1.56122,0.972126,-0.168189,4.22085,0.00620069,0.154699,1.51156,-0.173124,0.184163,-7.39633,-0.808399,-0.238388,-4.55425,-0.392785,-0.0391953,-0.463543,-0.440054,0.575094,-1.81716,-0.11408,0.788008,-0.0425059,1,1,0,0,0,0,0,0,0,0.717783,0,0,0,0
0.997243,-0.032267,-0.0536236,0.039882,0.956364,-0.107312,-0.217342,0.163143,0.983916,-0.0754531,-0.127473,-0.0998332,0.611563,0.153678,-0.169548,-0.757381,0.190042,0.0492618,0.125977,-0.972413,0.982424,0.0362358,-0.0503878,0.176045,0.971509,-0.125922,0.152371,-0.130755,0.375173,-0.0108203,-0.00132784,-0.926891,0.302712,0.274483,-0.113466,-0.905621,0.97432,0.0137241,-0.148099,0.169055,0.939498,0.0490918,-0.16914,0.293812,0.718434,0.0476806,0.0668036,0.690736,0.724936,0.0733431,-0.14589,0.669182,-0.415925,0.0857526,0.191551,-0.418679,0.118267,-0.149167,-0.359377,0.272063,0.132809,-0.345573,0.3007,-0.204373,-0.140563,0.570009,0.0700204,-0.130346,0.586622,-0.14975,0,0.776411,0,-0.0060182,0.934195,-0.00542889,-0.0440096,1.10575,-0.0493771,-0.136462,1.05787,0.0964653,-0.0471163,1.03694,-0.26757,-0.0897358,0.828844,0.198508,-0.187791,0.875194,-0.404109,-0.088018,1.30395,-0.129076,-0.124112,0.381838,0.0818622,-0.333843,1.48782,0.495616,-0.0124445,-0.843822,-0.403349,1.82199,0.427697,6.62165,0.407151,-1.19903,1.24177,2.22438,4.64147,1.59388,0.21273,-0.688837,-0.798899,0.651556,0.271318,1.72966,1.42262,0.45288,-1.47466,0.569746,-0.172947,-2.48044,1.93035,0.065074,-0.966473,0.421596,0.276148,-1.56995,0.0260144,0.396468,-1.81187,-0.114173,0.796345,-0.0415615,1,1,0,0,0,0,0,0,0,0.252116,0,0,0,0
0.997436,-0.0324767,-0.0441205,0.0460532,0.959336,-0.110484,-0.180236,0.187035,0.981438,-0.079268,-0.131785,-0.114584,0.736992,0.185189,-0.175906,-0.625783,0.211944,0.0483867,0.118363,-0.96888,0.982163,0.0581735,0.0688744,0.165008,0.977832,-0.118608,0.117578,-0.126305,0.356473,-0.00705352,0.00290239,-0.934274,0.236321,0.295111,-0.125103,-0.917285,0.965067,0.0376814,-0.168452,0.197105,0.928332,0.098806,-0.148269,0.326271,0.73294,0.0441805,0.0863757,0.67334,0.733387,0.0772332,-0.125736,0.663603,-0.420394,0.0887942,0.201524,-0.471862,0.16331,-0.180404,-0.366652,0.274763,0.135625,-0.379231,0.338874,-0.231162,-0.145944,0.566044,0.0680743,-0.139754,0.59711,-0.160281,0,0.766705,0,-0.00704026,0.924403,-0.00544609,-0.0532857,1.09296,-0.0496322,-0.0924715,1.07299,0.130601,-0.0699194,1.01134,-0.260801,0.0538418,0.908401,0.259658,-0.211944,0.826737,-0.365924,-0.110049,1.28671,-0.131095,0.030418,0.557792,0.387867,0.511903,2.04518,1.62213,-0.323427,-0.229582,-0.876028,1.62736,3.68806,10.2667,0.342834,-0.292987,1.33403,2.52005,6.77346,-0.973404,0.706388,-2.0622,0.112943,-0.163196,0.30801,-1.20375,2.02096,0.265404,-3.76811,1.45095,-1.49194,1.53753,3.53261,0.282381,1.46058,0.688502,0.880822,-1.42108,0.89239,0.769856,-0.704685,-0.118452,0.794722,-0.040511,1,1,0,0,0,0,0,0,0,-0.291179,0,0,0,0
0.997551,-0.0292064,-0.0333759,0.0540777,0.961115,-0.10023,-0.137067,0.217774,0.979427,-0.0818414,-0.126485,-0.134261,0.856428,0.238706,-0.130708,-0.43871,0.247428,0.0502508,0.117496,-0.960442,0.971728,0.080746,0.190312,0.114048,0.986415,-0.102361,0.0619448,-0.112561,0.305275,-0.0108439,0.0202789,-0.951987,0.173115,0.302387,-0.122181,-0.929336,0.949572,0.0467473,-0.209877,0.228209,0.921511,0.114408,-0.141426,0.343115,0.737973,0.0318056,0.103007,0.666163,0.72924,0.0769843,-0.0979175,0.672826,-0.451467,0.0951444,0.222329,-0.519262,0.186826,-0.208981,-0.394528,0.276566,0.146182,-0.410742,0.354727,-0.252396,-0.159178,0.545386,0.0675175,-0.148181,0.581789,-0.167612,0,0.729519,0,-0.00837994,0.887122,-0.00489468,-0.0657264,1.0523,-0.0447043,-0.0450114,1.08626,0.144129,-0.0934399,0.960685,-0.248672,0.187876,1.04105,0.231985,-0.221771,0.748673,-0.317722,-0.140246,1.2418,-0.120108,0.246871,0.618655,0.492195,1.41889,2.1852,1.92468,-0.353122,0.372081,-1.12695,1.31679,7.34722,11.6897,-0.088874,-0.130152,2.18587,2.7795,6.79805,-3.23032,1.33891,-3.29921,0.590153,-1.07372,0.175591,-3.24213,0.971094,-0.245947,-3.75591,0.384446,-2.59219,1.98632,1.19327,0.11486,0.892358,0.151551,1.18621,-0.627179,1.18545,1.24545,0.443867,-0.125825,0.772577,-0.0387977,1,1,0,0,0,0,0,0,0,-1.11557,0,0,0,0
0.997502,-0.0243055,-0.0252565,0.0613333,0.960325,-0.0828454,-0.103599,0.245314,0.977412,-0.081785,-0.119428,-0.153994,0.91799,0.276381,-0.0525852,-0.279541,0.294049,0.0341522,0.120903,-0.947497,0.961046,0.104584,0.240135,0.0882464,0.991708,-0.08346,0.00777635,-0.0974108,0.245927,-0.0108381,0.038161,-0.968476,0.133493,0.29977,-0.113753,-0.937752,0.937686,0.0319669,-0.244685,0.244647,0.925339,0.0996608,-0.148691,0.334225,0.740326,0.0210563,0.113751,0.662219,0.71985,0.0723233,-0.0851546,0.68508,-0.493939,0.102587,0.229655,-0.554328,0.188879,-0.22862,-0.426937,0.27913,0.149898,-0.433786,0.3494,-0.263706,-0.171982,0.520717,0.0663351,-0.153553,0.551757,-0.169983,0,0.6844,0,-0.00958157,0.841911,-0.00408059,-0.0765223,1.00396,-0.0372393,-0.0289359,1.08896,0.135147,-0.107354,0.906513,-0.231512,0.213189,1.15048,0.15765,-0.207822,0.671078,-0.265086,-0.166373,1.19004,-0.101885,0.334124,0.457254,0.438843,1.66155,1.53073,1.65679,-0.213197,0.496805,-1.14165,0.246127,7.76856,8.38506,-0.667136,-1.16677,2.75498,2.07717,2.73873,-1.40045,1.4607,-3.19102,0.669956,-1.03986,0.410806,-3.68029,0.160017,-0.501535,-2.4305,-1.07838,-1.88432,1.38299,-1.06665,-0.126586,-0.395287,-0.0266154,0.883337,-0.355624,0.426662,0.74803,0.883672,-0.135161,0.741862,-0.0374314,1,1,0,0,0,0,0,0,0,-1.35358,0,0,0,0
0.9973,-0.0204558,-0.021438,0.067196,0.957146,-0.0684051,-0.0872241,0.267552,0.975711,-0.0807691,-0.114888,-0.168124,0.937199,0.289345,0.0105944,-0.194487,0.350417,-0.00352966,0.125564,-0.928132,0.963712,0.125005,0.211886,0.103619,0.993905,-0.0671348,-0.0328399,-0.0810347,0.192846,-0.0048237,0.0478342,-0.98005,0.116521,0.295865,-0.106622,-0.942082,0.930708,0.00903342,-0.258563,0.258548,0.933834,0.0772172,-0.157944,0.311522,0.74316,0.0155827,0.119771,0.658123,0.710575,0.0655751,-0.0920259,0.694488,-0.532835,0.108286,0.219986,-0.576714,0.177012,-0.242438,-0.453904,0.28178,0.143987,-0.447588,0.331171,-0.270018,-0.181135,0.499727,0.0641398,-0.156124,0.51848,-0.170132,0,0.644092,0,-0.0105323,0.801511,-0.00345526,-0.0843669,0.960527,-0.0316338,-0.0359746,1.07241,0.124844,-0.106046,0.859943,-0.213343,0.186367,1.19101,0.116434,-0.165878,0.608551,-0.213198,-0.185337,1.14311,-0.0876926,0.253049,0.205513,0.351362,1.19549,0.600661,1.31975,-0.0919636,0.332782,-0.829324,-0.395788,5.1684,3.91836,-1.18577,-2.4292,3.26331,0.78971,-1.67898,1.34382,1.21214,-2.40438,0.791487,-0.481365,0.621288,-3.23515,-0.156793,-0.356272,-1.09119,-1.2765,-0.519956,1.24786,-1.68497,-0.123621,-1.17529,0.0204139,0.460344,-0.339542,-0.485588,-0.025954,0.851888,-0.142593,0.710709,-0.0362277,1,1,0,0,0,0,0,0,0,-1.20924,0,0,0,0
0.997002,-0.0190032,-0.020531,0.0721376,0.952463,-0.0625111,-0.082904,0.286416,0.975148,-0.0805322,-0.112327,-0.173159,0.942215,0.294722,0.0347163,-0.155448,0.421827,-0.0492145,0.124013,-0.896806,0.972684,0.129829,0.155972,0.11271,0.995053,-0.0496754,-0.0602545,-0.0614152,0.149517,-0.00149932,0.0507209,-0.987456,0.112585,0.295539,-0.0988979,-0.943504,0.9251,0.00258121,-0.256922,0.279599,0.942834,0.0633873,-0.15777,0.286626,0.743844,0.00913716,0.12179,0.657099,0.701832,0.0575185,-0.102789,0.702537,-0.559161,0.110996,0.210887,-0.587836,0.156944,-0.260834,-0.47202,0.282519,0.139361,-0.453447,0.306892,-0.279249,-0.186949,0.481792,0.0635112,-0.156553,0.486592,-0.170681,0,0.609908,0,-0.0113162,0.767228,-0.00323159,-0.0901958,0.923061,-0.0297349,-0.0488831,1.04761,0.120817,-0.0900059,0.821636,-0.19687,0.160617,1.19195,0.111244,-0.0955241,0.565409,-0.163534,-0.20007,1.10107,-0.0829867,0.0965692,0.0419714,0.296141,0.487335,0.0515506,1.14538,-0.0493942,0.172821,-0.289672,-0.0910115,2.09373,1.8384,-1.09502,-3.12133,4.29075,-0.251547,-3.30897,0.95055,1.21775,-1.62673,1.03074,-0.122566,0.355387,-2.62324,-0.378108,-0.0148887,-0.367444,-0.00523673,0.116136,1.36172,-1.04928,0.238161,-1.43291,-0.200952,0.338687,-0.120833,-0.713117,-0.139757,0.794344,-0.146207,0.681789,-0.0353563,1,1,0,0,0,0,0,0,0,-1.02552,0,0,0,0
0.996712,-0.0196335,-0.0197583,0.0760918,0.947887,-0.0647465,-0.0797847,0.301584,0.975098,-0.0803391,-0.113342,-0.17287,0.945936,0.295433,0.0219057,-0.132077,0.501697,-0.0906843,0.110099,-0.853202,0.985123,0.11341,0.0952621,0.0871595,0.995875,-0.0297822,-0.0728875,-0.0451037,0.121948,-0.00618842,0.050135,-0.99125,0.115411,0.294814,-0.0929071,-0.943998,0.923853,0.0151255,-0.245576,0.293188,0.951744,0.0666086,-0.145003,0.262146,0.741793,0.00246647,0.122238,0.659389,0.693295,0.0499546,-0.107294,0.710869,-0.575922,0.112357,0.213013,-0.594099,0.138512,-0.280439,-0.483014,0.281175,0.142762,-0.456182,0.28511,-0.288753,-0.189864,0.467121,0.065908,-0.156468,0.461193,-0.170632,0,0.584856,0,-0.0119368,0.742079,-0.00333365,-0.0944968,0.89489,-0.0304219,-0.0600738,1.02828,0.122474,-0.0678023,0.797111,-0.181998,0.146852,1.18107,0.1259,-0.0158893,0.552488,-0.116711,-0.211483,1.06789,-0.0850608,-0.0298225,0.0440828,0.239451,-0.0158503,0.137022,0.968327,0.0235416,-0.0590939,0.0101758,0.0451831,-0.312065,1.58395,-0.389523,-3.30662,5.05165,-1.22657,-3.74751,-1.25599,1.29566,-0.726572,0.867309,0.00171441,-0.198835,-1.68171,-0.397064,0.00746146,0.0546731,1.0963,0.402218,0.580082,0.136181,0.658082,-1.61708,-0.295688,0.299206,0.134059,-0.42759,0.10521,0.772896,-0.147189,0.659813,-0.0338148,1,1,0,0,0,0,0,0,0,-0.751574,0,0,0,0
0.996527,-0.0209944,-0.0176738,0.0786178,0.944978,-0.070335,-0.0719321,0.311281,0.974771,-0.0779395,-0.120511,-0.170953,0.949762,0.292419,-0.0138298,-0.110684,0.576644,-0.12828,0.0930416,-0.80148,0.995101,0.0825393,0.0437612,0.0323394,0.996426,-0.0128115,-0.0751226,-0.0364368,0.113418,-0.0186273,0.0474562,-0.992238,0.12713,0.290644,-0.0882734,-0.944231,0.928806,0.0308834,-0.231837,0.287432,0.959512,0.0742295,-0.12992,0.238636,0.737802,-0.00301013,0.122519,0.663798,0.684682,0.043927,-0.107243,0.719569,-0.586911,0.113628,0.22673,-0.595104,0.121081,-0.292516,-0.488962,0.278311,0.154444,-0.456465,0.266214,-0.292924,-0.190529,0.456818,0.0710275,-0.156311,0.444186,-0.168922,0,0.571511,0,-0.0123354,0.728664,-0.00352959,-0.0972566,0.879279,-0.0314756,-0.0670159,1.02088,0.128425,-0.0480192,0.790437,-0.16918,0.141995,1.17248,0.148967,0.0530883,0.571088,-0.0770593,-0.219281,1.04836,-0.0877895,-0.0690913,0.127681,0.155975,-0.140624,0.496134,0.661358,0.226212,-0.406022,0.05788,0.0161846,-1.67791,1.87398,-0.192372,-3.21459,5.05245,-1.84857,-3.3127,-3.11846,1.05898,-0.100702,0.441145,0.0681143,-0.733378,-0.55295,-0.499924,-0.142907,0.603455,1.02584,0.552097,-0.650867,0.436834,0.715087,-1.59133,-0.26437,0.259116,0.313939,-0.166748,0.229829,0.767947,-0.146702,0.647571,-0.0306547,1,1,0,0,0,0,0,0,0,-0.400326,0,0,0,0
0.996477,-0.021963,-0.0144937,0.0796262,0.944191,-0.074896,-0.0598744,0.315134,0.973905,-0.0719246,-0.134166,-0.168333,0.951288,0.289312,-0.0558167,-0.0907386,0.638766,-0.165268,0.0886427,-0.746195,0.997856,0.0568322,0.0180993,-0.0269523,0.996785,-0.00123313,-0.0735979,-0.0316587,0.120552,-0.035016,0.0417522,-0.99121,0.151244,0.284278,-0.0821606,-0.943165,0.93655,0.0310151,-0.220442,0.270772,0.965428,0.065037,-0.124194,0.21976,0.73452,-0.0076596,0.123046,0.667294,0.675809,0.0389261,-0.109514,0.727856,-0.58962,0.121548,0.244659,-0.585174,0.106664,-0.29319,-0.489062,0.283203,0.169879,-0.451078,0.25496,-0.289975,-0.189532,0.461459,0.0775147,-0.155116,0.443827,-0.165979,0,0.579101,0,-0.0125021,0.736222,-0.00364489,-0.098594,0.885831,-0.0315771,-0.0692005,1.03419,0.136526,-0.0330755,0.809107,-0.16108,0.141926,1.18078,0.170474,0.107545,0.620557,-0.0536826,-0.2238,1.05299,-0.087403,-0.0419106,0.193388,0.0655599,-0.0200984,0.749184,0.303745,0.50675,-0.755463,0.0370117,0.0915404,-2.06208,1.88598,-0.898677,-2.7032,4.65979,-1.44262,-1.78315,-3.48583,0.710698,0.114413,0.235431,0.233099,-1.03596,0.378634,-0.809748,-0.167762,1.30139,-0.0422413,0.709607,-1.08496,-0.620716,0.423329,-1.12522,-0.211111,0.232017,0.251381,-0.22678,0.0873597,0.761651,-0.144632,0.653814,-0.0264722,1,1,0,0,0,0,0,0,0,0.227687,0,0,0,0
0.996481,-0.0232066,-0.0113451,0.0797364,0.944247,-0.080598,-0.048082,0.315578,0.972799,-0.0650977,-0.14939,-0.164645,0.950748,0.28375,-0.0938126,-0.0822347,0.693461,-0.186935,0.0909818,-0.689847,0.995789,0.0536037,0.0207939,-0.0714091,0.997461,0.0122761,-0.0649335,-0.0265537,0.136723,-0.049363,0.0321778,-0.988855,0.179556,0.278369,-0.0784416,-0.940275,0.941603,0.0153443,-0.204582,0.267012,0.969644,0.0467772,-0.117917,0.209042,0.736729,-0.00944653,0.123635,0.664722,0.667009,0.034602,-0.115297,0.73526,-0.579522,0.131947,0.253315,-0.565592,0.103212,-0.29036,-0.481973,0.296462,0.180307,-0.440071,0.257819,-0.285098,-0.18743,0.483952,0.0832834,-0.152752,0.462864,-0.162834,0,0.607791,0,-0.0125283,0.7649,-0.00380148,-0.098966,0.914128,-0.0320049,-0.067942,1.06661,0.142624,-0.0200022,0.849721,-0.160392,0.145788,1.20649,0.183514,0.153933,0.691461,-0.0524118,-0.225959,1.0803,-0.0876462,-0.0592094,0.19405,0.0118031,-0.0982045,0.774074,0.097589,0.577603,-0.845481,0.083687,-0.072734,-2.05317,1.16063,-0.69248,-1.7301,4.51637,-0.142325,0.00675437,-2.67773,0.814082,0.546458,0.247584,0.493721,-0.967969,0.922752,-0.732734,-0.111771,1.59407,-0.682045,1.20565,-0.11558,-1.07127,0.593949,-0.564913,-0.0351659,0.0823824,-0.214686,-0.358655,-0.0861548,0.72645,-0.140822,0.679015,-0.0239388,1,1,0,0,0,0,0,0,0,0.860707,0,0,0,0
0.996486,-0.0249541,-0.00937318,0.0794101,0.944317,-0.0879351,-0.0409912,0.314408,0.9721,-0.0594216,-0.161512,-0.159386,0.949941,0.276315,-0.117839,-0.0858853,0.746397,-0.185779,0.0919232,-0.632398,0.992944,0.059338,0.0422333,-0.093585,0.997931,0.028031,-0.0547144,-0.0188005,0.15929,-0.0610393,0.0205678,-0.985128,0.203935,0.275821,-0.0802116,-0.935895,0.943581,0.00514731,-0.187465,0.27292,0.972484,0.0356273,-0.103404,0.205704,0.740891,-0.00797234,0.120288,0.660717,0.659667,0.0317951,-0.121863,0.740931,-0.55835,0.13012,0.259377,-0.541813,0.0989706,-0.291382,-0.468908,0.300388,0.188247,-0.425899,0.260028,-0.283341,-0.184311,0.502449,0.0881532,-0.149645,0.480997,-0.160533,0,0.634659,0,-0.0124815,0.791763,-0.00405162,-0.0986975,0.940828,-0.0334777,-0.0656287,1.09521,0.14404,-0.00686903,0.888809,-0.166049,0.150813,1.22944,0.185495,0.195235,0.760223,-0.0676379,-0.226487,1.10619,-0.0907029,-0.0952601,0.126717,-0.0155951,-0.284456,0.546511,-0.0121577,0.49546,-0.678236,0.201823,-0.312404,-1.47396,0.238668,0.289267,-0.846307,4.59825,0.287573,1.23775,-1.39894,0.956471,0.644236,0.395857,0.652691,-0.842616,1.31252,-0.314156,0.0250966,1.46412,-0.231175,1.16011,0.411488,-0.498241,0.99491,-0.191658,-0.0362433,-0.235341,-0.334024,-0.347521,-0.177962,0.583925,-0.135814,0.701674,-0.0235984,1,1,0,0,0,0,0,0,0,0.806046,0,0,0,0
0.996509,-0.0261896,-0.00908042,0.0787507,0.944688,-0.0928498,-0.0402491,0.311968,0.972177,-0.0546889,-0.168923,-0.152796,0.949237,0.273676,-0.123885,-0.0932887,0.795756,-0.171972,0.0926216,-0.573253,0.991739,0.0500211,0.0703294,-0.0948987,0.997428,0.0409858,-0.0584862,-0.0061283,0.186916,-0.0726805,0.0111112,-0.97962,0.223475,0.277731,-0.0843939,-0.930485,0.94645,0.017984,-0.180686,0.266947,0.974009,0.0370864,-0.0867211,0.20594,0.739504,-0.00579676,0.110399,0.664012,0.655095,0.0312155,-0.126118,0.744292,-0.534241,0.127406,0.278632,-0.518058,0.0947707,-0.295776,-0.453532,0.299472,0.201875,-0.410654,0.261021,-0.285033,-0.179958,0.513908,0.0929545,-0.145963,0.495331,-0.159665,0,0.656193,0,-0.0123772,0.813303,-0.00424186,-0.0979187,0.962574,-0.0349249,-0.0635334,1.1168,0.142575,0.00587689,0.924803,-0.174362,0.154669,1.24843,0.180232,0.230169,0.828129,-0.0883138,-0.225744,1.12771,-0.0937623,-0.0728105,0.0243907,-0.0384019,-0.268508,0.148547,-0.129275,0.411048,-0.409754,0.31282,-0.159947,-0.485902,-0.3067,0.815823,-0.376339,4.60557,-0.705218,1.61993,-0.20867,0.822385,-0.191567,0.722003,0.542076,-0.832734,1.6366,-0.0391202,0.23963,1.22347,0.769689,0.204017,-0.531599,0.289249,0.96538,-0.0497208,-0.319764,-0.517416,0.212422,-0.1788,-0.169665,0.348645,-0.130413,0.719768,-0.0236118,1,1,0,0,0,0,0,0,0,0.645997,0,0,0,0
0.996605,-0.0259149,-0.00964956,0.0775458,0.946202,-0.0917728,-0.0424408,0.307374,0.972514,-0.0504221,-0.173114,-0.147327,0.945767,0.27917,-0.131386,-0.101619,0.832183,-0.163821,0.0969758,-0.520797,0.990939,0.0451136,0.0943655,-0.0842555,0.995469,0.0531923,-0.078348,0.0085859,0.213809,-0.0807821,0.00744153,-0.973501,0.244281,0.280156,-0.0832099,-0.924617,0.949553,0.0309699,-0.179642,0.255184,0.973944,0.0399351,-0.0801346,0.208366,0.736039,-0.00506862,0.102945,0.669046,0.65253,0.0312775,-0.127111,0.746371,-0.512599,0.127213,0.293715,-0.492761,0.0905654,-0.295883,-0.438868,0.299764,0.211903,-0.394104,0.261901,-0.284996,-0.175253,0.525024,0.0960575,-0.141624,0.509199,-0.159331,0,0.677027,0,-0.0121865,0.834169,-0.0042042,-0.0965973,0.984434,-0.0348255,-0.0603098,1.13478,0.145467,0.0153616,0.960941,-0.180991,0.159194,1.26347,0.183877,0.252965,0.89321,-0.104631,-0.223405,1.15095,-0.0928129,0.01323,-0.0333815,-0.0735425,0.0173569,-0.115138,-0.303524,0.343837,-0.219854,0.265081,0.349998,-0.559078,-0.411535,0.323746,-0.255452,3.84765,-0.471385,1.43762,0.53592,0.794261,-1.15485,0.885869,0.238031,-0.561954,1.62788,-0.350571,0.354429,1.20825,0.623282,-0.127722,-0.859646,0.260624,0.35478,0.11305,-0.299233,-0.338565,0.363632,-0.0213937,-0.0573293,0.197608,-0.125075,0.737531,-0.0227767,1,1,0,0,0,0,0,0,0,0.625022,0,0,0,0
0.996774,-0.0246758,-0.0106018,0.0756355,0.948851,-0.0869554,-0.0458879,0.300024,0.972913,-0.0455848,-0.175239,-0.143716,0.940644,0.284582,-0.149058,-0.10947,0.854675,-0.167775,0.100458,-0.480927,0.990594,0.0502943,0.105766,-0.070768,0.991974,0.0652351,-0.106471,0.0199185,0.236068,-0.0824025,0.00841521,-0.9682,0.268607,0.280516,-0.0762971,-0.918335,0.951037,0.028356,-0.178498,0.250726,0.97269,0.0385995,-0.0831455,0.213241,0.735592,-0.00535607,0.100996,0.669833,0.65085,0.0313079,-0.125385,0.748126,-0.492649,0.126461,0.292618,-0.463833,0.0856708,-0.289786,-0.425405,0.302043,0.211748,-0.375489,0.262531,-0.281329,-0.17123,0.538956,0.0963492,-0.136662,0.523762,-0.158706,0,0.698986,0,-0.0118856,0.856185,-0.00401797,-0.094559,1.00819,-0.0336645,-0.0562146,1.1518,0.153606,0.0221519,0.996481,-0.183529,0.164595,1.27464,0.202185,0.264879,0.950013,-0.109848,-0.218969,1.17763,-0.0889332,0.0688197,-0.0596361,-0.117208,0.205795,-0.237326,-0.497385,0.339757,-0.0880152,0.157558,0.43878,-1.14166,-0.223401,-0.317131,-0.472441,2.70477,0.174965,0.742466,0.798641,0.769233,-1.66618,0.711818,0.0278617,-0.117796,1.37218,-0.755771,0.348327,1.32362,-0.182208,0.1129,-0.250615,-0.0892414,-0.153601,0.314212,-0.0959327,-0.0720153,0.0503332,0.0950321,0.0567054,0.140468,-0.119706,0.756199,-0.0213117,1,1,0,0,0,0,0,0,0,0.658776,0,0,0,0
0.99696,-0.024085,-0.0119352,0.0731293,0.95179,-0.0845862,-0.0510337,0.290407,0.973511,-0.0392217,-0.175803,-0.140821,0.937836,0.281108,-0.168201,-0.114679,0.868248,-0.1786,0.0939466,-0.453234,0.991589,0.0488742,0.102707,-0.0617516,0.987776,0.0747493,-0.13454,0.024707,0.253448,-0.0788527,0.00935201,-0.964084,0.293544,0.279816,-0.0705389,-0.91135,0.949973,0.017585,-0.176971,0.256755,0.971185,0.0372491,-0.0847632,0.219607,0.738809,-0.00512765,0.0995723,0.666498,0.649267,0.0320579,-0.122436,0.749956,-0.472147,0.124842,0.282059,-0.431852,0.0798427,-0.281914,-0.412501,0.305202,0.205175,-0.354985,0.261966,-0.276307,-0.168124,0.553712,0.0947268,-0.131328,0.537205,-0.157607,0,0.719938,0,-0.0114884,0.8772,-0.00393674,-0.0917268,1.0312,-0.0334127,-0.0529754,1.16902,0.161116,0.0286099,1.02753,-0.181708,0.1689,1.28316,0.224938,0.270308,0.995429,-0.100529,-0.212404,1.20401,-0.0870925,0.0279638,-0.0785969,-0.153083,0.0311061,-0.277338,-0.633781,0.408389,0.0203087,0.105743,-0.0689864,-1.2173,0.0455173,-0.397492,-1.00684,1.681,-0.131642,-0.16693,0.540343,0.579748,-1.69009,0.339106,0.0797105,0.190366,1.07434,-0.716301,0.285953,1.39291,-0.525273,0.248015,0.472797,-0.0642658,-0.0698919,0.401278,-0.0258871,-0.0904293,-0.275545,0.178376,0.073001,0.131374,-0.114189,0.773812,-0.0201013,1,1,0,0,0,0,0,0,0,0.62856,0,0,0,0
0.997115,-0.0247692,-0.0130373,0.0705501,0.954239,-0.0872041,-0.0556509,0.280581,0.973922,-0.0328025,-0.176436,-0.138815,0.935448,0.280659,-0.181477,-0.115034,0.87394,-0.194971,0.0785392,-0.43823,0.992281,0.0445044,0.0972619,-0.0627523,0.98329,0.0831892,-0.159634,0.027145,0.265185,-0.0735649,0.00864084,-0.961348,0.315949,0.279485,-0.0693132,-0.904024,0.947551,0.00961473,-0.174847,0.267363,0.970342,0.0377163,-0.081579,0.224409,0.742629,-0.00484055,0.0983803,0.66242,0.647701,0.033731,-0.119803,0.75166,-0.454668,0.125315,0.270796,-0.401301,0.0740986,-0.275214,-0.402122,0.309766,0.197703,-0.33499,0.260257,-0.271705,-0.166057,0.567076,0.0926835,-0.126056,0.547731,-0.15622,0,0.737407,0,-0.0110778,0.894722,-0.00405269,-0.0886629,1.05041,-0.0346458,-0.0505458,1.18614,0.163954,0.0340355,1.05008,-0.177008,0.171959,1.29238,0.238776,0.270272,1.02747,-0.0809974,-0.205069,1.22603,-0.0890747,-0.047383,-0.0590849,-0.156064,-0.247612,-0.160692,-0.619226,0.402427,0.0168876,0.0514424,0.10278,-0.780207,0.192006,-0.457451,-1.44072,0.679024,-0.235668,-0.347345,-0.067933,0.502802,-1.52504,0.195563,0.175542,0.275523,0.720146,-0.418015,0.221279,1.33499,-0.306378,0.229335,0.724305,0.0954891,0.185831,0.281428,-0.00940338,-0.085886,-0.332169,0.19922,0.0190946,0.11947,-0.109208,0.788481,-0.0196058,1,1,0,0,0,0,0,0,0,0.524065,0,0,0,0
0.99723,-0.0263955,-0.0136564,0.0681891,0.956043,-0.0935827,-0.0586539,0.271632,0.973826,-0.0285204,-0.178132,-0.138271,0.932561,0.287801,-0.187183,-0.111642,0.872171,-0.213169,0.0571895,-0.436585,0.992187,0.0403685,0.09343,-0.0721495,0.979124,0.0931219,-0.178377,0.0287373,0.271163,-0.06755,0.00825271,-0.960125,0.335272,0.278838,-0.070619,-0.897137,0.945143,0.00438407,-0.173567,0.276695,0.970367,0.0380407,-0.0774405,0.225709,0.745694,-0.00446951,0.097949,0.659034,0.648887,0.0363641,-0.116669,0.751007,-0.444034,0.129364,0.260284,-0.375822,0.0694533,-0.269004,-0.396161,0.316546,0.190293,-0.317783,0.258497,-0.267027,-0.165135,0.579089,0.0904089,-0.121272,0.555774,-0.154544,0,0.751508,0,-0.0107006,0.908862,-0.00431152,-0.0857493,1.0658,-0.0368925,-0.0480599,1.20279,0.162149,0.0373651,1.06441,-0.170656,0.17554,1.30321,0.241364,0.264871,1.04639,-0.0565346,-0.197746,1.24347,-0.0940131,-0.101598,-0.0265562,-0.141386,-0.4362,-0.0117029,-0.537183,0.269916,-0.0655414,-0.0176849,0.525782,-0.245305,0.188825,-0.421315,-1.60889,-0.295766,-0.176722,-0.268259,-0.573739,0.591523,-1.15388,0.0991381,0.143845,0.332275,0.36569,-0.236811,0.136046,1.20327,-0.177557,0.136783,0.623341,0.0809137,0.239642,0.0644117,0.0202696,-0.0510773,-0.270665,0.236567,0.0102279,-0.104095,-0.105299,0.800448,-0.0197786,1,1,0,0,0,0,0,0,0,0.423044,0,0,0,0
0.997318,-0.0283247,-0.0142923,0.0659626,0.957434,-0.101122,-0.0618031,0.263203,0.973248,-0.0283599,-0.180832,-0.13887,0.930606,0.294674,-0.188553,-0.107647,0.864305,-0.226607,0.031948,-0.44789,0.992438,0.032099,0.0843221,-0.0832279,0.975987,0.104496,-0.189105,0.0277499,0.273376,-0.0597264,0.00999012,-0.959999,0.351728,0.276292,-0.070798,-0.891593,0.944206,-0.00342755,-0.173938,0.279657,0.971639,0.0349319,-0.0776363,0.220612,0.748442,-0.0034576,0.0975785,0.655974,0.654892,0.0398767,-0.111288,0.746419,-0.442203,0.13529,0.247499,-0.359174,0.0666993,-0.262914,-0.39516,0.324164,0.180927,-0.305819,0.257657,-0.261838,-0.165053,0.589296,0.0872729,-0.117401,0.561851,-0.152571,0,0.762549,0,-0.0103432,0.919934,-0.00461809,-0.0828997,1.07786,-0.0395134,-0.0457356,1.21724,0.158502,0.0388134,1.0721,-0.163057,0.179043,1.31217,0.24105,0.254562,1.05209,-0.0292651,-0.190121,1.25716,-0.100519,-0.119717,-0.0265616,-0.133005,-0.505632,-0.00555455,-0.497307,0.0243842,-0.161574,-0.0461537,0.472362,0.0164281,0.156893,-0.103844,-1.50133,-1.16662,-0.391373,-0.606239,-0.682724,0.656635,-0.688937,-0.114383,0.0361076,0.477359,0.140452,-0.293404,0.0217903,1.01106,-0.418055,0.09967,0.264958,-0.210242,0.0249781,-0.299123,0.0493454,-0.0719151,-0.239702,0.333999,0.0832422,-0.485561,-0.102732,0.809806,-0.0203462,1,1,0,0,0,0,0,0,0,0.331222,0,0,0,0
0.997381,-0.0302912,-0.0156545,0.0637889,0.958435,-0.108592,-0.0677783,0.254984,0.972458,-0.0330291,-0.184318,-0.138784,0.928514,0.301281,-0.191452,-0.102163,0.851587,-0.234518,0.00936796,-0.468735,0.993064,0.0226279,0.0678385,-0.093327,0.973008,0.112386,-0.199648,0.0276528,0.275706,-0.0505908,0.0102772,-0.959855,0.361969,0.273539,-0.0707296,-0.888342,0.947154,-0.00903624,-0.171094,0.27119,0.975241,0.0275336,-0.0819689,0.203541,0.750332,-0.0025425,0.0978735,0.653771,0.660316,0.0429906,-0.105911,0.742238,-0.449921,0.139025,0.234229,-0.358556,0.0670083,-0.261576,-0.398673,0.328056,0.170817,-0.303321,0.257901,-0.259166,-0.164946,0.593857,0.0837973,-0.115132,0.564212,-0.150988,0,0.76794,0,-0.00998996,0.925351,-0.00493749,-0.0799394,1.08416,-0.0423648,-0.0451175,1.22585,0.155525,0.0395209,1.07165,-0.155352,0.179094,1.31538,0.245589,0.240238,1.04498,-0.00180597,-0.18194,1.26471,-0.108312,-0.124822,-0.0699794,-0.130949,-0.547928,-0.171697,-0.496523,-0.244021,-0.251193,0.0431641,0.486695,-0.0459278,0.269159,0.0635984,-1.07576,-1.74493,-0.431763,-1.05145,-0.614405,0.462073,-0.664936,-0.0241515,0.141574,0.529001,0.143089,-0.217727,-0.0484158,0.627054,-0.357775,0.287769,-0.470036,-0.575723,-0.173658,-0.999328,0.0659915,-0.0333775,-0.167874,0.32226,0.0980329,-0.440891,-0.10191,0.814105,-0.0212476,1,1,0,0,0,0,0,0,0,0.161734,0,0,0,0
0.997419,-0.032199,-0.0178946,0.0616387,0.959037,-0.115569,-0.0771435,0.24686,0.971769,-0.0405173,-0.188097,-0.136538,0.925886,0.307206,-0.197625,-0.0964608,0.837474,-0.235474,-0.0037825,-0.493128,0.993428,0.0147685,0.0489946,-0.102383,0.968746,0.115047,-0.217285,0.0329167,0.282241,-0.0409021,0.00676848,-0.958447,0.363165,0.274574,-0.0733098,-0.887325,0.953199,-0.0084329,-0.163811,0.253981,0.979793,0.0176181,-0.0857465,0.179839,0.75159,-0.000258237,0.0978175,0.652337,0.662668,0.0442398,-0.104918,0.740206,-0.460395,0.136309,0.22255,-0.371441,0.0705691,-0.268186,-0.402589,0.324277,0.161343,-0.30896,0.259335,-0.261918,-0.163866,0.590783,0.0804962,-0.114571,0.562765,-0.150839,0,0.76707,0,-0.00963491,0.924505,-0.00525522,-0.0768005,1.08413,-0.0453333,-0.0464685,1.2274,0.153915,0.0408274,1.06344,-0.149613,0.174956,1.3114,0.255616,0.225025,1.02859,0.0204416,-0.173345,1.26559,-0.116809,-0.12469,-0.122811,-0.131101,-0.573581,-0.376437,-0.509022,-0.381976,-0.294932,0.200632,0.480932,-0.234673,0.34511,0.136133,-0.34765,-1.82882,-0.326409,-1.18058,-0.543947,0.21792,-1.04966,0.40143,0.381316,0.491642,0.394957,0.144685,0.0208877,0.123795,-0.0205917,0.475429,-1.07853,-0.750423,-0.116712,-1.38751,0.109254,-0.0992968,-0.100524,0.074745,-0.00657835,-0.195731,-0.102127,0.812557,-0.0227663,1,1,0,0,0,0,0,0,0,-0.0260931,0,0,0,0
0.997442,-0.0339039,-0.0203838,0.0595378,0.959419,-0.121678,-0.087418,0.238887,0.971397,-0.0472086,-0.191501,-0.132236,0.923732,0.309472,-0.204842,-0.0947979,0.825967,-0.226618,-0.00590359,-0.516127,0.99326,0.00787109,0.034094,-0.1105,0.962695,0.115177,-0.240717,0.0448048,0.294732,-0.0295975,0.000247624,-0.955121,0.354976,0.280925,-0.0798234,-0.888089,0.959011,-0.00535493,-0.155226,0.237011,0.982438,0.0113088,-0.0844587,0.165994,0.753598,0.00590882,0.0953567,0.650355,0.665527,0.0435077,-0.108955,0.737095,-0.463995,0.125106,0.210369,-0.386389,0.0761694,-0.279906,-0.401862,0.312486,0.1511,-0.31676,0.262458,-0.269314,-0.161357,0.582387,0.076936,-0.115492,0.560405,-0.152458,0,0.762871,0,-0.00928545,0.920328,-0.00554186,-0.0736273,1.08074,-0.0480493,-0.0480958,1.22427,0.153124,0.0432602,1.05109,-0.147284,0.169871,1.3015,0.266795,0.213189,1.00766,0.0330527,-0.164969,1.2629,-0.124586,-0.113447,-0.138576,-0.128792,-0.53796,-0.443684,-0.507394,-0.314603,-0.267964,0.315046,0.22705,-0.382728,0.186086,0.339991,0.477802,-1.52814,-0.295581,-0.937231,-0.491942,0.15798,-1.35903,0.863001,0.595735,0.52643,0.763226,0.616732,0.147603,-0.373262,0.143011,0.509837,-1.08507,-0.431043,0.142754,-0.811357,0.193451,-0.364107,-0.13181,-0.235552,-0.118238,-0.235356,-0.102016,0.807535,-0.0251453,1,1,0,0,0,0,0,0,0,-0.125988,0,0,0,0
0.997472,-0.0351523,-0.0219807,0.0577184,0.959901,-0.126252,-0.0940862,0.231944,0.971258,-0.0514445,-0.194172,-0.127704,0.921667,0.310375,-0.211412,-0.0974815,0.817374,-0.209664,-0.00514887,-0.536576,0.992826,0.00173232,0.0223811,-0.117445,0.957931,0.114842,-0.256329,0.0589427,0.310615,-0.0139686,-0.00810899,-0.950399,0.339882,0.285651,-0.0860711,-0.891895,0.963618,-0.00916143,-0.145814,0.223816,0.981417,0.018688,-0.0805073,0.173176,0.756675,0.0136683,0.0913893,0.647228,0.673643,0.0429944,-0.108609,0.729767,-0.460838,0.106675,0.191418,-0.399147,0.0804675,-0.285,-0.396887,0.294975,0.136276,-0.32547,0.265859,-0.273782,-0.157861,0.571117,0.072082,-0.118549,0.558345,-0.154167,0,0.756917,0,-0.00898572,0.914394,-0.00574774,-0.0709709,1.0755,-0.0499338,-0.0480294,1.21824,0.152767,0.0448433,1.03709,-0.147335,0.167595,1.28761,0.275351,0.205148,0.983857,0.0374233,-0.158201,1.25825,-0.130004,-0.0825835,-0.0873716,-0.110716,-0.391804,-0.265068,-0.431324,-0.174013,-0.203709,0.304155,0.0927632,-0.434213,-0.0495785,0.692719,0.837404,-1.27524,-0.273775,-0.741126,-0.423802,0.175794,-0.872003,0.942164,0.783411,0.739249,0.979117,0.669763,-0.017685,-0.802696,-0.206599,0.642814,-0.786256,0.511423,0.159126,0.393469,0.212841,-0.500887,-0.215648,-0.0743205,0.0704145,-0.649076,-0.101632,0.800473,-0.0278076,1,1,0,0,0,0,0,0,0,-0.178611,0,0,0,0
0.997529,-0.0356542,-0.0224059,0.0562335,0.960814,-0.128254,-0.0959828,0.226219,0.971303,-0.0537641,-0.195715,-0.123996,0.919409,0.312064,-0.2174,-0.100204,0.808561,-0.19058,-0.00715319,-0.556649,0.99208,-0.00458957,0.010717,-0.125068,0.956543,0.114006,-0.259023,0.0702466,0.327647,0.00457853,-0.0179832,-0.944618,0.321077,0.284277,-0.0869275,-0.899189,0.96833,-0.0206033,-0.136812,0.207834,0.975845,0.0379981,-0.0820189,0.198886,0.758162,0.0204152,0.0859935,0.646048,0.687638,0.0428714,-0.100716,0.717755,-0.456657,0.0983227,0.168586,-0.412171,0.0954657,-0.276281,-0.390682,0.287599,0.118951,-0.336575,0.281567,-0.270549,-0.153674,0.570413,0.0665134,-0.12372,0.568911,-0.155025,0,0.761884,0,-0.00874778,0.919383,-0.00582589,-0.0690425,1.08118,-0.0506058,-0.0461365,1.22265,0.153482,0.0438992,1.03473,-0.147934,0.1684,1.284,0.281721,0.197739,0.969294,0.0378839,-0.153469,1.26468,-0.132176,-0.0333482,-0.0205015,-0.089299,-0.167103,-0.0328541,-0.345474,-0.0800181,-0.118627,0.238667,0.135947,-0.400562,-0.0737062,0.883408,0.765913,-1.29928,-0.284085,-0.739164,-0.46662,0.125877,-0.0953381,0.68602,0.925814,0.877046,1.06163,0.302439,-0.313116,-1.1333,-0.677884,0.724119,-0.882264,1.2518,-0.287739,1.48022,0.102024,-0.516102,-0.0699044,0.226249,0.384617,-1.11787,-0.101642,0.804433,-0.0296364,1,1,0,0,0,0,0,0,0,0.149011,0,0,0,0
0.997613,-0.0352142,-0.0223069,0.05505,0.962138,-0.126732,-0.0955679,0.221579,0.971581,-0.0554945,-0.196029,-0.120514,0.917266,0.314399,-0.22367,-0.0987364,0.795127,-0.1766,-0.0117192,-0.580041,0.990776,-0.0113558,-0.00191747,-0.135017,0.957719,0.110467,-0.254408,0.0764651,0.344441,0.0207863,-0.0284041,-0.938148,0.301539,0.278011,-0.0808035,-0.908435,0.973783,-0.0338157,-0.128777,0.184446,0.966686,0.05686,-0.094585,0.230952,0.755951,0.0251357,0.0803852,0.649187,0.703401,0.0413368,-0.0906418,0.703777,-0.455343,0.0978329,0.14932,-0.427283,0.117249,-0.257115,-0.385434,0.286756,0.104651,-0.35003,0.304095,-0.261248,-0.149095,0.574703,0.0620967,-0.12986,0.585401,-0.155214,0,0.77171,0,-0.00856386,0.929234,-0.00575185,-0.0677284,1.09185,-0.0499905,-0.0440153,1.23174,0.156258,0.0398648,1.03811,-0.147564,0.169453,1.28606,0.28874,0.186565,0.957725,0.0384245,-0.150454,1.27642,-0.131063,0.0252613,0.0070881,-0.0714958,0.0768482,0.0465859,-0.291027,-0.0567297,-0.0391092,0.224292,0.225813,-0.332322,0.155021,0.667077,0.507129,-1.64174,-0.301909,-0.799262,-0.609797,-0.0950912,0.340579,0.375385,0.911616,0.733645,1.06444,-0.166081,-0.479671,-1.30398,-0.852682,0.705291,-1.30846,1.13311,-0.9328,1.92261,-0.0161426,-0.422846,0.259701,0.245535,0.54105,-1.2722,-0.102444,0.813739,-0.0298543,1,1,0,0,0,0,0,0,0,0.29477,0,0,0,0
0.99769,-0.0340652,-0.0222424,0.0544049,0.963346,-0.122383,-0.0950541,0.21898,0.97204,-0.0568414,-0.196056,-0.116055,0.915253,0.316895,-0.229479,-0.0960659,0.775797,-0.170694,-0.0171824,-0.607212,0.989512,-0.0149662,-0.0114363,-0.143218,0.960553,0.10231,-0.245801,0.0803342,0.35766,0.0311004,-0.0351931,-0.93267,0.284901,0.26999,-0.0733433,-0.916819,0.977026,-0.0484164,-0.117992,0.170742,0.957552,0.0698835,-0.109955,0.257138,0.754824,0.0275649,0.0805964,0.650373,0.715371,0.0392353,-0.0820737,0.692798,-0.449553,0.0963713,0.131639,-0.441437,0.138652,-0.236487,-0.378746,0.286271,0.093402,-0.362637,0.325437,-0.250288,-0.145253,0.579571,0.0594735,-0.1354,0.600576,-0.154606,0,0.780862,0,-0.00846711,0.93841,-0.0055681,-0.0671646,1.10177,-0.0485101,-0.0429305,1.23929,0.160525,0.0330135,1.04179,-0.146003,0.169477,1.28831,0.296133,0.170761,0.945573,0.0399764,-0.149637,1.28736,-0.127774,0.0682837,0.00152648,-0.0402704,0.252164,-0.00146747,-0.187092,-0.0243443,-0.020742,0.27902,0.245539,-0.281552,0.21115,0.247943,0.219197,-2.031,-0.139318,-0.589664,-0.50385,-0.38894,0.600935,0.27679,0.588156,0.469623,0.848171,-0.314864,-0.522745,-1.14412,-0.833026,0.844562,-0.701873,0.722155,-1.03447,1.62393,0.114383,-0.0778165,0.109099,0.183712,0.488217,-0.978636,-0.10361,0.822466,-0.0290237,1,1,0,0,0,0,0,0,0,0.274562,0,0,0,0
0.997734,-0.0327734,-0.0224183,0.0543175,0.964039,-0.117333,-0.0953923,0.218544,0.972588,-0.0576667,-0.196286,-0.110536,0.913961,0.318959,-0.232262,-0.0948388,0.75346,-0.171781,-0.0249563,-0.634166,0.988674,-0.0162791,-0.0150866,-0.148431,0.964583,0.0915038,-0.232263,0.0852037,0.366512,0.0356961,-0.0364376,-0.929014,0.273473,0.263221,-0.0703583,-0.922484,0.977186,-0.0627358,-0.108483,0.171471,0.951587,0.0768052,-0.120138,0.272305,0.755911,0.0291443,0.0845689,0.648535,0.722651,0.0382451,-0.0768333,0.685864,-0.437604,0.093941,0.117464,-0.452372,0.156551,-0.220498,-0.37033,0.286361,0.0855469,-0.372005,0.342688,-0.241063,-0.142624,0.58532,0.0581474,-0.13931,0.613109,-0.153408,0,0.789398,0,-0.00845732,0.946962,-0.00536564,-0.0672436,1.11079,-0.0469168,-0.0429391,1.24565,0.164369,0.0246589,1.04629,-0.143382,0.169169,1.2915,0.301151,0.15255,0.936308,0.0430249,-0.150705,1.29693,-0.124179,0.0767308,-0.0145057,-0.00746265,0.290093,-0.0787457,-0.0656478,0.0202607,-0.0315804,0.33463,0.170888,-0.135379,0.0844226,-0.0239286,-0.148439,-2.14695,-0.0509102,-0.223898,-0.319112,-0.510479,0.921621,0.337488,0.159466,0.255986,0.566407,-0.119717,-0.463435,-0.744067,-0.736386,0.703171,0.170097,0.365647,-0.667587,0.96049,0.233642,0.109986,-0.124612,0.124049,0.285618,-0.607658,-0.104681,0.830395,-0.027892,1,1,0,0,0,0,0,0,0,0.256094,0,0,0,0
0.99774,-0.0319016,-0.0229209,0.0545145,0.964136,-0.113773,-0.0970935,0.219251,0.973189,-0.0580984,-0.196317,-0.104819,0.914067,0.32074,-0.229376,-0.0948389,0.732879,-0.176139,-0.0373803,-0.656099,0.988036,-0.0196904,-0.013826,-0.152337,0.969105,0.0830044,-0.212629,0.0934561,0.371823,0.0364774,-0.034149,-0.926958,0.26806,0.260429,-0.0733614,-0.924629,0.975851,-0.0714635,-0.106936,0.176556,0.949224,0.0775823,-0.124278,0.278405,0.756135,0.0311525,0.0869134,0.64787,0.727271,0.0401979,-0.0747914,0.681078,-0.426221,0.0918863,0.11207,-0.458018,0.166088,-0.211245,-0.363316,0.286202,0.0827409,-0.376437,0.351671,-0.235524,-0.141067,0.589087,0.0576353,-0.141029,0.619988,-0.152452,0,0.794776,0,-0.00848902,0.952345,-0.0052331,-0.0675348,1.11635,-0.0459321,-0.0434984,1.24948,0.165909,0.0167798,1.04929,-0.139988,0.169435,1.29438,0.301439,0.135272,0.929653,0.0479774,-0.152336,1.30249,-0.122076,0.0508267,-0.0333118,0.00961221,0.188322,-0.149509,0.00730525,0.0444214,-0.017363,0.342568,0.0791841,0.169852,-0.0794372,0.0307782,-0.532206,-1.89618,-0.217745,0.0476334,-0.233077,-0.301348,1.28814,0.465137,-0.117266,0.109895,0.33469,0.196843,-0.260506,-0.275568,-0.467725,0.15267,0.374485,0.0316014,-0.237947,0.400358,0.185291,0.0258922,-0.0327739,0.136031,0.0184894,-0.411382,-0.105382,0.835082,-0.026937,1,1,0,0,0,0,0,0,0,0.16134,0,0,0,0
0.997717,-0.0313771,-0.023894,0.0548168,0.963777,-0.111404,-0.100709,0.220409,0.973762,-0.0584183,-0.196041,-0.0997097,0.914808,0.323187,-0.222521,-0.0957116,0.71559,-0.1828,-0.0516215,-0.672198,0.987894,-0.0239297,-0.0103594,-0.152921,0.972729,0.0780093,-0.190991,0.105999,0.372026,0.0340981,-0.0305206,-0.927094,0.267521,0.262788,-0.0786684,-0.923681,0.973775,-0.0729229,-0.108511,0.186198,0.947442,0.0719729,-0.128049,0.284213,0.757601,0.0301851,0.0936214,0.645264,0.729821,0.0463133,-0.0725535,0.678197,-0.418492,0.0907421,0.112431,-0.454946,0.166508,-0.206262,-0.359577,0.286489,0.0836397,-0.374565,0.352498,-0.233311,-0.141074,0.591109,0.0579711,-0.140659,0.621703,-0.152668,0,0.796811,0,-0.00853362,0.95438,-0.00515973,-0.067814,1.11839,-0.0454933,-0.0447133,1.25033,0.1658,0.010404,1.0505,-0.136296,0.169307,1.296,0.299324,0.120759,0.925244,0.0540572,-0.153785,1.30427,-0.121269,0.0285899,-0.0605798,0.015591,0.0937667,-0.250307,0.0332324,0.0417696,0.00303673,0.306688,0.0689644,0.383288,-0.209259,0.0488878,-0.75708,-1.52412,-0.283656,0.16733,-0.0282941,-0.0271433,1.39485,0.664958,-0.255609,-0.051265,0.0051544,0.344958,0.0579643,0.0579027,-0.0491713,-0.131444,0.589177,-0.330873,-0.107363,0.419935,0.227716,0.329419,-0.192782,0.339232,-0.147755,-0.262732,-0.105642,0.836534,-0.0262412,1,1,0,0,0,0,0,0,0,0.0610512,0,0,0,0
0.997675,-0.0308481,-0.0253839,0.0552173,0.96311,-0.108848,-0.106319,0.221962,0.974161,-0.0590915,-0.195655,-0.0961132,0.914851,0.328042,-0.214529,-0.0970231,0.701046,-0.193896,-0.0624335,-0.683404,0.988247,-0.0267904,-0.00721283,-0.150324,0.974763,0.0683937,-0.172144,0.124605,0.369715,0.0278586,-0.026827,-0.92834,0.266754,0.267564,-0.0849483,-0.921974,0.972416,-0.0655935,-0.115361,0.191823,0.940065,0.0629554,-0.139458,0.304741,0.758468,0.0245549,0.10508,0.642714,0.736271,0.0533208,-0.0713457,0.670799,-0.417025,0.0913908,0.122654,-0.443298,0.161212,-0.192713,-0.359578,0.287122,0.0907166,-0.368152,0.348695,-0.22764,-0.141896,0.590938,0.0596595,-0.139828,0.62041,-0.153584,0,0.795867,0,-0.00859118,0.953434,-0.00509055,-0.0681248,1.11741,-0.045169,-0.0468695,1.24776,0.165506,0.00569931,1.05021,-0.132588,0.167822,1.29488,0.297652,0.110591,0.923111,0.0600617,-0.155006,1.30306,-0.120654,0.0272614,-0.0917414,0.0205492,0.0785155,-0.372621,0.0456783,0.00206139,0.0106008,0.22178,0.202238,0.441687,-0.291531,-0.234575,-0.833894,-1.15188,-0.196309,0.156754,0.1635,-0.237642,1.27154,1.09494,-0.342285,-0.271411,-0.152484,0.444845,0.187175,0.0613548,0.382384,-0.515543,0.266138,-0.517596,-0.462809,1.41125,0.20045,0.729352,-0.201843,0.305871,-0.22474,-0.620272,-0.105724,0.835399,-0.0245659,1,1,0,0,0,0,0,0,0,-0.0283177,0,0,0,0
0.997615,-0.0302151,-0.0273646,0.0556917,0.962175,-0.10573,-0.113795,0.223811,0.974265,-0.0603475,-0.195634,-0.0943028,0.913301,0.336007,-0.207511,-0.099594,0.688198,-0.206175,-0.0678087,-0.692299,0.988709,-0.0274826,-0.00535105,-0.147208,0.975862,0.0478054,-0.156707,0.1444,0.372107,0.0175625,-0.0238238,-0.927718,0.261447,0.270739,-0.0940551,-0.921683,0.973966,-0.0482515,-0.13347,0.17677,0.922452,0.0532787,-0.160652,0.347037,0.753117,0.0156036,0.114918,0.647584,0.752268,0.055934,-0.0753756,0.652137,-0.422807,0.0942114,0.14946,-0.425897,0.156107,-0.16065,-0.36171,0.286384,0.107279,-0.360173,0.344675,-0.212384,-0.141385,0.58689,0.0629927,-0.140257,0.617886,-0.153943,0,0.792469,0,-0.00865862,0.950034,-0.00500972,-0.0684638,1.11395,-0.0448301,-0.0499788,1.24173,0.16567,0.0024597,1.04803,-0.129537,0.164848,1.28947,0.297614,0.103924,0.919734,0.0641153,-0.155943,1.29952,-0.119903,0.0319428,-0.121632,0.0239675,0.0863262,-0.491556,0.0506012,-0.0519148,-0.0112027,0.121241,0.393764,0.361033,-0.390787,-0.478906,-0.674257,-0.917546,-0.0557468,0.0993422,0.192216,-0.888774,1.14931,1.29882,-0.398674,-0.501987,0.158594,0.64126,0.007487,-0.158883,0.705296,-1.18623,-1.08741,-0.512884,-1.0061,2.86876,-0.0508098,0.833783,0.35699,-0.177818,-0.274427,-1.46654,-0.105777,0.832107,-0.0208341,1,1,0,0,0,0,0,0,0,-0.101949,0,0,0,0
0.99754,-0.0300105,-0.0297203,0.0559533,0.960973,-0.104186,-0.122852,0.224909,0.974144,-0.0613373,-0.196698,-0.092689,0.910756,0.343463,-0.202881,-0.106749,0.677216,-0.203497,-0.0728666,-0.703319,0.989297,-0.0259687,-0.00231389,-0.143569,0.978413,0.0323528,-0.140763,0.14781,0.382193,0.00635188,-0.0218935,-0.923801,0.255022,0.273042,-0.106885,-0.921405,0.977358,-0.0271346,-0.150771,0.145958,0.904175,0.0389018,-0.177411,0.386626,0.743346,0.00533253,0.123679,0.657352,0.768797,0.0550608,-0.0812758,0.631913,-0.428497,0.0970067,0.178675,-0.409002,0.15441,-0.129944,-0.361446,0.283503,0.12541,-0.352771,0.342628,-0.197115,-0.138512,0.58087,0.0668784,-0.141065,0.615723,-0.1537,0,0.789416,0,-0.00868893,0.946978,-0.00499906,-0.0684126,1.11084,-0.0451053,-0.0533638,1.23518,0.165368,0.000615361,1.04396,-0.129158,0.161164,1.28132,0.298634,0.0951188,0.907949,0.06339,-0.1558,1.2963,-0.120604,0.00466437,-0.142284,0.0113032,-0.0325929,-0.558774,0.011533,-0.0333344,-0.0750445,0.101415,0.343105,0.122337,-0.593433,0.140001,-0.00594997,-0.984684,0.065121,0.187731,0.225598,-0.741887,1.10122,0.27713,-0.362768,-0.562379,0.662838,0.851566,-0.105654,-0.155579,0.813595,-1.11863,-2.0558,-0.704648,-0.677813,2.76382,-0.181882,0.871527,0.742081,-0.417218,-0.225267,-1.53586,-0.105424,0.828501,-0.0173171,1,1,0,0,0,0,0,0,0,-0.0915979,0,0,0,0
0.997473,-0.0302605,-0.0317371,0.0559047,0.959901,-0.104546,-0.13074,0.224873,0.973965,-0.0616004,-0.198305,-0.0909574,0.908451,0.347632,-0.200892,-0.116235,0.669501,-0.189243,-0.0771019,-0.714151,0.989839,-0.023854,0.00162259,-0.140172,0.981782,0.0296061,-0.127096,0.138106,0.394508,-0.00165233,-0.0211289,-0.918648,0.25126,0.275178,-0.118591,-0.920371,0.980224,-0.0115726,-0.159024,0.117207,0.8944,0.0227257,-0.183039,0.407467,0.73473,-0.00294997,0.130619,0.665659,0.778413,0.0534148,-0.0853268,0.619629,-0.430187,0.0985099,0.196771,-0.397949,0.153996,-0.114946,-0.358432,0.280496,0.137093,-0.347692,0.342012,-0.189363,-0.134783,0.576707,0.0697566,-0.141353,0.615257,-0.153365,0,0.788842,0,-0.00866984,0.946403,-0.00505579,-0.0679638,1.11024,-0.0458549,-0.0558407,1.23137,0.164534,0.000176828,1.04064,-0.131117,0.158265,1.27442,0.299744,0.0861768,0.893604,0.0584052,-0.1547,1.29559,-0.122444,-0.0219394,-0.119906,-0.00587,-0.1342,-0.457641,-0.0342668,0.0133372,-0.103889,0.0974039,0.147113,-0.0881623,-0.62492,0.616371,0.527955,-0.879711,0.0929261,0.246658,0.212158,-0.128535,0.836298,-0.602893,-0.223855,-0.407983,0.810983,0.748125,-0.0682049,-0.0140714,0.584881,-0.547523,-1.86529,-0.763456,0.0145314,1.54271,-0.154605,0.702754,0.646617,-0.321188,-0.118149,-0.909808,-0.104698,0.826703,-0.0156605,1,1,0,0,0,0,0,0,0,-0.0172175,0,0,0,0
0.997448,-0.0304108,-0.0324664,0.0558462,0.959503,-0.104913,-0.13361,0.224711,0.973891,-0.0616043,-0.19898,-0.0902624,0.907593,0.348804,-0.200427,-0.120165,0.666817,-0.18248,-0.0785422,-0.718253,0.990034,-0.023011,0.00325283,-0.138897,0.983102,0.0302139,-0.122124,0.132979,0.399422,-0.00428864,-0.0209743,-0.916517,0.250209,0.276011,-0.122878,-0.919845,0.981153,-0.00642024,-0.16098,0.106691,0.891836,0.016247,-0.183769,0.41303,0.731642,-0.00586684,0.133072,0.668548,0.78118,0.052751,-0.0866049,0.616016,-0.43026,0.0989203,0.202137,-0.394462,0.153817,-0.111295,-0.3569,0.279385,0.140664,-0.346029,0.341871,-0.187409,-0.13325,0.575422,0.0707174,-0.141379,0.615313,-0.153238,0,0.788969,0,-0.00865613,0.94653,-0.00508555,-0.0677389,1.11037,-0.0461963,-0.0566714,1.23029,0.16414,0.000201771,1.03953,-0.13218,0.157253,1.27196,0.300152,0.0828341,0.88796,0.0557266,-0.154154,1.29568,-0.123279,-0.0116002,-0.0430829,-0.0044531,-0.0636463,-0.162468,-0.0191221,0.0114528,-0.0429248,0.0377647,0.0312038,-0.0587762,-0.243988,0.283921,0.266072,-0.327412,0.0365118,0.102067,0.0797652,0.0355687,0.288815,-0.326378,-0.0677344,-0.135632,0.324693,0.270386,-0.0173734,0.01473,0.189581,-0.135097,-0.675547,-0.300932,0.0986172,0.433387,-0.0537736,0.248356,0.228257,-0.105886,-0.0324234,-0.264134,-0.104364,0.826274,-0.0152841,1,1,0,0,0,0,0,0,0,0.0038237,0,0,0,0
0.997445,-0.0304321,-0.0325544,0.0558386,0.959455,-0.10497,-0.133957,0.224685,0.973882,-0.0615998,-0.199066,-0.0901748,0.907486,0.348938,-0.200379,-0.120665,0.666455,-0.181594,-0.0786886,-0.718797,0.990058,-0.0229065,0.00346015,-0.138741,0.983265,0.0303724,-0.121524,0.132285,0.400038,-0.00459201,-0.0209622,-0.916247,0.2501,0.276116,-0.123395,-0.919774,0.981264,-0.0058275,-0.161163,0.105422,0.891583,0.0154313,-0.183789,0.413598,0.731274,-0.00621408,0.133365,0.66889,0.781476,0.0526682,-0.086749,0.615626,-0.430242,0.0989633,0.202723,-0.394068,0.153792,-0.110948,-0.356693,0.279253,0.141061,-0.345837,0.341861,-0.187219,-0.133056,0.575285,0.0708289,-0.141378,0.615337,-0.153223,0,0.789009,0,-0.00865436,0.946569,-0.00508963,-0.0677095,1.11041,-0.0462411,-0.0567686,1.23018,0.164087,0.000201623,1.0394,-0.13233,0.157135,1.27167,0.300198,0.0823974,0.887238,0.0553492,-0.154082,1.29571,-0.123389,-0.00158954,-0.00518954,-0.0005673,-0.0084261,-0.0194398,-0.00256981,0.00174025,-0.00544432,0.00469474,0.00313276,-0.00818314,-0.0306423,0.0352199,0.0365723,-0.0431765,0.00448428,0.0129673,0.00975694,0.00874786,0.0340601,-0.044515,-0.0074373,-0.0156875,0.0407264,0.0324699,-0.00162426,0.00286,0.0215129,-0.0129658,-0.0812112,-0.0376285,0.0169255,0.0456802,-0.00637424,0.0295798,0.0270888,-0.012167,-0.0033871,-0.02834,-0.104322,0.826238,-0.015251,1,1,0,0,0,0,0,0,0,0.00117889,0,0,0,0
0.997445,-0.0304322,-0.0325546,0.0558405,0.959454,-0.104969,-0.133957,0.224687,0.973882,-0.0615998,-0.199066,-0.0901748,0.907483,0.348949,-0.200373,-0.120666,0.666403,-0.181604,-0.0786671,-0.718845,0.990058,-0.0229065,0.00346016,-0.138741,0.983265,0.0303724,-0.121524,0.132285,0.400038,-0.00459202,-0.0209622,-0.916247,0.2501,0.276116,-0.123395,-0.919774,0.981264,-0.0058275,-0.161162,0.105422,0.891583,0.0154313,-0.183789,0.413598,0.731274,-0.00621408,0.133365,0.66889,0.781476,0.0526682,-0.086749,0.615626,-0.430242,0.0989633,0.202723,-0.394068,0.153792,-0.110948,-0.356693,0.279253,0.141061,-0.345837,0.341861,-0.187219,-0.133056,0.575285,0.0708289,-0.141378,0.615337,-0.153223,0,0.789009,0,-0.00865466,0.946569,-0.00508966,-0.0677108,1.11041,-0.0462412,-0.0567696,1.23018,0.164085,0.000186368,1.03939,-0.132336,0.157136,1.27167,0.300191,0.0823614,0.887207,0.0553364,-0.154085,1.29571,-0.123389,-4.33185e-06,-1.58045e-05,0.000116195,2.69683e-05,-2.93857e-05,0.00012957,3.96578e-07,-9.18859e-07,-1.64873e-07,0.000649471,0.00037539,-0.000306627,-0.00209915,0.000725612,-0.00385693,-1.26999e-07,4.48086e-07,8.96007e-07,1.75625e-07,-6.98186e-07,6.22976e-07,-1.1063e-07,-1.57902e-07,3.82945e-07,-6.91883e-07,4.28166e-07,-2.55933e-07,1.38795e-07,3.92685e-07,3.20827e-07,1.07925e-07,-5.00655e-08,-2.22474e-08,5.4996e-07,3.59102e-07,-5.93551e-08,1.76731e-07,-6.49402e-09,-7.81573e-07,-0.104324,0.826237,-0.0152519,1,1,0,0,0,0,0,0,0,1.89271e-07,0,0,0,0
0.997445,-0.0304323,-0.0325548,0.0558424,0.959454,-0.104969,-0.133958,0.224689,0.973882,-0.0615998,-0.199066,-0.0901748,0.90748,0.348961,-0.200367,-0.120666,0.666352,-0.181613,-0.0786456,-0.718893,0.990058,-0.0229065,0.00346017,-0.138741,0.983265,0.0303724,-0.121524,0.132285,0.400038,-0.00459202,-0.0209622,-0.916247,0.2501,0.276116,-0.123395,-0.919774,0.981264,-0.0058275,-0.161162,0.105422,0.891583,0.0154313,-0.183789,0.413598,0.731274,-0.00621408,0.133365,0.66889,0.781476,0.0526682,-0.086749,0.615626,-0.430242,0.0989633,0.202723,-0.394068,0.153792,-0.110948,-0.356693,0.279253,0.141061,-0.345837,0.341861,-0.187219,-0.133056,0.575285,0.0708289,-0.141378,0.615337,-0.153223,0,0.789009,0,-0.00865497,0.946569,-0.00508969,-0.0677122,1.11041,-0.0462413,-0.0567705,1.23018,0.164083,0.000171108,1.03938,-0.132341,0.157137,1.27167,0.300185,0.0823253,0.887177,0.0553235,-0.154088,1.29571,-0.123389,-4.38977e-06,-1.57282e-05,0.000116324,2.71585e-05,-2.94944e-05,0.000129339,3.64529e-07,-1.17613e-06,-3.06888e-07,0.00064946,0.000375571,-0.000307645,-0.00209937,0.000726016,-0.00385771,-1.28262e-07,4.55792e-07,9.23309e-07,1.77175e-07,-3.33023e-07,2.1297e-07,-1.17533e-07,-1.34924e-07,8.0931e-07,-4.93957e-07,8.24044e-08,-1.37856e-07,1.15733e-07,4.57318e-08,3.16468e-07,3.3349e-08,-1.54703e-08,-6.87448e-09,5.52707e-07,4.27195e-07,-1.26479e-07,1.4231e-07,-1.5998e-07,-7.66321e-07,-0.104326,0.826235,-0.0152527,1,1,0,0,0,0,0,0,0,3.20846e-07,0,0,0,0
0.997444,-0.0304325,-0.032555,0.0558444,0.959453,-0.104969,-0.133958,0.224692,0.973882,-0.0615998,-0.199066,-0.0901748,0.907476,0.348973,-0.20036,-0.120666,0.6663,-0.181623,-0.078624,-0.718941,0.990058,-0.0229065,0.00346018,-0.138741,0.983265,0.0303724,-0.121524,0.132285,0.400038,-0.00459202,-0.0209622,-0.916247,0.2501,0.276116,-0.123395,-0.919774,0.981264,-0.0058275,-0.161162,0.105422,0.891583,0.0154313,-0.183789,0.413598,0.731274,-0.00621407,0.133365,0.66889,0.781476,0.0526682,-0.086749,0.615626,-0.430242,0.0989633,0.202723,-0.394068,0.153792,-0.110948,-0.356693,0.279253,0.141061,-0.345837,0.341861,-0.187219,-0.133056,0.575285,0.0708289,-0.141378,0.615337,-0.153223,0,0.789009,0,-0.00865527,0.946569,-0.00508972,-0.0677135,1.11041,-0.0462414,-0.0567714,1.23018,0.164081,0.000155846,1.03937,-0.132346,0.157138,1.27167,0.300179,0.0822892,0.887146,0.0553107,-0.154091,1.29571,-0.12339,-4.44819e-06,-1.58231e-05,0.000116457,2.76093e-05,-2.87565e-05,0.000127976,4.39191e-07,-1.29395e-06,-4.09553e-07,0.000651435,0.000374944,-0.000304096,-0.00209971,0.000727115,-0.00385795,-1.85774e-07,4.47817e-07,1.04323e-06,1.00311e-07,-5.13707e-07,2.19611e-08,-1.29212e-07,-1.10806e-07,3.8236e-07,-4.4665e-07,-9.88726e-08,-8.98148e-08,1.14665e-07,-9.82533e-09,1.99938e-07,2.57201e-08,-1.19314e-08,-5.30189e-09,6.77038e-07,3.51708e-07,-1.85115e-07,2.03029e-07,-3.92208e-07,-4.98964e-07,-0.104328,0.826234,-0.0152536,1,1,0,0,0,0,0,0,0,1.61864e-07,0,0,0,0
0.997444,-0.0304326,-0.0325553,0.0558463,0.959453,-0.104969,-0.133958,0.224694,0.973882,-0.0615998,-0.199066,-0.0901748,0.907473,0.348984,-0.200354,-0.120666,0.666248,-0.181632,-0.0786025,-0.718989,0.990058,-0.0229065,0.00346019,-0.138741,0.983265,0.0303724,-0.121524,0.132285,0.400038,-0.00459202,-0.0209622,-0.916247,0.2501,0.276116,-0.123395,-0.919774,0.981264,-0.0058275,-0.161162,0.105422,0.891583,0.0154313,-0.183789,0.413598,0.731274,-0.00621407,0.133365,0.66889,0.781476,0.0526683,-0.086749,0.615626,-0.430242,0.0989633,0.202723,-0.394068,0.153792,-0.110948,-0.356693,0.279253,0.141061,-0.345837,0.341861,-0.187219,-0.133056,0.575285,0.0708289,-0.141378,0.615337,-0.153223,0,0.789009,0,-0.00865558,0.946569,-0.00508975,-0.0677148,1.11041,-0.0462416,-0.0567724,1.23018,0.164079,0.000140582,1.03936,-0.132352,0.157139,1.27168,0.300173,0.0822531,0.887116,0.0552978,-0.154094,1.29571,-0.12339,-4.45072e-06,-1.59857e-05,0.000116504,2.79194e-05,-2.82322e-05,0.00012772,3.89942e-07,-5.66958e-07,-8.00403e-08,0.000652922,0.00037529,-0.000302483,-0.00209926,0.000726716,-0.0038574,-1.73031e-07,4.58344e-07,9.21696e-07,9.22007e-08,-6.47267e-07,5.22016e-08,-1.21827e-07,-1.37031e-07,2.47885e-07,2.18375e-07,3.92586e-07,-2.52575e-08,1.07105e-07,-6.24351e-08,2.81845e-07,1.88052e-08,-9.77208e-08,-9.61221e-09,6.45182e-07,2.46807e-07,-7.07978e-08,2.02198e-07,-1.82852e-07,-3.96298e-07,-0.10433,0.826232,-0.0152544,1,1,0,0,0,0,0,0,0,1.04876e-07,0,0,0,0
0.997444,-0.0304327,-0.0325555,0.0558483,0.959452,-0.104968,-0.133958,0.224696,0.973882,-0.0615998,-0.199067,-0.0901748,0.90747,0.348996,-0.200348,-0.120666,0.666197,-0.181642,-0.0785809,-0.719036,0.990058,-0.0229065,0.0034602,-0.138741,0.983265,0.0303724,-0.121524,0.132285,0.400038,-0.00459203,-0.0209622,-0.916247,0.2501,0.276116,-0.123395,-0.919774,0.981264,-0.0058275,-0.161163,0.105422,0.891583,0.0154313,-0.183789,0.413598,0.731274,-0.00621406,0.133365,0.66889,0.781476,0.0526683,-0.086749,0.615626,-0.430242,0.0989633,0.202723,-0.394068,0.153793,-0.110948,-0.356693,0.279253,0.141061,-0.345837,0.341861,-0.187219,-0.133056,0.575285,0.0708289,-0.141378,0.615337,-0.153223,0,0.789009,0,-0.00865588,0.946569,-0.00508978,-0.0677161,1.11041,-0.0462417,-0.0567733,1.23018,0.164077,0.000125315,1.03935,-0.132357,0.15714,1.27168,0.300167,0.082217,0.887085,0.0552849,-0.154097,1.29571,-0.12339,-4.37506e-06,-1.59296e-05,0.000116403,2.77097e-05,-2.82484e-05,0.000128201,2.3237e-07,-7.42285e-07,-3.42191e-07,0.000652158,0.000375527,-0.000303128,-0.00209959,0.000726197,-0.00385774,-1.88289e-07,4.79681e-07,2.41339e-07,1.09682e-07,-7.75256e-07,4.03467e-07,-1.03851e-07,-1.33196e-07,1.43716e-06,-2.41558e-07,2.1185e-07,-1.01885e-07,9.6302e-08,-4.06967e-07,6.03487e-07,-1.95707e-07,-5.70336e-07,-2.26591e-09,6.65661e-07,3.49069e-07,-6.36921e-08,1.3525e-07,-1.17702e-07,-7.69503e-07,-0.104332,0.826231,-0.0152552,1,1,0,0,0,0,0,0,0,5.26674e-07,0,0,0,0
0.997444,-0.0304328,-0.0325557,0.0558502,0.959452,-0.104968,-0.133958,0.224698,0.973882,-0.0615998,-0.199067,-0.0901749,0.907467,0.349007,-0.200342,-0.120667,0.666145,-0.181652,-0.0785594,-0.719084,0.990058,-0.0229065,0.0034602,-0.138741,0.983265,0.0303724,-0.121524,0.132285,0.400038,-0.00459203,-0.0209622,-0.916247,0.2501,0.276116,-0.123395,-0.919774,0.981264,-0.0058275,-0.161163,0.105422,0.891583,0.0154313,-0.183789,0.413598,0.731274,-0.00621406,0.133365,0.66889,0.781476,0.0526683,-0.086749,0.615626,-0.430242,0.0989633,0.202723,-0.394068,0.153793,-0.110948,-0.356693,0.279253,0.141061,-0.345837,0.341861,-0.187219,-0.133056,0.575285,0.070829,-0.141378,0.615337,-0.153223,0,0.789009,0,-0.00865618,0.946569,-0.00508981,-0.0677174,1.1104,-0.0462418,-0.0567742,1.23018,0.164075,0.00011005,1.03934,-0.132362,0.157142,1.27168,0.300161,0.0821808,0.887054,0.0552721,-0.1541,1.29571,-0.12339,-4.29554e-06,-1.58573e-05,0.0001163,2.73393e-05,-2.88107e-05,0.000128617,2.73129e-07,-7.32876e-07,-2.68353e-07,0.000649424,0.000375442,-0.000304422,-0.00210002,0.000726964,-0.00385805,-1.44355e-07,4.67849e-07,5.23894e-07,1.9689e-07,-7.6558e-07,8.50114e-07,-8.77861e-08,-1.05126e-07,3.04017e-06,-1.26622e-06,-1.23078e-07,-2.86209e-07,1.23786e-07,-8.58156e-07,1.16556e-06,-4.55194e-07,-1.19463e-06,3.23094e-09,5.54866e-07,3.41629e-07,-1.01277e-07,1.18649e-07,-2.96388e-07,-8.85711e-07,-0.104334,0.82623,-0.0152561,1,1,0,0,0,0,0,0,0,1.11706e-06,0,0,0,0
0.997444,-0.030433,-0.0325559,0.0558522,0.959451,-0.104968,-0.133958,0.2247,0.973882,-0.0615998,-0.199067,-0.0901749,0.907464,0.349019,-0.200336,-0.120667,0.666093,-0.181661,-0.0785378,-0.719132,0.990058,-0.0229065,0.00346021,-0.138741,0.983265,0.0303724,-0.121524,0.132285,0.400039,-0.00459203,-0.0209622,-0.916247,0.2501,0.276116,-0.123395,-0.919774,0.981264,-0.0058275,-0.161163,0.105422,0.891583,0.0154313,-0.183789,0.413598,0.731274,-0.00621406,0.133365,0.66889,0.781476,0.0526683,-0.086749,0.615626,-0.430242,0.0989633,0.202723,-0.394068,0.153793,-0.110948,-0.356693,0.279253,0.141061,-0.345837,0.341861,-0.187219,-0.133056,0.575285,0.070829,-0.141378,0.615337,-0.153223,0,0.789009,0,-0.00865649,0.946569,-0.00508984,-0.0677188,1.1104,-0.0462419,-0.0567752,1.23018,0.164073,9.4785e-05,1.03933,-0.132368,0.157143,1.27168,0.300155,0.0821447,0.887024,0.0552592,-0.154103,1.29571,-0.123391,-4.2663e-06,-1.57816e-05,0.000116306,2.75084e-05,-2.87364e-05,0.000128648,2.93849e-07,-9.2782e-07,-1.29913e-07,0.000649548,0.00037524,-0.000304543,-0.00209982,0.000727417,-0.00385759,-1.23124e-07,4.62118e-07,8.66482e-07,1.72817e-07,-6.8278e-07,3.9425e-07,-9.54156e-08,-1.47975e-07,1.35562e-06,-1.2508e-06,-2.55095e-07,-2.55894e-07,1.31745e-07,-4.09459e-07,7.13104e-07,-1.69987e-07,-5.82267e-07,-7.5678e-09,5.31835e-07,2.53851e-07,4.61338e-08,2.1962e-07,-2.67204e-07,-4.6685e-07,-0.104336,0.826228,-0.0152569,1,1,0,0,0,0,0,0,0,4.96723e-07,0,0,0,0
0.997444,-0.0304331,-0.0325561,0.0558541,0.959451,-0.104968,-0.133958,0.224702,0.973882,-0.0615998,-0.199067,-0.0901749,0.907461,0.349031,-0.20033,-0.120667,0.666042,-0.181671,-0.0785163,-0.71918,0.990058,-0.0229065,0.00346022,-0.138741,0.983265,0.0303724,-0.121524,0.132285,0.400039,-0.00459204,-0.0209622,-0.916247,0.2501,0.276116,-0.123395,-0.919774,0.981264,-0.00582749,-0.161163,0.105422,0.891583,0.0154313,-0.183789,0.413598,0.731274,-0.00621405,0.133365,0.66889,0.781476,0.0526683,-0.086749,0.615626,-0.430242,0.0989633,0.202723,-0.394068,0.153793,-0.110948,-0.356693,0.279253,0.141061,-0.345837,0.341861,-0.187219,-0.133056,0.575285,0.070829,-0.141378,0.615337,-0.153223,0,0.789009,0,-0.00865679,0.946569,-0.00508987,-0.0677201,1.1104,-0.0462421,-0.0567761,1.23018,0.16407,7.95156e-05,1.03932,-0.132373,0.157144,1.27168,0.300149,0.0821086,0.886993,0.0552463,-0.154105,1.2957,-0.123391,-4.28602e-06,-1.57024e-05,0.000116264,2.75815e-05,-2.82522e-05,0.000128353,3.96349e-07,-7.62448e-07,-1.16137e-07,0.000649674,0.000375169,-0.00030575,-0.00209933,0.000726043,-0.0038574,-9.58623e-08,4.5994e-07,9.48162e-07,1.03268e-07,-8.01987e-07,1.07684e-07,-8.21773e-08,-1.97718e-07,3.47343e-08,-4.55907e-07,-8.91351e-08,-9.40443e-08,1.15313e-07,-9.10864e-09,2.68813e-07,8.96756e-08,-1.30597e-07,-2.42213e-08,5.66986e-07,3.5575e-07,-1.0124e-07,2.62681e-07,-1.55337e-07,-3.96138e-07,-0.104338,0.826227,-0.0152578,1,1,0,0,0,0,0,0,0,2.87018e-08,0,0,0,0
0.997444,-0.0304332,-0.0325563,0.055856,0.95945,-0.104967,-0.133959,0.224705,0.973882,-0.0615998,-0.199067,-0.0901749,0.907458,0.349042,-0.200324,-0.120668,0.66599,-0.18168,-0.0784947,-0.719227,0.990058,-0.0229065,0.00346023,-0.138741,0.983265,0.0303724,-0.121524,0.132285,0.400039,-0.00459204,-0.0209622,-0.916247,0.2501,0.276116,-0.123395,-0.919774,0.981264,-0.00582749,-0.161163,0.105422,0.891583,0.0154313,-0.183789,0.413598,0.731274,-0.00621405,0.133365,0.66889,0.781476,0.0526683,-0.086749,0.615626,-0.430242,0.0989633,0.202723,-0.394068,0.153793,-0.110948,-0.356693,0.279253,0.141061,-0.345837,0.341861,-0.187219,-0.133056,0.575285,0.070829,-0.141378,0.615337,-0.153223,0,0.789009,0,-0.00865709,0.946569,-0.0050899,-0.0677214,1.1104,-0.0462422,-0.056777,1.23018,0.164068,6.42459e-05,1.03931,-0.132378,0.157145,1.27169,0.300143,0.0820725,0.886962,0.0552335,-0.154108,1.2957,-0.123391,-4.34605e-06,-1.58544e-05,0.000116301,2.74159e-05,-2.844e-05,0.000128491,4.0541e-07,-9.17491e-07,-1.52716e-07,0.000649568,0.000375606,-0.000308099,-0.00209915,0.00072578,-0.00385739,-1.15043e-07,4.51155e-07,9.20476e-07,9.98504e-08,-8.48331e-07,4.05725e-07,-6.13525e-08,-1.98462e-07,4.22176e-09,-2.17288e-07,1.08713e-07,3.1743e-08,1.41211e-07,3.92426e-07,3.2043e-07,9.81164e-08,-4.55154e-08,-2.02255e-08,4.34949e-07,4.26098e-07,-9.4217e-08,2.28657e-07,-2.14645e-07,-4.72031e-07,-0.10434,0.826226,-0.0152586,1,1,0,0,0,0,0,0,0,5.39407e-08,0,0,0,0
0.997444,-0.0304333,-0.0325565,0.055858,0.95945,-0.104967,-0.133959,0.224707,0.973882,-0.0615998,-0.199067,-0.0901749,0.907454,0.349054,-0.200317,-0.120668,0.665938,-0.18169,-0.0784732,-0.719275,0.990058,-0.0229065,0.00346024,-0.138741,0.983265,0.0303724,-0.121524,0.132285,0.400039,-0.00459204,-0.0209622,-0.916247,0.2501,0.276116,-0.123395,-0.919774,0.981264,-0.00582749,-0.161163,0.105422,0.891583,0.0154313,-0.183789,0.413598,0.731274,-0.00621405,0.133365,0.66889,0.781476,0.0526683,-0.086749,0.615626,-0.430242,0.0989633,0.202723,-0.394068,0.153793,-0.110948,-0.356693,0.279253,0.141061,-0.345837,0.341861,-0.187219,-0.133056,0.575285,0.070829,-0.141378,0.615337,-0.153223,0,0.789009,0,-0.0086574,0.946569,-0.00508994,-0.0677227,1.1104,-0.0462423,-0.0567779,1.23018,0.164066,4.89775e-05,1.0393,-0.132383,0.157146,1.27169,0.300137,0.0820364,0.886932,0.0552206,-0.154111,1.2957,-0.123391,-4.37068e-06,-1.60078e-05,0.000116439,2.75116e-05,-2.86726e-05,0.000128631,2.49236e-07,-8.1358e-07,-2.94795e-07,0.000649623,0.000375618,-0.00030651,-0.00209908,0.000726702,-0.00385721,-9.74452e-08,4.56696e-07,8.99498e-07,1.83532e-07,-6.75679e-07,8.5053e-07,-9.87291e-08,-1.37354e-07,1.66343e-07,-7.38225e-07,5.79232e-08,6.01529e-07,1.70792e-07,8.43906e-07,3.1238e-07,6.27746e-08,-2.91206e-08,-1.29402e-08,6.52854e-07,3.60788e-07,-7.98286e-08,1.77151e-07,-2.85347e-07,-5.74314e-07,-0.104342,0.826224,-0.0152594,1,1,0,0,0,0,0,0,0,1.49391e-07,0,0,0,0
0.997444,-0.0304334,-0.0325567,0.0558599,0.959449,-0.104967,-0.133959,0.224709,0.973882,-0.0615998,-0.199067,-0.0901749,0.907451,0.349065,-0.200311,-0.120668,0.665887,-0.181699,-0.0784516,-0.719323,0.990058,-0.0229065,0.00346024,-0.138741,0.983265,0.0303724,-0.121524,0.132285,0.400039,-0.00459205,-0.0209622,-0.916247,0.2501,0.276116,-0.123395,-0.919774,0.981264,-0.00582749,-0.161162,0.105422,0.891583,0.0154313,-0.183789,0.413598,0.731274,-0.00621405,0.133365,0.66889,0.781476,0.0526683,-0.086749,0.615626,-0.430242,0.0989633,0.202723,-0.394068,0.153793,-0.110948,-0.356693,0.279253,0.141061,-0.345837,0.341861,-0.187219,-0.133056,0.575285,0.070829,-0.141378,0.615337,-0.153223,0,0.789009,0,-0.0086577,0.946569,-0.00508997,-0.0677241,1.1104,-0.0462424,-0.0567789,1.23018,0.164064,3.37081e-05,1.03929,-0.132389,0.157148,1.27169,0.300131,0.0820003,0.886901,0.0552077,-0.154114,1.2957,-0.123392,-4.35182e-06,-1.59012e-05,0.000116408,2.75602e-05,-2.88228e-05,0.000128656,2.64131e-07,-1.24393e-06,-5.50064e-07,0.000648866,0.000375629,-0.000306097,-0.00209987,0.000728393,-0.00385799,-9.60432e-08,4.59652e-07,8.96283e-07,1.51631e-07,-4.63447e-07,3.93836e-07,-1.498e-07,-1.13647e-07,8.55552e-08,-1.33369e-06,-2.89206e-07,1.4199e-06,1.28694e-07,4.18464e-07,1.05194e-07,7.53544e-08,-3.49563e-08,-1.55334e-08,6.68537e-07,2.3769e-07,-1.76167e-07,1.43285e-07,-4.49557e-07,-6.93014e-07,-0.104344,0.826223,-0.0152603,1,1,0,0,0,0,0,0,0,8.19162e-08,0,0,0,0
0.997443,-0.0304336,-0.0325569,0.0558619,0.959449,-0.104967,-0.133959,0.224711,0.973882,-0.0615998,-0.199067,-0.0901749,0.907448,0.349077,-0.200305,-0.120668,0.665835,-0.181709,-0.07843,-0.719371,0.990058,-0.0229065,0.00346025,-0.138741,0.983265,0.0303724,-0.121524,0.132285,0.400039,-0.00459205,-0.0209622,-0.916247,0.2501,0.276116,-0.123395,-0.919774,0.981264,-0.00582749,-0.161162,0.105422,0.891583,0.0154313,-0.183789,0.413598,0.731274,-0.00621404,0.133365,0.66889,0.781477,0.0526683,-0.086749,0.615626,-0.430242,0.0989633,0.202723,-0.394068,0.153793,-0.110948,-0.356693,0.279253,0.141061,-0.345837,0.341861,-0.187219,-0.133056,0.575285,0.070829,-0.141378,0.615337,-0.153223,0,0.789009,0,-0.008658,0.946569,-0.00509,-0.0677254,1.1104,-0.0462426,-0.0567798,1.23018,0.164062,1.84362e-05,1.03928,-0.132394,0.157149,1.27169,0.300125,0.0819641,0.886871,0.0551948,-0.154117,1.2957,-0.123392,-4.33723e-06,-1.57664e-05,0.000116358,2.73699e-05,-2.89769e-05,0.000128854,2.34366e-07,-1.26503e-06,-3.11536e-07,0.000649934,0.000375725,-0.000305915,-0.00209959,0.000727071,-0.00385781,-1.06061e-07,4.5868e-07,8.96258e-07,1.18533e-07,-6.88527e-07,1.04179e-07,-1.35341e-07,-1.44346e-07,1.52107e-08,-7.71439e-07,2.81752e-07,4.41453e-07,1.13978e-07,3.25538e-07,-1.08443e-08,3.70544e-08,-1.71892e-08,-7.63831e-09,4.5808e-07,3.34379e-07,-1.42075e-07,1.40107e-07,-1.87859e-07,-5.69357e-07,-0.104346,0.826222,-0.0152611,1,1,0,0,0,0,0,0,0,3.37051e-08,0,0,0,0
