0.999884,-0.00163369,0.00695181,-0.0134576,0.999884,-0.00163369,0.00695181,-0.0134576,0.993032,0.00631,0.043759,-0.109234,0.684962,0.00320744,-0.0410688,-0.727414,0.710826,0.140615,-0.00298894,-0.689162,0.963947,0,0,0.266095,0.984426,0,0,0.175798,0.730767,-0.00961878,-0.0620607,-0.679732,0.731133,0.0407994,-0.0356318,-0.680081,0.953319,0,0,-0.301966,0.999438,0,0,-0.0335257,0.60364,-0.0504676,-0.0465276,0.794297,0.681452,0.0483237,0.0514306,0.728453,-0.221337,0.114818,0.170204,-0.0238903,0.0371458,-0.0244789,-0.132464,0.28596,0.14762,-0.0364254,0.236897,-0.0347099,-0.0128614,0.629487,0.100103,-0.0129571,0.620357,-0.0524023,0,0.889057,0,0.0180256,1.04597,-0.00865414,0.0443247,1.22835,-0.0194659,0.0308839,1.17042,0.158948,0.0343361,1.14974,-0.208929,0.0388341,0.922237,0.188971,0.0472333,0.895981,-0.234703,0.0976329,1.43985,-0.032783,0,0,0,0,0,0,0,0,0,0,0,0,0,0,0,0,0,0,0,0,0,0,0,0,0,0,0,0,0,0,0,0,0,0,0,0,0,0,0,0.00468263,0.874556,0.00407013,1,0.998377,-0.02647,0.001337,-0.050414,-0.0530137,7.40265e-07,-0.100906,0,0,0,0,0,0
0.999885,-0.00245858,0.00738665,-0.0130463,0.999885,-0.00245858,0.00738665,-0.0130463,0.992902,0.00408362,0.0443215,-0.110293,0.687871,-0.0022661,-0.0352573,-0.724973,0.708085,0.140888,-0.002421,-0.691925,0.96244,0,0,0.271493,0.984435,0,0,0.175746,0.732988,-0.0196601,-0.0505382,-0.678077,0.734603,0.0315697,-0.0313824,-0.677036,0.95411,0,0,-0.299455,0.999342,0,0,-0.0362596,0.635806,-0.0425941,-0.0392427,0.769673,0.683272,0.0468378,0.050663,0.726897,-0.226256,0.11002,0.162407,-0.0237131,0.0367857,-0.0264857,-0.136409,0.283705,0.140987,-0.0359364,0.236703,-0.0366835,-0.017472,0.628196,0.0965235,-0.0130592,0.620175,-0.054065,-0.00241175,0.888481,-0.000965184,0.0162822,1.04539,-0.0082446,0.0432173,1.22776,-0.0176434,0.0262337,1.16902,0.160206,0.0368704,1.14994,-0.207839,0.0362899,0.921116,0.188627,0.048045,0.896207,-0.234654,0.0973629,1.43911,-0.0293163,-0.0494952,0.0260918,0.0246757,-0.0494952,0.0260918,0.0246757,-0.133883,0.0339409,-0.0639465,-0.367755,0.393336,0.219444,0.0280848,0.0376245,-0.232599,0,0,0.336261,0,0,-0.00311998,-0.662037,0.763776,0.147229,-0.612204,0.283336,0.260166,0,0,0.157967,0,0,-0.164135,0.585131,0.541233,-2.40319,-0.102268,-0.054098,-0.139581,0.00302914,0.873776,0.00344754,1,0.998295,-0.0225938,-0.0123031,-0.0524001,-0.0438512,-0.0269354,-0.104292,-0.0723526,-0.0172865,-0.0289555,0.190651,-0.83198,-0.0978713
0.999885,-0.00317305,0.00771528,-0.0126561,0.999885,-0.00317305,0.00771528,-0.0126561,0.992772,0.00228743,0.0454964,-0.111036,0.692459,-0.010958,-0.0284547,-0.720813,0.706127,0.141834,-0.00267738,-0.693729,0.960457,0,0,0.278428,0.984389,0,0,0.176004,0.73336,-0.0316823,-0.038037,-0.678036,0.738223,0.0230547,-0.028776,-0.673548,0.958371,0,0,-0.285526,0.999198,0,0,-0.0400514,0.66177,-0.0350086,-0.0325244,0.748183,0.680901,0.0477571,0.052274,0.728945,-0.226916,0.101738,0.154888,-0.0233823,0.0369603,-0.028496,-0.139914,0.279312,0.134404,-0.0354025,0.236696,-0.0387037,-0.0240688,0.62694,0.0927199,-0.0134943,0.620188,-0.0556646,-0.00594519,0.888017,-0.00182368,0.0131696,1.04495,-0.00738346,0.0404785,1.22734,-0.0149091,0.0198733,1.16738,0.162575,0.0391873,1.15062,-0.205835,0.0338826,0.920017,0.189523,0.0498862,0.89702,-0.233939,0.0951248,1.43867,-0.0242033,-0.0428702,0.0197186,0.0234161,-0.0428702,0.0197186,0.0234161,-0.108021,0.0707847,-0.0450348,-0.582283,0.460163,0.365836,0.0702205,-0.0172147,-0.155169,0,0,0.432793,0,0,0.0156896,-0.792984,0.825243,0.00900847,-0.563607,0.174486,0.291095,0,0,0.873955,0,0,-0.227673,0.54467,0.483478,-2.00174,0.0648191,0.111625,0.183322,0.000463808,0.872958,0.0033009,1,0.998004,-0.0178511,-0.028067,-0.0536714,-0.0326789,-0.0579707,-0.106506,-0.106003,-0.0139233,-0.025755,0.235073,-0.961114,-0.0521889
0.999896,-0.00361227,0.00778062,-0.0116045,0.999896,-0.00361227,0.00778062,-0.0116045,0.992687,0.000727036,0.0475516,-0.110955,0.696158,-0.0238932,-0.0199769,-0.717213,0.703977,0.138852,-0.00338933,-0.696509,0.95773,0,0,0.287669,0.984124,0,0,0.177483,0.732819,-0.0434198,-0.0267675,-0.678509,0.743375,0.0128317,-0.0235147,-0.668339,0.964908,0,0,-0.262588,0.998842,0,0,-0.0481115,0.676064,-0.0271089,-0.0255411,0.735901,0.683548,0.0464559,0.0515534,0.726599,-0.222681,0.0916075,0.147647,-0.0231226,0.0368394,-0.0313335,-0.142389,0.273672,0.128029,-0.034108,0.236859,-0.0413049,-0.0320678,0.626013,0.0886711,-0.0135411,0.620314,-0.0576745,-0.0103809,0.887726,-0.00325054,0.0089163,1.04469,-0.00712755,0.0360739,1.22718,-0.0127221,0.0109712,1.16606,0.164704,0.0405426,1.15145,-0.203402,0.0297137,0.919633,0.190789,0.0512933,0.897906,-0.231414,0.0903559,1.4387,-0.0193982,-0.0263533,0.00391876,0.0631004,-0.0263533,0.00391876,0.0631004,-0.0938486,0.123691,0.0046877,-0.864656,0.570137,0.31046,-0.191088,-0.0476524,-0.223957,0,0,0.578103,0,0,0.0901765,-0.774977,0.743145,-0.0403833,-0.674866,0.3495,0.429019,0,0,1.43111,0,0,-0.484079,0.546227,0.48347,-1.11398,-0.0908472,-0.0521131,-0.208642,-0.00293745,0.872239,0.00284634,1,0.997374,-0.0134742,-0.0456029,-0.0546325,-0.0219907,-0.0925707,-0.108425,-0.133072,-0.00871575,-0.0428057,0.206575,-1.0663,-0.0334309
0.999902,-0.00435088,0.00772126,-0.0107963,0.999902,-0.00435088,0.00772126,-0.0107963,0.992622,-0.000557377,0.0503762,-0.110288,0.699799,-0.0393334,-0.0102805,-0.713182,0.70318,0.134525,-0.00484477,-0.698153,0.954176,0,0,0.299246,0.983741,0,0,0.179592,0.732493,-0.0542958,-0.0187793,-0.678346,0.750392,-0.000567754,-0.0142975,-0.660838,0.972119,0,0,-0.23449,0.99811,0,0,-0.0614603,0.678595,-0.0183483,-0.0176768,0.734071,0.69044,0.043931,0.0493668,0.720365,-0.213954,0.0812532,0.141319,-0.0227372,0.0365895,-0.035317,-0.143444,0.267604,0.122358,-0.0317223,0.237296,-0.0446481,-0.0409196,0.625362,0.0845436,-0.0129756,0.620594,-0.0602506,-0.0157185,0.88758,-0.00538583,0.00367981,1.04456,-0.00762651,0.0307116,1.22712,-0.0114617,0.000518751,1.16519,0.166018,0.0419171,1.15195,-0.20106,0.0244184,0.920115,0.191964,0.0534612,0.898384,-0.227643,0.0846049,1.43882,-0.0156713,-0.0443174,-0.0035627,0.0484916,-0.0443174,-0.0035627,0.0484916,-0.077254,0.169953,0.0399897,-1.02964,0.649921,0.337222,-0.285965,-0.0972122,-0.12406,0,0,0.726638,0,0,0.128589,-0.718141,0.526978,0.00517928,-0.880578,0.608288,0.608127,0,0,1.7406,0,0,-0.802136,0.59217,0.531662,-0.172679,-0.177761,-0.155992,-0.549554,-0.00668048,0.871625,0.00188179,1,0.996325,-0.00920004,-0.0647306,-0.0553384,-0.0112641,-0.130373,-0.110236,-0.160128,-0.00438796,-0.0640586,0.194172,-1.16217,-0.0185252
0.999865,-0.00670331,0.00797157,-0.0127241,0.999865,-0.00670331,0.00797157,-0.0127241,0.992488,-0.00129097,0.0534809,-0.110024,0.707693,-0.0527786,-0.000965574,-0.704545,0.707865,0.138635,-0.00798877,-0.692563,0.94993,0,0,0.312462,0.983624,0,0,0.180234,0.733586,-0.065419,-0.0159546,-0.676252,0.758642,-0.0176515,-0.00282747,-0.651262,0.978418,0,0,-0.206635,0.99688,0,0,-0.0789271,0.674099,-0.00821769,-0.00851464,0.738546,0.691,0.0468156,0.0521706,0.719448,-0.202421,0.0726505,0.137116,-0.0216911,0.038098,-0.0402591,-0.143037,0.262458,0.118245,-0.0283902,0.238989,-0.0485445,-0.0501089,0.625373,0.0807207,-0.0120896,0.621961,-0.0632379,-0.0221766,0.888222,-0.00783455,-0.00248046,1.04517,-0.00808274,0.0258303,1.22756,-0.0102163,-0.00866218,1.16516,0.167024,0.0461433,1.15225,-0.198989,0.0211463,0.921882,0.19332,0.0605466,0.898745,-0.224367,0.0815577,1.43882,-0.0121248,-0.141156,0.0150249,-0.115682,-0.141156,0.0150249,-0.115682,-0.0441277,0.186887,0.0155895,-0.88781,0.622731,0.72084,0.257576,-0.20888,0.456728,0,0,0.832841,0,0,0.0391437,-0.732298,0.186864,0.156732,-1.11626,0.752441,0.760148,0,0,1.71356,0,0,-1.05062,0.681699,0.616402,0.389605,0.192802,0.187303,-0.0720351,-0.00986685,0.871728,0.000914046,1,0.994791,-0.00326924,-0.0854392,-0.055492,0.00302214,-0.171186,-0.111709,-0.193744,0.0192739,-0.0734617,0.285553,-1.26378,0.0201931
0.999865,-0.00768789,0.00839521,-0.0118193,0.999865,-0.00768789,0.00839521,-0.0118193,0.99236,-0.00395648,0.0560322,-0.109843,0.709636,-0.0692045,0.00459704,-0.701147,0.70933,0.141546,-0.0151451,-0.690352,0.944675,0,0,0.328007,0.982153,0,0,0.188084,0.741291,-0.0744127,-0.0192918,-0.666767,0.769285,-0.0373792,0.0117226,-0.637703,0.977386,0,0,-0.211461,0.994692,0,0,-0.102899,0.679477,-0.00769524,-0.00785533,0.733615,0.691181,0.0406887,0.0459281,0.720072,-0.20404,0.0725674,0.133689,-0.0202336,0.0419408,-0.0457998,-0.14595,0.26328,0.115293,-0.0238803,0.24296,-0.0529851,-0.0579345,0.626999,0.0776895,-0.0111142,0.625261,-0.0666518,-0.0305506,0.890481,-0.0107912,-0.0111235,1.04745,-0.00864047,0.0166785,1.22993,-0.0081992,-0.0241052,1.16627,0.169292,0.0458634,1.15572,-0.195344,0.0107794,0.925182,0.19688,0.0648099,0.902677,-0.218431,0.0716785,1.44139,-0.00690042,-0.0590772,0.0254197,0.054291,-0.0590772,0.0254197,0.054291,-0.160342,0.153607,0.0106287,-1.09097,0.370397,0.261493,0.188573,-0.476214,0.173315,0,0,0.984586,0,0,0.479235,-0.578958,-0.216436,0.754387,-1.27943,0.947759,1.0519,0,0,-0.296125,0,0,-1.44434,0.0363657,0.0456267,-0.437437,-0.41107,-0.418843,0.0384348,-0.015819,0.874144,0.000440928,1,0.992655,0.00340199,-0.107369,-0.0556492,0.0191435,-0.214421,-0.114065,-0.251219,0.0677613,-0.0886982,0.325589,-1.34224,0.0220038
0.999887,-0.0100143,0.00774743,-0.00810321,0.999887,-0.0100143,0.00774743,-0.00810321,0.991928,-0.0107169,0.0600662,-0.111158,0.708882,-0.082329,0.016175,-0.700319,0.704487,0.150208,-0.0196999,-0.69336,0.939747,0,0,0.341872,0.979212,0,0,0.202838,0.745714,-0.085571,-0.020226,-0.660439,0.781505,-0.0593688,0.029895,-0.620347,0.978082,0,0,-0.208221,0.991,0,0,-0.133858,0.67779,-0.0041738,-0.00464499,0.735229,0.679944,0.0391093,0.0432765,0.730941,-0.205779,0.069879,0.131019,-0.0178228,0.045679,-0.0521864,-0.151051,0.261425,0.112468,-0.0178942,0.245864,-0.0579602,-0.067889,0.626481,0.0741085,-0.00961019,0.626909,-0.0704215,-0.0400137,0.890617,-0.0138629,-0.0214685,1.04766,-0.00959334,0.00418822,1.23044,-0.00771275,-0.0426868,1.16628,0.168347,0.0410647,1.15684,-0.194609,-0.001978,0.927362,0.195555,0.0654051,0.904895,-0.216336,0.0565148,1.44253,-0.00565846,-0.139585,-0.0388721,0.222981,-0.139585,-0.0388721,0.222981,-0.406756,0.24318,-0.0801157,-0.875402,0.77115,0.0415144,0.595507,-0.305743,-0.286735,0,0,0.8829,0,0,0.902617,-0.724532,-0.0592226,0.488962,-1.41368,1.17395,1.31305,0,0,0.198847,0,0,-1.87078,0.237032,0.216055,0.141563,-0.094356,-0.165031,0.944618,-0.0237515,0.874714,-0.00123687,1,0.990344,0.0104595,-0.126673,-0.0553527,0.035885,-0.252413,-0.116222,-0.283893,0.00408913,-0.0921523,0.354474,-1.18832,0.0514729
0.999892,-0.0113188,0.00708579,-0.00620252,0.999892,-0.0113188,0.00708579,-0.00620252,0.991787,-0.014019,0.063646,-0.110051,0.709285,-0.0972453,0.0196977,-0.697904,0.707077,0.158365,-0.0282752,-0.688595,0.935388,0,0,0.353624,0.976551,0,0,0.215286,0.749942,-0.097442,-0.0175248,-0.654053,0.797013,-0.0768788,0.0464443,-0.597247,0.979121,0,0,-0.203277,0.984881,0,0,-0.173233,0.675342,0.000575417,-0.000308169,0.737505,0.681529,0.0409742,0.0443833,0.729294,-0.207626,0.0666702,0.128955,-0.0152746,0.0492725,-0.057646,-0.156743,0.258997,0.109698,-0.010121,0.249555,-0.0621916,-0.078633,0.625425,0.0699063,-0.00740387,0.62834,-0.0741686,-0.0503892,0.889998,-0.0175665,-0.0321613,1.04701,-0.011494,-0.00734967,1.22989,-0.0080692,-0.0596947,1.16527,0.168431,0.0380804,1.15668,-0.192923,-0.0153426,0.92848,0.198433,0.0692631,0.905842,-0.210304,0.0436448,1.4423,-0.00445608,-0.0782764,-0.0397004,0.114046,-0.0782764,-0.0397004,0.114046,-0.198698,0.215547,0.066335,-0.992378,0.234402,0.168083,0.533616,-0.570176,0.363806,0,0,0.752034,0,0,0.763767,-0.769305,0.179218,0.487968,-1.10601,1.05504,1.71803,0,0,0.303113,0,0,-2.39098,0.320176,0.29232,0.201265,0.123891,0.0726903,-0.141401,-0.0312526,0.874557,-0.00296997,1,0.988014,0.0159636,-0.142943,-0.0560412,0.0495783,-0.284492,-0.120422,-0.311264,-0.0185861,-0.111107,0.279729,-1.0024,-0.0170258
0.999901,-0.0108448,0.00646918,-0.00625653,0.999901,-0.0108448,0.00646918,-0.00625653,0.992039,-0.0132668,0.0667498,-0.105958,0.710887,-0.112825,0.012855,-0.694079,0.718682,0.16339,-0.0397906,-0.674697,0.931544,0,0,0.363629,0.974759,0,0,0.22326,0.755563,-0.108528,-0.0134436,-0.645883,0.815307,-0.0953916,0.0698745,-0.566827,0.980085,0,0,-0.19858,0.975079,0,0,-0.22186,0.674619,0.00380834,0.00267781,0.738151,0.698651,0.0422718,0.0447988,0.712806,-0.209286,0.0640628,0.1272,-0.0128701,0.0547189,-0.0660006,-0.16237,0.25723,0.106912,-0.000413158,0.256106,-0.0690301,-0.089861,0.624984,0.0652847,-0.00443366,0.631148,-0.0796131,-0.0617633,0.8898,-0.0217868,-0.0430333,1.04667,-0.0138461,-0.0175696,1.2294,-0.00795672,-0.0750424,1.16371,0.170842,0.0373005,1.15707,-0.188662,-0.0297088,0.928883,0.20627,0.0764699,0.907445,-0.199277,0.0334507,1.44182,-0.000821378,0.0284446,-0.0369992,-0.00323922,0.0284446,-0.0369992,-0.00323922,0.0453237,0.186406,0.246752,-1.03278,-0.456168,0.283259,0.286331,-0.755604,1.12682,0,0,0.643132,0,0,0.49041,-0.711768,0.269438,0.625269,-1.15153,1.4793,2.20374,0,0,0.287655,0,0,-2.97661,0.21821,0.201526,0.0577589,0.0683986,0.00789375,-1.42918,-0.0381226,0.874935,-0.00453851,1,0.98579,0.0204704,-0.156083,-0.0586251,0.0616406,-0.310286,-0.128444,-0.341224,-0.00593,-0.126612,0.247281,-0.810755,-0.134593
0.999935,-0.00944272,0.00495644,-0.00391294,0.999935,-0.00944272,0.00495644,-0.00391294,0.992152,-0.0148259,0.0712646,-0.101667,0.710065,-0.121738,0.00510947,-0.693513,0.729105,0.166375,-0.0454736,-0.662312,0.927815,0,0,0.37304,0.972824,0,0,0.231547,0.76277,-0.1173,-0.0137306,-0.635794,0.831122,-0.132307,0.122199,-0.526117,0.981463,0,0,-0.191653,0.960023,0,0,-0.27992,0.674286,0.00180752,0.000782212,0.738467,0.71261,0.0360891,0.0354614,0.699734,-0.210355,0.0618603,0.125462,-0.0101715,0.0657106,-0.0842888,-0.168308,0.255991,0.103997,0.0110813,0.267507,-0.0866044,-0.10231,0.625309,0.0606139,-0.000931541,0.636698,-0.091752,-0.0744859,0.890512,-0.025777,-0.0550853,1.04716,-0.015239,-0.0298039,1.22977,-0.00599764,-0.0928281,1.16177,0.173321,0.0342021,1.15985,-0.183523,-0.0471133,0.928451,0.211588,0.0822496,0.912159,-0.190283,0.0198516,1.44243,0.00520423,0.0841351,-0.0907708,0.140623,0.0841351,-0.0907708,0.140623,-0.0937621,0.271446,0.258373,-0.5957,-0.515324,0.0229993,0.154052,-0.36503,0.996714,0,0,0.607363,0,0,0.510572,-0.553114,-0.0163456,0.772561,-2.31373,3.30343,2.79797,0,0,0.423765,0,0,-3.59937,-0.135025,-0.127932,0.0278776,-0.426378,-0.637077,-1.1259,-0.0461878,0.876692,-0.00702645,1,0.98366,0.0270315,-0.166291,-0.0634806,0.0786009,-0.329654,-0.141972,-0.381678,0.0213571,-0.119704,0.400264,-0.64084,-0.245781
0.999971,-0.00659249,0.00339026,-0.00145239,0.999971,-0.00659249,0.00339026,-0.00145239,0.991932,-0.0163299,0.0753456,-0.100635,0.71224,-0.126783,-0.00802082,-0.690345,0.737182,0.182301,-0.0541027,-0.648384,0.931689,0,0,0.363256,0.970236,0,0,0.24216,0.76858,-0.123474,-0.00773733,-0.627678,0.846112,-0.141142,0.161796,-0.487847,0.982828,0,0,-0.184525,0.941723,0,0,-0.336389,0.677868,-0.000615818,-0.00130853,0.735182,0.685438,0.0266961,0.0255793,0.727192,-0.211371,0.0603951,0.121087,-0.00513999,0.0834971,-0.108788,-0.174225,0.255798,0.0994217,0.0221816,0.282335,-0.108025,-0.115098,0.626831,0.0561843,0.0021256,0.644129,-0.103132,-0.0875902,0.892135,-0.0289081,-0.068119,1.04866,-0.0167325,-0.0439585,1.23127,-0.00477394,-0.1126,1.16115,0.175192,0.0314067,1.16393,-0.179445,-0.0686237,0.927464,0.2191,0.090307,0.919193,-0.181797,0.00366762,1.44418,0.0102372,0.171022,-0.0939751,0.147637,0.171022,-0.0939751,0.147637,-0.090551,0.245835,0.0616851,-0.32876,-0.873598,0.249454,1.0154,-0.559246,1.05207,0,0,-0.631408,0,0,0.655471,-0.385354,0.392133,0.618543,-0.51371,2.46385,2.60218,0,0,0.435476,0,0,-3.56215,-0.163521,-0.141004,-0.291609,-0.60583,-0.639148,2.33872,-0.0551238,0.879859,-0.0100559,1,0.981111,0.0299932,-0.179225,-0.0663351,0.0882444,-0.355116,-0.150864,-0.393129,0.0486897,-0.0939327,0.158161,-0.795441,-0.169613
0.999992,-0.00333109,0.00211395,-0.000534648,0.999992,-0.00333109,0.00211395,-0.000534648,0.991672,-0.0168428,0.0792794,-0.100093,0.717032,-0.124612,-0.0283,-0.685227,0.743242,0.205214,-0.0608632,-0.633857,0.93987,0,0,0.341531,0.967313,0,0,0.253587,0.776015,-0.130201,-0.00235544,-0.617125,0.856093,-0.132234,0.192706,-0.460959,0.98411,0,0,-0.177562,0.928254,0,0,-0.371948,0.678266,0.00142986,0.000642163,0.734815,0.659988,0.00307244,0.0050261,0.751253,-0.212385,0.0574837,0.116849,-0.00140563,0.0967656,-0.144619,-0.180009,0.253738,0.0949231,0.0288501,0.292882,-0.135889,-0.127203,0.626196,0.0514464,0.0028014,0.64851,-0.114855,-0.0986328,0.891366,-0.032391,-0.0783443,1.0476,-0.0180182,-0.0539664,1.22991,-0.00238099,-0.13066,1.15754,0.177006,0.0346909,1.16562,-0.174173,-0.0937183,0.921759,0.227403,0.102373,0.923934,-0.173434,-0.00659537,1.44243,0.018117,0.195687,-0.0765806,0.055065,0.195687,-0.0765806,0.055065,-0.0309467,0.237082,0.0320481,0.159667,-1.34533,0.424368,1.47844,-0.436165,1.05295,0,0,-1.39288,0,0,0.707694,-0.414438,0.350808,0.79831,0.593596,1.91243,1.80565,0,0,0.424786,0,0,-2.28161,0.137877,0.131483,-0.0324859,-1.58559,-1.37791,2.1257,-0.0623765,0.880224,-0.0132986,1,0.976941,0.0334413,-0.198379,-0.0715126,0.101616,-0.392854,-0.166378,-0.331278,-0.0230828,-0.104489,0.189933,-1.17689,-0.318792
1,0.000146734,0.000601194,-0.000178833,1,0.000146734,0.000601194,-0.000178833,0.991253,-0.0167917,0.0834955,-0.10082,0.722404,-0.118386,-0.0564006,-0.678923,0.749227,0.230851,-0.0626251,-0.617612,0.950443,0,0,0.310898,0.965115,0,0,0.261826,0.782953,-0.139774,0.00318372,-0.606166,0.858952,-0.109588,0.213951,-0.452124,0.98512,0,0,-0.171866,0.920945,0,0,-0.389692,0.67599,0.00367051,0.00262147,0.736897,0.659769,0.00578787,0.00745788,0.75141,-0.212467,0.0540983,0.112864,-0.00416493,0.104842,-0.191667,-0.184538,0.250778,0.090327,0.0287396,0.299423,-0.16927,-0.13771,0.624321,0.0459271,0.000630429,0.65012,-0.126692,-0.107934,0.889415,-0.0365735,-0.0873559,1.04533,-0.0194428,-0.0633054,1.22725,0.000628701,-0.150027,1.15223,0.178844,0.0411631,1.16708,-0.167427,-0.123997,0.913825,0.236453,0.118761,0.929007,-0.164711,-0.0166758,1.43916,0.0278556,0.20867,-0.0907656,0.021349,0.20867,-0.0907656,0.021349,0.00293418,0.254373,-0.044602,0.429521,-1.85785,0.511342,1.65078,-0.106497,1.1596,0,0,-1.94445,0,0,0.511599,-0.598157,0.359091,0.812904,1.435,1.32588,0.586149,0,0,0.347124,0,0,-1.15145,0.151233,0.133556,0.184752,0.184369,0.165123,0.0150622,-0.0696191,0.879011,-0.0169629,1,0.97158,0.0384169,-0.220988,-0.0756309,0.119596,-0.43742,-0.181985,-0.27905,-0.0585341,-0.125474,0.254444,-1.40228,-0.250566
0.999993,0.00351464,-0.00122552,-0.00030545,0.999993,0.00351464,-0.00122552,-0.00030545,0.990783,-0.0163246,0.0878204,-0.101836,0.726735,-0.106985,-0.0946507,-0.671901,0.755134,0.258465,-0.0588429,-0.599588,0.961426,0,0,0.275062,0.963465,0,0,0.267835,0.790162,-0.152673,0.00924684,-0.593505,0.853709,-0.0768507,0.226229,-0.462705,0.986159,0,0,-0.165804,0.920367,0,0,-0.391056,0.669378,0.00299884,0.00159677,0.742915,0.683069,0.0392288,0.0367726,0.728372,-0.208151,0.0498524,0.11031,-0.0137208,0.109083,-0.250607,-0.185574,0.2465,0.0862992,0.0215653,0.30203,-0.208897,-0.146035,0.621014,0.0396346,-0.00473915,0.648327,-0.139469,-0.115693,0.886057,-0.0415886,-0.0953768,1.04161,-0.0211887,-0.0722393,1.22303,0.0038862,-0.171305,1.14527,0.180268,0.0500614,1.16809,-0.159102,-0.160998,0.904576,0.245032,0.139136,0.93455,-0.154806,-0.0270753,1.43413,0.0386876,0.202075,-0.109603,-0.00759704,0.202075,-0.109603,-0.00759704,0.0279568,0.261084,-0.0620977,0.767123,-2.52377,0.538921,1.77319,0.256621,1.2695,0,0,-2.249,0,0,0.37392,-0.808927,0.391031,0.922315,2.05305,0.800076,-0.721141,0,0,0.369009,0,0,-0.0888974,-0.0447809,-0.0688422,0.536617,2.24595,1.96735,-2.01608,-0.0768909,0.876034,-0.0213064,1,0.965097,0.0450942,-0.245667,-0.0787532,0.142683,-0.485987,-0.198268,-0.232754,-0.100713,-0.150452,0.333647,-1.54788,-0.179806
0.999974,0.00631433,-0.00299437,-0.00173787,0.999974,0.00631433,-0.00299437,-0.00173787,0.990614,-0.0153101,0.0914786,-0.100403,0.728324,-0.0849432,-0.146929,-0.663883,0.758765,0.290753,-0.0515419,-0.580587,0.97114,0,0,0.238511,0.96073,0,0,0.277485,0.801109,-0.167521,0.0157953,-0.57438,0.84029,-0.0373315,0.231773,-0.488672,0.987916,0,0,-0.154992,0.926689,0,0,-0.37583,0.654414,-0.00252512,-0.00448374,0.756119,0.703092,0.0715214,0.0670457,0.704309,-0.193767,0.0472914,0.112518,-0.0260011,0.115885,-0.320714,-0.179937,0.24307,0.0850648,0.00880202,0.304236,-0.255841,-0.151986,0.618625,0.0331816,-0.0135226,0.645372,-0.154399,-0.121982,0.883154,-0.0473548,-0.101283,1.03811,-0.0231186,-0.0778972,1.21862,0.00761782,-0.192689,1.13919,0.18055,0.062956,1.1689,-0.148986,-0.206082,0.897433,0.250282,0.162357,0.940382,-0.142413,-0.0331923,1.4283,0.0507365,0.167984,-0.106132,-0.0859463,0.167984,-0.106132,-0.0859463,0.0610013,0.220478,0.0859048,1.46129,-3.45192,0.557033,2.08671,0.482333,1.29512,0,0,-2.26933,0,0,0.601795,-0.915377,0.418816,1.38458,2.48262,0.420562,-1.78769,0,0,0.657211,0,0,0.9892,-0.374614,-0.413042,1.19716,2.13494,2.00142,-1.98663,-0.0826673,0.873239,-0.0262179,1,0.957029,0.0527731,-0.27238,-0.0843813,0.172006,-0.538029,-0.223415,-0.188681,-0.0871014,-0.172986,0.423273,-1.68708,-0.32316
0.999951,0.00884065,-0.00449375,-0.00032139,0.999951,0.00884065,-0.00449375,-0.00032139,0.990552,-0.0125192,0.0942189,-0.0988595,0.715298,-0.0724628,-0.213471,-0.661459,0.750649,0.334416,-0.0404366,-0.56838,0.977605,0,0,0.210448,0.955793,0,0,0.294041,0.803557,-0.185712,0.0195409,-0.565178,0.814534,-0.00479394,0.2244,-0.534935,0.986454,0,0,-0.164037,0.937758,0,0,-0.347288,0.660116,0.00435325,0.0021762,0.751148,0.712668,0.0892804,0.0846285,0.690631,-0.203709,0.0490112,0.10545,-0.044864,0.128742,-0.387984,-0.187116,0.245038,0.0779552,-0.0117513,0.310005,-0.302674,-0.157592,0.619713,0.0247123,-0.0250397,0.645583,-0.170657,-0.125885,0.884624,-0.0540073,-0.107299,1.03918,-0.0258804,-0.0875599,1.21921,0.00982895,-0.222807,1.13875,0.179109,0.0724451,1.17846,-0.141842,-0.265498,0.900001,0.253301,0.186095,0.958131,-0.134686,-0.0485593,1.42843,0.060326,0.151585,-0.0899659,0.0849896,0.151585,-0.0899659,0.0849896,0.167966,0.165054,0.0927905,0.801,-4.46922,-0.0586983,2.92007,0.717578,0.683949,0,0,-1.72798,0,0,1.0366,-1.15938,0.239802,0.624587,2.06046,-0.334036,-3.252,0,0,-0.549715,0,0,1.83689,0.467296,0.452771,-0.453854,1.16335,1.15274,-1.08314,-0.0924487,0.875474,-0.0329612,1,0.948617,0.0632999,-0.298321,-0.084403,0.20642,-0.588723,-0.240265,-0.117084,0.0440945,-0.199575,0.500193,-1.68054,0.0460701
0.999888,0.0131067,-0.00711847,0.00122069,0.999888,0.0131067,-0.00711847,0.00122069,0.990609,-0.0115937,0.0972087,-0.0954434,0.695333,-0.0724735,-0.28345,-0.656442,0.737915,0.374049,-0.0160157,-0.561527,0.980697,0,0,0.195534,0.949323,0,0,0.314303,0.801524,-0.210743,0.0313243,-0.558717,0.785452,0.0278266,0.205832,-0.583031,0.989748,0,0,-0.142822,0.949496,0,0,-0.313778,0.656155,-0.0113411,-0.0119067,0.754447,0.70877,0.102702,0.0955564,0.691352,-0.196376,0.0481485,0.102542,-0.0651361,0.143687,-0.450122,-0.18718,0.243788,0.0713701,-0.0355619,0.316752,-0.348643,-0.163744,0.619564,0.0139723,-0.0392177,0.645221,-0.188668,-0.12943,0.884934,-0.0619971,-0.112429,1.03898,-0.0303188,-0.0962139,1.21829,0.0103596,-0.253753,1.13847,0.175386,0.0821974,1.18903,-0.137912,-0.328097,0.907593,0.252212,0.211619,0.979462,-0.133596,-0.0631477,1.42683,0.0677802,0.255985,-0.157495,0.0925276,0.255985,-0.157495,0.0925276,0.0557186,0.17984,0.205721,-0.0380378,-4.79486,-0.0047847,2.71622,1.59557,0.271253,0,0,-0.913886,0,0,1.27626,-1.61877,0.758776,0.38839,2.10714,-1.04685,-3.47983,0,0,1.28817,0,0,2.13048,-1.06656,-0.957228,0.304529,0.902825,0.736267,0.117073,-0.101635,0.876957,-0.0411801,1,0.941125,0.0720958,-0.318797,-0.0863344,0.237981,-0.628099,-0.260582,-0.106355,0.00929422,-0.239696,0.460006,-1.33687,-0.0682068
0.999795,0.0173653,-0.0101493,0.00225193,0.999795,0.0173653,-0.0101493,0.00225193,0.990568,-0.011562,0.100122,-0.0928303,0.666553,-0.0886041,-0.34977,-0.652316,0.719507,0.410962,0.0233353,-0.559352,0.981618,0,0,0.190857,0.940453,0,0,0.339923,0.805658,-0.224264,0.0344114,-0.547209,0.75402,0.0559677,0.182266,-0.62857,0.99172,0,0,-0.128419,0.960683,0,0,-0.277647,0.647653,-0.0175009,-0.0180375,0.761521,0.706446,0.118475,0.10879,0.689248,-0.189015,0.0486494,0.102218,-0.089408,0.158219,-0.505122,-0.185968,0.243147,0.067267,-0.0629329,0.324113,-0.391737,-0.168569,0.61915,0.00442713,-0.0555205,0.64471,-0.207827,-0.132638,0.884111,-0.0709014,-0.116022,1.03753,-0.0361847,-0.101834,1.21596,0.00885972,-0.283279,1.14135,0.168722,0.094283,1.19956,-0.138054,-0.39247,0.924701,0.246156,0.240212,1.00393,-0.139046,-0.0726771,1.4234,0.0722517,0.255557,-0.181878,0.0618812,0.255557,-0.181878,0.0618812,0.00189906,0.175432,0.1572,-1.14722,-4.70574,-0.219288,2.62209,2.60254,-0.116637,0,0,-0.285986,0,0,1.62675,-0.847718,0.195192,0.793521,1.86341,-1.38533,-3.42668,0,0,0.872261,0,0,2.26953,-0.422823,-0.420975,0.656655,1.05755,0.887878,-0.0988578,-0.109778,0.878257,-0.0503514,1,0.934348,0.0784084,-0.335422,-0.0913081,0.26597,-0.659198,-0.286288,-0.0962349,-0.0246939,-0.267129,0.394815,-1.07962,-0.26714
0.999687,0.0211584,-0.0131012,0.00240356,0.999687,0.0211584,-0.0131012,0.00240356,0.990494,-0.0111474,0.102799,-0.090718,0.627849,-0.118924,-0.408138,-0.651986,0.696033,0.444076,0.0782213,-0.558763,0.980887,0,0,0.19458,0.929631,0,0,0.368491,0.816762,-0.225788,0.028015,-0.530222,0.722335,0.0751973,0.159814,-0.668608,0.991107,0,0,-0.133069,0.97015,0,0,-0.242507,0.641833,-0.00899239,-0.0110954,0.766711,0.711494,0.136022,0.125405,0.677899,-0.191556,0.0505676,0.102579,-0.118861,0.171913,-0.552964,-0.188546,0.244066,0.0648669,-0.0934183,0.332406,-0.43102,-0.17272,0.618886,-0.00375663,-0.073041,0.644808,-0.227661,-0.135979,0.88249,-0.0807093,-0.118646,1.03517,-0.0432359,-0.104877,1.21255,0.00584151,-0.310462,1.14868,0.158917,0.10854,1.21092,-0.14097,-0.455358,0.953415,0.233977,0.271866,1.03349,-0.148832,-0.0775449,1.41851,0.0747774,0.227643,-0.17715,0.00910391,0.227643,-0.17715,0.00910391,0.0249363,0.161289,0.127006,-2.17837,-4.38262,-0.665551,2.46461,3.68762,-0.298542,0,0,0.227682,0,0,1.83297,-0.0390864,-0.418045,1.2288,1.31841,-1.343,-3.15101,0,0,-0.281395,0,0,2.18367,0.579004,0.471812,0.475979,1.15208,1.09131,-0.844517,-0.117488,0.879921,-0.0601734,1,0.927878,0.0828649,-0.349836,-0.0989508,0.292151,-0.685178,-0.317329,-0.100235,-0.0486159,-0.294237,0.355147,-0.926798,-0.442053
0.999555,0.0253191,-0.0157231,0.00157433,0.999555,0.0253191,-0.0157231,0.00157433,0.990698,-0.00876738,0.105243,-0.0858168,0.578528,-0.155896,-0.456962,-0.65741,0.670343,0.470151,0.148113,-0.554671,0.978552,0,0,0.206,0.919218,0,0,0.393749,0.825087,-0.232544,0.0272987,-0.514207,0.693155,0.0812838,0.144317,-0.701499,0.989598,0,0,-0.143862,0.976995,0,0,-0.213261,0.647183,-0.00769918,-0.00957022,0.762235,0.721207,0.147606,0.138684,0.662449,-0.202588,0.0513235,0.0969985,-0.152742,0.18655,-0.595313,-0.196318,0.244931,0.0580134,-0.125459,0.342744,-0.466982,-0.178515,0.618377,-0.0142952,-0.0905999,0.646413,-0.248101,-0.140376,0.880716,-0.091823,-0.122135,1.0325,-0.0513175,-0.108466,1.20852,0.00238665,-0.336519,1.15891,0.145434,0.121897,1.22578,-0.143225,-0.513879,0.990262,0.212918,0.304477,1.0729,-0.158247,-0.083154,1.41265,0.0775787,0.24974,-0.157374,-0.0497548,0.24974,-0.157374,-0.0497548,0.143292,0.146643,0.29536,-2.76119,-3.9988,-1.29589,2.06329,4.77806,-0.10144,0,0,0.699354,0,0,1.63931,-0.387113,-0.0510935,1.1237,0.4643,-0.918339,-2.70603,0,0,-0.653923,0,0,1.80229,0.0895512,0.105684,-0.417482,0.734058,0.849004,-1.19216,-0.126276,0.882312,-0.0710765,1,0.921155,0.0874743,-0.363716,-0.107387,0.32079,-0.709284,-0.351783,-0.131903,-0.0532097,-0.33341,0.384722,-0.89931,-0.481841
0.999394,0.0297281,-0.0180657,0.00128432,0.999394,0.0297281,-0.0180657,0.00128432,0.990806,-0.0108859,0.105649,-0.0837996,0.529922,-0.175053,-0.503934,-0.659235,0.639498,0.494408,0.230086,-0.541908,0.977321,0,0,0.211763,0.912504,0,0,0.409068,0.831115,-0.244843,0.027028,-0.498567,0.675358,0.0612903,0.155553,-0.718289,0.992012,0,0,-0.126147,0.978755,0,0,-0.205033,0.638205,-0.0259615,-0.0254752,0.769006,0.728156,0.159554,0.152131,0.648989,-0.190215,0.0536345,0.102443,-0.190302,0.200521,-0.628104,-0.192647,0.245147,0.0568376,-0.155979,0.352513,-0.49553,-0.184929,0.617772,-0.0256606,-0.10584,0.648418,-0.26799,-0.147665,0.878929,-0.105018,-0.129781,1.02999,-0.0618367,-0.117909,1.20482,-0.00401052,-0.361953,1.16708,0.127576,0.12684,1.24848,-0.147802,-0.563525,1.02337,0.182423,0.331293,1.13087,-0.16964,-0.0956827,1.40736,0.0763518,0.264676,-0.140633,-0.0173991,0.264676,-0.140633,-0.0173991,-0.12748,0.0242082,0.121588,-1.59856,-4.02826,-1.08621,2.05258,5.73394,0.410609,0,0,0.353597,0,0,1.00358,-0.750158,-0.021023,1.06669,-1.31096,0.825695,-1.46134,0,0,1.07278,0,0,0.504804,-1.25244,-1.09147,0.651016,0.763834,0.864543,-1.00642,-0.136434,0.885433,-0.0827969,1,0.916471,0.0928742,-0.372821,-0.11162,0.34524,-0.72432,-0.374317,-0.218683,-0.0536195,-0.395844,0.356756,-0.618048,-0.194091
0.99919,0.0345097,-0.0206128,0.00205529,0.99919,0.0345097,-0.0206128,0.00205529,0.991064,-0.0122,0.104924,-0.0814512,0.492412,-0.172069,-0.558397,-0.64507,0.616602,0.503355,0.313637,-0.517752,0.978139,0,0,0.207951,0.909929,0,0,0.414764,0.838377,-0.251963,0.0208784,-0.482911,0.670731,0.039519,0.173353,-0.720074,0.990622,0,0,-0.136629,0.977204,0,0,-0.212303,0.638074,-0.0228589,-0.022989,0.769292,0.685191,0.168672,0.145693,0.693423,-0.197008,0.0567668,0.100896,-0.22351,0.210823,-0.64707,-0.198291,0.247544,0.0523238,-0.182191,0.358625,-0.516776,-0.192139,0.617987,-0.0373538,-0.11975,0.649426,-0.2867,-0.157187,0.8777,-0.120145,-0.139304,1.02811,-0.0748252,-0.129102,1.20184,-0.0135869,-0.38243,1.17298,0.109637,0.123198,1.27294,-0.155934,-0.601509,1.05222,0.152301,0.344912,1.19593,-0.182555,-0.109919,1.40305,0.0709263,0.287093,-0.152943,0.0462754,0.287093,-0.152943,0.0462754,-0.07903,-0.0441841,0.141765,0.0118744,-4.55549,0.257942,0.932379,5.91777,1.32401,0,0,-0.233967,0,0,0.375031,-0.411018,-0.39474,1.07656,-1.46411,1.22235,-0.209086,0,0,-0.634438,0,0,-0.446013,0.212376,0.170161,0.0223754,0.789483,-0.264283,3.705,-0.148298,0.888799,-0.0956801,1,0.915467,0.0972537,-0.372909,-0.115763,0.359758,-0.721158,-0.388489,-0.285658,-0.0368793,-0.453812,0.3385,-0.0335381,-0.137058
0.998938,0.0395239,-0.0235326,0.00280149,0.998938,0.0395239,-0.0235326,0.00280149,0.99149,-0.0133724,0.103471,-0.0778619,0.455373,-0.158841,-0.60458,-0.633946,0.598403,0.499315,0.394829,-0.486527,0.978908,0,0,0.204304,0.910211,0,0,0.414145,0.84722,-0.250526,0.00908254,-0.468373,0.679659,0.0178354,0.198674,-0.705885,0.988538,0,0,-0.150971,0.974436,0,0,-0.224665,0.643764,-0.0281212,-0.0271462,0.764225,0.659166,0.161483,0.131882,0.722517,-0.206287,0.0600001,0.098399,-0.249515,0.209685,-0.654768,-0.205272,0.250612,0.0473439,-0.202223,0.356847,-0.529061,-0.200249,0.618644,-0.0486999,-0.132854,0.648439,-0.303758,-0.168667,0.876602,-0.136233,-0.149408,1.0264,-0.089555,-0.139127,1.19907,-0.0254934,-0.396263,1.1779,0.0921209,0.113159,1.29566,-0.17051,-0.627511,1.07727,0.122093,0.344291,1.26051,-0.204766,-0.120865,1.39903,0.0622426,0.301134,-0.175352,0.0447983,0.301134,-0.175352,0.0447983,-0.070439,-0.0883119,0.216671,0.771542,-4.09028,0.0459234,-0.021489,5.81211,1.90599,0,0,-0.223621,0,0,-0.0408334,0.141738,-0.750361,1.01696,-1.46996,1.66455,1.12639,0,0,-0.869562,0,0,-0.760051,-0.355978,-0.28045,-0.466307,-0.371298,-0.83694,2.45591,-0.159728,0.89123,-0.109162,1,0.918954,0.098808,-0.361937,-0.121501,0.35892,-0.696056,-0.39435,-0.344391,-0.032933,-0.482645,0.269644,0.703385,-0.192202
0.99868,0.0439388,-0.0263999,0.00328682,0.99868,0.0439388,-0.0263999,0.00328682,0.992073,-0.01522,0.100801,-0.0734739,0.41704,-0.138573,-0.639013,-0.631298,0.579214,0.488091,0.468497,-0.45474,0.979391,0,0,0.201974,0.913221,0,0,0.407465,0.857009,-0.243431,-0.00341372,-0.454164,0.700363,-0.00350968,0.231132,-0.67532,0.987197,0,0,-0.159505,0.9707,0,0,-0.240293,0.651732,-0.0457675,-0.0415799,0.755924,0.665375,0.142037,0.118787,0.723181,-0.210527,0.0628793,0.0976288,-0.265923,0.196135,-0.653351,-0.209841,0.253281,0.0432749,-0.214258,0.346932,-0.533273,-0.209198,0.618989,-0.0594975,-0.144755,0.644876,-0.318978,-0.181964,0.874716,-0.152626,-0.159516,1.02398,-0.105772,-0.146556,1.1958,-0.0400375,-0.40294,1.18299,0.0745931,0.099389,1.31315,-0.193078,-0.642572,1.10033,0.0921407,0.331604,1.31639,-0.240648,-0.125839,1.39489,0.0492983,0.265215,-0.172238,0.0291471,0.265215,-0.172238,0.0291471,-0.110993,-0.161817,0.26489,1.31972,-3.3782,-0.624204,-0.510702,5.38635,1.96024,0,0,-0.142745,0,0,-0.439584,0.502679,-0.789701,0.99935,-1.43589,2.0611,2.42474,0,0,-0.518336,0,0,-0.964137,-1.19573,-0.977144,-0.731227,-1.34426,-0.909041,-0.0755065,-0.169454,0.891835,-0.123362,1,0.925646,0.0960901,-0.342237,-0.129691,0.342757,-0.654367,-0.395747,-0.398902,-0.0565683,-0.49178,0.131939,1.29999,-0.345023
0.998524,0.0462292,-0.0281957,0.00412692,0.998524,0.0462292,-0.0281957,0.00412692,0.99278,-0.0187143,0.095531,-0.0700847,0.383541,-0.105375,-0.669312,-0.627545,0.551587,0.479428,0.528883,-0.431491,0.981105,0,0,0.193478,0.919998,0,0,0.391922,0.866454,-0.239967,-0.00693884,-0.43775,0.729053,-0.025805,0.268955,-0.628872,0.98592,0,0,-0.167217,0.964009,0,0,-0.265871,0.65892,-0.0540828,-0.0485083,0.748696,0.6583,0.129718,0.108112,0.733571,-0.211579,0.0649416,0.0977633,-0.272912,0.175661,-0.641796,-0.212716,0.25491,0.039826,-0.218273,0.331494,-0.530892,-0.218893,0.617976,-0.0700678,-0.154524,0.638133,-0.332105,-0.197072,0.870629,-0.168982,-0.169833,1.01955,-0.123659,-0.151678,1.19118,-0.0586982,-0.403797,1.18798,0.0540633,0.0841913,1.32216,-0.224152,-0.649421,1.12135,0.0581602,0.310916,1.35588,-0.291128,-0.1249,1.39033,0.028975,0.137628,-0.107884,0.0504412,0.137628,-0.107884,0.0504412,-0.209946,-0.318407,0.204889,2.37521,-3.07248,-0.459136,-0.216207,4.66779,1.27848,0,0,-0.520028,0,0,-1.0174,0.269144,-0.220733,1.12732,-1.47078,2.32991,3.56491,0,0,-0.469004,0,0,-1.58639,-0.555818,-0.462443,-0.637849,-0.809804,-0.702552,0.843292,-0.17747,0.889787,-0.139119,1,0.93257,0.0880556,-0.320696,-0.140405,0.315603,-0.61067,-0.399095,-0.453235,-0.122621,-0.490677,-0.0985291,1.46299,-0.582026
0.998619,0.0441766,-0.0282924,0.00291331,0.998619,0.0441766,-0.0282924,0.00291331,0.993772,-0.0210012,0.0873039,-0.065988,0.357782,-0.0495521,-0.689404,-0.6279,0.49952,0.482579,0.564349,-0.446215,0.982576,0,0,0.185859,0.925967,0,0,0.377604,0.879852,-0.227436,-0.0190542,-0.416857,0.771132,-0.0296698,0.278574,-0.571727,0.984885,0,0,-0.17321,0.943527,0,0,-0.331296,0.672445,-0.0783255,-0.0694225,0.73271,0.678303,0.141115,0.120975,0.710884,-0.206897,0.0671447,0.107114,-0.287561,0.15475,-0.617441,-0.212047,0.256233,0.0428438,-0.220278,0.3142,-0.516043,-0.229271,0.614976,-0.0781398,-0.161831,0.626312,-0.339992,-0.215015,0.862869,-0.185983,-0.181864,1.0116,-0.144042,-0.155224,1.18341,-0.0825392,-0.39727,1.18847,0.0298662,0.0640314,1.3191,-0.26934,-0.645202,1.13009,0.0197603,0.277556,1.36693,-0.36875,-0.117787,1.38309,-9.62477e-06,-0.1233,-0.00574851,-0.0728581,-0.1233,-0.00574851,-0.0728581,-0.137124,-0.49656,0.247709,4.22267,-2.18471,-0.617393,0.997533,3.42183,-1.76047,0,0,-0.465631,0,0,-0.93073,0.854926,-0.755442,1.43659,-0.224497,0.34551,4.37187,0,0,-0.364914,0,0,-4.11412,-1.61802,-1.3952,-1.35106,0.698835,0.809143,-1.92093,-0.184878,0.883465,-0.156073,1,0.940597,0.0760719,-0.294584,-0.150703,0.277251,-0.560064,-0.397946,-0.5383,-0.232803,-0.510033,-0.29487,1.77122,-0.6013
0.998732,0.0423702,-0.0269456,0.00364708,0.998732,0.0423702,-0.0269456,0.00364708,0.994744,-0.0243496,0.079157,-0.060208,0.332367,0.00570361,-0.697255,-0.635087,0.44938,0.484493,0.576883,-0.480135,0.983464,0,0,0.181103,0.93048,0,0,0.366343,0.899506,-0.192785,-0.0376859,-0.390261,0.808593,-0.0238582,0.292959,-0.509689,0.9779,0,0,-0.209073,0.921817,0,0,-0.387625,0.684804,-0.0775938,-0.069946,0.7212,0.706082,0.14665,0.133255,0.679842,-0.219298,0.0685992,0.111669,-0.29345,0.1369,-0.597769,-0.218777,0.258072,0.045266,-0.217152,0.300443,-0.505252,-0.239407,0.611429,-0.0824597,-0.169393,0.614779,-0.347957,-0.23359,0.852431,-0.200848,-0.193607,1.00096,-0.164502,-0.158004,1.17336,-0.109467,-0.387834,1.18617,0.00287122,0.041947,1.30526,-0.319375,-0.635992,1.1312,-0.0193365,0.237398,1.35368,-0.452706,-0.109811,1.37441,-0.0361745,-0.108532,0.0809037,0.0440381,-0.108532,0.0809037,0.0440381,-0.200846,-0.491381,0.348702,4.28329,-1.27412,-1.16333,0.928742,1.84998,-3.24421,0,0,-0.290261,0,0,-0.727911,2.24949,-1.14872,1.83092,0.399344,0.673531,4.4911,0,0,-2.19232,0,0,-3.62266,0.0747961,-0.0124925,-1.01324,0.266639,0.73091,-2.58533,-0.192439,0.874781,-0.174425,1,0.947528,0.0573581,-0.26854,-0.163669,0.227506,-0.51223,-0.401907,-0.557262,-0.313142,-0.445971,-0.623214,1.82108,-0.881205
0.998855,0.0406302,-0.0247794,0.00481527,0.998855,0.0406302,-0.0247794,0.00481527,0.995612,-0.0264614,0.0702881,-0.0558312,0.312717,0.0579086,-0.693272,-0.646707,0.42236,0.472892,0.580309,-0.511103,0.984417,0,0,0.17585,0.933205,0,0,0.359345,0.919326,-0.154005,-0.0603831,-0.357039,0.844724,-0.0117529,0.306125,-0.438852,0.96765,0,0,-0.252295,0.898588,0,0,-0.438792,0.685825,-0.0663341,-0.06055,0.722203,0.726518,0.148635,0.141672,0.65575,-0.232086,0.0710246,0.116789,-0.291505,0.123526,-0.582031,-0.224926,0.260209,0.04981,-0.209902,0.29135,-0.498626,-0.248676,0.606983,-0.0837268,-0.177336,0.604784,-0.356258,-0.252609,0.839524,-0.213127,-0.204876,0.987175,-0.183027,-0.15928,1.1594,-0.135284,-0.374505,1.17817,-0.0201155,0.0188569,1.28096,-0.368199,-0.622012,1.12249,-0.049484,0.192113,1.32095,-0.532652,-0.099186,1.3607,-0.0720198,-0.104543,0.130087,0.0701095,-0.104543,0.130087,0.0701095,-0.126472,-0.534293,0.26404,4.13549,-0.213884,-1.40145,-0.427588,0.785833,-2.76597,0,0,-0.320322,0,0,-0.450581,2.47379,-1.38359,2.2153,0.786343,0.588808,4.91061,0,0,-2.66548,0,0,-3.37202,0.758699,0.633261,0.0480003,0.0547903,0.48724,-1.94838,-0.19895,0.863336,-0.191331,1,0.953597,0.0374572,-0.23822,-0.180281,0.176192,-0.456518,-0.414729,-0.570572,-0.387214,-0.368346,-0.587036,2.07472,-1.10142
0.998975,0.038875,-0.0224022,0.00591378,0.998975,0.038875,-0.0224022,0.00591378,0.996457,-0.0254382,0.0606379,-0.0524343,0.304532,0.103292,-0.677346,-0.66166,0.424549,0.445662,0.582117,-0.531304,0.985691,0,0,0.16856,0.934138,0,0,0.356913,0.936873,-0.121816,-0.0844564,-0.316698,0.879333,0.00123553,0.313953,-0.358059,0.955388,0,0,-0.295352,0.874523,0,0,-0.484984,0.681401,-0.0539344,-0.0493378,0.728251,0.729162,0.15427,0.147598,0.650183,-0.23777,0.0738569,0.123513,-0.282045,0.114843,-0.569191,-0.225858,0.262115,0.0557768,-0.199914,0.287299,-0.495779,-0.255747,0.601078,-0.083395,-0.186211,0.597078,-0.365001,-0.271776,0.824165,-0.222652,-0.215656,0.969986,-0.198666,-0.159181,1.14082,-0.158035,-0.357818,1.16289,-0.0357699,-0.00618335,1.24767,-0.41237,-0.604716,1.10303,-0.0649054,0.141399,1.27303,-0.603039,-0.0863395,1.34066,-0.104083,-0.10545,0.142742,0.0659213,-0.10545,0.142742,0.0659213,0.0619112,-0.580887,0.204998,3.62452,1.04258,-1.39594,-2.07889,0.0919684,-1.47738,0,0,-0.444048,0,0,-0.156299,2.03031,-1.45311,2.60556,0.821366,0.251979,5.39302,0,0,-2.68638,0,0,-3.12544,0.826938,0.747674,0.491231,0.362434,0.382144,-0.41168,-0.204115,0.848966,-0.205602,1,0.95854,0.0198404,-0.201567,-0.200445,0.128747,-0.388138,-0.437626,-0.574996,-0.460763,-0.285776,-0.334512,2.4045,-1.27006
0.999075,0.0371218,-0.0204069,0.00745103,0.999075,0.0371218,-0.0204069,0.00745103,0.997445,-0.0197794,0.0508864,-0.0460686,0.313658,0.136786,-0.648555,-0.679915,0.445103,0.408851,0.580947,-0.545183,0.987193,0,0,0.159528,0.933557,0,0,0.358428,0.952143,-0.0992691,-0.106973,-0.268564,0.910022,0.00766138,0.314711,-0.269735,0.938516,0,0,-0.345237,0.852303,0,0,-0.523049,0.694246,-0.0447727,-0.0420951,0.71711,0.705632,0.175101,0.156559,0.668515,-0.238539,0.0746791,0.12683,-0.265422,0.109195,-0.557649,-0.22069,0.263356,0.0585347,-0.189108,0.286731,-0.495616,-0.258952,0.593186,-0.0835086,-0.197031,0.591229,-0.373995,-0.290685,0.806179,-0.229548,-0.226118,0.949334,-0.211403,-0.158762,1.11772,-0.177645,-0.33955,1.1395,-0.0437087,-0.0348801,1.20849,-0.449951,-0.585683,1.07153,-0.0633515,0.0835255,1.21566,-0.661221,-0.0740578,1.31507,-0.132151,-0.105301,0.119802,0.0922517,-0.105301,0.119802,0.0922517,0.340325,-0.586792,0.383312,2.6123,2.51983,-1.20693,-3.04743,-0.493088,-0.661118,0,0,-0.54938,0,0,0.0973432,1.41375,-1.34598,3.0362,0.39672,-0.163165,5.70394,0,0,-3.16003,0,0,-2.64473,0.631784,0.501707,-0.991493,1.48159,0.686102,1.61269,-0.208566,0.831626,-0.217456,1,0.961761,0.00590735,-0.158882,-0.223018,0.0863931,-0.307817,-0.469126,-0.567272,-0.539571,-0.20686,-0.0188221,2.68941,-1.37775
0.999285,0.0326075,-0.0172445,0.00832066,0.999285,0.0326075,-0.0172445,0.00832066,0.998408,-0.0148965,0.0410549,-0.0356915,0.344123,0.178916,-0.625805,-0.67671,0.475555,0.376182,0.575011,-0.549269,0.988717,0,0,0.149796,0.933176,0,0,0.359419,0.966426,-0.086939,-0.109808,-0.215419,0.931928,0.000680014,0.321022,-0.168687,0.917968,0,0,-0.396656,0.828352,0,0,-0.560208,0.700952,-0.0387238,-0.0370047,0.711194,0.767842,0.15691,0.170906,0.59715,-0.230777,0.0924275,0.123404,-0.254529,0.119756,-0.541949,-0.207941,0.280934,0.0545467,-0.179225,0.30682,-0.492785,-0.257537,0.601453,-0.0854125,-0.208964,0.603886,-0.381058,-0.307519,0.80354,-0.232443,-0.233478,0.942911,-0.222811,-0.153476,1.1076,-0.20009,-0.31264,1.12763,-0.0512625,-0.059371,1.17533,-0.487474,-0.55596,1.04648,-0.0507159,0.0298926,1.15777,-0.711933,-0.0550773,1.30142,-0.168571,-0.271075,0.189872,0.0521588,-0.271075,0.189872,0.0521588,0.29351,-0.591183,0.623843,3.12344,2.53018,1.04366,-2.80677,-1.01926,0.248359,0,0,-0.591009,0,0,0.0637276,0.777504,-0.140436,3.30416,-0.432233,0.240371,6.3304,0,0,-3.32276,0,0,-2.65274,0.411879,0.347385,-0.520114,-1.45762,0.69021,-5.68972,-0.209297,0.828426,-0.229477,1,0.961131,-0.0140583,-0.117091,-0.24964,0.0323258,-0.234235,-0.512045,-0.505013,-0.0791696,-0.0868471,-0.339069,2.68345,-1.72104
0.999465,0.0288382,-0.0136351,0.00715759,0.999465,0.0288382,-0.0136351,0.00715759,0.998933,-0.0134224,0.0311286,-0.031368,0.392964,0.214192,-0.586796,-0.674812,0.513405,0.343823,0.561641,-0.550236,0.989819,0,0,0.142333,0.931472,0,0,0.363813,0.974959,-0.105045,-0.0986902,-0.169355,0.943659,-0.00201961,0.322611,-0.0736544,0.899457,0,0,-0.43701,0.805038,0,0,-0.593224,0.705686,-0.0531009,-0.0506577,0.704714,0.803936,0.145073,0.183631,0.546737,-0.216542,0.100586,0.130278,-0.24653,0.122555,-0.529581,-0.190682,0.285505,0.0521816,-0.174321,0.316553,-0.493341,-0.252095,0.59514,-0.0897886,-0.221538,0.603592,-0.386769,-0.319975,0.787288,-0.232799,-0.237229,0.922038,-0.233661,-0.145075,1.08161,-0.224027,-0.279003,1.09708,-0.0593672,-0.0824574,1.124,-0.521206,-0.514291,0.998003,-0.0318334,-0.022761,1.07798,-0.750912,-0.0322731,1.2695,-0.208871,-0.226321,0.216664,-0.0698262,-0.226321,0.216664,-0.0698262,0.0886354,-0.596222,0.259875,2.36625,4.0886,1.35388,-2.78714,-1.65692,0.591795,0,0,-0.452647,0,0,0.282723,-1.08034,0.691856,2.82475,-0.165257,0.0179947,5.85312,0,0,-2.66406,0,0,-2.42525,-0.953928,-0.905851,-0.519109,-0.896367,0.669808,-3.756,-0.207109,0.810306,-0.2411,1,0.957603,-0.0385789,-0.0750302,-0.275459,-0.033009,-0.16571,-0.557445,-0.373693,-0.487557,-0.0106818,-0.605933,2.74768,-1.75042
0.99965,0.0233776,-0.00997983,0.00729134,0.99965,0.0233776,-0.00997983,0.00729134,0.999208,-0.0130902,0.0227418,-0.0299284,0.459166,0.230908,-0.519878,-0.68233,0.555512,0.317518,0.540302,-0.546501,0.9904,0,0,0.138234,0.92868,0,0,0.370882,0.980103,-0.117153,-0.087751,-0.134066,0.948457,0.00344864,0.316674,0.0116408,0.876137,0,0,-0.482062,0.784749,0,0,-0.619814,0.724559,-0.0624129,-0.0624562,0.683533,0.80083,0.125995,0.193928,0.552439,-0.21164,0.0962243,0.132643,-0.240577,0.118283,-0.522082,-0.177733,0.276872,0.044289,-0.175343,0.315899,-0.496372,-0.243692,0.576408,-0.0957066,-0.234792,0.592379,-0.39041,-0.327372,0.761165,-0.2312,-0.237849,0.890702,-0.245958,-0.136278,1.04455,-0.25434,-0.237873,1.05449,-0.073432,-0.110769,1.05807,-0.556249,-0.455202,0.932494,-0.0110024,-0.0814187,0.980192,-0.782463,-0.0121162,1.22563,-0.261918,-0.327781,0.219394,0.00799948,-0.327781,0.219394,0.00799948,0.0200081,-0.503511,0.0865712,0.748672,6.27528,0.976257,-2.30542,-2.23346,0.971642,0,0,-0.24842,0,0,0.456076,-0.720297,0.671078,2.14924,0.334053,-0.394807,5.21487,0,0,-3.04412,0,0,-2.00691,-0.590813,-0.756596,-1.74208,-1.21662,0.67592,0.406935,-0.204177,0.780619,-0.255354,1,0.951344,-0.0693812,-0.0272861,-0.298974,-0.116466,-0.0935396,-0.603526,-0.221912,-0.78371,0.0479727,-0.889888,3.1717,-1.70477
0.999809,0.0157878,-0.00656237,0.00944482,0.999809,0.0157878,-0.00656237,0.00944482,0.999356,-0.0133189,0.0167276,-0.0288002,0.547436,0.215478,-0.415817,-0.693527,0.5993,0.298262,0.513037,-0.537282,0.990515,0,0,0.137406,0.925474,0,0,0.378812,0.984056,-0.109418,-0.0823111,-0.113522,0.949179,0.0183461,0.302856,0.0836725,0.847447,0,0,-0.530879,0.768566,0,0,-0.63977,0.756048,-0.0590872,-0.0656563,0.648528,0.774601,0.10016,0.196488,0.592751,-0.21822,0.0991649,0.131426,-0.237438,0.123777,-0.518729,-0.170493,0.274477,0.0333795,-0.180875,0.322553,-0.500365,-0.232336,0.565003,-0.101238,-0.247457,0.589269,-0.391224,-0.32963,0.745215,-0.228172,-0.237266,0.869507,-0.260406,-0.131955,1.01776,-0.291977,-0.19063,1.02045,-0.0970459,-0.14981,1.00002,-0.590855,-0.371773,0.868974,0.00428425,-0.149705,0.889485,-0.804124,-0.00371394,1.19225,-0.328999,-0.455487,0.205093,0.129194,-0.455487,0.205093,0.129194,-0.013687,-0.360996,0.0677946,-1.73978,8.84484,1.1037,-1.74562,-2.58774,1.34028,0,0,-0.050101,0,0,0.513199,0.475966,0.335174,1.25001,0.909254,-0.848234,4.39647,0,0,-3.39785,0,0,-1.54162,0.266627,-0.1602,-2.82727,-1.59916,0.287967,2.96527,-0.202389,0.759738,-0.272342,1,0.942265,-0.10682,0.0280302,-0.316133,-0.220843,-0.0147154,-0.645773,-0.0677192,-0.478499,0.0908162,-1.15538,3.74581,-1.43505
0.999896,0.00763758,-0.00354971,0.0117261,0.999896,0.00763758,-0.00354971,0.0117261,0.99946,-0.0152205,0.013118,-0.0260138,0.662515,0.151515,-0.266542,-0.683427,0.642621,0.282147,0.484266,-0.522415,0.990353,0,0,0.138569,0.923035,0,0,0.384717,0.9865,-0.0904111,-0.0786207,-0.111632,0.948038,0.0413494,0.283143,0.139084,0.823122,0,0,-0.567865,0.755907,0,0,-0.654679,0.782292,-0.0536674,-0.0675501,0.616909,0.77801,0.0834948,0.183258,0.595101,-0.218892,0.107244,0.133345,-0.237956,0.131144,-0.514648,-0.160701,0.275238,0.0243421,-0.187782,0.332441,-0.503183,-0.217417,0.558291,-0.106046,-0.257508,0.590688,-0.388849,-0.327268,0.736475,-0.224187,-0.238197,0.856443,-0.276115,-0.137198,0.999879,-0.333524,-0.139,0.991296,-0.133672,-0.200431,0.95098,-0.619047,-0.255519,0.801817,-0.00511685,-0.224535,0.810733,-0.811792,-0.0152759,1.16877,-0.403377,-0.489059,0.180777,0.136864,-0.489059,0.180777,0.136864,-0.114085,-0.216651,0.167278,-5.04275,11.4839,2.95423,-1.46292,-2.58824,1.66718,0,0,0.0704154,0,0,0.383301,1.15098,0.2265,0.119511,1.40505,-1.19649,3.38552,0,0,-2.6563,0,0,-1.17352,0.388777,-0.0807476,-2.46215,-1.08939,-0.874457,0.103617,-0.202209,0.745377,-0.290504,1,0.931012,-0.149885,0.0891539,-0.32063,-0.343818,0.0699484,-0.675484,0.0708578,-0.262199,0.119559,-1.35631,4.26673,-0.787764
0.999885,0.00638043,0.0011379,0.0136838,0.999885,0.00638043,0.0011379,0.0136838,0.999524,-0.0182227,0.00625823,-0.0240881,0.774668,0.0218375,-0.12585,-0.619333,0.685639,0.280272,0.438052,-0.509368,0.983591,0,0,0.180411,0.923456,0,0,0.383704,0.991513,-0.0531432,-0.0731207,-0.0934391,0.94074,0.0598325,0.260682,0.208504,0.798638,0,0,-0.601812,0.746972,0,0,-0.664856,0.798268,-0.0548657,-0.0751449,0.595072,0.781446,0.0663055,0.168193,0.597207,-0.221829,0.110904,0.129853,-0.235075,0.134793,-0.509322,-0.154112,0.271155,0.0126016,-0.193596,0.338599,-0.502867,-0.203333,0.548395,-0.110581,-0.266587,0.589075,-0.382153,-0.322235,0.723521,-0.218551,-0.235617,0.835011,-0.289886,-0.137587,0.969265,-0.370108,-0.0765875,0.949199,-0.176864,-0.236773,0.895016,-0.634723,-0.110483,0.732298,-0.0467902,-0.278067,0.726949,-0.800558,-0.0203801,1.12733,-0.467814,-0.0754301,0.281267,0.11747,-0.0754301,0.281267,0.11747,-0.180141,-0.411669,0.11559,-8.85667,9.90108,6.11761,-0.451568,-3.66441,1.47954,0,0,2.54329,0,0,-0.0658257,2.25156,0.338891,1.10598,1.13774,-1.33168,4.27067,0,0,-2.51152,0,0,-0.812543,-0.0566904,-0.463278,-1.64134,-1.12066,-0.991315,0.0871844,-0.197632,0.723515,-0.306364,1,0.908809,-0.198343,0.145235,-0.337095,-0.480662,0.130633,-0.742434,0.150975,-0.388617,0.16909,-1.91774,4.03986,-1.59368
0.999817,0.00725275,-0.00166925,0.0176121,0.999817,0.00725275,-0.00166925,0.0176121,0.999654,-0.00979464,0.0132827,-0.0204884,0.868447,-0.131268,-0.0283955,-0.477245,0.689371,0.233709,0.429603,-0.534405,0.975783,0,0,0.218741,0.91852,0,0,0.395375,0.993719,-0.0162701,-0.0645266,-0.0899689,0.931899,0.0853492,0.231237,0.2661,0.784933,0,0,-0.619581,0.74395,0,0,-0.668235,0.805916,-0.0528568,-0.0760242,0.584745,0.738426,0.0459641,0.147353,0.656431,-0.222841,0.109993,0.133501,-0.230772,0.134845,-0.507591,-0.150734,0.260559,0.00545944,-0.199818,0.337129,-0.501911,-0.19094,0.533946,-0.11656,-0.273113,0.582753,-0.374366,-0.315041,0.708819,-0.215794,-0.235534,0.810929,-0.306736,-0.146112,0.935731,-0.409172,-0.0149805,0.908883,-0.245756,-0.288834,0.844393,-0.639265,0.0435692,0.678086,-0.159753,-0.36724,0.661393,-0.770448,-0.0395849,1.08388,-0.531616,0.052351,-0.168438,0.235728,0.052351,-0.168438,0.235728,0.505787,0.421497,0.216071,-9.65919,6.39215,10.2693,-3.15202,-0.609871,-1.63021,0,0,2.34719,0,0,0.760372,2.21939,0.519969,0.212795,1.57787,-1.75939,3.57528,0,0,-1.34644,0,0,-0.272043,0.138904,-0.0428849,-0.770654,-1.26947,-1.19477,4.53013,-0.197002,0.699679,-0.325067,1,0.880092,-0.251794,0.202205,-0.348066,-0.63569,0.181634,-0.813126,0.215833,-0.441052,0.0827049,-2.2023,4.31234,-1.39287
0.999678,0.00454134,-0.00415013,0.0246174,0.999678,0.00454134,-0.00415013,0.0246174,0.999643,-0.00266581,0.0182108,-0.0193898,0.914524,-0.257067,-0.01106,-0.312155,0.683859,0.200916,0.422551,-0.559839,0.965613,0,0,0.259984,0.914796,0,0,0.403917,0.993438,0.0221319,-0.0524449,-0.0992051,0.9221,0.114,0.20199,0.309734,0.787141,0,0,-0.616773,0.75017,0,0,-0.661246,0.805701,-0.0473726,-0.0694905,0.586322,0.704867,0.0341443,0.131951,0.696122,-0.221412,0.105996,0.14431,-0.231792,0.128232,-0.507852,-0.150446,0.247211,0.00545364,-0.207462,0.328717,-0.501453,-0.180361,0.520256,-0.122263,-0.276366,0.574826,-0.36718,-0.304481,0.697193,-0.216775,-0.236073,0.788017,-0.326697,-0.161333,0.901701,-0.451381,0.0325096,0.882153,-0.341747,-0.342815,0.796712,-0.637573,0.157727,0.665646,-0.326976,-0.450938,0.604243,-0.725064,-0.0728283,1.03794,-0.599367,-0.162682,-0.148873,0.420416,-0.162682,-0.148873,0.420416,0.427778,0.295726,0.0659178,-7.63836,1.09943,10.6785,-2.17143,-0.412035,-1.7877,0,0,2.54887,0,0,0.559086,2.30908,0.726129,-0.555895,1.7829,-1.75372,2.74353,0,0,0.214371,0,0,0.561395,0.351903,0.419182,0.104223,-0.749201,-0.901675,3.20717,-0.199949,0.677272,-0.346915,1,0.843512,-0.308484,0.25612,-0.357389,-0.803493,0.213194,-0.892382,0.316787,-0.348784,-0.0294359,-2.53654,4.33929,-1.38474
0.999352,-0.00543902,-0.00447795,0.0353091,0.999352,-0.00543902,-0.00447795,0.0353091,0.999633,-0.00095326,0.01667,-0.021348,0.915676,-0.347308,-0.0821719,-0.184831,0.675725,0.199217,0.414005,-0.576462,0.950727,0,0,0.310029,0.913971,0,0,0.40578,0.989826,0.0646141,-0.039451,-0.120469,0.912927,0.141536,0.177903,0.338943,0.808452,0,0,-0.588563,0.766704,0,0,-0.642001,0.793108,-0.0422605,-0.0589306,0.604748,0.698698,0.0362458,0.120508,0.704262,-0.215726,0.0994427,0.160063,-0.239169,0.113159,-0.510174,-0.151077,0.234178,0.0133914,-0.217195,0.313438,-0.503328,-0.169838,0.510935,-0.127489,-0.275818,0.566713,-0.363777,-0.289178,0.69073,-0.224083,-0.235614,0.76789,-0.351254,-0.182764,0.867891,-0.496998,0.0585874,0.870271,-0.452829,-0.397301,0.752341,-0.632067,0.218815,0.690018,-0.50482,-0.523033,0.555206,-0.672287,-0.12236,0.988557,-0.670439,-0.598922,-0.0197005,0.641803,-0.598922,-0.0197005,0.641803,0.102765,-0.0924529,-0.117508,-5.56563,-4.39057,7.86943,-0.0714752,-0.48577,-1.24176,0,0,3.13307,0,0,0.122252,2.55922,0.778476,-1.2874,1.72418,-1.44907,1.86601,0,0,2.12138,0,0,1.52233,0.315675,0.660542,1.3636,0.14596,-0.743992,0.655376,-0.206226,0.657416,-0.3715,1,0.798418,-0.366403,0.305637,-0.367238,-0.978566,0.220726,-0.98008,0.459099,-0.193889,-0.21924,-2.85927,4.26442,-1.49389
0.99844,-0.0243394,-0.00684493,0.0497911,0.99844,-0.0243394,-0.00684493,0.0497911,0.999602,-0.000121266,0.0159372,-0.0232744,0.864728,-0.429629,-0.221113,-0.137014,0.642794,0.202933,0.431488,-0.599543,0.927438,0,0,0.373976,0.912305,0,0,0.409511,0.980886,0.114258,-0.0311225,-0.154401,0.906316,0.163331,0.161521,0.35472,0.848752,0,0,-0.528791,0.792224,0,0,-0.610231,0.75778,-0.0454589,-0.0517781,0.648862,0.684824,0.0504293,0.0958361,0.720617,-0.200546,0.0881044,0.175612,-0.251762,0.0892919,-0.516703,-0.147234,0.221337,0.0270036,-0.230286,0.288604,-0.510029,-0.1556,0.504992,-0.134705,-0.271397,0.555485,-0.368492,-0.267573,0.685871,-0.24205,-0.232761,0.74737,-0.383317,-0.210147,0.831357,-0.545826,0.0601624,0.870229,-0.571728,-0.454722,0.715316,-0.617389,0.23263,0.736165,-0.672857,-0.598359,0.52745,-0.604736,-0.189759,0.93353,-0.739299,-1.13471,-0.142174,0.870012,-1.13471,-0.142174,0.870012,0.0499256,-0.0439635,-0.115611,-5.56217,-8.82558,2.79962,0.430789,1.56236,-2.08919,0,0,4.08414,0,0,0.245134,3.00947,0.495783,-2.07077,1.37031,-0.989513,1.02558,0,0,4.32623,0,0,2.44522,-0.245193,0.41718,3.40048,0.9666,-1.61485,1.35468,-0.215207,0.637936,-0.399212,1,0.744448,-0.423195,0.351968,-0.377919,-1.15652,0.205622,-1.07398,0.648136,-0.145772,-0.538992,-3.08644,4.23166,-1.6803
0.998352,-0.0311612,-0.00868527,0.0474011,0.998352,-0.0311612,-0.00868527,0.0474011,0.999638,-0.000968723,0.01307,-0.0234774,0.781815,-0.45592,-0.379146,-0.192745,0.61084,0.168271,0.453416,-0.626876,0.901773,0,0,0.432211,0.910529,0,0,0.413445,0.957643,0.176902,-0.0177061,-0.22652,0.905898,0.195977,0.164776,0.337329,0.906113,0,0,-0.423035,0.834489,0,0,-0.551024,0.66628,-0.0047922,-0.00934909,0.745628,0.63354,0.0696717,0.0894896,0.765353,-0.169384,0.12525,0.1878,-0.269734,0.0929267,-0.53573,-0.13313,0.259829,0.0455674,-0.245319,0.287689,-0.525834,-0.1334,0.548582,-0.149885,-0.259676,0.576958,-0.387115,-0.237307,0.72346,-0.280735,-0.224592,0.768229,-0.431669,-0.229025,0.831479,-0.604728,0.0513403,0.907967,-0.677002,-0.484861,0.72655,-0.610606,0.237116,0.817374,-0.786952,-0.63703,0.562203,-0.535083,-0.241786,0.908101,-0.810281,-0.409574,-0.110494,-0.143388,-0.409574,-0.110494,-0.143388,-0.0508534,-0.172069,-0.0121632,-2.52947,-10.6632,-3.87395,-2.21963,1.9017,-2.42517,0,0,3.81905,0,0,0.259001,3.86706,0.801713,-4.46285,2.02405,0.203179,-1.07427,0,0,7.22304,0,0,4.36567,2.64707,2.75157,8.07521,1.38983,-0.302944,4.06513,-0.216235,0.658235,-0.434739,1,0.687158,-0.485111,0.393244,-0.371268,-1.34517,0.18122,-1.1352,0.907977,1.12767,-1.16058,-3.14853,4.63323,-0.74358
0.998409,-0.031048,-0.00907002,0.0461868,0.998409,-0.031048,-0.00907002,0.0461868,0.999582,-0.00284477,0.0133839,-0.0254581,0.764861,-0.460863,-0.396263,-0.213469,0.599754,0.15427,0.46147,-0.635249,0.895155,0,0,0.445755,0.912521,0,0,0.409029,0.946078,0.187735,-0.0122694,-0.263706,0.907904,0.205325,0.167681,0.324707,0.918854,0,0,-0.394598,0.84062,0,0,-0.541625,0.653332,0.0140555,0.00701376,0.756908,0.623909,0.0716352,0.087739,0.773245,-0.160584,0.177374,0.19878,-0.275181,0.127482,-0.538707,-0.128329,0.309642,0.0548796,-0.249399,0.321386,-0.53057,-0.127006,0.594533,-0.154541,-0.255901,0.615141,-0.395248,-0.229426,0.766497,-0.293908,-0.22446,0.809857,-0.445714,-0.237603,0.870966,-0.619111,0.0401349,0.955514,-0.702148,-0.492779,0.768847,-0.608845,0.225276,0.871414,-0.814684,-0.644336,0.61127,-0.517678,-0.260744,0.944344,-0.82493,0.00682917,-0.0230868,-0.0729497,0.00682917,-0.0230868,-0.0729497,-0.112579,0.0188555,-0.118886,-0.509605,-1.27176,-1.43029,-0.920883,0.70291,-0.779739,0,0,0.904434,0,0,-0.290659,0.704476,0.327936,-2.32664,0.570302,0.172665,-0.796021,0,0,1.86969,0,0,0.673315,1.28117,1.11046,1.02778,0.153852,-0.0966466,0.74814,-0.218271,0.70025,-0.443979,1,0.676386,-0.498569,0.406858,-0.358326,-1.3948,0.194306,-1.13731,0.236454,1.29112,-0.395176,-0.259837,1.49213,0.214919
0.998464,-0.0309348,-0.00945474,0.0449725,0.998464,-0.0309348,-0.00945474,0.0449725,0.999518,-0.00472079,0.0136978,-0.0274386,0.747115,-0.46533,-0.41297,-0.233972,0.588397,0.140198,0.469314,-0.643333,0.888335,0,0,0.459197,0.914492,0,0,0.404604,0.932939,0.198256,-0.0068123,-0.300454,0.909675,0.21462,0.170541,0.312002,0.930702,0,0,-0.365779,0.846645,0,0,-0.532158,0.639785,0.0328903,0.0233702,0.767494,0.614177,0.0735871,0.0859742,0.781012,-0.150538,0.220718,0.209288,-0.280128,0.150992,-0.541009,-0.12252,0.350535,0.0637449,-0.25312,0.344033,-0.534807,-0.120419,0.630387,-0.159737,-0.252049,0.642217,-0.403523,-0.221796,0.798342,-0.307561,-0.224604,0.840231,-0.459844,-0.246455,0.899136,-0.633137,0.0277008,0.991859,-0.727178,-0.499911,0.800068,-0.60697,0.211788,0.914534,-0.842654,-0.649499,0.64978,-0.500248,-0.279964,0.96919,-0.838673,0.00683095,-0.0230853,-0.07295,0.00683095,-0.0230853,-0.07295,-0.112583,0.0188523,-0.118883,-0.494478,-1.26966,-1.43892,-0.933,0.698673,-0.772167,0,0,0.904434,0,0,-0.290659,0.697571,0.331561,-2.32829,0.567303,0.170602,-0.798531,0,0,1.86969,0,0,0.673315,1.29412,1.12191,1.00411,0.154496,-0.0981026,0.7479,-0.220308,0.731366,-0.453219,1,0.665173,-0.511703,0.420208,-0.345151,-1.4446,0.207273,-1.14007,0.228899,0.955349,-0.409596,-0.259837,1.49213,0.214919
0.998518,-0.0308216,-0.00983945,0.0437581,0.998518,-0.0308216,-0.00983945,0.0437581,0.999447,-0.00659678,0.0140116,-0.0294189,0.728597,-0.469315,-0.429251,-0.254233,0.576772,0.126063,0.476945,-0.651126,0.881312,0,0,0.472535,0.916441,0,0,0.400169,0.918248,0.208447,-0.00134387,-0.336701,0.91121,0.22386,0.173358,0.299216,0.941646,0,0,-0.336604,0.852564,0,0,-0.522623,0.625651,0.0516949,0.0397051,0.777375,0.604345,0.075527,0.0841955,0.788653,-0.139246,0.255253,0.219113,-0.284517,0.163482,-0.542649,-0.115711,0.382476,0.0719678,-0.25644,0.355652,-0.538547,-0.113663,0.656125,-0.165542,-0.24812,0.658202,-0.411921,-0.214441,0.818998,-0.321658,-0.225028,0.859359,-0.474021,-0.255562,0.915998,-0.646767,0.0140135,1.01696,-0.751987,-0.50627,0.820218,-0.605024,0.19658,0.946655,-0.870721,-0.652543,0.67774,-0.48298,-0.299399,0.982656,-0.851473,0.00683273,-0.0230839,-0.0729503,0.00683273,-0.0230839,-0.0729503,-0.112587,0.018849,-0.11888,-0.479079,-1.26747,-1.44761,-0.945193,0.694335,-0.764449,0,0,0.904434,0,0,-0.290659,0.690586,0.335223,-2.32994,0.564302,0.168539,-0.801028,0,0,1.86969,0,0,0.673315,1.30706,1.13337,0.979967,0.155145,-0.0995724,0.747657,-0.222344,0.751582,-0.462458,1,0.653528,-0.524505,0.433284,-0.331752,-1.49457,0.220088,-1.14351,0.220626,0.619683,-0.422907,-0.259837,1.49213,0.214919
0.998555,-0.0306997,-0.0101517,0.0429179,0.998555,-0.0306997,-0.0101517,0.0429179,0.999359,-0.00871918,0.0142751,-0.0316566,0.714392,-0.474298,-0.435483,-0.273935,0.564977,0.112706,0.483616,-0.658949,0.875339,0,0,0.48351,0.918819,0,0,0.39468,0.902271,0.214672,0.00281356,-0.373918,0.913221,0.235356,0.174628,0.283089,0.948482,0,0,-0.316832,0.857805,0,0,-0.513975,0.614981,0.0655331,0.051161,0.784147,0.597884,0.0767808,0.0828519,0.793584,-0.128172,0.28449,0.230565,-0.287509,0.163639,-0.54427,-0.107929,0.406604,0.079721,-0.258163,0.355148,-0.5425,-0.106239,0.670201,-0.172717,-0.243408,0.661773,-0.421132,-0.207549,0.827454,-0.336584,-0.225941,0.867307,-0.488344,-0.265213,0.922966,-0.659645,-0.00104588,1.03005,-0.775042,-0.512178,0.830206,-0.603327,0.179073,0.963572,-0.896735,-0.653675,0.694908,-0.467109,-0.319481,0.987744,-0.862426,0.00733919,-0.018735,-0.0504686,0.00733919,-0.018735,-0.0504686,-0.127383,0.0158398,-0.134338,-0.500588,-0.569092,-1.4011,-0.898844,0.636111,-0.777761,0,0,0.749746,0,0,-0.358936,0.457819,0.257442,-2.42448,0.700743,0.0710358,-1.0095,0,0,1.25523,0,0,0.606776,0.971964,0.80371,0.700141,0.101187,-0.0780142,0.488523,-0.22438,0.760898,-0.471698,1,0.643269,-0.534843,0.447144,-0.316561,-1.54196,0.238914,-1.14682,0.206782,0.253675,-0.447778,-0.0574183,1.4942,0.224044
0.998577,-0.0305692,-0.0103914,0.0424519,0.998577,-0.0305692,-0.0103914,0.0424519,0.99925,-0.0110879,0.0144883,-0.0341514,0.704794,-0.480461,-0.43183,-0.293166,0.553042,0.100137,0.489346,-0.666827,0.8705,0,0,0.492168,0.921606,0,0,0.388127,0.884967,0.216903,0.00565284,-0.412012,0.915492,0.249049,0.174312,0.263561,0.951811,0,0,-0.306684,0.862398,0,0,-0.506231,0.608124,0.0744289,0.0577558,0.788232,0.59486,0.0773565,0.0819526,0.79589,-0.117004,0.308519,0.243114,-0.289057,0.151463,-0.546055,-0.0990135,0.422896,0.0866801,-0.258329,0.342525,-0.546851,-0.0981736,0.672582,-0.181284,-0.238038,0.652939,-0.431231,-0.201226,0.823746,-0.352288,-0.227418,0.864105,-0.502767,-0.27544,0.920053,-0.671733,-0.0170675,1.0312,-0.796047,-0.517759,0.829871,-0.601814,0.160109,0.965394,-0.920082,-0.653082,0.700914,-0.452541,-0.340185,0.98445,-0.871514,0.00784451,-0.0143871,-0.0279867,0.00784451,-0.0143871,-0.0279867,-0.14218,0.0128286,-0.149795,-0.528034,0.136261,-1.35033,-0.851336,0.57805,-0.792694,0,0,0.595058,0,0,-0.427214,0.220355,0.178268,-2.51878,0.834056,-0.0280555,-1.21963,0,0,0.640781,0,0,0.540237,0.629308,0.467031,0.434985,0.0467814,-0.0554962,0.229541,-0.226417,0.759314,-0.480938,1,0.634404,-0.542712,0.461781,-0.299589,-1.58691,0.263779,-1.1504,0.189695,-0.111244,-0.471131,0.145156,1.49703,0.228123
0.998598,-0.0304388,-0.0106312,0.041986,0.998598,-0.0304388,-0.0106312,0.041986,0.99913,-0.0134566,0.0147014,-0.0366458,0.694833,-0.486377,-0.427955,-0.312247,0.540888,0.0875293,0.494881,-0.674441,0.865576,0,0,0.500777,0.924346,0,0,0.381556,0.866102,0.218752,0.00848215,-0.44938,0.917237,0.262598,0.173895,0.243882,0.955032,0,0,-0.296502,0.866921,0,0,-0.498445,0.601153,0.0833108,0.0643399,0.792171,0.591826,0.0779311,0.081052,0.798185,-0.104335,0.32374,0.253892,-0.289894,0.128311,-0.547455,-0.0890132,0.430102,0.0922409,-0.258071,0.318927,-0.550951,-0.0900431,0.664763,-0.190585,-0.232752,0.633055,-0.441514,-0.195347,0.80891,-0.368299,-0.229271,0.849709,-0.51711,-0.285922,0.90587,-0.683315,-0.0337788,1.0212,-0.816291,-0.522746,0.818271,-0.600203,0.14053,0.956293,-0.942541,-0.650687,0.695891,-0.438287,-0.360981,0.969792,-0.879581,0.00784476,-0.0143867,-0.0279868,0.00784476,-0.0143867,-0.0279868,-0.142186,0.0128227,-0.14979,-0.520226,0.147919,-1.35337,-0.862122,0.573769,-0.786911,0,0,0.595058,0,0,-0.427214,0.206864,0.180129,-2.52009,0.826878,-0.0322278,-1.2243,0,0,0.640781,0,0,0.540237,0.632166,0.469129,0.42996,0.0468381,-0.0556984,0.229496,-0.228453,0.746829,-0.490177,1,0.625131,-0.550232,0.476121,-0.282424,-1.63227,0.288462,-1.15516,0.176369,-0.445074,-0.480329,0.145156,1.49703,0.228123
0.998619,-0.0303083,-0.0108709,0.0415201,0.998619,-0.0303083,-0.0108709,0.0415201,0.998997,-0.015825,0.0149143,-0.0391397,0.684517,-0.492043,-0.423861,-0.331167,0.528521,0.0748866,0.500222,-0.681789,0.860567,0,0,0.509336,0.927039,0,0,0.374964,0.84571,0.220216,0.0112965,-0.485955,0.918456,0.275997,0.173379,0.224063,0.958144,0,0,-0.286286,0.871374,0,0,-0.490619,0.59407,0.0921772,0.0709119,0.795962,0.588783,0.0785044,0.0801502,0.800467,-0.0903672,0.330037,0.262677,-0.28997,0.0942119,-0.548495,-0.0780792,0.428129,0.0962234,-0.257345,0.284382,-0.554808,-0.0819038,0.646717,-0.200666,-0.227537,0.602144,-0.451955,-0.189916,0.782958,-0.384572,-0.231484,0.82413,-0.53133,-0.296621,0.880426,-0.694355,-0.051139,1.00005,-0.835718,-0.527143,0.795419,-0.598519,0.120371,0.936271,-0.964071,-0.646535,0.679855,-0.42449,-0.381807,0.943778,-0.886599,0.007845,-0.0143864,-0.0279869,0.007845,-0.0143864,-0.0279869,-0.142191,0.0128168,-0.149785,-0.512311,0.15968,-1.35636,-0.872995,0.569397,-0.781005,0,0,0.595058,0,0,-0.427214,0.193151,0.182018,-2.52139,0.819688,-0.0363932,-1.22893,0,0,0.640781,0,0,0.540237,0.635027,0.471227,0.424886,0.046895,-0.0559012,0.22945,-0.23049,0.723445,-0.499417,1,0.615457,-0.557399,0.490155,-0.265078,-1.6781,0.312912,-1.16113,0.162915,-0.778565,-0.488167,0.145156,1.49703,0.228123
0.998486,-0.0317072,-0.0100664,0.0438172,0.998486,-0.0317072,-0.0100664,0.0438172,0.99858,-0.0241711,0.0139667,-0.0453638,0.675453,-0.510624,-0.366358,-0.385757,0.498498,0.0444657,0.507411,-0.701468,0.851881,0,0,0.523735,0.937178,0,0,0.348851,0.777196,0.208084,0.00223558,-0.593854,0.91636,0.339442,0.161256,0.138058,0.944985,0,0,-0.327115,0.891473,0,0,-0.453073,0.581864,0.0741327,0.0507225,0.808311,0.592229,0.0825789,0.0831346,0.797204,-0.0404395,0.518591,0.282152,-0.287877,0.092064,-0.548435,-0.0327136,0.566524,0.0958188,-0.251846,0.281567,-0.56153,-0.0522974,0.705155,-0.239785,-0.211953,0.612864,-0.481936,-0.180623,0.812208,-0.436164,-0.246684,0.856849,-0.572535,-0.339622,0.917094,-0.719887,-0.117076,1.03776,-0.885603,-0.544038,0.836543,-0.585108,0.0424867,0.961402,-1.01854,-0.624988,0.735212,-0.379347,-0.458599,0.983429,-0.892026,-0.0840569,0.0482642,0.138005,-0.0840569,0.0482642,0.138005,-0.501132,-0.0567587,-0.373949,-1.37148,3.77831,-3.7625,-2.13842,0.990279,-2.06707,0,0,1.00896,0,0,-1.68081,-0.433686,-0.569874,-7.78233,3.92885,-0.740576,-5.29907,0,0,-2.57406,0,0,2.55543,-1.23187,-1.38966,1.14594,0.276477,0.200264,-0.307139,-0.240901,0.764837,-0.52504,1,0.583486,-0.572472,0.538146,-0.205473,-1.8288,0.403616,-1.19636,0.278803,0.877493,-1.54776,0.891463,4.95145,0.53147
0.998324,-0.031613,-0.00535266,0.0481697,0.998324,-0.031613,-0.00535266,0.0481697,0.998331,-0.0332427,0.0129754,-0.045401,0.688956,-0.499522,-0.294372,-0.434928,0.502432,0.0241239,0.504583,-0.701696,0.848512,0,0,0.529176,0.948721,0,0,0.316116,0.709824,0.198997,-0.0301316,-0.675013,0.898458,0.406599,0.158789,0.0472825,0.91589,0,0,-0.401429,0.91925,0,0,-0.393674,0.575414,0.0370962,0.0171191,0.816841,0.584845,0.0948512,0.0956462,0.799882,0.00266926,0.736531,0.249501,-0.28265,0.0922463,-0.542632,0.0124706,0.726566,0.0580957,-0.246921,0.281043,-0.558573,-0.0250847,0.775924,-0.288849,-0.203087,0.62798,-0.505248,-0.182273,0.845378,-0.486137,-0.270213,0.889076,-0.609835,-0.387185,0.949083,-0.738998,-0.187044,1.06258,-0.921177,-0.55957,0.863722,-0.572791,-0.0360217,0.968752,-1.05144,-0.593814,0.764359,-0.350154,-0.535387,1.01467,-0.886976,0.00555064,0.282951,0.261438,0.00555064,0.282951,0.261438,-0.544723,-0.0594431,-0.00245644,0.926906,4.96169,-3.16275,-1.4798,-0.268045,0.0707402,0,0,0.383949,0,0,-2.08275,-0.255807,-2.15104,-6.39957,4.30274,-0.0909755,-5.58541,0,0,-4.78967,0,0,3.93508,-2.58816,-2.35136,0.751378,0.876461,0.893323,0.357398,-0.255535,0.806657,-0.55025,1,0.546729,-0.593478,0.571951,-0.147456,-1.98421,0.467192,-1.22544,-0.0495161,0.995106,-1.49921,0.292413,4.62694,1.09624
0.998243,-0.0355584,0.00115178,0.0473787,0.998243,-0.0355584,0.00115178,0.0473787,0.997814,-0.0373568,0.0135861,-0.0527971,0.721816,-0.467943,-0.194232,-0.47147,0.524229,0.0147691,0.49686,-0.691444,0.852768,0,0,0.522289,0.957154,0,0,0.289579,0.651197,0.156863,-0.0674623,-0.73945,0.851707,0.486832,0.179196,-0.0740172,0.883432,0,0,-0.46856,0.95872,0,0,-0.284351,0.609022,-0.0516647,-0.047294,0.790054,0.660309,0.106942,0.121449,0.733353,0.0476618,0.95618,0.170234,-0.286176,0.0970803,-0.536042,0.0591958,0.897689,-0.0150009,-0.250486,0.292455,-0.544977,-0.00467104,0.867789,-0.347565,-0.204603,0.657397,-0.516434,-0.196447,0.893439,-0.530626,-0.304941,0.933777,-0.638056,-0.444733,0.987691,-0.745347,-0.272824,1.09104,-0.936378,-0.577566,0.886691,-0.555031,-0.126783,0.975936,-1.05675,-0.559967,0.780295,-0.331298,-0.619278,1.04341,-0.865948,-0.236916,0.390487,-0.0474055,-0.236916,0.390487,-0.0474055,-0.247369,0.0368054,-0.444563,2.51602,6.88549,-2.05291,-0.688033,-0.897521,1.21309,0,0,-0.485731,0,0,-1.67073,-2.56212,-2.58968,-5.43467,5.48847,1.45342,-7.61152,0,0,-4.475,0,0,6.97771,-6.18618,-4.47979,-2.64598,0.620757,1.54978,-6.20164,-0.278796,0.857661,-0.570757,1,0.514869,-0.612993,0.594366,-0.0766747,-2.13592,0.544556,-1.2352,-0.425205,1.44183,-1.33467,0.853648,4.52692,1.91376
0.99815,-0.0406479,0.00736258,0.0446158,0.99815,-0.0406479,0.00736258,0.0446158,0.997367,-0.0345439,0.0152596,-0.0619128,0.760394,-0.435962,-0.0837369,-0.474053,0.537702,0.0161641,0.491074,-0.685173,0.888284,0,0,0.459295,0.963646,0,0,0.267181,0.598167,0.0901557,-0.0997804,-0.790008,0.776369,0.552779,0.186851,-0.238272,0.858817,0,0,-0.512282,0.985957,0,0,-0.167001,0.629553,-0.0931221,-0.0780899,0.767394,0.67811,0.109791,0.127713,0.715404,0.0891781,1.12675,0.0591977,-0.24574,0.096943,-0.482231,0.0991898,1.03539,-0.114381,-0.22736,0.295996,-0.49377,0.00692156,0.942983,-0.417976,-0.201754,0.674,-0.513769,-0.21595,0.924711,-0.571217,-0.342762,0.962147,-0.65755,-0.501972,1.00916,-0.737537,-0.365721,1.09999,-0.933631,-0.591615,0.891945,-0.531386,-0.21979,0.964962,-1.05054,-0.524532,0.780183,-0.318012,-0.697658,1.05399,-0.825699,-0.305621,0.37288,-0.165787,-0.305621,0.37288,-0.165787,0.168586,0.100619,-0.547892,2.53903,7.40283,0.285266,0.0934874,-0.618037,0.732956,0,0,-4.33991,0,0,-1.3992,-4.41098,-2.34903,-4.61158,5.1386,0.812568,-10.7931,0,0,-3.01081,0,0,7.23257,-2.81905,-2.08896,-2.01148,0.141214,0.364511,-1.55821,-0.301288,0.891156,-0.583375,1,0.483955,-0.621382,0.616162,0.00420631,-2.29887,0.645523,-1.26477,-0.585108,0.938146,-1.21773,1.59063,4.79556,1.85637
0.998212,-0.0434674,0.0112595,0.0394477,0.998212,-0.0434674,0.0112595,0.0394477,0.996562,-0.029184,0.0185591,-0.0752898,0.784593,-0.407708,0.027188,-0.466314,0.547752,0.00830299,0.498168,-0.672107,0.911292,0,0,0.41176,0.968701,0,0,0.248229,0.56237,0.0129192,-0.128924,-0.816671,0.676025,0.609542,0.141889,-0.388993,0.849856,0,0,-0.527015,0.997582,0,0,-0.0694981,0.639341,-0.111361,-0.0919807,0.755236,0.67811,0.109791,0.127713,0.715404,0.136467,1.34573,-0.0721569,-0.135999,0.206034,-0.435569,0.135957,1.23332,-0.234296,-0.155577,0.404491,-0.453589,0.012386,1.09148,-0.501816,-0.182988,0.781509,-0.52039,-0.232719,1.0329,-0.614229,-0.372534,1.06612,-0.67972,-0.544166,1.1048,-0.734568,-0.438792,1.18223,-0.925674,-0.594808,0.976145,-0.521664,-0.292987,1.02731,-1.02912,-0.489329,0.864693,-0.322605,-0.752357,1.13693,-0.794812,-0.169219,0.233948,-0.310326,-0.169219,0.233948,-0.310326,0.321407,0.198443,-0.804543,2.08443,7.22791,0.7791,-0.563674,0.354942,1.13704,0,0,-3.169,0,0,-1.17691,-5.36216,-2.16274,-2.70713,5.23312,-2.55825,-10.7722,0,0,-1.03462,0,0,5.89397,-1.22324,-0.929664,-1.03944,0,1.66533e-15,-6.66134e-15,-0.311051,1.00237,-0.603218,1,0.450731,-0.623918,0.633969,0.0751791,-2.46558,0.727909,-1.32058,-0.503073,3.2456,-1.29037,1.30843,4.39551,1.50072
0.998522,-0.0414098,0.012699,0.0328443,0.998522,-0.0414098,0.012699,0.0328443,0.995246,-0.0237119,0.0233532,-0.0915338,0.785706,-0.373938,0.125566,-0.476518,0.554088,-0.00540932,0.512395,-0.656055,0.912415,0,0,0.409266,0.971741,0,0,0.236048,0.550054,-0.0580745,-0.151697,-0.81918,0.551586,0.655682,0.0520179,-0.512959,0.856127,0,0,-0.516765,0.999999,0,0,0.00102492,0.645003,-0.123802,-0.10192,0.747166,0.677648,0.112552,0.130462,0.714916,0.183967,1.52793,-0.213569,-0.00315332,0.350251,-0.377363,0.16125,1.39963,-0.362415,-0.0709333,0.535549,-0.411311,0.00200494,1.21854,-0.586893,-0.166582,0.889853,-0.52703,-0.255394,1.12795,-0.651646,-0.403623,1.15539,-0.698893,-0.582091,1.18542,-0.733982,-0.49503,1.25484,-0.910253,-0.602389,1.0518,-0.518885,-0.345321,1.08794,-0.986621,-0.470687,0.945293,-0.332129,-0.796333,1.20481,-0.774182,0.123782,0.0863369,-0.396649,0.123782,0.0863369,-0.396649,0.328077,0.288596,-0.978173,2.19552,6.36337,-0.647638,-0.973624,0.913846,1.26564,0,0,-0.164077,0,0,-0.75327,-5.03648,-1.66451,-0.478268,5.41252,-5.87985,-10.1617,0,0,0.720952,0,0,4.23475,-0.832324,-0.664484,-0.668235,0.187466,0.186862,-0.0241092,-0.320814,1.10269,-0.623061,1,-0.413215,0.627222,-0.647001,-0.131286,-2.63231,0.774546,-1.3903,-0.68023,2.85161,-1.12251,0.582108,3.868,1.32548
0.999006,-0.0326709,0.01342,0.0271828,0.999006,-0.0326709,0.01342,0.0271828,0.993847,-0.018616,0.0288188,-0.105316,0.761879,-0.309476,0.195889,-0.534222,0.552596,0.00198189,0.512527,-0.657229,0.902124,0,0,0.431476,0.971252,0,0,0.238054,0.560909,-0.104006,-0.159793,-0.805624,0.383598,0.669911,-0.0308926,-0.634915,0.86895,0,0,-0.494899,0.998207,0,0,0.0598586,0.660442,-0.141046,-0.117048,0.728163,0.675691,0.123595,0.141453,0.712851,0.230276,1.66905,-0.368719,0.0867734,0.545279,-0.264412,0.179737,1.52828,-0.500237,-0.0194199,0.69937,-0.335216,-0.0149968,1.32098,-0.676082,-0.161204,1.00018,-0.527438,-0.275199,1.20898,-0.691343,-0.429251,1.22817,-0.721038,-0.611588,1.2492,-0.739146,-0.531775,1.324,-0.893119,-0.608249,1.11614,-0.521491,-0.366004,1.1649,-0.938491,-0.458381,1.01644,-0.345138,-0.82871,1.25685,-0.763083,0.524909,0.0431567,-0.340121,0.524909,0.0431567,-0.340121,0.305714,0.329266,-0.831177,3.99139,4.66234,-4.04131,0.524041,0.032253,-0.112547,0,0,1.46869,0,0,0.123887,-3.22783,-0.523106,1.22373,4.70326,-6.05394,-12.1549,0,0,1.52094,0,0,3.53217,-1.11854,-0.984089,-1.60256,0.75085,0.748289,-0.102216,-0.330577,1.19211,-0.642903,1,-0.368,0.635689,-0.653552,-0.182609,-2.80853,0.794022,-1.45779,-0.594168,2.43086,-1.19089,0.0292637,3.7854,1.71209
0.999471,-0.0115775,0.00877231,0.0291137,0.999471,-0.0115775,0.00877231,0.0291137,0.992807,0.00276189,0.0350913,-0.114437,0.708674,-0.263556,0.207273,-0.620771,0.569314,0.0168483,0.501256,-0.651413,0.90782,0,0,0.419359,0.966833,0,0,0.255408,0.553804,-0.106955,-0.210039,-0.79859,0.47599,0.574258,0.0496447,-0.664226,0.885433,0,0,-0.464767,0.998803,0,0,0.0489146,0.658621,-0.140614,-0.116388,0.73,0.66191,0.13445,0.152242,0.721541,0.27212,1.75113,-0.523201,0.128429,0.667488,-0.256067,0.190716,1.60526,-0.631403,0.0197559,0.816548,-0.330785,-0.0378778,1.38447,-0.754246,-0.154556,1.08418,-0.544567,-0.295921,1.26981,-0.717394,-0.451734,1.29371,-0.729782,-0.633104,1.32743,-0.733313,-0.547961,1.4057,-0.879227,-0.624621,1.20267,-0.508471,-0.366344,1.25786,-0.905675,-0.475467,1.08788,-0.342615,-0.849552,1.35384,-0.745474,1.26613,-0.279038,0.115626,1.26613,-0.279038,0.115626,1.28537,0.377855,-0.550834,2.64527,1.01977,-6.47766,1.04616,-1.04831,0.735851,0,0,-0.803324,0,0,1.07443,-0.231139,-3.5961,0.328125,-9.12741,6.00258,-0.145539,0,0,2.06086,0,0,-0.657622,0.0224077,0.039083,0.160487,0.781761,0.78389,0.851701,-0.34034,1.27062,-0.662746,1,-0.297654,0.627994,-0.692554,-0.193375,-3.00082,0.714395,-1.61588,-0.621654,1.82485,-0.781544,-2.52112,4.1192,-0.781717
0.999681,-0.00677113,0.00719377,0.0232616,0.999681,-0.00677113,0.00719377,0.0232616,0.990955,0.0158693,0.0345572,-0.128691,0.668887,-0.196053,0.177102,-0.69483,0.597112,0.0797781,0.474386,-0.641911,0.920667,0,0,0.390348,0.958171,0,0,0.286196,0.576718,-0.115516,-0.260475,-0.76564,0.52489,0.466841,0.0923387,-0.705708,0.893545,0,0,-0.448973,0.99996,0,0,0.00898652,0.653156,-0.139158,-0.114363,0.735489,0.647906,0.145579,0.162455,0.729817,0.295851,1.80491,-0.684337,0.204533,0.846868,-0.229379,0.187752,1.65864,-0.764042,0.0819855,0.970177,-0.324078,-0.0674312,1.43644,-0.825222,-0.141453,1.17421,-0.56179,-0.317763,1.32566,-0.738052,-0.474119,1.34943,-0.737876,-0.655432,1.38294,-0.730101,-0.5747,1.47117,-0.872468,-0.63863,1.25864,-0.49619,-0.367957,1.35349,-0.895261,-0.497174,1.12603,-0.340557,-0.872036,1.40737,-0.732717,0.288464,-0.0947598,-0.351285,0.288464,-0.0947598,-0.351285,0.78893,-0.0308339,-0.86207,4.29153,-1.82485,-5.65683,4.36818,-2.27551,1.1874,0,0,-1.90378,0,0,1.91911,-0.528671,-3.39933,2.85472,-8.59786,2.98759,-1.95027,0,0,1.06537,0,0,-2.39685,0.0783531,0.120647,0.481457,0.81006,0.754271,0.837984,-0.350103,1.33824,-0.682589,1,0.243679,-0.625828,0.713095,0.201134,-3.11892,0.642607,-1.69342,-0.655268,1.67547,-0.619727,-1.91206,2.92884,-0.0992693
0.999784,-0.00742903,0.00566553,0.0185481,0.999784,-0.00742903,0.00566553,0.0185481,0.989411,0.0219192,0.0335251,-0.139507,0.635511,-0.142347,0.105159,-0.751535,0.63516,0.132237,0.432336,-0.626235,0.941114,0,0,0.338091,0.948805,0,0,0.315862,0.618081,-0.123652,-0.293823,-0.718578,0.543387,0.366769,0.131968,-0.743502,0.893713,0,0,-0.448639,0.998168,0,0,-0.0605011,0.651361,-0.134045,-0.11023,0.738654,0.633703,0.156686,0.172363,0.737672,0.298596,1.82421,-0.856552,0.28073,1.06032,-0.226525,0.168965,1.68113,-0.902247,0.140748,1.13846,-0.340857,-0.102735,1.47049,-0.892937,-0.128689,1.25839,-0.586928,-0.337838,1.3728,-0.754514,-0.493808,1.39503,-0.740492,-0.674425,1.42544,-0.717768,-0.607207,1.52647,-0.866841,-0.638459,1.29642,-0.48355,-0.379035,1.45192,-0.911932,-0.495997,1.14374,-0.353092,-0.890886,1.44363,-0.704096,-0.0394627,-0.0917159,-0.282882,-0.0394627,-0.0917159,-0.282882,0.364772,-0.0610689,-0.655237,3.50404,-4.77143,-4.51636,3.51135,-3.39016,1.76108,0,0,-3.36734,0,0,1.86664,-0.424896,-1.99376,4.15557,-7.38974,2.76991,-2.29293,0,0,0.022389,0,0,-4.17148,0.341487,0.275938,0.251418,0.818701,0.742989,0.823167,-0.359866,1.39496,-0.702431,1,0.190572,-0.624346,0.726828,0.213531,-3.228,0.574791,-1.74776,-0.602242,1.41434,-0.493864,-1.6087,2.95796,0.243208
0.999799,-0.00619018,0.00285268,0.0188492,0.999799,-0.00619018,0.00285268,0.0188492,0.988596,0.0234838,0.0344309,-0.144712,0.608277,-0.109427,-0.00580076,-0.786124,0.684279,0.149797,0.378903,-0.604778,0.963388,0,0,0.268111,0.942508,0,0,0.334183,0.67068,-0.132914,-0.309104,-0.661043,0.541457,0.283001,0.173408,-0.772441,0.888043,0,0,-0.459759,0.988606,0,0,-0.150527,0.65504,-0.125103,-0.10409,0.73786,0.619081,0.167959,0.182465,0.745141,0.274769,1.80235,-1.03667,0.335516,1.28746,-0.264519,0.129707,1.66677,-1.04205,0.182496,1.30467,-0.385505,-0.144348,1.48217,-0.954905,-0.118446,1.32983,-0.616844,-0.353976,1.40906,-0.766071,-0.50785,1.43115,-0.736881,-0.685432,1.46207,-0.697225,-0.636679,1.57422,-0.862255,-0.626224,1.32721,-0.474194,-0.40422,1.54649,-0.949893,-0.480298,1.15416,-0.381523,-0.899522,1.47972,-0.663246,0.0743381,-0.168784,0.01806,0.0743381,-0.168784,0.01806,0.0945964,0.0551061,-0.315822,2.17342,-7.6108,-2.96929,1.00567,-4.16477,2.27127,0,0,-4.40733,0,0,1.16239,-0.448272,-0.610435,4.92251,-5.94863,2.96102,-2.10579,0,0,-0.748931,0,0,-5.4338,0.621589,0.428601,-0.127681,0.841675,0.767253,0.815423,-0.369628,1.44077,-0.722274,1,0.13364,-0.620413,0.738553,0.227525,-3.33687,0.500335,-1.79427,-0.48414,1.08765,-0.346721,-1.62864,3.19336,0.278855
0.999735,0.000813634,-0.00088209,0.0229698,0.999735,0.000813634,-0.00088209,0.0229698,0.987956,0.0244806,0.0358044,-0.148529,0.590241,-0.0749463,-0.149955,-0.789628,0.741161,0.141858,0.316726,-0.574666,0.97989,0,0,0.19954,0.942216,0,0,0.335006,0.729029,-0.151953,-0.320567,-0.585375,0.526421,0.215758,0.191302,-0.799833,0.880821,0,0,-0.473449,0.970143,0,0,-0.242535,0.660404,-0.114624,-0.0968867,0.735758,0.603537,0.180061,0.193476,0.752255,0.220356,1.7347,-1.21225,0.357511,1.50536,-0.341599,0.068055,1.61379,-1.17002,0.20322,1.45752,-0.450298,-0.18951,1.47141,-1.00186,-0.108582,1.38927,-0.643907,-0.362703,1.43471,-0.77015,-0.513617,1.45951,-0.72985,-0.687269,1.49655,-0.679534,-0.653503,1.61279,-0.863661,-0.618209,1.35718,-0.471841,-0.433459,1.62149,-0.990679,-0.480709,1.1632,-0.414771,-0.898062,1.52151,-0.632746,0.420258,-0.224103,0.247282,0.420258,-0.224103,0.247282,0.0603483,0.0831869,-0.231824,2.35131,-10.0689,-0.649792,-0.740538,-4.64225,2.86223,0,0,-4.23263,0,0,0.0523916,-1.0571,-0.289799,6.00071,-4.6933,1.36315,-2.31942,0,0,-0.928673,0,0,-5.63261,0.729374,0.503995,-0.249426,0.914137,0.844764,0.821024,-0.379391,1.47569,-0.742117,1,0.0803075,-0.615548,0.749412,0.230291,-3.41419,0.415751,-1.82415,-0.261815,0.769501,-0.122375,-1.97292,2.62109,0.130504
0.999536,0.0119553,-0.00570006,0.0274188,0.999536,0.0119553,-0.00570006,0.0274188,0.987671,0.0242067,0.0356531,-0.150493,0.586289,0.00275166,-0.325229,-0.741946,0.787967,0.157424,0.248371,-0.54096,0.987494,0,0,0.157657,0.956307,0,0,0.292365,0.78761,-0.194894,-0.326424,-0.484907,0.51418,0.156597,0.180412,-0.82374,0.884767,0,0,-0.466034,0.945226,0,0,-0.326417,0.661763,-0.116793,-0.0987559,0.733946,0.735533,0.191029,0.203564,0.617301,0.124558,1.61836,-1.38037,0.346869,1.71005,-0.433598,-0.0183245,1.52535,-1.27751,0.203549,1.59514,-0.524934,-0.233498,1.44526,-1.0261,-0.096271,1.44486,-0.665728,-0.361363,1.45535,-0.767673,-0.511001,1.48189,-0.723982,-0.683426,1.52445,-0.673931,-0.65566,1.63275,-0.875562,-0.621498,1.38583,-0.472175,-0.449568,1.6599,-1.02528,-0.494086,1.17673,-0.431893,-0.893325,1.55621,-0.627535,0.668607,-0.289127,0.267074,0.668607,-0.289127,0.267074,-0.0163562,-0.00890951,-0.119188,5.42574,-12.276,3.24483,0.843928,-4.78036,2.83581,0,0,-2.55425,0,0,-2.69479,-2.55719,0.0828108,7.33741,-4.18406,-0.712767,-2.02701,0,0,0.503989,0,0,-5.25195,-0.142995,-0.123256,-0.149828,0.0881601,-0.0171364,-11.5484,-0.389154,1.49971,-0.761959,1,0.0342012,-0.620895,0.753651,0.212906,-3.43945,0.321443,-1.812,0.0401952,0.619209,0.0743139,-2.56998,1.37817,0.637448
0.999193,0.0228164,-0.0117574,0.0308841,0.999193,0.0228164,-0.0117574,0.0308841,0.988025,0.019545,0.0332864,-0.14939,0.555649,0.00418673,-0.386119,-0.736307,0.830234,0.169531,0.17987,-0.499617,0.987877,0,0,0.155237,0.970904,0,0,0.239471,0.834701,-0.231054,-0.313566,-0.389314,0.4996,0.125096,0.183804,-0.837237,0.897295,0,0,-0.441432,0.91967,0,0,-0.392693,0.669979,-0.121549,-0.103821,0.724966,0.799117,0.161807,0.198337,0.543961,-0.018164,1.46578,-1.50937,0.301056,1.87575,-0.556348,-0.13009,1.4152,-1.35179,0.187069,1.71085,-0.618263,-0.278353,1.41469,-1.03995,-0.0833374,1.49855,-0.702226,-0.354631,1.47388,-0.774809,-0.501966,1.4975,-0.722608,-0.673009,1.53908,-0.66744,-0.661166,1.64321,-0.88031,-0.609192,1.4049,-0.474074,-0.470956,1.68864,-1.04594,-0.484839,1.18686,-0.452787,-0.881475,1.56971,-0.614084,0.651924,-0.363579,0.208162,0.651924,-0.363579,0.208162,-0.280999,-0.142828,0.0675282,0.104141,-4.60646,-0.268795,0.614295,-4.60615,3.16803,0,0,-0.146968,0,0,-3.29267,-2.0825,1.17726,6.60928,-2.21419,0.328771,-1.35656,0,0,1.6565,0,0,-4.26283,-0.295889,-0.320764,-0.768659,-2.1771,-0.651945,-5.67766,-0.398917,1.51282,-0.781802,1,-0.0316194,-0.633631,0.745555,0.204106,-3.50171,0.213118,-1.77168,0.201981,0.556035,-0.214076,-2.77482,2.47115,1.70158
0.998734,0.0334184,-0.0184326,0.0327753,0.998734,0.0334184,-0.0184326,0.0327753,0.989202,0.0136998,0.0285285,-0.143098,0.520761,-0.0140713,-0.389496,-0.759541,0.866101,0.180353,0.109701,-0.453108,0.985806,0,0,0.167889,0.981192,0,0,0.193036,0.865645,-0.262838,-0.303019,-0.29959,0.493788,0.112719,0.188003,-0.8415,0.914711,0,0,-0.40411,0.89251,0,0,-0.451028,0.675952,-0.125086,-0.107612,0.718235,0.812842,0.150707,0.198084,0.526628,-0.189452,1.28997,-1.56724,0.231863,1.99461,-0.699582,-0.253144,1.29403,-1.37738,0.156141,1.8002,-0.729348,-0.319696,1.38286,-1.04335,-0.0732429,1.54593,-0.755527,-0.345866,1.48826,-0.791814,-0.489067,1.50597,-0.727375,-0.658178,1.54149,-0.663006,-0.669086,1.63788,-0.881868,-0.586384,1.41594,-0.479649,-0.496655,1.69764,-1.06103,-0.462906,1.19334,-0.478734,-0.86425,1.56535,-0.597399,0.636598,-0.400787,0.113803,0.636598,-0.400787,0.113803,-0.352442,-0.287292,0.382429,-1.30836,-0.652305,-2.4514,0.541947,-4.55516,3.32881,0,0,0.769175,0,0,-2.8539,-1.83542,0.882543,5.91115,-0.877374,0.339375,-0.464601,0,0,2.47133,0,0,-3.86151,-0.21924,-0.239235,-0.569211,-0.763188,-0.0802617,-1.28589,-0.40868,1.51504,-0.801644,1,-0.112755,-0.650583,0.724271,0.198645,-3.59323,0.0952834,-1.69979,0.262938,0.431297,-0.51015,-3.03983,3.25861,2.57466
0.998163,0.0447196,-0.02495,0.032377,0.998163,0.0447196,-0.02495,0.032377,0.990958,0.0106796,0.0230042,-0.131752,0.495326,-0.0171834,-0.378908,-0.781528,0.893728,0.192697,0.0424245,-0.402886,0.984083,0,0,0.177708,0.98761,0,0,0.156928,0.880549,-0.28931,-0.30644,-0.216859,0.504268,0.107808,0.184121,-0.836774,0.933367,0,0,-0.358924,0.861974,0,0,-0.506953,0.67522,-0.128546,-0.110181,0.717923,0.801733,0.164094,0.204039,0.537275,-0.358012,1.11387,-1.54206,0.147188,2.06263,-0.854802,-0.368909,1.17608,-1.35202,0.111833,1.85566,-0.855874,-0.355224,1.35196,-1.03917,-0.0706344,1.58036,-0.825125,-0.338963,1.49616,-0.8171,-0.475461,1.5066,-0.738294,-0.641339,1.53228,-0.662136,-0.677053,1.61443,-0.882348,-0.559155,1.41848,-0.489224,-0.522483,1.68435,-1.07313,-0.436321,1.19432,-0.506788,-0.843525,1.54527,-0.581876,0.678869,-0.391494,-0.0235367,0.678869,-0.391494,-0.0235367,-0.18225,-0.333475,0.687907,-0.237473,0.459046,-2.20439,0.658045,-4.25286,3.40122,0,0,0.598183,0,0,-2.20059,-1.56771,-0.113506,5.27063,-0.393014,-0.343477,0.621504,0,0,2.9334,0,0,-3.8238,-0.235931,-0.175459,-0.00711023,0.900275,0.434701,0.822261,-0.418443,1.50636,-0.821487,1,-0.201421,-0.667677,0.689779,0.194532,-3.70897,-0.0181048,-1.59808,0.207095,0.236985,-0.758568,-3.11795,3.72798,3.17879
0.997401,0.0586172,-0.0303774,0.0288437,0.997401,0.0586172,-0.0303774,0.0288437,0.992719,0.0153048,0.0201524,-0.117768,0.498386,0.00728065,-0.391273,-0.773605,0.912767,0.210287,-0.0112533,-0.350013,0.984826,0,0,0.173546,0.992615,0,0,0.121305,0.883286,-0.305828,-0.325664,-0.142191,0.535064,0.0957318,0.167924,-0.822401,0.950282,0,0,-0.31139,0.827,0,0,-0.562202,0.667527,-0.137968,-0.116058,0.722428,0.805323,0.158676,0.20085,0.53473,-0.495762,0.964992,-1.45174,0.0517945,2.0791,-1.01415,-0.462836,1.07687,-1.28962,0.0556725,1.87005,-0.992322,-0.384914,1.32385,-1.03146,-0.0790448,1.59486,-0.906277,-0.336513,1.49599,-0.846735,-0.463692,1.49884,-0.753259,-0.624664,1.51163,-0.664607,-0.681548,1.57188,-0.884237,-0.532671,1.40967,-0.500216,-0.545049,1.64508,-1.08743,-0.407348,1.18675,-0.53031,-0.821798,1.5098,-0.570889,0.835261,-0.326305,-0.211689,0.835261,-0.326305,-0.211689,0.277811,-0.17234,0.845767,1.77783,-0.860909,0.651131,1.00781,-3.3352,3.43405,0,0,-0.253654,0,0,-2.15849,-1.01406,-1.18201,4.67603,-0.96588,-1.33324,1.82563,0,0,3.0276,0,0,-3.92394,-0.664037,-0.420329,0.452026,-0.361875,-0.222135,-0.208952,-0.428206,1.48677,-0.84133,1,-0.286879,-0.681594,0.644724,0.193549,-3.84167,-0.106271,-1.47639,0.0735048,-0.00512404,-0.889054,-2.77448,3.88565,3.39561
0.996704,0.0711497,-0.0302184,0.0246278,0.996704,0.0711497,-0.0302184,0.0246278,0.994374,0.0189954,0.0173745,-0.102749,0.517664,0.0428171,-0.407381,-0.751153,0.929505,0.191821,-0.0415609,-0.312247,0.987662,0,0,0.156603,0.994681,0,0,0.103002,0.891169,-0.325681,-0.309733,-0.0617756,0.584891,0.0406636,0.162565,-0.793613,0.959014,0,0,-0.283358,0.805932,0,0,-0.592009,0.650595,-0.175862,-0.140259,0.725346,0.785138,0.177406,0.204624,0.556968,-0.580798,0.856923,-1.33355,-0.0307256,2.04073,-1.1797,-0.522661,1.00211,-1.21098,-0.00483335,1.8387,-1.1336,-0.409671,1.29908,-1.02329,-0.102722,1.58114,-0.991227,-0.342842,1.48612,-0.878765,-0.457627,1.48042,-0.770704,-0.609874,1.47968,-0.667223,-0.68432,1.52786,-0.880601,-0.506985,1.37976,-0.517915,-0.563654,1.60642,-1.09254,-0.383417,1.15941,-0.570403,-0.798388,1.46289,-0.557775,0.753597,0.00912262,-0.252827,0.753597,0.00912262,-0.252827,0.221341,-0.167655,0.906724,2.55416,-0.923213,2.08425,-1.20982,-1.85841,2.44575,0,0,-1.03075,0,0,-1.10515,-1.18349,1.04844,5.03253,-3.99558,-0.623773,3.23283,0,0,1.76171,0,0,-2.19019,-2.64495,-1.70195,0.528487,1.28805,0.340574,1.69542,-0.437969,1.45629,-0.861172,1,0.339921,0.688559,-0.60019,-0.223859,-3.97544,-0.0999203,-1.38959,-0.189865,-0.295921,-0.960896,-0.359998,3.98094,2.18705
0.997477,0.0615567,-0.028427,0.0210272,0.997477,0.0615567,-0.028427,0.0210272,0.995879,0.01961,0.0127039,-0.0876254,0.536051,0.0832183,-0.370447,-0.753985,0.928625,0.221249,-0.042226,-0.294824,0.988632,0,0,0.150355,0.996697,0,0,0.0812052,0.890421,-0.354783,-0.284908,-0.0103543,0.629894,-0.018045,0.162,-0.759384,0.970544,0,0,-0.240925,0.809703,0,0,-0.58684,0.643337,-0.197841,-0.154315,0.7233,0.781852,0.174535,0.198649,0.564609,-0.632542,0.76351,-1.21871,-0.110967,1.9627,-1.34833,-0.562413,0.932609,-1.1423,-0.0751827,1.77137,-1.27332,-0.435824,1.26464,-1.02736,-0.144301,1.54031,-1.07602,-0.361038,1.45986,-0.91735,-0.458676,1.45009,-0.793685,-0.591507,1.44284,-0.666253,-0.689863,1.47992,-0.859062,-0.461208,1.34673,-0.533246,-0.584738,1.55429,-1.08086,-0.337568,1.13017,-0.60154,-0.757734,1.42014,-0.525589,-0.577165,0.108043,-0.216599,-0.577165,0.108043,-0.216599,0.0363523,-0.28115,0.911784,2.86177,2.86872,0.22246,1.8125,-0.0416614,1.06513,0,0,-0.379365,0,0,-1.31343,-1.81817,1.54134,3.20214,-4.08551,-0.246183,3.36411,0,0,2.63849,0,0,0.383893,-1.53679,-0.98832,0.00370381,-0.171993,-0.370936,0.538973,-0.447732,1.41491,-0.881015,1,0.385487,0.682872,-0.562513,-0.262042,-4.10941,-0.0758735,-1.33821,-0.545898,-0.788021,-1.15756,-0.117489,4.06651,1.18603
0.998143,0.0519232,-0.0271014,0.0167236,0.998143,0.0519232,-0.0271014,0.0167236,0.996879,0.0224939,0.00830138,-0.075212,0.554195,0.0804805,-0.298547,-0.772826,0.917831,0.251853,-0.0336066,-0.305002,0.988015,0,0,0.154355,0.997207,0,0,0.074687,0.886565,-0.372207,-0.27291,0.0313738,0.674098,-0.0624006,0.156217,-0.719232,0.976807,0,0,-0.214122,0.833898,0,0,-0.551918,0.630153,-0.218242,-0.167158,0.726179,0.781361,0.162437,0.184969,0.573477,-0.654996,0.687658,-1.12113,-0.190212,1.85217,-1.50798,-0.585769,0.869002,-1.08416,-0.151676,1.67882,-1.3986,-0.463054,1.22051,-1.03248,-0.196427,1.48253,-1.14871,-0.385363,1.42041,-0.952846,-0.463173,1.40767,-0.815967,-0.572041,1.39498,-0.667762,-0.694075,1.42106,-0.837772,-0.41015,1.30981,-0.557711,-0.610628,1.48958,-1.07023,-0.278777,1.10445,-0.644216,-0.710183,1.36699,-0.499967,-0.57919,0.079964,-0.258659,-0.57919,0.079964,-0.258659,0.172823,-0.264679,0.747336,-0.239637,5.29945,-0.922707,1.93906,0.522109,-0.695706,0,0,0.242809,0,0,-0.392285,-1.11686,0.724316,2.602,-2.97265,-0.5847,3.62142,0,0,1.65152,0,0,2.54928,-1.47335,-0.938296,0.460358,-0.78183,-0.884051,0.581227,-0.457495,1.36262,-0.900858,1,0.431629,0.673266,-0.521117,-0.298071,-4.24537,-0.0485159,-1.28751,-0.729732,-1.18324,-1.06488,-0.246094,4.14562,1.26511
0.998339,0.0500437,-0.0262725,0.0111567,0.998339,0.0500437,-0.0262725,0.0111567,0.997312,0.0279478,0.00482196,-0.0675548,0.57016,0.0356695,-0.220945,-0.790461,0.90235,0.260615,-0.0238605,-0.342454,0.986642,0,0,0.162904,0.995949,0,0,0.0899179,0.887173,-0.363947,-0.275183,0.0688543,0.716158,-0.0851969,0.15015,-0.67625,0.977047,0,0,-0.213022,0.867986,0,0,-0.496589,0.602346,-0.236602,-0.180087,0.740788,0.768172,0.153111,0.166943,0.598832,-0.662903,0.620818,-1.05056,-0.267629,1.70927,-1.64751,-0.600429,0.805946,-1.03962,-0.229227,1.56516,-1.50314,-0.490638,1.1655,-1.03524,-0.252566,1.41207,-1.20718,-0.412217,1.3684,-0.983313,-0.468016,1.35364,-0.836241,-0.551584,1.33552,-0.672909,-0.697369,1.34979,-0.822093,-0.361845,1.26999,-0.593773,-0.644713,1.41347,-1.06435,-0.221054,1.08531,-0.707003,-0.660715,1.30072,-0.485987,-0.113036,0.0498709,-0.334263,-0.113036,0.0498709,-0.334263,0.327334,-0.209024,0.460499,-3.19333,5.60545,-0.875775,0.627473,0.59338,-2.42491,0,0,0.519522,0,0,0.916974,0.52014,-0.138149,2.337,-1.44557,-0.574036,3.64236,0,0,0.0675452,0,0,3.89985,-1.44616,-1.02891,1.58244,-0.555418,-1.11468,1.83404,-0.467258,1.29944,-0.9207,1,0.481253,0.659477,-0.473023,-0.331261,-4.38943,-0.0183708,-1.23122,-0.805628,-1.56056,-0.914011,-0.464301,4.38893,1.54115
0.998488,0.0492969,-0.0238793,0.00452028,0.998488,0.0492969,-0.0238793,0.00452028,0.997336,0.0311933,0.00140278,-0.0659219,0.585521,4.89379e-05,-0.180799,-0.790238,0.882964,0.247897,-0.00878093,-0.398553,0.986278,0,0,0.165093,0.992666,0,0,0.120887,0.901523,-0.322726,-0.272767,0.0932858,0.748657,-0.0901112,0.163548,-0.636117,0.973975,0,0,-0.226656,0.899342,0,0,-0.437246,0.559201,-0.237777,-0.186898,0.771897,0.724314,0.157949,0.149051,0.654373,-0.66449,0.54789,-1.0175,-0.348564,1.54559,-1.75265,-0.611853,0.732911,-1.01827,-0.309337,1.43817,-1.58337,-0.52123,1.09595,-1.03965,-0.31229,1.32916,-1.25493,-0.443295,1.30158,-1.0099,-0.473094,1.2878,-0.855343,-0.526292,1.26747,-0.67998,-0.69675,1.26785,-0.80347,-0.316083,1.22686,-0.642872,-0.687256,1.32253,-1.05324,-0.177666,1.06795,-0.790851,-0.599865,1.22851,-0.477172,-0.0449837,0.14374,-0.39842,-0.0449837,0.14374,-0.39842,0.19489,-0.205336,0.0980973,-2.50813,2.90784,0.370005,-0.683984,0.931704,-3.64876,0,0,0.133127,0,0,1.86863,2.67168,0.236069,1.49444,-0.252693,0.756078,3.18536,0,0,-0.838553,0,0,4.02786,-0.380261,-0.707976,3.13079,0.487127,-1.00261,4.32949,-0.477021,1.22536,-0.940543,1,0.532219,0.632667,-0.423402,-0.370413,-4.55261,0.0180125,-1.1949,-0.932358,-2.00443,-0.797622,-0.694192,4.96745,1.08635
0.998613,0.0466741,-0.0214627,0.0115587,0.998613,0.0466741,-0.0214627,0.0115587,0.99669,0.0365637,-0.00217472,-0.0725734,0.595898,-0.0143796,-0.18455,-0.781435,0.869262,0.206096,0.0237424,-0.448715,0.986911,0,0,0.161268,0.992153,0,0,0.125033,0.926999,-0.249961,-0.265255,0.0884971,0.767731,-0.0682902,0.170956,-0.613758,0.952288,0,0,-0.305201,0.922336,0,0,-0.38639,0.572696,-0.107981,-0.108148,0.805396,0.715324,0.15043,0.139116,0.668078,-0.665529,0.45537,-1.05804,-0.433834,1.36741,-1.82361,-0.615729,0.639547,-1.03726,-0.390538,1.2915,-1.63978,-0.545663,0.999175,-1.04369,-0.372302,1.22407,-1.2918,-0.473865,1.21279,-1.03041,-0.478028,1.20968,-0.872479,-0.501641,1.20345,-0.689712,-0.691841,1.17804,-0.784154,-0.282766,1.19116,-0.691408,-0.72996,1.1996,-1.03641,-0.149563,1.04811,-0.858858,-0.540345,1.18023,-0.47532,-0.15756,0.145127,0.422488,-0.15756,0.145127,0.422488,0.322985,-0.214869,-0.40039,-1.00517,-0.207213,0.849564,-2.54815,2.03848,-3.26908,0,0,-0.232608,0,0,0.250656,4.6517,0.611101,-0.345509,1.46333,0.405783,1.75424,0,0,-4.89035,0,0,3.34919,9.22434,5.61358,2.0485,-0.463367,-0.62593,1.06017,-0.486784,1.14037,-0.960386,1,0.594858,0.593877,-0.374382,-0.391526,-4.72669,0.0196297,-1.14486,-0.917099,-2.66367,-0.615295,-1.99339,4.82681,1.59549
0.999004,0.0288386,-0.0120716,0.0318237,0.999004,0.0288386,-0.0120716,0.0318237,0.996277,0.0345697,-0.00733894,-0.0786287,0.632284,-0.0897636,-0.163306,-0.751991,0.834849,0.194302,0.0699024,-0.510282,0.98408,0,0,0.177729,0.986066,0,0,0.166352,0.954539,-0.126169,-0.194511,0.187353,0.827186,-0.0402145,0.143465,-0.541815,0.895565,0,0,-0.44493,0.938984,0,0,-0.343961,0.565377,-0.054106,-0.0761621,0.819525,0.72355,0.13043,0.124029,0.666394,-0.635573,0.389654,-1.06979,-0.562112,1.1044,-1.87538,-0.597476,0.570466,-1.02109,-0.511794,1.07315,-1.68009,-0.572521,0.914174,-1.02412,-0.461771,1.08226,-1.32235,-0.517785,1.11664,-1.05172,-0.483403,1.12243,-0.897558,-0.458135,1.13709,-0.715453,-0.674608,1.08614,-0.74757,-0.242802,1.13889,-0.784621,-0.787204,1.03885,-0.971765,-0.146666,0.998849,-0.975895,-0.436541,1.14259,-0.497581,-1.07085,0.563817,1.21622,-1.07085,0.563817,1.21622,-0.119488,-0.310256,-0.364367,-5.15963,1.64725,2.82159,-0.588969,2.95139,-4.26109,0,0,1.00217,0,0,2.50609,7.68662,4.46343,5.97176,1.88515,-1.9927,5.44953,0,0,-9.05684,0,0,2.73494,3.77776,2.23342,1.17042,-1.35599,-1.02826,-0.251482,-0.496547,1.04449,-0.980228,1,0.635377,0.522981,-0.323691,-0.466916,-4.95904,0.077121,-1.20737,-1.31758,-2.88457,-0.63925,-1.09262,7.08885,-1.52901
0.999227,0.0147645,-0.00655769,0.0358257,0.999227,0.0147645,-0.00655769,0.0358257,0.997491,0.0222001,-0.00958142,-0.0665408,0.686393,-0.22188,-0.128477,-0.680535,0.798405,0.220957,0.0993717,-0.551229,0.971947,0,0,0.2352,0.975749,0,0,0.218894,0.950612,-0.0081343,-0.150913,0.271101,0.875518,-0.00420764,0.107113,-0.471145,0.834035,0,0,-0.551711,0.956447,0,0,-0.291907,0.544425,-0.0371086,-0.0583957,0.835951,0.736103,0.111457,0.111298,0.658287,-0.615339,0.334853,-1.0739,-0.698859,0.821982,-1.87099,-0.587728,0.508661,-1.0038,-0.636356,0.845068,-1.67713,-0.597455,0.82947,-1.0045,-0.548993,0.93916,-1.33221,-0.557759,1.01609,-1.06944,-0.488259,1.02759,-0.92792,-0.416656,1.05264,-0.759776,-0.637625,0.969363,-0.71463,-0.222355,1.06183,-0.890908,-0.792101,0.841518,-0.867554,-0.170422,0.925594,-1.09786,-0.335888,1.07513,-0.557165,-0.844791,0.330976,0.240035,-0.844791,0.330976,0.240035,-0.743636,-0.134483,0.727793,-8.74492,2.57797,5.89709,1.88141,1.95688,-3.07023,0,0,3.5248,0,0,3.21312,7.19075,2.64396,5.12453,2.29876,-2.43333,5.01806,0,0,-7.39909,0,0,3.29468,1.17599,1.21691,1.68225,-1.29172,-0.878275,-0.745182,-0.50631,0.937706,-1.00007,1,0.66954,0.44806,-0.27084,-0.52688,-5.18421,0.109691,-1.26622,-1.19922,-3.01646,-0.531577,-1.2858,6.67349,-1.12807
0.999131,0.0189788,-0.00824535,0.0361721,0.999131,0.0189788,-0.00824535,0.0361721,0.997795,0.0121853,-0.00842646,-0.0647024,0.742023,-0.311121,-0.148029,-0.575059,0.796421,0.233421,0.0994666,-0.548939,0.961907,0,0,0.273378,0.977379,0,0,0.211494,0.944109,0.0410697,-0.163808,0.283087,0.892984,0.0369186,0.057438,-0.44488,0.804533,0,0,-0.593908,0.97946,0,0,-0.201636,0.499287,-0.0406604,-0.0761191,0.862128,0.702369,0.108688,0.0983903,0.696551,-0.60809,0.240766,-1.08035,-0.809235,0.550112,-1.82026,-0.579863,0.408477,-1.00513,-0.741471,0.631246,-1.64777,-0.608152,0.716767,-1.00127,-0.623125,0.800844,-1.33267,-0.588323,0.902273,-1.08504,-0.494134,0.924365,-0.960034,-0.395088,0.960793,-0.808759,-0.585978,0.831578,-0.700961,-0.226228,0.977378,-0.973057,-0.715601,0.633067,-0.778981,-0.200206,0.837852,-1.18319,-0.27989,0.997371,-0.62573,0.252959,-0.101302,0.0208612,0.252959,-0.101302,0.0208612,-0.601466,0.069407,0.110792,-5.55256,-1.10285,7.90463,0.813547,0.0107901,0.121635,0,0,2.36868,0,0,-0.454638,3.0074,-0.808899,0.769685,2.56116,-3.13274,1.81565,0,0,-3.08961,0,0,5.59153,-0.309562,-1.36776,3.06644,-0.0891419,-0.766203,3.12021,-0.516073,0.820023,-1.01991,1,0.71967,0.391604,-0.19601,-0.538797,-5.38441,0.140325,-1.21754,-0.916932,-3.41454,-0.467995,-1.05843,5.93718,2.20451
0.999223,0.00373762,-0.00600552,0.0387675,0.999223,0.00373762,-0.00600552,0.0387675,0.997725,0.0120411,-0.00920691,-0.0656923,0.75238,-0.358209,-0.160682,-0.528954,0.816921,0.257216,0.0797507,-0.510019,0.961703,0,0,0.274095,0.980326,0,0,0.197387,0.943936,0.0669678,-0.164605,0.278217,0.895057,0.0715262,0.0419708,-0.438173,0.789006,0,0,-0.614385,0.990659,0,0,-0.136362,0.490202,-0.0471968,-0.102097,0.864321,0.713407,0.0924182,0.0824319,0.689721,-0.603675,0.115481,-1.07041,-0.911801,0.304641,-1.74229,-0.569752,0.283355,-0.999824,-0.838571,0.423103,-1.5944,-0.614227,0.583665,-0.994218,-0.695377,0.644143,-1.3188,-0.622084,0.766484,-1.09029,-0.505333,0.804305,-0.99065,-0.376487,0.861691,-0.871772,-0.50949,0.719631,-0.6971,-0.249508,0.864542,-1.07007,-0.612549,0.492539,-0.705891,-0.252978,0.692456,-1.25731,-0.222875,0.924598,-0.728426,-0.914742,0.13444,0.155698,-0.914742,0.13444,0.155698,-0.00864232,-0.0468741,-0.0595311,-3.00434,-0.790748,3.16773,1.40916,-1.30886,2.75379,0,0,0.0447617,0,0,-0.86472,1.58374,-0.0493529,-0.296783,2.15062,-0.964525,0.437224,0,0,-1.5419,0,0,3.97438,-0.488018,-1.91482,0.408893,-1.11249,-1.08888,-0.651954,-0.525836,0.69144,-1.03976,1,0.766378,0.318021,-0.123623,-0.544284,-5.60189,0.157353,-1.1792,-1.01282,-4.07367,-0.157579,-1.87414,6.19599,2.11301
0.999058,-0.00510746,-0.00413981,0.0428854,0.999058,-0.00510746,-0.00413981,0.0428854,0.997918,0.0104237,-0.00782267,-0.0631625,0.744919,-0.375874,-0.171197,-0.523933,0.814867,0.267966,0.0434867,-0.512147,0.95888,0,0,0.283811,0.975817,0,0,0.218588,0.952349,0.0845148,-0.161589,0.244496,0.89101,0.100978,0.0446098,-0.440357,0.785578,0,0,-0.618762,0.994028,0,0,-0.109124,0.486437,-0.0439075,-0.104949,0.866278,0.713754,0.072397,0.0623366,0.69385,-0.60216,0.0377875,-1.06485,-0.984984,0.151902,-1.65878,-0.560114,0.206808,-1.00264,-0.906826,0.29113,-1.53324,-0.611421,0.504539,-0.991678,-0.746647,0.544992,-1.29616,-0.644866,0.688123,-1.09019,-0.515046,0.743298,-1.01889,-0.371116,0.822987,-0.935534,-0.44575,0.689172,-0.719196,-0.294138,0.812379,-1.15189,-0.517862,0.454474,-0.678897,-0.324074,0.61296,-1.30497,-0.198475,0.914403,-0.835749,-0.530859,0.111958,0.247278,-0.530859,0.111958,0.247278,-0.0971614,0.0831474,0.152148,-1.22662,-0.720345,0.231964,0.700334,-2.31709,-0.160616,0,0,0.607022,0,0,1.30055,1.05812,0.212775,-2.10483,1.84057,0.168064,-0.174743,0,0,-0.333578,0,0,1.64682,0.23438,-0.220517,0.247062,-1.33169,-1.33652,0.268376,-0.535599,0.62471,-1.0596,1,0.807005,0.23943,-0.0584505,-0.536656,-5.81054,0.16337,-1.13427,-0.683476,-2.35084,0.00305325,-2.32197,5.73074,2.34285
0.998863,-0.00710156,-0.00244486,0.0470779,0.998863,-0.00710156,-0.00244486,0.0470779,0.998163,0.00925918,-0.00323251,-0.0597898,0.749543,-0.352446,-0.182367,-0.52982,0.821039,0.237871,0.0270046,-0.51825,0.95914,0,0,0.282931,0.979115,0,0,0.203307,0.96539,0.108214,-0.145783,0.187241,0.876442,0.139345,0.054737,-0.457641,0.797346,0,0,-0.603523,0.995405,0,0,-0.0957566,0.499549,-0.039512,-0.0931174,0.860359,0.701004,0.0560086,0.0410298,0.70977,-0.602075,0.0351199,-1.06387,-1.04169,0.110698,-1.57889,-0.554025,0.207035,-1.01179,-0.958142,0.261276,-1.4732,-0.605138,0.509068,-0.99399,-0.782163,0.534477,-1.27046,-0.657047,0.696583,-1.08861,-0.52257,0.767796,-1.04601,-0.375214,0.867089,-0.996726,-0.401606,0.752228,-0.760045,-0.340066,0.837439,-1.215,-0.446188,0.519324,-0.684487,-0.385621,0.617557,-1.33376,-0.198706,0.983383,-0.937902,-0.119712,0.101719,0.251815,-0.119712,0.101719,0.251815,-0.069963,0.275617,0.202797,1.57933,-0.712834,-0.325878,-1.96034,-1.05875,-0.316097,0,0,-0.0550505,0,0,-0.937997,1.41577,1.00306,-3.54138,2.43413,0.648272,-1.22318,0,0,1.15526,0,0,0.806268,0.337308,0.902467,-0.791474,-1.07099,-1.40285,1.29119,-0.545362,0.644057,-1.07944,1,0.839031,0.15658,-0.00657505,-0.521024,-6.00691,0.152724,-1.09014,-0.365435,0.253807,0.0473637,-2.86134,5.07646,2.24687
0.998779,-0.00941792,-0.00194489,0.0484572,0.998779,-0.00941792,-0.00194489,0.0484572,0.998584,0.00962581,0.00050542,-0.0523099,0.73862,-0.324863,-0.190336,-0.559175,0.811035,0.216799,0.00931775,-0.543263,0.959731,0,0,0.280922,0.97805,0,0,0.208371,0.970678,0.127426,-0.138622,0.149433,0.853522,0.21185,0.0435119,-0.474053,0.811937,0,0,-0.583745,0.999461,0,0,-0.0328415,0.50573,-0.0435649,-0.0954028,0.856293,0.692543,0.0345821,0.0069782,0.720514,-0.604959,0.047381,-1.06304,-1.06808,0.0937838,-1.50926,-0.55291,0.221563,-1.02178,-0.993243,0.259786,-1.42338,-0.600235,0.529593,-0.999248,-0.813066,0.550672,-1.24779,-0.664643,0.72058,-1.08798,-0.528518,0.799133,-1.07167,-0.380264,0.90717,-1.05311,-0.370869,0.810239,-0.809007,-0.389342,0.866985,-1.26618,-0.407933,0.584982,-0.7095,-0.45758,0.638785,-1.35368,-0.20346,1.03537,-1.03109,-0.13905,0.0300064,0.082873,-0.13905,0.0300064,0.082873,0.0219298,0.224409,0.449511,1.72035,-0.574278,-2.07688,-1.29496,-1.12725,-1.72406,0,0,-0.125644,0,0,0.310492,1.15241,0.449701,-2.31129,4.64745,-0.680389,-1.27034,0,0,1.47471,0,0,3.78337,-0.285605,-0.147241,-0.462064,-1.42371,-2.27314,0.876206,-0.555124,0.672301,-1.09928,1,0.851062,0.0916594,0.0506787,-0.514513,-6.17739,0.181577,-1.07788,-0.227853,0.719901,0.0190255,-1.59605,4.86158,1.21777
0.998829,-0.0067629,-0.00312311,0.0478082,0.998829,-0.0067629,-0.00312311,0.0478082,0.998841,0.00964079,0.00309496,-0.0470586,0.719786,-0.313551,-0.201958,-0.585497,0.807259,0.194711,-0.00528641,-0.557129,0.960248,0,0,0.27915,0.978606,0,0,0.205742,0.971249,0.133413,-0.151974,0.125617,0.833767,0.278564,0.0247161,-0.47605,0.823123,0,0,-0.567863,0.999959,0,0,0.00906521,0.500944,-0.0467686,-0.101654,0.858215,0.69277,0.0184,-0.0158021,0.72075,-0.608341,0.0500926,-1.06525,-1.07467,0.0899054,-1.47804,-0.553885,0.225008,-1.03279,-1.00727,0.264148,-1.40305,-0.595814,0.538098,-1.00927,-0.828605,0.5634,-1.24,-0.666927,0.734126,-1.09282,-0.53155,0.815623,-1.09243,-0.384211,0.926464,-1.0902,-0.353579,0.834847,-0.845053,-0.420509,0.886619,-1.29446,-0.389313,0.615166,-0.733043,-0.502747,0.656822,-1.36439,-0.208897,1.05859,-1.08698,0.159373,-0.0707185,-0.039007,0.159373,-0.0707185,-0.039007,0.000850103,0.15543,0.315464,0.595871,-0.861164,-2.01134,-1.39835,-0.936453,-0.938061,0,0,-0.110726,0,0,-0.161251,0.361234,-0.807262,-1.44451,4.33582,-1.17513,-0.340274,0,0,1.16553,0,0,2.51476,-0.238915,-0.467751,0.268627,-1.08465,-1.52666,0.011584,-0.560344,0.686936,-1.11592,1,0.852211,0.0605929,0.103581,-0.50925,-6.28547,0.240573,-1.07753,-0.0685239,0.406384,-0.145233,0.0564694,3.63028,0.690022
0.998991,-0.000214885,-0.00482955,0.0446464,0.998991,-0.000214885,-0.00482955,0.0446464,0.998972,0.0105382,0.00699746,-0.0435331,0.701518,-0.306994,-0.220344,-0.604216,0.808055,0.162309,-0.0192112,-0.565981,0.961208,0,0,0.275823,0.979477,0,0,0.201558,0.970021,0.141124,-0.17269,0.0965435,0.826628,0.317189,0.0184513,-0.464475,0.837702,0,0,-0.546127,0.999784,0,0,0.0207721,0.497905,-0.0475528,-0.104036,0.859654,0.695275,0.0120781,-0.0278499,0.718102,-0.608487,0.0456901,-1.06663,-1.07034,0.0883199,-1.4633,-0.553686,0.221576,-1.04236,-1.00719,0.266042,-1.39238,-0.589534,0.54118,-1.02023,-0.832089,0.570951,-1.23626,-0.664257,0.744146,-1.09983,-0.531027,0.828253,-1.1122,-0.384933,0.94042,-1.12145,-0.336576,0.849988,-0.876438,-0.441021,0.903372,-1.31407,-0.369545,0.63551,-0.753481,-0.533011,0.672758,-1.3682,-0.210786,1.07386,-1.13056,0.393035,-0.102411,-0.189928,0.393035,-0.102411,-0.189928,0.0538382,0.234222,0.211731,0.290913,-1.32269,-1.52471,-2.08256,-0.893319,-0.557528,0,0,-0.207753,0,0,-0.25643,0.470683,-1.25933,-1.75892,2.50729,-0.395173,0.659294,0,0,1.57043,0,0,0.702496,-0.0614425,-0.182781,0.187062,-0.424448,-0.805565,-0.224351,-0.560253,0.696602,-1.13128,1,0.850648,0.0373869,0.15465,-0.501083,-6.37914,0.305294,-1.07945,0.0800777,0.300606,-0.210292,0.430521,3.30218,0.700116
0.999158,0.00554273,-0.00580965,0.0402335,0.999158,0.00554273,-0.00580965,0.0402335,0.99905,0.0101154,0.0100714,-0.0411852,0.687799,-0.294026,-0.242199,-0.617916,0.806502,0.132473,-0.0324712,-0.575283,0.962249,0,0,0.272172,0.979472,0,0,0.201579,0.966852,0.154096,-0.193441,0.0634973,0.846667,0.302346,0.0396351,-0.436087,0.855154,0,0,-0.518374,0.99998,0,0,-0.00636755,0.502188,-0.0472551,-0.102169,0.8574,0.701295,0.0146432,-0.031892,0.712007,-0.608354,0.0374922,-1.06693,-1.05887,0.0908814,-1.46914,-0.554645,0.214875,-1.0496,-0.99469,0.266713,-1.3932,-0.583516,0.542161,-1.03103,-0.824006,0.574376,-1.2374,-0.658134,0.752715,-1.10912,-0.527559,0.83879,-1.13207,-0.38261,0.951242,-1.15122,-0.319395,0.86212,-0.907343,-0.454759,0.916939,-1.33138,-0.349495,0.653486,-0.773532,-0.554569,0.686309,-1.36908,-0.209186,1.08446,-1.17135,0.345555,-0.0588063,-0.264995,0.345555,-0.0588063,-0.264995,-0.0253956,0.184484,0.140982,0.760982,-1.54623,-1.13587,-1.90945,-0.85195,-0.61783,0,0,-0.227785,0,0,0.00132585,0.79617,-1.27026,-1.9987,-1.08474,1.33178,2.00937,0,0,1.96715,0,0,-1.62847,0.028017,0.14948,-0.279852,0.169448,-0.265632,-0.519345,-0.556106,0.703672,-1.14768,1,0.847032,0.0178349,0.197321,-0.493237,-6.45977,0.359566,-1.0868,0.18371,0.257056,-0.278679,0.366028,2.7827,0.569067
0.999193,0.0030313,-0.00481118,0.0397676,0.999193,0.0030313,-0.00481118,0.0397676,0.999161,0.00623197,0.00832378,-0.0396224,0.681964,-0.271748,-0.251994,-0.630537,0.798192,0.131225,-0.0402478,-0.586557,0.96246,0,0,0.271425,0.978833,0,0,0.20466,0.964374,0.167128,-0.200379,0.0435823,0.874288,0.253807,0.0749314,-0.406924,0.865656,0,0,-0.500639,0.998968,0,0,-0.0454152,0.51075,-0.0493933,-0.102001,0.852227,0.706211,0.0155936,-0.0362264,0.706902,-0.610319,0.0340009,-1.06546,-1.05421,0.0976416,-1.47648,-0.556828,0.212428,-1.05146,-0.983813,0.269333,-1.39568,-0.580111,0.544346,-1.03539,-0.813738,0.576543,-1.23928,-0.652767,0.758811,-1.11402,-0.524138,0.845681,-1.14395,-0.381394,0.959117,-1.17188,-0.308697,0.875461,-0.930322,-0.466376,0.924537,-1.3443,-0.337562,0.671951,-0.788486,-0.571074,0.694502,-1.36904,-0.210939,1.09395,-1.20352,-0.15073,0.0599281,-0.0279892,-0.15073,0.0599281,-0.0279892,-0.233091,-0.104909,0.0938879,1.45418,-0.696328,-0.944216,-0.0543359,-0.507127,-0.83886,0,0,-0.0465733,0,0,0.188762,0.799206,-0.431116,-1.20606,-3.22838,2.18666,2.09741,0,0,1.2367,0,0,-2.34379,-0.141694,0.0395948,-0.604223,0.0614974,-0.284912,-0.430748,-0.553127,0.70952,-1.15872,1,0.843805,0.0034469,0.216402,-0.491072,-6.50744,0.37749,-1.09713,0.160988,0.182901,-0.147104,-0.137448,1.43158,0.205339
0.999222,0.00031374,-0.00404831,0.0392204,0.999222,0.00031374,-0.00404831,0.0392204,0.999236,0.00364286,0.0068232,-0.0383214,0.678422,-0.252117,-0.256579,-0.640585,0.790401,0.126908,-0.0418578,-0.597837,0.962336,0,0,0.271863,0.978585,0,0,0.205841,0.961488,0.17952,-0.20723,0.0192169,0.895711,0.207584,0.107441,-0.378241,0.876873,0,0,-0.480722,0.99622,0,0,-0.0868634,0.520166,-0.0518142,-0.101304,0.846452,0.720409,0.0124573,-0.0350053,0.692553,-0.612237,0.0360776,-1.06244,-1.05299,0.111835,-1.48156,-0.55925,0.215664,-1.0521,-0.973417,0.279915,-1.39882,-0.576525,0.55243,-1.03973,-0.802363,0.585783,-1.24345,-0.64648,0.771103,-1.11947,-0.520426,0.859348,-1.15569,-0.380809,0.97439,-1.19172,-0.298936,0.895638,-0.953647,-0.47728,0.939206,-1.35675,-0.324922,0.695596,-0.806479,-0.585418,0.709904,-1.37034,-0.214445,1.11146,-1.23386,-0.163098,0.0457872,-0.032867,-0.163098,0.0457872,-0.032867,-0.155396,-0.0900703,0.0781414,1.29753,-0.332531,-0.736094,-0.254469,-0.111433,-0.837176,0,0,0.0273193,0,0,0.0724511,0.76319,-0.428357,-1.4784,-2.99351,1.98603,1.97509,0,0,1.37152,0,0,-2.49253,-0.159641,0.0800203,-0.665083,-0.213613,0.0941312,-1.20839,-0.550148,0.722191,-1.16976,1,0.841753,-0.0101278,0.233737,-0.486535,-6.55113,0.393738,-1.10193,0.188617,0.368746,-0.163526,-0.117185,1.30342,0.349087
0.999249,-0.00302215,-0.00399228,0.0384296,0.999249,-0.00302215,-0.00399228,0.0384296,0.999254,0.00493691,0.00606418,-0.0378078,0.683052,-0.240951,-0.246007,-0.644099,0.784392,0.113423,-0.0249802,-0.609296,0.961199,0,0,0.275855,0.979523,0,0,0.20133,0.957997,0.190084,-0.213941,-0.018436,0.909021,0.171522,0.13239,-0.355998,0.890716,0,0,-0.45456,0.990773,0,0,-0.135533,0.532213,-0.0550898,-0.0990334,0.838992,0.760715,-0.00295806,-0.0170461,0.648855,-0.615626,0.0387471,-1.05687,-1.05424,0.127842,-1.484,-0.563735,0.219829,-1.05086,-0.960797,0.293369,-1.40253,-0.573661,0.562386,-1.04444,-0.788034,0.597528,-1.2509,-0.638726,0.786507,-1.12643,-0.516346,0.877931,-1.16711,-0.381535,0.996519,-1.20942,-0.291153,0.920865,-0.976815,-0.487121,0.959393,-1.36995,-0.310634,0.718758,-0.831977,-0.597327,0.730571,-1.37864,-0.221007,1.13785,-1.25941,-0.200203,0.003365,-0.0474815,-0.200203,0.003365,-0.0474815,0.0776609,-0.0455551,0.0308348,0.781932,0.74247,-0.158125,-0.854567,1.08633,-0.827594,0,0,0.248997,0,0,-0.276482,0.655787,-0.423367,-2.28996,-2.29171,1.51311,1.48568,0,0,1.77596,0,0,-2.93873,-0.215159,0.200012,-0.847597,-1.01911,1.2079,-3.55032,-0.547169,0.739036,-1.18079,1,0.844312,-0.021252,0.246103,-0.475519,-6.58147,0.406464,-1.08776,0.232639,0.462125,-0.208659,-0.0448024,0.920155,0.779608
0.999265,-0.00484217,-0.00411033,0.0378144,0.999265,-0.00484217,-0.00411033,0.0378144,0.999257,0.00663325,0.00565574,-0.0375344,0.687587,-0.234804,-0.235304,-0.645541,0.777144,0.101261,-0.0110162,-0.621025,0.959785,0,0,0.280736,0.980223,0,0,0.197894,0.95522,0.191602,-0.217081,-0.0609868,0.920612,0.144907,0.150262,-0.329995,0.904847,0,0,-0.425736,0.9817,0,0,-0.190433,0.541598,-0.0582306,-0.0977727,0.832899,0.782075,-0.0119393,-0.00602327,0.623041,-0.620959,0.0404187,-1.04961,-1.05125,0.14198,-1.47925,-0.570159,0.222676,-1.04988,-0.944975,0.305212,-1.40477,-0.571509,0.570868,-1.05098,-0.772321,0.608162,-1.25946,-0.630962,0.800511,-1.13406,-0.512621,0.895177,-1.17906,-0.382869,1.01728,-1.22685,-0.283597,0.943551,-0.999993,-0.497044,0.978882,-1.38216,-0.29508,0.738629,-0.85893,-0.609112,0.750624,-1.38549,-0.228334,1.16275,-1.28342,-0.109227,-0.00708362,-0.0369283,-0.109227,-0.00708362,-0.0369283,0.101805,-0.0245126,0.0164099,0.441521,0.748084,-0.0200161,-0.769448,0.901858,-0.867539,0,0,0.304941,0,0,-0.210392,0.103394,-0.203526,-2.59292,-1.68315,1.06874,1.69131,0,0,1.9262,0,0,-3.3391,-0.208092,0.118129,-0.67379,-0.580252,0.722875,-2.00871,-0.544191,0.754456,-1.19183,1,0.846317,-0.0323172,0.260297,-0.463626,-6.61388,0.423135,-1.07398,0.232915,0.420127,-0.228988,0.0225843,1.02036,0.805051
0.999278,-0.00514634,-0.0044025,0.0373753,0.999278,-0.00514634,-0.0044025,0.0373753,0.999243,0.00873186,0.00559788,-0.0375011,0.692096,-0.2337,-0.224494,-0.644973,0.768766,0.090445,2.41394e-05,-0.633103,0.958079,0,0,0.286504,0.980697,0,0,0.195536,0.952647,0.183969,-0.216526,-0.108331,0.931292,0.127939,0.161149,-0.300595,0.919036,0,0,-0.394173,0.967933,0,0,-0.251208,0.548375,-0.0612421,-0.0975323,0.828264,0.786759,-0.0144869,-0.00199804,0.617087,-0.627514,0.0408054,-1.03975,-1.04208,0.154252,-1.46982,-0.578228,0.223848,-1.04804,-0.925319,0.31553,-1.40657,-0.570252,0.577251,-1.05873,-0.755247,0.617139,-1.26932,-0.623373,0.812291,-1.14241,-0.509445,0.910264,-1.19154,-0.384948,1.03588,-1.244,-0.276347,0.962963,-1.0232,-0.507157,0.996907,-1.39345,-0.278479,0.754645,-0.887537,-0.620762,0.769261,-1.39113,-0.236454,1.18542,-1.30587,-0.0182535,-0.0175334,-0.0263622,-0.0182535,-0.0175334,-0.0263622,0.125951,-0.00347082,0.00198749,0.101714,0.752409,0.114244,-0.683568,0.716485,-0.91237,0,0,0.360884,0,0,-0.144302,-0.455105,0.0222381,-2.88961,-1.07497,0.63448,1.88044,0,0,2.07645,0,0,-3.73947,-0.202084,0.0370798,-0.499766,-0.163399,0.260969,-0.454989,-0.541212,0.767806,-1.20287,1,0.847679,-0.0433152,0.276284,-0.450812,-6.64838,0.443769,-1.06082,0.227671,0.353397,-0.250617,0.0890442,1.12146,0.829393
0.999291,-0.00541419,-0.00441638,0.0369978,0.999291,-0.00541419,-0.00441638,0.0369978,0.999212,0.0107477,0.00476577,-0.0379102,0.695695,-0.235944,-0.211991,-0.644514,0.761057,0.0814601,0.0109257,-0.643457,0.95609,0,0,0.293072,0.981493,0,0,0.191498,0.949961,0.165963,-0.208471,-0.163004,0.940728,0.11362,0.169165,-0.271118,0.933498,0,0,-0.358583,0.950752,0,0,-0.309952,0.556976,-0.0667149,-0.0999402,0.82179,0.777582,-0.0131404,-0.0032585,0.628636,-0.635075,0.0407943,-1.02758,-1.02543,0.164526,-1.45637,-0.587939,0.224466,-1.0451,-0.902339,0.324985,-1.40698,-0.569665,0.582542,-1.06712,-0.737425,0.625605,-1.27939,-0.615175,0.822839,-1.15088,-0.506393,0.924395,-1.20422,-0.388012,1.05382,-1.26136,-0.268972,0.981922,-1.04752,-0.518156,1.01376,-1.40451,-0.26062,0.770248,-0.918385,-0.632096,0.786183,-1.39657,-0.246523,1.20776,-1.32862,-0.0160735,-0.000831972,-0.0226695,-0.0160735,-0.000831972,-0.0226695,0.120985,-0.0499364,-0.0245757,-0.128277,0.857985,0.0911943,-0.569579,0.711746,-0.795225,0,0,0.411725,0,0,-0.246973,-1.0885,0.479395,-3.34224,-0.901919,0.458647,1.86414,0,0,2.3051,0,0,-3.67285,-0.371717,-0.145362,-0.671686,0.0841763,-0.082227,0.88553,-0.538233,0.780319,-1.21391,1,0.848736,-0.0550246,0.293799,-0.436235,-6.68575,0.467559,-1.04665,0.245943,0.316431,-0.254071,0.122607,1.22802,0.918698
0.999303,-0.00566993,-0.0043375,0.0366407,0.999303,-0.00566993,-0.0043375,0.0366407,0.999172,0.0127358,0.00367556,-0.0384667,0.698893,-0.23927,-0.198895,-0.644003,0.753418,0.0730704,0.0217772,-0.653106,0.953972,0,0,0.299895,0.98238,0,0,0.186896,0.944506,0.144036,-0.197324,-0.219602,0.949043,0.100107,0.176094,-0.241427,0.946991,0,0,-0.321261,0.930146,0,0,-0.36719,0.566102,-0.0729982,-0.103216,0.814583,0.763452,-0.0104902,-0.00627934,0.645749,-0.640822,0.0399391,-1.01234,-1.00396,0.172546,-1.44145,-0.596909,0.224065,-1.03906,-0.877504,0.332951,-1.40768,-0.569165,0.585683,-1.07449,-0.71966,0.632103,-1.2906,-0.606741,0.830278,-1.15997,-0.503554,0.935398,-1.21737,-0.391799,1.06861,-1.27899,-0.262269,0.998086,-1.07272,-0.529571,1.02708,-1.41531,-0.243424,0.783448,-0.950837,-0.64319,0.799367,-1.40144,-0.257889,1.2269,-1.35143,-0.0153468,0.00473513,-0.0214386,-0.0153468,0.00473513,-0.0214386,0.11933,-0.065427,-0.033425,-0.202803,0.893161,0.0877942,-0.534015,0.712565,-0.752634,0,0,0.428672,0,0,-0.281196,-1.32157,0.657756,-3.47871,-0.844603,0.393538,1.85949,0,0,2.38131,0,0,-3.65064,-0.425104,-0.203985,-0.730876,0.168355,-0.198166,1.33208,-0.535254,0.790188,-1.22494,1,0.84927,-0.0669416,0.311673,-0.420856,-6.72415,0.492742,-1.03277,0.253009,0.223185,-0.272552,0.133859,1.26365,0.94831
0.999316,-0.00705303,-0.00350064,0.0361228,0.999316,-0.00705303,-0.00350064,0.0361228,0.999069,0.0154034,-0.00122018,-0.0402705,0.703029,-0.243635,-0.173519,-0.6452,0.745872,0.0509381,0.0498496,-0.662265,0.950049,0,0,0.312102,0.985388,0,0,0.170324,0.927391,0.0963635,-0.164127,-0.322058,0.960836,0.0667867,0.185699,-0.19455,0.967828,0,0,-0.251613,0.897291,0,0,-0.44144,0.586995,-0.0934243,-0.1172,0.795596,0.717218,-0.00475449,-0.0141287,0.696689,-0.648982,0.0475499,-0.975095,-0.95161,0.183253,-1.40476,-0.612456,0.232537,-1.01572,-0.832697,0.347977,-1.39791,-0.569627,0.597439,-1.07665,-0.693628,0.64864,-1.30051,-0.592796,0.846962,-1.16799,-0.500869,0.958014,-1.23287,-0.402574,1.09754,-1.3029,-0.25381,1.03046,-1.11313,-0.553237,1.05145,-1.42563,-0.217752,0.811614,-1.00548,-0.664141,0.822366,-1.40168,-0.284216,1.26307,-1.38545,-0.0830035,0.0502241,-0.0310894,-0.0830035,0.0502241,-0.0310894,0.160133,-0.293828,-0.108345,-0.2657,1.71511,-0.0109583,-1.43962,1.84738,-0.72344,0,0,0.769334,0,0,-1.01059,-2.87972,1.97032,-6.37981,-2.05025,0.54087,2.90896,0,0,4.36287,0,0,-4.87303,-1.38363,-0.914732,-1.82508,0.368648,-0.528322,4.1273,-0.532275,0.811291,-1.23598,1,0.846966,-0.0894307,0.347194,-0.392566,-6.80188,0.544403,-1.01589,0.418355,0.500512,-0.240569,0.270878,2.53567,1.66198
0.999324,-0.00615077,-0.00313437,0.0361169,0.999324,-0.00615077,-0.00313437,0.0361169,0.998914,0.0176265,-0.0084201,-0.0423046,0.709641,-0.238041,-0.152477,-0.645365,0.745267,-0.0018358,0.0957162,-0.659857,0.946524,0,0,0.322633,0.989614,0,0,0.143752,0.903037,0.0633653,-0.132357,-0.403721,0.971016,0.0200055,0.18343,-0.151922,0.982038,0,0,-0.188683,0.880556,0,0,-0.473942,0.601311,-0.124501,-0.141084,0.776544,0.649016,-0.000469438,-0.0172178,0.76058,-0.644097,0.0593922,-0.956883,-0.877732,0.181629,-1.39082,-0.614955,0.245241,-1.005,-0.782261,0.354455,-1.40163,-0.562112,0.610038,-1.08825,-0.670496,0.663427,-1.31877,-0.575633,0.860524,-1.18839,-0.495003,0.975533,-1.26095,-0.409334,1.11925,-1.33866,-0.243614,1.0522,-1.16942,-0.57058,1.06975,-1.44516,-0.196335,0.829018,-1.07838,-0.679126,0.839689,-1.41053,-0.305285,1.28951,-1.4303,0.0541489,0.0219819,-0.000359033,0.0541489,0.0219819,-0.000359033,0.13348,-0.432155,-0.122214,0.413985,1.43049,0.0989483,-3.4653,3.01316,0.148188,0,0,0.666283,0,0,-1.61437,-1.99617,1.8846,-5.2327,-2.84828,-0.176318,2.62341,0,0,3.87155,0,0,-2.19353,-2.12174,-1.61197,-1.65137,0.283616,-0.236005,5.60799,-0.524698,0.827704,-1.25906,1,0.83537,-0.11163,0.391264,-0.369606,-6.9014,0.607944,-1.03279,0.514885,0.406854,-0.612163,0.326135,3.12879,1.1202
0.999374,-0.00387922,-0.0026076,0.0350552,0.999374,-0.00387922,-0.0026076,0.0350552,0.998507,0.0231925,-0.017495,-0.0462528,0.713118,-0.230117,-0.13243,-0.648823,0.746363,-0.0794195,0.160965,-0.640878,0.94457,0,0,0.32831,0.993968,0,0,0.109674,0.875906,0.0420632,-0.0949876,-0.471165,0.975221,-0.0392926,0.177539,-0.126015,0.98848,0,0,-0.151353,0.892733,0,0,-0.450585,0.636096,-0.149835,-0.14912,0.742088,0.618763,-0.00234142,-0.00193437,0.785572,-0.638719,0.0637413,-0.934586,-0.797678,0.148745,-1.39921,-0.609383,0.249872,-0.992601,-0.733426,0.33274,-1.41193,-0.545576,0.608464,-1.10224,-0.652203,0.657203,-1.33354,-0.55526,0.856127,-1.21339,-0.48803,0.973519,-1.29521,-0.416378,1.11945,-1.38243,-0.234315,1.05337,-1.23762,-0.587423,1.06551,-1.46947,-0.180417,0.827422,-1.15932,-0.691568,0.834712,-1.42081,-0.327313,1.29168,-1.48533,0.136327,0.0316156,-0.0637511,0.136327,0.0316156,-0.0637511,0.334272,-0.544834,-0.237355,0.548087,1.34648,-0.172314,-5.09336,4.28099,1.26393,0,0,0.360277,0,0,-2.0614,-1.29612,2.26112,-4.46266,-3.58929,-0.372157,1.58047,0,0,2.27301,0,0,1.58048,-1.61485,-0.413238,-3.11853,-0.12959,1.04042,2.36027,-0.515876,0.824421,-1.2872,1,0.813893,-0.140595,0.443612,-0.347879,-7.04199,0.674216,-1.08554,0.611188,-0.131919,-0.749833,0.0753682,3.91883,0.942762
0.999373,-0.0049522,-0.00221823,0.0349738,0.999373,-0.0049522,-0.00221823,0.0349738,0.997966,0.0281741,-0.0282751,-0.0497006,0.71247,-0.219533,-0.10689,-0.65785,0.740652,-0.11749,0.196916,-0.631549,0.942101,0,0,0.335329,0.995676,0,0,0.0928952,0.847323,0.0507693,-0.0785395,-0.522778,0.972021,-0.112492,0.168845,-0.118375,0.984617,0,0,-0.174725,0.904281,0,0,-0.426938,0.662856,-0.128887,-0.124114,0.727053,0.625572,-0.00166713,0.00269236,0.78016,-0.633799,0.0771554,-0.894165,-0.718966,0.107582,-1.40826,-0.595273,0.25478,-0.975682,-0.686544,0.300252,-1.42187,-0.520886,0.596204,-1.12213,-0.636522,0.636701,-1.34846,-0.536069,0.840202,-1.24246,-0.484852,0.960745,-1.33101,-0.431295,1.11002,-1.42528,-0.235562,1.04702,-1.30905,-0.611887,1.05122,-1.48778,-0.177044,0.818653,-1.24424,-0.704179,0.818326,-1.42489,-0.362727,1.28591,-1.53716,-0.0643921,0.0233673,-0.00488617,-0.0643921,0.0233673,-0.00488617,0.29935,-0.647437,-0.207511,0.700062,1.69635,-0.611118,-2.51606,2.38821,0.522666,0,0,0.446407,0,0,-1.01195,0.577655,0.979501,-3.56681,-4.43594,-0.514956,0.454484,0,0,-1.42135,0,0,1.57899,1.52948,1.80416,-1.55965,0.0468544,0.318809,-0.521876,-0.510253,0.811682,-1.31543,1,0.787267,-0.166066,0.499783,-0.320703,-7.20093,0.748321,-1.15689,0.575734,-0.477725,-0.872158,0.427712,4.21632,0.976365
0.99944,-0.00670223,-0.00111165,0.032766,0.99944,-0.00670223,-0.00111165,0.032766,0.997299,0.032228,-0.0395171,-0.0528719,0.713333,-0.209747,-0.0793379,-0.663979,0.735358,-0.0919891,0.178595,-0.647217,0.941537,0,0,0.336908,0.995136,0,0,0.0985145,0.81362,0.0728334,-0.0700934,-0.572542,0.966382,-0.153915,0.158123,-0.131957,0.974121,0,0,-0.226028,0.910584,0,0,-0.413324,0.670764,-0.103313,-0.0968915,0.728021,0.639147,0.0134065,0.0150031,0.768822,-0.620208,0.141239,-0.842559,-0.653437,0.101397,-1.41538,-0.573332,0.299622,-0.954844,-0.64407,0.297543,-1.43045,-0.49318,0.612961,-1.14432,-0.617688,0.640556,-1.3639,-0.517661,0.851729,-1.27348,-0.483515,0.975783,-1.36537,-0.449378,1.12825,-1.46349,-0.244456,1.07008,-1.37618,-0.635464,1.06421,-1.49818,-0.182414,0.839665,-1.32361,-0.709523,0.828931,-1.42203,-0.40314,1.30755,-1.58115,-0.105015,0.0664102,-0.132539,-0.105015,0.0664102,-0.132539,0.243826,-0.675502,-0.191112,0.655412,1.83414,-0.392965,1.66559,-1.18173,-1.11661,0,0,0.100628,0,0,0.338712,1.45219,0.479807,-3.59233,-2.52666,-0.631141,-0.837884,0,0,-3.14232,0,0,0.900139,1.75593,1.86635,-0.0883608,1.03243,0.841671,-1.06901,-0.505502,0.82796,-1.34118,1,0.761163,-0.188603,0.549987,-0.287358,-7.36121,0.816664,-1.22838,0.552227,0.345787,-0.930658,0.641807,3.92324,1.24933
0.999584,-0.00753077,0.000891786,0.0278219,0.999584,-0.00753077,0.000891786,0.0278219,0.996501,0.0350699,-0.0504755,-0.0566375,0.718532,-0.200864,-0.0504572,-0.663943,0.72251,-0.0187736,0.117321,-0.681074,0.943779,0,0,0.330576,0.992398,0,0,0.123068,0.770417,0.0938175,-0.0630649,-0.627438,0.964162,-0.146683,0.147607,-0.164583,0.960197,0,0,-0.279325,0.911051,0,0,-0.412294,0.661215,-0.0911593,-0.0812776,0.740188,0.650018,0.031352,0.0295047,0.758698,-0.594163,0.215563,-0.793072,-0.605671,0.0870719,-1.41222,-0.544263,0.345763,-0.934943,-0.608284,0.28353,-1.43545,-0.465291,0.621126,-1.16831,-0.595488,0.630079,-1.38399,-0.50061,0.851327,-1.30881,-0.483062,0.978662,-1.40092,-0.467538,1.13342,-1.5002,-0.258619,1.08102,-1.43901,-0.654885,1.06465,-1.50691,-0.194343,0.848507,-1.39663,-0.707142,0.828736,-1.41808,-0.442746,1.3148,-1.621,-0.0496995,0.120226,-0.296784,-0.0496995,0.120226,-0.296784,0.171228,-0.658908,-0.227044,0.617273,1.92679,0.0905997,4.82065,-4.00141,-2.45284,0,0,-0.403024,0,0,1.4824,1.44022,0.385084,-4.16112,0.432188,-0.631347,-1.98729,0,0,-3.30559,0,0,0.0678868,0.798248,1.03465,1.0117,1.21907,0.983879,-0.918379,-0.500752,0.833339,-1.36693,1,0.739581,-0.208467,0.589322,-0.249524,-7.50608,0.875193,-1.28466,0.511528,-0.012042,-1.05995,0.775794,3.28136,1.56716
0.999727,-0.00691983,0.00329117,0.0220507,0.999727,-0.00691983,0.00329117,0.0220507,0.995516,0.03647,-0.0609065,-0.0625188,0.727495,-0.189429,-0.0180284,-0.659198,0.693261,0.0442161,0.0644918,-0.716433,0.948041,0,0,0.318149,0.987983,0,0,0.154564,0.715489,0.101711,-0.0576298,-0.688774,0.962843,-0.101707,0.139452,-0.207706,0.94862,0,0,-0.316417,0.908335,0,0,-0.418244,0.645742,-0.0862063,-0.073544,0.755101,0.671048,0.0170636,0.0166397,0.741031,-0.550899,0.287706,-0.75027,-0.575037,0.0567907,-1.39956,-0.504989,0.385939,-0.91554,-0.580817,0.252649,-1.43722,-0.436432,0.616372,-1.19022,-0.572111,0.600832,-1.40774,-0.484608,0.832757,-1.34641,-0.481964,0.962719,-1.43651,-0.482835,1.11893,-1.53477,-0.275508,1.07194,-1.49469,-0.669404,1.04722,-1.51589,-0.212469,0.836605,-1.4605,-0.701842,0.814578,-1.41334,-0.476883,1.30115,-1.65654,0.0366811,0.143974,-0.346383,0.0366811,0.143974,-0.346383,0.0848278,-0.627792,-0.354526,0.801819,2.15577,0.464701,4.20631,-3.45138,-2.88176,0,0,-0.788298,0,0,1.9083,0.652773,0.274732,-4.93321,2.72847,-0.49148,-2.62441,0,0,-2.33156,0,0,-0.392445,0.299926,0.493903,1.32839,-0.983468,-0.886214,-1.62346,-0.494823,0.8216,-1.39168,1,0.723717,-0.225428,0.617245,-0.210771,-7.6255,0.924623,-1.32046,0.480067,-0.557103,-1.12812,0.837628,2.53983,1.73344
0.999805,-0.00672219,0.0043077,0.0180527,0.999805,-0.00672219,0.0043077,0.0180527,0.994406,0.0375556,-0.0691787,-0.070436,0.743823,-0.166548,0.0163221,-0.647088,0.668032,0.084356,0.035798,-0.738468,0.949569,0,0,0.313557,0.984566,0,0,0.175013,0.662916,0.0802503,-0.0628469,-0.741723,0.965525,-0.0706599,0.125384,-0.216904,0.938218,0,0,-0.346045,0.879809,0,0,-0.475328,0.612745,-0.0816059,-0.0692314,0.783001,0.607402,-0.00668336,-0.00705802,0.794336,-0.486243,0.353175,-0.725561,-0.547992,0.0500941,-1.40412,-0.453102,0.41976,-0.905825,-0.559112,0.236195,-1.45919,-0.408785,0.60458,-1.21278,-0.55586,0.574449,-1.44504,-0.472581,0.807292,-1.38259,-0.478481,0.939871,-1.46865,-0.48872,1.09806,-1.56318,-0.2897,1.04906,-1.54098,-0.675866,1.02711,-1.52697,-0.240374,0.808447,-1.5211,-0.699349,0.797231,-1.41812,-0.493557,1.28163,-1.68272,0.0118701,0.0609905,-0.239929,0.0118701,0.0609905,-0.239929,0.0660722,-0.498616,-0.477312,1.58114,2.26468,1.06579,2.74565,-1.8987,-1.96832,0,0,-0.290348,0,0,1.24396,-1.3151,-0.433108,-4.53869,1.89018,-0.861579,-0.546816,0,0,-1.88412,0,0,-3.8295,0.23937,0.231046,2.62149,-1.61669,-1.61402,4.9919,-0.48609,0.805725,-1.41775,1,0.709645,-0.226814,0.640989,-0.184641,-7.71986,0.971959,-1.37424,0.360807,-0.763951,-1.08541,1.01776,1.92362,0.687029
0.999837,-0.00597118,0.00503136,0.0162988,0.999837,-0.00597118,0.00503136,0.0162988,0.993818,0.040865,-0.0772742,-0.0684461,0.752721,-0.157581,0.0580023,-0.636565,0.64754,0.117323,0.00856289,-0.752897,0.945604,0,0,0.325321,0.979783,0,0,0.200062,0.634428,0.0507293,-0.0682059,-0.768294,0.968995,-0.0383639,0.11132,-0.217222,0.916789,0,0,-0.399371,0.852375,0,0,-0.522931,0.589155,-0.0841119,-0.0708654,0.800499,0.592158,-0.0136397,-0.0140169,0.805585,-0.410935,0.415966,-0.730901,-0.539452,0.05061,-1.41514,-0.392656,0.450154,-0.920117,-0.550494,0.230519,-1.48465,-0.378834,0.594346,-1.2418,-0.544371,0.558438,-1.47977,-0.460895,0.789473,-1.41503,-0.472295,0.923898,-1.49761,-0.488272,1.08379,-1.58843,-0.298975,1.03108,-1.58082,-0.675393,1.01549,-1.53782,-0.270766,0.787414,-1.5738,-0.692055,0.787016,-1.42765,-0.499558,1.26965,-1.70392,0.0450672,0.0434194,-0.105249,0.0450672,0.0434194,-0.105249,0.199419,-0.487554,0.118806,0.624063,2.72616,0.831952,2.29567,-1.83822,-1.39272,0,0,0.74484,0,0,1.53017,-1.96234,-0.416262,-2.39742,1.96308,-0.861604,-0.00384469,0,0,-3.44872,0,0,-3.297,-0.229974,-0.160729,1.74924,-0.488263,-0.488605,1.13065,-0.475274,0.796063,-1.4444,1,0.693439,-0.225222,0.663356,-0.168454,-7.81953,1.00491,-1.45271,0.350574,-0.534562,-0.973151,0.71769,1.77858,0.144106
0.999834,-0.00642143,0.00635938,0.0158003,0.999834,-0.00642143,0.00635938,0.0158003,0.993548,0.0429985,-0.0843745,-0.062408,0.75699,-0.161778,0.102707,-0.624697,0.634793,0.130121,-0.00751852,-0.76161,0.941273,0,0,0.337647,0.9751,0,0,0.221765,0.630385,0.0116456,-0.06818,-0.773195,0.968383,-0.0127165,0.106334,-0.225312,0.884085,0,0,-0.467326,0.834086,0,0,-0.551635,0.587345,-0.105505,-0.0853482,0.797879,0.599187,-0.0128121,-0.0131002,0.800399,-0.333662,0.467628,-0.764469,-0.53796,0.0525986,-1.42171,-0.331144,0.472276,-0.95753,-0.547346,0.227995,-1.50347,-0.350196,0.586243,-1.27752,-0.536428,0.548735,-1.50918,-0.451618,0.780258,-1.44567,-0.467145,0.915953,-1.52545,-0.487887,1.07711,-1.61301,-0.307479,1.02298,-1.61605,-0.672397,1.00934,-1.55195,-0.299325,0.778841,-1.61755,-0.680315,0.781115,-1.44307,-0.504888,1.26527,-1.72413,-0.0270171,0.0796858,-0.0299146,-0.0270171,0.0796858,-0.0299146,0.128507,-0.427356,0.362695,-0.257864,2.91707,0.842973,0.918562,-1.09972,-0.860605,0,0,0.783893,0,0,1.33216,-2.67909,-0.00584374,-0.422574,1.55478,-0.300959,-0.493295,0,0,-4.52594,0,0,-2.04219,-1.5,-1.01621,-0.141317,0.0603232,0.0666009,-0.523087,-0.465397,0.791868,-1.47193,1,0.682369,-0.224554,0.677916,-0.156135,-7.89254,1.02566,-1.50884,0.278326,-0.276455,-0.91897,0.515686,1.20622,0.177359
0.999807,-0.00740753,0.00783438,0.0164421,0.999807,-0.00740753,0.00783438,0.0164421,0.993337,0.0430813,-0.0901965,-0.057366,0.75818,-0.179859,0.147383,-0.609174,0.630235,0.126347,-0.0180286,-0.765843,0.938205,0,0,0.346081,0.970573,0,0,0.240809,0.643379,-0.0318123,-0.0666709,-0.761975,0.961129,0.00520809,0.105424,-0.255125,0.843238,0,0,-0.537541,0.832812,0,0,-0.553556,0.607521,-0.13718,-0.107499,0.774947,0.612512,-0.0119891,-0.0121331,0.790277,-0.260917,0.503526,-0.821335,-0.537147,0.0522327,-1.42077,-0.27417,0.484703,-1.01494,-0.544681,0.22451,-1.5114,-0.324753,0.581561,-1.32048,-0.530101,0.544041,-1.53138,-0.444747,0.780479,-1.47521,-0.463314,0.917722,-1.55162,-0.487827,1.08063,-1.63486,-0.314556,1.02617,-1.64695,-0.667152,1.01138,-1.56738,-0.324122,0.783037,-1.65592,-0.66407,0.781391,-1.46486,-0.50972,1.27164,-1.74023,-0.0591733,0.0885094,0.0385229,-0.0591733,0.0885094,0.0385229,0.00516331,-0.350451,0.302927,-1.17702,2.9169,1.03284,-0.242797,-0.722959,-0.386715,0,0,0.538493,0,0,1.17449,-2.97385,0.127513,1.0433,1.08773,-0.0394446,-1.84596,0,0,-4.87527,0,0,-0.138309,-2.13523,-1.48649,-2.05072,0.0617869,0.0718693,-1.00311,-0.456525,0.793895,-1.49909,1,0.67558,-0.221472,0.688287,-0.144235,-7.94529,1.04734,-1.54896,0.20614,0.00663896,-0.886391,0.615922,0.83226,0.158503
0.999774,-0.00581903,0.00763138,0.0189944,0.999774,-0.00581903,0.00763138,0.0189944,0.992892,0.0427892,-0.0949994,-0.0575379,0.756368,-0.213996,0.190174,-0.588173,0.6305,0.126037,-0.0439348,-0.764627,0.93394,0,0,0.357431,0.963862,0,0,0.266402,0.660618,-0.0674507,-0.0773183,-0.743678,0.94396,0.0212251,0.0890571,-0.317109,0.803027,0,0,-0.595942,0.853817,0,0,-0.520574,0.639819,-0.150307,-0.120227,0.744033,0.629725,-0.0177188,-0.0178834,0.77641,-0.194735,0.519861,-0.895995,-0.536046,0.050042,-1.4142,-0.22366,0.488265,-1.08892,-0.540452,0.222463,-1.5077,-0.302553,0.58317,-1.37223,-0.522847,0.548496,-1.54442,-0.43819,0.792969,-1.50316,-0.457214,0.933631,-1.57294,-0.48127,1.1008,-1.64737,-0.31477,1.04216,-1.67181,-0.654647,1.03213,-1.5763,-0.347154,0.802942,-1.69372,-0.641774,0.796984,-1.49212,-0.502631,1.29729,-1.74228,0.0953126,-0.0121758,0.153157,0.0953126,-0.0121758,0.153157,-0.017183,-0.289667,-0.0108485,-2.24068,2.80525,1.34638,-0.0222495,-1.77934,0.089148,0,0,0.727482,0,0,1.58756,-2.40379,-0.691419,1.59823,0.981243,-0.963184,-3.88117,0,0,-4.25524,0,0,2.34632,-0.774706,-0.774164,-2.81368,-0.387921,-0.389268,-1.33315,-0.445256,0.806476,-1.52285,1,0.663315,-0.205097,0.707513,-0.131811,-8.03783,1.08551,-1.64783,0.196709,0.374676,-0.83848,1.18047,1.30942,-0.534357
0.999774,-0.00340953,0.00571748,0.0201873,0.999774,-0.00340953,0.00571748,0.0201873,0.992162,0.0445726,-0.100662,-0.0591227,0.742286,-0.250105,0.224757,-0.579606,0.625134,0.146286,-0.0865168,-0.761789,0.920806,0,0,0.390021,0.952012,0,0,0.306061,0.695913,-0.0742169,-0.0834557,-0.709388,0.926655,0.0530336,0.0627874,-0.366818,0.783151,0,0,-0.621831,0.88413,0,0,-0.46724,0.595605,-0.123097,-0.0977595,0.787747,0.652087,-0.0129094,-0.0123726,0.757933,-0.132246,0.495878,-0.986145,-0.535578,0.0505091,-1.41089,-0.178746,0.475365,-1.17328,-0.534915,0.226831,-1.50095,-0.283142,0.590223,-1.43162,-0.511223,0.56261,-1.55041,-0.427344,0.812945,-1.53022,-0.449494,0.954928,-1.59631,-0.47554,1.12383,-1.66599,-0.313823,1.06189,-1.70299,-0.64126,1.05803,-1.58281,-0.365717,0.829392,-1.72243,-0.615324,0.822377,-1.51335,-0.498989,1.32234,-1.75599,0.144581,-0.114843,0.0715814,0.144581,-0.114843,0.0715814,0.107913,-0.342062,-0.0961804,-2.44889,2.34024,0.358106,1.41267,-2.93783,0.0813371,0,0,2.10834,0,0,2.48363,-0.389879,-0.338576,2.9897,1.96433,-1.5834,-3.1733,0,0,-1.9584,0,0,3.68137,1.7093,1.41622,3.96869,0.338375,0.386239,-1.73444,-0.4335,0.8221,-1.54934,1,0.631134,-0.20029,0.739013,-0.124151,-8.2305,1.08243,-1.83629,0.325356,0.599298,-0.811835,0.369711,2.67693,-0.541518
0.9998,-0.000624123,0.00389271,0.0196056,0.9998,-0.000624123,0.00389271,0.0196056,0.991247,0.0495477,-0.105757,-0.0615575,0.727036,-0.272422,0.248872,-0.579023,0.627551,0.168544,-0.122731,-0.75014,0.907524,0,0,0.42,0.942666,0,0,0.333737,0.734317,-0.0684567,-0.0798572,-0.670608,0.90287,0.0901278,0.0456673,-0.417872,0.784287,0,0,-0.620398,0.920857,0,0,-0.389901,0.569985,-0.094266,-0.0781581,0.812479,0.658176,0.00510732,0.00544976,0.752827,-0.0750213,0.457575,-1.08567,-0.536556,0.0584642,-1.40828,-0.142981,0.460631,-1.26489,-0.529298,0.239537,-1.48925,-0.269788,0.607893,-1.49582,-0.497253,0.586734,-1.55245,-0.414046,0.842095,-1.55996,-0.441122,0.984549,-1.62314,-0.471105,1.15396,-1.68997,-0.314402,1.08959,-1.73939,-0.627608,1.08956,-1.59393,-0.379318,0.863241,-1.74702,-0.590645,0.853991,-1.53928,-0.498617,1.35272,-1.77802,0.167137,-0.109496,-0.0349121,0.167137,-0.109496,-0.0349121,0.300201,-0.308427,-0.147606,-1.57171,1.6809,-0.183312,1.5209,-2.48471,0.852376,0,0,1.96748,0,0,1.75276,0.452753,0.319251,3.25405,2.32768,-1.02979,-3.35355,0,0,0.109691,0,0,5.13855,1.93862,1.30753,2.32778,1.22606,1.21276,-0.471708,-0.422807,0.844835,-1.57901,1,0.589617,-0.201413,0.77355,-0.115781,-8.44221,1.04626,-2.03355,0.398955,0.874499,-0.89218,0.0869353,3.25935,-0.357748
0.999815,0.00141864,0.00240148,0.019012,0.999815,0.00141864,0.00240148,0.019012,0.99052,0.0523707,-0.109303,-0.0646567,0.713044,-0.281961,0.266618,-0.583936,0.631079,0.190389,-0.152048,-0.73646,0.897636,0,0,0.440737,0.933128,0,0,0.359546,0.775008,-0.0616119,-0.0732984,-0.624655,0.87658,0.115651,0.0437136,-0.465104,0.800875,0,0,-0.598832,0.955091,0,0,-0.296312,0.567777,-0.070578,-0.0623996,0.817774,0.664032,0.0493,0.0441361,0.744771,-0.0287347,0.406773,-1.19781,-0.532612,0.0730151,-1.40445,-0.118286,0.442465,-1.36316,-0.518876,0.259089,-1.47368,-0.262203,0.630365,-1.56057,-0.480214,0.616174,-1.55159,-0.399042,0.873751,-1.59107,-0.431494,1.01587,-1.65245,-0.46632,1.18487,-1.71794,-0.315375,1.11856,-1.77825,-0.61264,1.12201,-1.60873,-0.386831,0.896964,-1.76828,-0.567561,0.887637,-1.56762,-0.49981,1.38263,-1.80601,0.122574,-0.0894809,-0.0356248,0.122574,-0.0894809,-0.0356248,0.170641,-0.215003,-0.187445,-0.731242,1.26854,-0.532818,1.48367,-2.00128,1.01285,0,0,1.37841,0,0,1.65095,0.513224,0.506089,3.65719,1.6496,-0.096006,-3.19717,0,0,1.6325,0,0,5.98168,1.66345,1.10561,0.426053,2.99437,2.62112,-0.664609,-0.412366,0.86943,-1.61073,1,0.543811,-0.206745,0.805764,-0.110772,-8.61478,0.980118,-2.18961,0.450107,0.949667,-0.933112,-0.286058,3.365,-0.283002
0.999822,0.00184458,0.000967809,0.0187281,0.999822,0.00184458,0.000967809,0.0187281,0.99014,0.0510066,-0.1111,-0.0683914,0.699348,-0.284195,0.279201,-0.593458,0.631563,0.211561,-0.176822,-0.724641,0.891273,0,0,0.453468,0.920958,0,0,0.389661,0.809744,-0.0600007,-0.0670545,-0.579843,0.849525,0.121522,0.0540107,-0.510512,0.829461,0,0,-0.558564,0.979871,0,0,-0.199633,0.580852,-0.0546747,-0.0509003,0.810574,0.689952,0.0987323,0.0902244,0.711392,0.000184971,0.349018,-1.32444,-0.518622,0.0938224,-1.39556,-0.106904,0.422369,-1.46641,-0.498979,0.284834,-1.45586,-0.260625,0.653976,-1.6233,-0.459267,0.64762,-1.55062,-0.384358,0.903948,-1.62371,-0.421828,1.04567,-1.68312,-0.461701,1.2142,-1.74693,-0.316952,1.1463,-1.81789,-0.596264,1.1535,-1.62365,-0.388757,0.92826,-1.78866,-0.545798,0.921473,-1.59604,-0.502773,1.41081,-1.83427,0.0255576,-0.0860255,-0.0170373,0.0255576,-0.0860255,-0.0170373,-0.081714,-0.109001,-0.225316,-0.248871,0.935219,-0.842621,1.45109,-1.69894,0.821336,0,0,0.853991,0,0,1.94897,0.154309,0.461029,3.39044,0.441121,0.677308,-3.1518,0,0,2.96329,0,0,5.99074,1.14184,0.829991,-0.817925,3.28249,3.06169,-2.75079,-0.402543,0.893617,-1.64319,1,0.493893,-0.211142,0.836543,-0.108097,-8.75203,0.89575,-2.31425,0.440523,0.905904,-0.979226,-0.42898,3.48204,-0.413953
0.999844,2.34603e-05,-0.00120895,0.0176191,0.999844,2.34603e-05,-0.00120895,0.0176191,0.98996,0.0467544,-0.111719,-0.0728854,0.681849,-0.289133,0.284932,-0.608521,0.626947,0.233831,-0.20218,-0.715111,0.884287,0,0,0.466944,0.904536,0,0,0.426397,0.82541,-0.0649516,-0.061067,-0.55745,0.817769,0.108113,0.0644919,-0.56161,0.868657,0,0,-0.495414,0.992975,0,0,-0.118324,0.588734,-0.0452348,-0.0436746,0.805878,0.763864,0.0982075,0.107958,0.628659,0.00764566,0.290931,-1.46395,-0.479517,0.115602,-1.38081,-0.108826,0.401273,-1.57116,-0.459466,0.312495,-1.44194,-0.265566,0.674402,-1.68329,-0.432526,0.676262,-1.55573,-0.373311,0.929318,-1.65956,-0.414555,1.0721,-1.71371,-0.458866,1.24159,-1.77182,-0.320647,1.17262,-1.85784,-0.577581,1.18262,-1.63295,-0.386305,0.957217,-1.81297,-0.524539,0.954069,-1.6233,-0.508265,1.43876,-1.85333,-0.109274,-0.130613,-0.066552,-0.109274,-0.130613,-0.066552,-0.255805,-0.0376936,-0.270795,-0.462353,0.513467,-1.28539,1.55902,-1.76693,0.562814,0,0,0.910769,0,0,2.41452,-0.293747,0.406213,1.63936,-0.768615,0.7095,-3.63937,0,0,4.46058,0,0,4.94293,0.67206,0.516492,-0.513331,-0.218793,0.987916,-6.72562,-0.393511,0.915604,-1.6753,1,0.433909,-0.20556,0.871322,-0.101326,-8.89267,0.795897,-2.45011,0.331409,0.761113,-1.07574,-0.0291055,4.09427,-0.909889
0.999833,0.0011313,-0.00361517,0.0178583,0.999833,0.0011313,-0.00361517,0.0178583,0.990278,0.0431764,-0.109508,-0.0741114,0.653722,-0.298476,0.284381,-0.634576,0.612811,0.244237,-0.231351,-0.715044,0.874937,0,0,0.484237,0.882923,0,0,0.469517,0.830033,-0.100569,-0.0354619,-0.547424,0.793721,0.0811583,0.0751797,-0.598138,0.90924,0,0,-0.416273,0.993865,0,0,-0.110599,0.592081,-0.0318275,-0.0335644,0.80455,0.790403,0.0903681,0.11166,0.595507,-0.00927921,0.241889,-1.61236,-0.404983,0.150667,-1.3604,-0.124543,0.383782,-1.67485,-0.401289,0.34559,-1.43622,-0.275956,0.69314,-1.73643,-0.405321,0.702768,-1.57285,-0.366323,0.951986,-1.69664,-0.409438,1.09603,-1.74576,-0.454845,1.26689,-1.79879,-0.320217,1.19555,-1.89882,-0.553785,1.2137,-1.64529,-0.373766,0.982743,-1.83993,-0.498911,0.991153,-1.65015,-0.507752,1.46549,-1.87443,0.0664739,-0.144382,0.0143554,0.0664739,-0.144382,0.0143554,-0.215678,0.133809,-0.0733327,-0.853204,0.176709,-2.23054,0.812438,-2.09818,-0.278394,0,0,1.17954,0,0,2.89428,-2.26005,1.63625,0.697638,-1.67731,0.725879,-2.67403,0,0,5.33813,0,0,0.466564,0.939844,0.709643,-0.17042,-0.569205,0.169884,-2.54386,-0.383882,0.937036,-1.70948,1,0.372576,-0.197819,0.901538,-0.0963486,-8.99672,0.686281,-2.55459,0.209644,0.680038,-1.11237,-0.11111,4.01061,-1.02149
0.999826,0.00443103,-0.0057411,0.0171832,0.999826,0.00443103,-0.0057411,0.0171832,0.990749,0.0386162,-0.105149,-0.0766077,0.628654,-0.301145,0.277341,-0.661201,0.600084,0.255163,-0.260023,-0.712165,0.86613,0,0,0.499818,0.861943,0,0,0.507004,0.822145,-0.166349,0.00896499,-0.544358,0.766247,0.0670938,0.0756581,-0.634539,0.942102,0,0,-0.335327,0.992684,0,0,-0.12074,0.599698,-0.0261403,-0.0286162,0.799287,0.793332,0.0967108,0.11998,0.588961,-0.0555418,0.197707,-1.75189,-0.315235,0.181975,-1.35104,-0.155117,0.362938,-1.77032,-0.334495,0.370817,-1.43947,-0.287751,0.700133,-1.78189,-0.377018,0.717554,-1.594,-0.36077,0.962366,-1.73202,-0.404045,1.10778,-1.77675,-0.448438,1.2799,-1.82647,-0.318941,1.20459,-1.9396,-0.528102,1.23368,-1.66197,-0.360842,0.994672,-1.87047,-0.475427,1.01675,-1.67881,-0.502427,1.47959,-1.8984,0.197996,-0.127563,-0.0405052,0.197996,-0.127563,-0.0405052,-0.274867,0.263421,-0.149536,-0.388632,-0.288478,-2.26642,0.848083,-2.07754,-0.0579408,0,0,1.07387,0,0,2.57772,-4.21719,2.82935,0.0958153,-0.862733,0.0809354,-2.76788,0,0,5.24341,0,0,-0.612626,0.402529,0.351505,-0.541739,0.402844,0.528895,-0.463838,-0.374254,0.947567,-1.74367,1,0.312598,-0.18717,0.926639,-0.0926791,-9.07325,0.575958,-2.63786,0.166596,0.311414,-1.0613,-0.130337,3.7902,-1.13945
0.999814,0.00847526,-0.00793254,0.015429,0.999814,0.00847526,-0.00793254,0.015429,0.991417,0.0340128,-0.0983891,-0.0790937,0.608581,-0.294408,0.265706,-0.68728,0.589133,0.270587,-0.285411,-0.705865,0.859697,0,0,0.510804,0.841745,0,0,0.539876,0.800063,-0.249591,0.0645254,-0.541701,0.739037,0.0663213,0.0610607,-0.667606,0.963271,0,0,-0.268531,0.989449,0,0,-0.144881,0.597107,-0.0244796,-0.0276557,0.801311,0.793938,0.098955,0.122868,0.587174,-0.123988,0.161487,-1.86299,-0.214554,0.207224,-1.36105,-0.196971,0.340268,-1.84935,-0.262058,0.387143,-1.45719,-0.299182,0.695495,-1.82171,-0.347404,0.720495,-1.62015,-0.35511,0.960843,-1.76609,-0.397686,1.1075,-1.80729,-0.440645,1.28045,-1.85536,-0.319148,1.20023,-1.98042,-0.501327,1.24161,-1.68183,-0.349632,0.993084,-1.90283,-0.454378,1.02959,-1.70749,-0.4954,1.48063,-1.92532,0.24267,-0.131497,-0.105255,0.24267,-0.131497,-0.105255,-0.27752,0.408168,-0.148561,0.29744,-0.650317,-2.17936,1.15767,-1.85529,0.216291,0,0,0.763885,0,0,2.31501,-5.44256,3.57988,-0.110724,-0.00577712,-0.910155,-2.60328,0,0,4.20506,0,0,-1.46143,0.113701,0.0647609,0.200144,0.143341,0.184513,-0.123752,-0.364625,0.947199,-1.77786,1,0.250303,-0.174936,0.947869,-0.091048,-9.13039,0.458557,-2.70741,0.169811,-0.0456966,-1.02213,-0.26158,3.81483,-1.23535
0.999787,0.0123525,-0.0103374,0.0129063,0.999787,0.0123525,-0.0103374,0.0129063,0.992225,0.0295467,-0.0892812,-0.0815139,0.592616,-0.277878,0.250726,-0.71325,0.579874,0.287999,-0.3068,-0.697622,0.856948,0,0,0.515404,0.822307,0,0,0.569045,0.773945,-0.32038,0.109444,-0.535152,0.714656,0.0744259,0.0359597,-0.694575,0.972993,0,0,-0.230833,0.983761,0,0,-0.179481,0.582162,-0.023693,-0.0286964,0.812221,0.798704,0.0920714,0.117766,0.58286,-0.194233,0.131195,-1.93967,-0.109593,0.225419,-1.39317,-0.241507,0.315286,-1.90979,-0.18822,0.393727,-1.49071,-0.310518,0.679719,-1.8587,-0.316785,0.711432,-1.65145,-0.348614,0.947709,-1.79945,-0.390611,1.09533,-1.8377,-0.433137,1.26861,-1.88495,-0.322653,1.18371,-2.02072,-0.473282,1.23695,-1.7041,-0.339837,0.97867,-1.93583,-0.433841,1.02939,-1.73609,-0.490101,1.46865,-1.95348,0.232654,-0.144304,-0.151366,0.232654,-0.144304,-0.151366,-0.269217,0.5495,-0.1443,1.01905,-0.923921,-2.12475,1.2937,-1.57659,0.388519,0,0,0.3215,0,0,2.10325,-4.75552,2.95886,0.0867867,0.579434,-1.6303,-2.20364,0,0,2.33605,0,0,-2.10396,0.0445568,-0.0848396,1.10983,-0.454367,-0.342357,-0.344186,-0.354997,0.935931,-1.81204,1,0.182853,-0.163108,0.965259,-0.0907492,-9.17398,0.329318,-2.76491,0.194865,-0.394039,-1.00079,-0.418688,4.03908,-1.22022
0.999739,0.0156918,-0.0129032,0.0104038,0.999739,0.0156918,-0.0129032,0.0104038,0.992999,0.0246301,-0.0781803,-0.085053,0.576814,-0.253405,0.232901,-0.740829,0.571938,0.298432,-0.325652,-0.691214,0.858503,0,0,0.512808,0.803495,0,0,0.595312,0.77292,-0.335066,0.109197,-0.527638,0.695308,0.0822491,0.014489,-0.713843,0.97201,0,0,-0.234939,0.975201,0,0,-0.221321,0.565326,-0.021192,-0.0289466,0.824087,0.799863,0.0845148,0.109793,0.583971,-0.246047,0.102985,-1.99384,-0.00513319,0.235727,-1.44938,-0.28,0.28724,-1.95637,-0.115246,0.389732,-1.54004,-0.32381,0.653501,-1.89445,-0.285168,0.690171,-1.68729,-0.341093,0.923029,-1.83231,-0.383635,1.07128,-1.86739,-0.427763,1.2445,-1.91333,-0.330502,1.15678,-2.05923,-0.442908,1.2192,-1.72843,-0.329179,0.952603,-1.96962,-0.410586,1.01642,-1.76646,-0.489663,1.44398,-1.97907,0.200388,-0.153974,-0.150149,0.200388,-0.153974,-0.150149,-0.296142,0.668999,-0.211575,1.59108,-1.13677,-2.26324,0.800938,-1.3976,0.288955,0,0,-0.181559,0,0,1.93858,-0.962538,-0.0132928,0.475086,0.56091,-1.41949,-1.63675,0,0,-0.253318,0,0,-2.5626,0.164763,-0.0318135,1.23804,-0.488822,-0.516345,0.0554631,-0.345368,0.913763,-1.84623,1,0.10848,-0.154433,0.977928,-0.0896651,-9.21062,0.185539,-2.80834,0.225644,-0.740383,-0.98566,-0.501391,4.41397,-1.02047
0.999764,0.0146389,-0.014285,0.00733058,0.999764,0.0146389,-0.014285,0.00733058,0.994041,0.0201391,-0.0651829,-0.0850133,0.565804,-0.232888,0.211983,-0.762031,0.573316,0.311332,-0.340365,-0.677151,0.861407,0,0,0.507915,0.786933,0,0,0.617039,0.789928,-0.275915,0.0925261,-0.539744,0.66658,0.09317,0.0392749,-0.738545,0.966167,0,0,-0.257919,0.965552,0,0,-0.260211,0.559806,0.0419149,0.0178802,0.82737,0.785237,0.0839242,0.102039,0.604936,-0.261558,0.068478,-2.03795,0.0875364,0.234483,-1.53134,-0.296917,0.25179,-1.99902,-0.0499774,0.372075,-1.60716,-0.335696,0.616573,-1.93858,-0.257688,0.652588,-1.73451,-0.3363,0.885012,-1.87297,-0.377644,1.03585,-1.89661,-0.422356,1.21186,-1.92962,-0.343383,1.13081,-2.09165,-0.414138,1.17825,-1.7469,-0.326693,0.920774,-2.0164,-0.395756,0.982696,-1.80412,-0.487487,1.41534,-1.97764,-0.0631857,-0.0829098,-0.184414,-0.0631857,-0.0829098,-0.184414,-0.270513,0.783037,0.00417042,1.3653,-1.40019,-1.73526,0.895026,-1.02143,1.01686,0,0,-0.341431,0,0,1.63925,3.95767,-1.12148,-0.565959,0.801794,1.68917,-2.21376,0,0,-1.42273,0,0,-2.40431,4.45933,3.30677,0.366971,-0.00876293,-0.463421,1.55996,-0.335739,0.880694,-1.88041,1,0.0383997,-0.139162,0.987504,-0.0632033,-9.28861,0.0582817,-2.85762,0.143784,-1.14053,-1.22003,1.05527,4.34167,-1.19072
0.999773,0.0144421,-0.0149706,0.00455314,0.999773,0.0144421,-0.0149706,0.00455314,0.995216,0.0169404,-0.0504289,-0.0819463,0.56163,-0.211042,0.188694,-0.77745,0.578545,0.322434,-0.354813,-0.659871,0.868142,0,0,0.496316,0.770379,0,0,0.637586,0.805789,-0.208141,0.0593886,-0.55123,0.642171,0.0962719,0.0466549,-0.75906,0.972737,0,0,-0.231911,0.955383,0,0,-0.295368,0.594992,0.0782239,0.058671,0.797761,0.777846,0.0851587,0.100037,0.614569,-0.296847,0.0500842,-2.04584,0.167659,0.263257,-1.62853,-0.321306,0.239859,-2.01638,0.00742186,0.384863,-1.68227,-0.345098,0.610416,-1.96914,-0.232298,0.646736,-1.77773,-0.332153,0.87824,-1.90387,-0.37183,1.03053,-1.91987,-0.41639,1.20798,-1.94426,-0.356853,1.13038,-2.11662,-0.388843,1.16931,-1.76683,-0.329379,0.915557,-2.05394,-0.386222,0.981598,-1.83677,-0.4826,1.41376,-1.97964,-0.0118097,-0.041137,-0.16666,-0.0118097,-0.041137,-0.16666,-0.192704,0.888192,0.186317,1.51498,-1.6195,-1.18369,0.731416,-0.961758,1.31602,0,0,-0.804752,0,0,1.58317,4.45577,-2.16267,-0.534544,0.273635,0.530503,-1.89065,0,0,1.60953,0,0,-2.196,2.48732,2.82435,-2.91363,0.0950159,-0.11172,0.732588,-0.327903,0.876852,-1.90872,1,-0.0256356,-0.127474,0.990396,-0.0469915,-9.33795,-0.0628005,-2.88831,0.124403,-0.203151,-0.926992,0.464118,3.89474,-0.922833
0.999788,0.0135538,-0.0150201,0.00377961,0.999788,0.0135538,-0.0150201,0.00377961,0.995866,0.0138084,-0.0338081,-0.0831758,0.562117,-0.189089,0.160132,-0.789068,0.586895,0.327237,-0.371679,-0.640566,0.879232,0,0,0.476393,0.757627,0,0,0.652688,0.824096,-0.135063,0.0244507,-0.549569,0.632013,0.0906279,0.0542968,-0.767723,0.982266,0,0,-0.187492,0.943635,0,0,-0.330987,0.638216,0.086433,0.0775167,0.761052,0.765939,0.0958964,0.106191,0.62679,-0.339841,0.0445565,-2.0369,0.228028,0.297797,-1.74316,-0.346942,0.240888,-2.02165,0.0525359,0.405139,-1.76869,-0.34985,0.61782,-1.99371,-0.208232,0.651978,-1.82277,-0.325289,0.884203,-1.93114,-0.365133,1.03706,-1.9394,-0.410853,1.21525,-1.95454,-0.371469,1.14236,-2.13514,-0.36587,1.1708,-1.7867,-0.334403,0.921697,-2.08974,-0.37822,0.992151,-1.86893,-0.479505,1.42211,-1.97634,-0.0533064,-0.00296404,-0.0464163,-0.0533064,-0.00296404,-0.0464163,-0.188402,0.999278,-0.0728041,1.55397,-2.02058,-0.809577,0.25762,-1.09328,1.50994,0,0,-1.36809,0,0,1.18598,4.75035,-2.25394,0.3416,-0.360523,0.537648,-0.806923,0,0,2.72602,0,0,-2.25049,0.467159,1.21925,-3.48227,0.724372,0.429951,0.973988,-0.321095,0.884458,-1.93415,1,-0.0850058,-0.125721,0.987956,-0.0301751,-9.38592,-0.176466,-2.89188,0.20593,0.178899,-0.817918,0.535969,3.65776,-0.278928
0.999788,0.0137988,-0.0145909,0.00450604,0.999788,0.0137988,-0.0145909,0.00450604,0.995932,0.0101709,-0.0158599,-0.0881155,0.567523,-0.166851,0.126359,-0.796312,0.595264,0.327187,-0.390847,-0.621167,0.894826,0,0,0.446414,0.749571,0,0,0.661923,0.843234,-0.0721687,-0.00319758,-0.53267,0.634142,0.072344,0.0641881,-0.767144,0.986578,0,0,-0.16329,0.931328,0,0,-0.364182,0.67006,0.0758985,0.074767,0.734622,0.750412,0.111571,0.116062,0.641064,-0.373434,0.0450571,-2.02455,0.265008,0.321913,-1.86982,-0.367582,0.244502,-2.02137,0.0828428,0.418071,-1.86252,-0.352426,0.623741,-2.01288,-0.186495,0.654408,-1.86887,-0.315928,0.888131,-1.95652,-0.357137,1.04085,-1.95788,-0.404849,1.219,-1.96519,-0.386369,1.14884,-2.15075,-0.344251,1.17129,-1.80944,-0.341597,0.922465,-2.12387,-0.370234,1.0009,-1.9006,-0.47677,1.42558,-1.97499,0.0146977,0.0257546,0.0435886,0.0146977,0.0257546,0.0435886,-0.218562,1.0784,-0.296674,1.5978,-2.40625,-0.384456,-0.0823663,-1.24604,1.50618,0,0,-2.02764,0,0,0.73532,4.04347,-1.76216,1.31217,-1.2594,0.675235,0.0848273,0,0,1.47502,0,0,-2.12432,-0.786809,-0.25276,-2.4433,1.06406,0.687526,1.17479,-0.314743,0.889216,-1.9592,1,-0.141138,-0.130808,0.981183,-0.0157946,-9.43096,-0.284935,-2.87564,0.280831,0.117841,-0.761554,0.442959,3.48156,0.177756
0.999686,0.0204211,-0.0139384,0.0039927,0.999686,0.0204211,-0.0139384,0.0039927,0.996082,0.00611857,0.00221809,-0.088191,0.580785,-0.14281,0.0905102,-0.796305,0.598338,0.32985,-0.409502,-0.604565,0.914548,0,0,0.404477,0.743787,0,0,0.668417,0.858485,-0.0470553,-0.0203333,-0.51027,0.634249,0.0344553,0.0623445,-0.76984,0.978577,0,0,-0.205882,0.92278,0,0,-0.385326,0.682675,0.0662679,0.0668731,0.724632,0.747019,0.115481,0.118578,0.643868,-0.371883,0.0512981,-2.01949,0.274386,0.333742,-2.00398,-0.373517,0.251837,-2.0201,0.0947402,0.424772,-1.96132,-0.356652,0.627967,-2.02627,-0.169617,0.657609,-1.91666,-0.305709,0.89142,-1.98415,-0.347653,1.04391,-1.9858,-0.397897,1.22122,-1.99582,-0.39961,1.14088,-2.17788,-0.323659,1.18102,-1.84889,-0.349254,0.90999,-2.15523,-0.358991,1.01181,-1.93585,-0.473009,1.42658,-2.00714,0.397409,0.0391215,-0.030794,0.397409,0.0391215,-0.030794,-0.24349,1.08614,-0.00426639,1.75013,-2.56217,0.309887,0.156536,-1.26389,1.2101,0,0,-2.78083,0,0,0.521756,1.60708,-1.07846,1.59514,-2.59884,-0.12664,-0.182619,0,0,-2.6004,0,0,-1.36842,-0.673323,-0.556102,-0.917795,0.265977,0.17487,0.237941,-0.308417,0.892472,-1.99304,1,-0.195465,-0.130275,0.971792,-0.0210424,-9.43565,-0.395626,-2.87289,0.306555,0.0986657,-0.828879,-0.749141,3.23783,0.0352623
0.999649,0.0215071,-0.0148551,0.00428025,0.999649,0.0215071,-0.0148551,0.00428025,0.996345,0.00445103,0.0169669,-0.0836001,0.588175,-0.133538,0.0692355,-0.794622,0.586442,0.353465,-0.421899,-0.594264,0.932016,0,0,0.362418,0.73558,0,0,0.677438,0.867598,-0.00642373,-0.0366189,-0.495874,0.626251,0.0172289,0.0866097,-0.774604,0.971605,0,0,-0.236609,0.926543,0,0,-0.376189,0.694023,0.046804,0.0475058,0.716858,0.75908,0.0973888,0.10516,0.635023,-0.368724,0.0532077,-2.01251,0.266431,0.321907,-2.13297,-0.37634,0.254448,-2.01673,0.0994152,0.417287,-2.05709,-0.360373,0.627382,-2.03792,-0.15074,0.654342,-1.96571,-0.295247,0.888316,-2.01106,-0.334352,1.04152,-2.00735,-0.38263,1.21961,-2.01124,-0.415038,1.13709,-2.19039,-0.287093,1.17922,-1.8745,-0.363983,0.900754,-2.1831,-0.33388,1.0128,-1.95664,-0.454371,1.42657,-2.01304,0.0651847,-0.055017,0.0172578,0.0651847,-0.055017,0.0172578,-0.100207,0.885997,0.276255,0.678604,-1.50621,0.288209,1.76443,-1.00715,0.513511,0,0,-2.73278,0,0,0.731785,2.56114,-1.01853,1.00814,-1.17767,1.68345,-0.498394,0,0,-1.89059,0,0,0.592892,-1.32344,-1.31716,-0.736258,-1.21643,-0.911936,-0.769597,-0.298594,0.890148,-2.01926,1,-0.271297,-0.122414,0.954608,-0.0116582,-9.47653,-0.547811,-2.87197,0.313858,-0.0931196,-0.807307,-0.159623,4.69137,-0.530375
0.999617,0.0225005,-0.0159627,0.00202353,0.999617,0.0225005,-0.0159627,0.00202353,0.995995,0.00234488,0.0282853,-0.0847831,0.587562,-0.124057,0.0577831,-0.797523,0.575183,0.385843,-0.426329,-0.581836,0.94311,0,0,0.332482,0.731631,0,0,0.681701,0.868129,0.0252613,-0.0658426,-0.491303,0.617785,0.0054756,0.115827,-0.77775,0.971461,0,0,-0.237199,0.937224,0,0,-0.348727,0.693971,0.0242926,0.0247953,0.719166,0.737031,0.107018,0.107065,0.658688,-0.367831,0.0475126,-2.00891,0.239577,0.298651,-2.24866,-0.375144,0.248613,-2.01704,0.0955151,0.404296,-2.14801,-0.360705,0.620738,-2.04955,-0.13323,0.649996,-2.01619,-0.287635,0.881474,-2.03804,-0.325161,1.03491,-2.03,-0.373972,1.21288,-2.02793,-0.437401,1.12777,-2.19728,-0.254248,1.17475,-1.90473,-0.380498,0.889807,-2.20369,-0.310002,1.00677,-1.97484,-0.445805,1.41961,-2.01927,0.0596225,-0.0664699,-0.135418,0.0596225,-0.0664699,-0.135418,-0.126507,0.680131,-0.0716641,0.660396,-0.799347,-0.216812,2.39084,-0.449495,0.678507,0,0,-1.9156,0,0,0.348669,1.98942,-1.83438,0.29291,-0.807417,2.03778,-0.400447,0,0,-0.0364319,0,0,1.76804,-1.50783,-1.52116,0.155578,0.68766,0.182962,1.90636,-0.292602,0.882905,-2.04545,1,-0.360698,-0.117755,0.925179,-0.00857142,-9.51791,-0.733455,-2.8526,0.228368,-0.20525,-0.809469,-0.577109,5.62737,-0.163718
0.999573,0.024032,-0.0165959,0.000121862,0.999573,0.024032,-0.0165959,0.000121862,0.99521,0.000269318,0.0376119,-0.0902345,0.577208,-0.112141,0.0475645,-0.80746,0.566355,0.415753,-0.42584,-0.570133,0.949442,0,0,0.313941,0.732446,0,0,0.680825,0.86348,0.0481965,-0.0966708,-0.492681,0.611111,-0.00165987,0.138933,-0.779255,0.975688,0,0,-0.219164,0.949119,0,0,-0.314919,0.678186,0.00038298,-0.000947005,0.73489,0.713473,0.118498,0.110664,0.681665,-0.366111,0.0470782,-2.00437,0.199335,0.279278,-2.34981,-0.369382,0.24669,-2.01802,0.0808329,0.396495,-2.23353,-0.356955,0.619561,-2.06013,-0.120449,0.652854,-2.06874,-0.281208,0.881437,-2.06409,-0.317481,1.03492,-2.05224,-0.367078,1.2125,-2.04434,-0.458821,1.12502,-2.19885,-0.223793,1.17832,-1.94045,-0.395498,0.888017,-2.22176,-0.285827,1.00627,-1.99406,-0.438855,1.41841,-2.02486,0.0919277,-0.0380164,-0.114115,0.0919277,-0.0380164,-0.114115,-0.124696,0.560938,-0.328943,0.799221,-0.700017,-0.937611,2.20949,-0.0761996,0.67439,0,0,-1.17555,0,0,-0.0718446,1.44499,-1.94559,-0.137714,-0.492972,1.62139,-0.250235,0,0,1.11146,0,0,2.15049,-1.60139,-1.72471,1.35794,0.827004,0.303155,1.92044,-0.288097,0.881916,-2.07085,1,-0.453153,-0.114844,0.883966,-0.00823732,-9.57557,-0.932372,-2.80722,0.192806,-0.00111715,-0.781329,-0.720098,6.03535,0.0749488
0.999547,0.0252024,-0.0164496,-0.000145298,0.999547,0.0252024,-0.0164496,-0.000145298,0.99423,-0.000881407,0.0457631,-0.0970172,0.558989,-0.0986517,0.0368921,-0.822459,0.562066,0.435957,-0.4205,-0.563208,0.952981,0,0,0.303031,0.735763,0,0,0.67724,0.856464,0.0644225,-0.123095,-0.497158,0.608905,-0.00297386,0.151019,-0.778729,0.979767,0,0,-0.200143,0.959095,0,0,-0.283085,0.654928,-0.0261683,-0.0321602,0.754553,0.712818,0.11871,0.110792,0.682293,-0.356072,0.0463525,-2.00271,0.14937,0.257709,-2.43727,-0.35675,0.243707,-2.02126,0.0548253,0.38592,-2.31115,-0.3491,0.617487,-2.06996,-0.11423,0.653702,-2.12162,-0.274584,0.880768,-2.08916,-0.308894,1.03436,-2.07352,-0.357697,1.21179,-2.05966,-0.475241,1.12345,-2.1953,-0.194121,1.18134,-1.9818,-0.410459,0.888774,-2.2387,-0.260435,1.00497,-2.01561,-0.426471,1.41727,-2.02937,0.0702422,0.00877395,-0.0160319,0.0702422,0.00877395,-0.0160319,-0.0691713,0.490752,-0.409523,0.894064,-0.729442,-1.49471,1.48023,0.323248,0.416895,0,0,-0.688169,0,0,-0.293025,1.03059,-1.68118,-0.359926,-0.0911551,0.846174,-0.0122062,0,0,1.16718,0,0,2.0017,-1.8058,-2.12373,1.79482,0.0161261,0.0103556,0.0531627,-0.282946,0.880224,-2.09518,1,-0.543217,-0.11201,0.832055,-0.00734205,-9.68587,-1.13283,-2.70737,0.198733,-0.0200661,-0.752056,-0.677063,6.20418,0.138756
0.999601,0.0235659,-0.0155795,0.000861918,0.999601,0.0235659,-0.0155795,0.000861918,0.993501,0.00021699,0.0529274,-0.100768,0.539142,-0.0877069,0.0311279,-0.837057,0.564158,0.442853,-0.406897,-0.565722,0.956109,0,0,0.29301,0.736619,0,0,0.676308,0.848778,0.0777858,-0.144469,-0.502648,0.613614,0.00481672,0.153244,-0.774578,0.978891,0,0,-0.204381,0.966238,0,0,-0.257651,0.646426,-0.0595046,-0.0740367,0.757041,0.747011,0.10686,0.110258,0.646838,-0.331727,0.0425887,-2.01976,0.093053,0.231541,-2.51235,-0.33554,0.239544,-2.03481,0.0202668,0.370118,-2.37868,-0.337613,0.613428,-2.08057,-0.11373,0.649735,-2.17349,-0.266576,0.87759,-2.11465,-0.296767,1.03158,-2.09495,-0.340803,1.20964,-2.07456,-0.483375,1.12368,-2.1855,-0.161924,1.17964,-2.03007,-0.427623,0.890954,-2.25095,-0.23148,1.00135,-2.04039,-0.400522,1.41607,-2.03387,-0.0982274,0.0522282,0.0604411,-0.0982274,0.0522282,0.0604411,0.066034,0.431466,-0.226934,0.721941,-0.389207,-1.53203,0.459747,0.986264,-0.142562,0,0,-0.629923,0,0,-0.0759354,0.856018,-1.37262,-0.433418,0.5392,0.133774,0.390655,0,0,-0.25963,0,0,1.58512,-2.28129,-2.86557,0.344149,-0.880152,-0.130581,-2.9153,-0.274413,0.876302,-2.11962,1,-0.630039,-0.107125,0.769134,-0.00283317,-9.98971,-1.32431,-2.4198,0.240227,-0.0953506,-0.764729,-0.546359,6.42569,-0.00620172
0.999704,0.0202434,-0.0134933,0.000704862,0.999704,0.0202434,-0.0134933,0.000704862,0.992918,-0.00174338,0.0586266,-0.103316,0.519879,-0.087706,0.0206859,-0.849474,0.578988,0.429592,-0.384596,-0.576463,0.960228,0,0,0.279217,0.734091,0,0,0.679051,0.844056,0.0859082,-0.171561,-0.500755,0.618825,0.0122177,0.13949,-0.772948,0.976824,0,0,-0.214044,0.974994,0,0,-0.222232,0.646571,-0.0962061,-0.119235,0.747311,0.772591,0.100927,0.114595,0.616268,-0.319966,0.0579528,-2.04082,0.033954,0.219215,-2.56792,-0.322348,0.255317,-2.05089,-0.0189246,0.369607,-2.4346,-0.325161,0.628887,-2.09245,-0.117449,0.66325,-2.22287,-0.25568,0.89307,-2.14025,-0.281263,1.04738,-2.11675,-0.318981,1.22605,-2.08997,-0.484551,1.14399,-2.17343,-0.134054,1.19451,-2.08137,-0.450738,0.912929,-2.26029,-0.203192,1.01711,-2.06605,-0.366587,1.43351,-2.03994,-0.199416,0.125215,-0.00942603,-0.199416,0.125215,-0.00942603,-0.117898,0.343381,-0.154471,-0.0517553,-0.732698,-1.38767,-1.12325,1.74175,-0.507051,0,0,-0.863658,0,0,0.22381,0.522721,-1.7312,0.0659337,0.510069,-0.971638,0.225903,0,0,-0.59292,0,0,2.18923,-2.50456,-3.08439,-0.667082,-0.452762,0.212748,-2.39325,-0.265067,0.890785,-2.14333,1,0.703424,0.103615,-0.703171,-0.00282669,-10.9264,-1.42012,-1.49689,0.326893,0.464396,-0.767957,-0.354982,5.92561,0.0356154
0.999787,0.0171589,-0.0114761,-0.000335485,0.999787,0.0171589,-0.0114761,-0.000335485,0.992225,-0.0035376,0.0632672,-0.107117,0.502563,-0.0914282,0.00438583,-0.859682,0.596114,0.41331,-0.357983,-0.587938,0.965388,0,0,0.26082,0.729323,0,0,0.684169,0.835153,0.0900139,-0.203135,-0.503143,0.623289,0.0208267,0.120915,-0.772306,0.975315,0,0,-0.220817,0.981667,0,0,-0.190603,0.648812,-0.142665,-0.166264,0.728729,0.743902,0.135873,0.135627,0.64012,-0.316745,0.0760835,-2.06574,-0.0276697,0.214302,-2.60633,-0.313946,0.273983,-2.07079,-0.0618136,0.373816,-2.48102,-0.311757,0.647581,-2.10647,-0.12489,0.680007,-2.26898,-0.24425,0.912123,-2.16638,-0.26488,1.06676,-2.14024,-0.295527,1.24599,-2.10856,-0.480035,1.16763,-2.15909,-0.111462,1.21292,-2.13596,-0.477384,0.938397,-2.26003,-0.171778,1.03765,-2.09522,-0.329806,1.45426,-2.05182,-0.185122,0.121063,-0.0624264,-0.185122,0.121063,-0.0624264,-0.107957,0.279979,-0.23006,-0.317223,-1.17009,-1.1996,-1.34684,2.04424,-0.513977,0,0,-1.14646,0,0,0.4197,0.278317,-2.04085,-0.253611,0.591548,-1.29707,0.140721,0,0,-0.41631,0,0,1.93965,-3.162,-3.19943,-1.31263,2.36753,1.4628,2.00179,-0.256032,0.908864,-2.16747,1,0.769389,0.0991839,-0.63099,-0.00740191,-11.8447,-1.32312,-0.590813,0.342884,0.571603,-0.783925,-0.392466,5.86814,0.0800185
0.999847,0.0146706,-0.00947791,-0.0013191,0.999847,0.0146706,-0.00947791,-0.0013191,0.991585,-0.00451861,0.0673358,-0.110473,0.486894,-0.0942486,-0.0262405,-0.867965,0.615884,0.392122,-0.326996,-0.600001,0.971421,0,0,0.237363,0.723468,0,0,0.690358,0.824549,0.087885,-0.236226,-0.506549,0.629951,0.023962,0.104192,-0.769241,0.973689,0,0,-0.227882,0.985842,0,0,-0.167676,0.639409,-0.199187,-0.207693,0.712983,0.722108,0.163726,0.153336,0.654402,-0.32121,0.0926643,-2.08975,-0.088024,0.209003,-2.63262,-0.310442,0.290047,-2.09127,-0.104943,0.375786,-2.51612,-0.297536,0.66321,-2.12236,-0.133583,0.693241,-2.31043,-0.231973,0.927976,-2.19351,-0.247932,1.08283,-2.16546,-0.27173,1.26246,-2.13026,-0.469459,1.18741,-2.14456,-0.0948976,1.22842,-2.1913,-0.50447,0.960951,-2.24952,-0.137929,1.05618,-2.1286,-0.293192,1.47127,-2.06965,-0.149324,0.119913,-0.0590196,-0.149324,0.119913,-0.0590196,-0.0590718,0.245617,-0.203334,-0.251375,-2.2326,-1.03288,-1.69597,2.34198,-0.503609,0,0,-1.45323,0,0,0.511219,-0.113763,-2.16,-0.340237,0.211552,-1.17132,0.353668,0,0,-0.435018,0,0,1.39827,-3.90524,-2.87835,-0.890417,1.91997,1.24774,1.29708,-0.247184,0.923833,-2.19163,1,0.825408,0.0958864,-0.556217,-0.011408,-12.126,-1.15805,-0.318215,0.368307,0.475573,-0.814047,-0.301156,5.60604,0.160307
0.999898,0.0121282,-0.00736088,-0.00165292,0.999898,0.0121282,-0.00736088,-0.00165292,0.991139,-0.00456446,0.0707395,-0.112331,0.474236,-0.0883281,-0.0803561,-0.872262,0.635449,0.368926,-0.291822,-0.612322,0.977885,0,0,0.209144,0.717865,0,0,0.696182,0.813713,0.0776017,-0.263535,-0.512249,0.638397,0.0221302,0.0911826,-0.763967,0.974179,0,0,-0.225778,0.988361,0,0,-0.152127,0.617219,-0.269799,-0.235486,0.700568,0.732041,0.168079,0.16164,0.640108,-0.328707,0.105563,-2.10194,-0.142921,0.199554,-2.64947,-0.309246,0.30158,-2.10627,-0.144343,0.373171,-2.54061,-0.282068,0.673946,-2.13988,-0.141883,0.700742,-2.34739,-0.21907,0.938433,-2.22196,-0.230353,1.09351,-2.19286,-0.24725,1.27358,-2.15596,-0.451652,1.20236,-2.13245,-0.0821384,1.23842,-2.24714,-0.52729,0.98026,-2.22896,-0.101379,1.06985,-2.16887,-0.256495,1.48308,-2.09479,-0.152562,0.127036,-0.0200284,-0.152562,0.127036,-0.0200284,-0.00279994,0.205428,-0.11279,0.395909,-3.98163,-0.670166,-1.80371,2.58934,-0.51785,0,0,-1.73706,0,0,0.484864,-0.636256,-1.80815,-0.492687,-0.131009,-0.915062,0.540472,0,0,0.129625,0,0,0.945083,-4.99918,-2.04732,-0.418101,0.246216,0.509662,-1.10786,-0.23742,0.933695,-2.21586,1,0.871118,0.0925525,-0.482018,-0.0156628,-12.2383,-0.991577,-0.214499,0.387107,0.313714,-0.853439,-0.235605,5.2336,0.136367
0.999957,0.00786044,-0.00489908,-0.00109358,0.999957,0.00786044,-0.00489908,-0.00109358,0.990998,-0.00408046,0.072797,-0.112283,0.46663,-0.062404,-0.167457,-0.86621,0.649285,0.351828,-0.253186,-0.624934,0.984167,0,0,0.177243,0.714064,0,0,0.700081,0.803154,0.057541,-0.273427,-0.526184,0.644597,0.0231066,0.0788422,-0.760095,0.981381,0,0,-0.192072,0.990676,0,0,-0.136236,0.592187,-0.361643,-0.240484,0.678746,0.752521,0.162819,0.166885,0.615914,-0.328547,0.120874,-2.08754,-0.190937,0.193485,-2.65781,-0.304589,0.315842,-2.1083,-0.179486,0.373646,-2.55765,-0.265204,0.687929,-2.15938,-0.150616,0.710268,-2.38109,-0.206304,0.951462,-2.25187,-0.212009,1.10705,-2.22386,-0.220729,1.28809,-2.18887,-0.424677,1.22376,-2.12738,-0.0699922,1.24922,-2.30747,-0.539855,1.00844,-2.20196,-0.0631194,1.08453,-2.22159,-0.216999,1.49912,-2.13255,-0.256086,0.147719,0.0335625,-0.256086,0.147719,0.0335625,0.0291144,0.124026,0.00257297,1.88677,-6.43288,0.228971,-1.30536,2.7445,-0.627839,0,0,-1.95092,0,0,0.326733,-1.27016,-0.701178,-1.02272,0.0629257,-0.858359,0.394249,0,0,2.06816,0,0,0.96352,-6.59997,-0.516224,-1.02419,-0.430301,0.260981,-1.91144,-0.225494,0.946703,-2.24152,1,0.907701,0.0846668,-0.410435,-0.0212777,-12.3084,-0.835306,-0.161862,0.382979,0.390879,-0.897235,-0.386076,4.84334,-0.0897429
0.999995,0.00278181,-0.00163971,-0.000672621,0.999995,0.00278181,-0.00163971,-0.000672621,0.990863,-0.00536356,0.0711127,-0.114475,0.464961,-0.0176909,-0.286755,-0.837419,0.655539,0.343558,-0.213925,-0.637552,0.988153,0,0,0.153474,0.714897,0,0,0.69923,0.795659,0.024905,-0.267974,-0.542675,0.643917,0.0317986,0.060747,-0.762016,0.987334,0,0,-0.158654,0.995515,0,0,-0.0946013,0.581556,-0.368129,-0.239255,0.684859,0.743678,0.175378,0.174123,0.621182,-0.321883,0.120299,-2.07075,-0.215634,0.167548,-2.65795,-0.296467,0.311834,-2.10904,-0.2031,0.354524,-2.57278,-0.249424,0.681897,-2.18105,-0.159541,0.700499,-2.41419,-0.194851,0.943934,-2.28289,-0.195446,1.09997,-2.25683,-0.196666,1.28188,-2.22544,-0.394336,1.22522,-2.13002,-0.0608222,1.23885,-2.368,-0.54012,1.01894,-2.17372,-0.0299688,1.07554,-2.2843,-0.181062,1.49407,-2.17622,-0.304725,0.195566,0.0252587,-0.304725,0.195566,0.0252587,-0.0772323,-0.101169,-0.132202,3.29111,-8.79925,2.07397,-0.622088,2.71292,-0.752054,0,0,-1.44609,0,0,-0.0714488,-2.09328,0.302951,-1.15631,0.594268,-1.2348,-0.145365,0,0,2.0367,0,0,2.5151,-0.565749,0.0121928,0.63711,0.861051,0.512233,0.481231,-0.21309,0.939554,-2.26894,1,0.933356,0.076634,-0.349603,-0.027398,-12.3517,-0.705494,-0.138003,0.343598,-0.225848,-0.930691,-0.339683,3.98911,-0.189504
0.999999,0.00115706,0.000205862,0.000901689,0.999999,0.00115706,0.000205862,0.000901689,0.99092,-0.00708579,0.0686428,-0.115391,0.460223,0.00599104,-0.376512,-0.803989,0.653504,0.330677,-0.176642,-0.657558,0.989631,0,0,0.143631,0.71393,0,0,0.700217,0.786299,-0.0374187,-0.245825,-0.565601,0.652106,0.0382329,0.0384661,-0.756185,0.992785,0,0,-0.119907,0.997351,0,0,-0.0727446,0.584242,-0.344868,-0.226924,0.698737,0.766192,0.148039,0.158864,0.604811,-0.303299,0.108623,-2.04794,-0.233196,0.130536,-2.65546,-0.282409,0.295548,-2.10513,-0.218322,0.323612,-2.58111,-0.233302,0.661714,-2.20236,-0.165343,0.677351,-2.44201,-0.185124,0.92281,-2.31246,-0.182605,1.07892,-2.28692,-0.180216,1.26105,-2.25695,-0.366844,1.20743,-2.13018,-0.0641327,1.21916,-2.42341,-0.52953,1.00915,-2.14144,-0.0113017,1.05541,-2.35322,-0.158631,1.47373,-2.2124,-0.0974851,0.110735,0.0944587,-0.0974851,0.110735,0.0944587,-0.103642,-0.148725,-0.0550433,1.74585,-6.67211,2.33775,-0.857784,2.52563,-1.39671,0,0,-0.597218,0,0,0.0829109,-4.02531,1.37271,-1.60394,0.431062,-1.53081,0.567031,0,0,2.34786,0,0,1.31605,1.65701,0.881813,0.918042,-1.87881,-1.09092,-1.41139,-0.202855,0.918538,-2.29272,1,0.954256,0.0747904,-0.287753,-0.0316243,-12.3733,-0.575732,-0.123584,0.291804,-0.633717,-0.886985,-0.00902542,3.92739,0.0434283
0.999996,0.0017414,0.00104531,0.0021447,0.999996,0.0017414,0.00104531,0.0021447,0.991208,-0.00897857,0.0648523,-0.114979,0.460873,0.00741129,-0.420284,-0.781602,0.64789,0.31335,-0.140317,-0.679971,0.989491,0,0,0.144594,0.715613,0,0,0.698497,0.774602,-0.106819,-0.213691,-0.585591,0.666591,0.0394209,0.0222476,-0.744048,0.995208,0,0,-0.0977767,0.99757,0,0,-0.0696729,0.603679,-0.316274,-0.218007,0.698581,0.785171,0.105786,0.125042,0.597228,-0.270214,0.0926828,-2.03444,-0.243366,0.0947995,-2.65144,-0.257724,0.277005,-2.10376,-0.225468,0.292234,-2.58591,-0.215582,0.638951,-2.22155,-0.168303,0.652027,-2.46494,-0.17796,0.899374,-2.33911,-0.17335,1.05538,-2.31329,-0.169037,1.23742,-2.28291,-0.339394,1.18276,-2.12816,-0.0769627,1.19983,-2.47023,-0.505104,0.987761,-2.10794,-0.00692031,1.03442,-2.42096,-0.14435,1.45023,-2.24067,0.0350605,0.0503667,0.0745807,0.0350605,0.0503667,0.0745807,-0.113859,-0.228496,0.025476,0.104708,-3.22299,1.66973,-1.13147,2.45083,-1.62913,0,0,0.0583942,0,0,-0.144399,-4.51862,2.0181,-1.45783,0.0655168,-1.11312,1.11693,0,0,1.3358,0,0,0.184766,2.17815,0.745898,-0.400914,-2.80183,-2.26131,-0.768313,-0.193367,0.894886,-2.313,1,0.970433,0.0758178,-0.226601,-0.0341057,-12.3848,-0.449628,-0.111886,0.214909,-0.703069,-0.79953,0.145207,3.79228,0.180893
0.999992,0.00284932,0.00136505,0.00259419,0.999992,0.00284932,0.00136505,0.00259419,0.991735,-0.0105633,0.0595506,-0.113152,0.46988,-0.0122547,-0.415771,-0.778587,0.640671,0.292831,-0.104998,-0.701973,0.987996,0,0,0.154478,0.721663,0,0,0.692244,0.760631,-0.169781,-0.172341,-0.602423,0.682764,0.0368713,0.0165435,-0.72952,0.99557,0,0,-0.0940257,0.996918,0,0,-0.0784517,0.636324,-0.291423,-0.215799,0.680879,0.7848,0.0697707,0.0864608,0.609709,-0.232481,0.0950645,-2.03592,-0.247084,0.0862705,-2.64801,-0.227364,0.279668,-2.11054,-0.226903,0.285822,-2.59017,-0.19678,0.638886,-2.24012,-0.169315,0.649954,-2.48409,-0.172973,0.89913,-2.36232,-0.166588,1.05512,-2.33679,-0.16048,1.23708,-2.30628,-0.310046,1.17971,-2.1274,-0.0950821,1.2036,-2.5094,-0.466132,0.982527,-2.07789,-0.0144072,1.03592,-2.48394,-0.133443,1.4501,-2.26632,0.0664754,0.0191848,0.02697,0.0664754,0.0191848,0.02697,-0.0952513,-0.319672,0.111145,-1.44804,0.45602,0.452798,-1.34184,2.38849,-1.63928,0,0,0.599811,0,0,-0.522047,-4.14772,2.62737,-1.29842,-0.188457,-0.393312,1.29689,0,0,0.2261,0,0,-0.528179,1.99206,0.350549,-1.85148,-2.32972,-2.49555,0.813005,-0.184082,0.89412,-2.33185,1,0.982175,0.0751993,-0.168637,-0.0351876,-12.3968,-0.332037,-0.100109,0.149621,-0.00732769,-0.696432,0.0439191,3.54293,0.216434
0.999992,0.00235252,0.00172865,0.00282379,0.999992,0.00235252,0.00172865,0.00282379,0.992484,-0.0111464,0.0528966,-0.109787,0.482125,-0.0497931,-0.37155,-0.79185,0.631133,0.271494,-0.071823,-0.723052,0.984974,0,0,0.172701,0.731008,0,0,0.682369,0.741397,-0.222101,-0.115345,-0.622653,0.693879,0.0366298,0.0199342,-0.718883,0.995967,0,0,-0.089722,0.996271,0,0,-0.0862758,0.670948,-0.26352,-0.211974,0.659889,0.768494,0.0568757,0.0666223,0.633832,-0.197079,0.0961464,-2.05186,-0.248383,0.0840151,-2.64588,-0.199279,0.282752,-2.12721,-0.227616,0.283925,-2.59449,-0.180386,0.6418,-2.2599,-0.170172,0.651049,-2.50021,-0.168538,0.902468,-2.38252,-0.160456,1.05883,-2.35988,-0.152326,1.24125,-2.33283,-0.278837,1.18442,-2.13381,-0.114305,1.20722,-2.54597,-0.415889,0.982628,-2.05769,-0.0304214,1.03656,-2.54153,-0.123192,1.45517,-2.29919,-0.0298082,0.021816,0.013776,-0.0298082,0.021816,0.013776,-0.0349158,-0.401139,0.2041,-2.74004,3.39885,-0.660474,-1.38826,2.25056,-1.63205,0,0,1.10831,0,0,-0.815777,-3.52207,3.66682,-1.61719,-0.0269225,0.222311,0.925058,0,0,0.259318,0,0,-0.471044,2.15935,0.460952,-2.05739,-0.812055,-1.25755,1.81079,-0.175278,0.896941,-2.35238,1,0.990207,0.067238,-0.11711,-0.0354138,-12.4206,-0.229164,-0.0883027,0.133036,0.100135,-0.60592,-0.394507,3.13707,0.155633
0.999994,0.00155761,0.00180773,0.00250394,0.999994,0.00155761,0.00180773,0.00250394,0.993521,-0.00776492,0.0461398,-0.103572,0.496619,-0.0922813,-0.309126,-0.805788,0.624593,0.251092,-0.0416688,-0.738309,0.979846,0,0,0.199754,0.750253,0,0,0.661151,0.722256,-0.250082,-0.075754,-0.640364,0.6982,0.0392973,0.0069419,-0.71479,0.996751,0,0,-0.080548,0.9962,0,0,-0.0870905,0.698892,-0.220347,-0.190745,0.653157,0.756946,0.0527549,0.0592546,0.648644,-0.168096,0.0922263,-2.07713,-0.251977,0.0811737,-2.63714,-0.176809,0.281595,-2.14926,-0.23076,0.281746,-2.59272,-0.1665,0.642478,-2.27875,-0.171512,0.651627,-2.51132,-0.162976,0.90455,-2.39868,-0.154061,1.06112,-2.37783,-0.144725,1.2438,-2.35302,-0.246377,1.18491,-2.13951,-0.131598,1.20997,-2.57136,-0.356002,0.975055,-2.04696,-0.0485817,1.03414,-2.5881,-0.115168,1.45839,-2.32334,-0.0476945,0.00474478,-0.0191915,-0.0476945,0.00474478,-0.0191915,0.203562,-0.407392,0.376044,-3.06407,4.7079,-0.645551,-1.35548,2.06318,-1.18185,0,0,1.65215,0,0,-1.7188,-1.96091,2.5676,-1.47344,0.174271,-0.871082,0.354516,0,0,0.552446,0,0,-0.04907,3.07996,1.57503,-0.934999,-0.253379,-0.462939,1.14767,-0.167167,0.897849,-2.36886,1,0.994925,0.0632199,-0.0704407,-0.0341497,-12.4342,-0.13627,-0.0776565,0.166876,0.0624594,-0.484746,-0.167538,2.81034,0.245262
0.999995,0.00140744,0.00230806,0.00182372,0.999995,0.00140744,0.00230806,0.00182372,0.994235,-0.00454171,0.0375854,-0.100316,0.51473,-0.116618,-0.258971,-0.808942,0.622658,0.23238,-0.0183766,-0.746967,0.972326,0,0,0.233627,0.771562,0,0,0.636154,0.711911,-0.260301,-0.0481034,-0.650471,0.702182,0.0443943,-0.00489725,-0.710596,0.997056,0,0,-0.0766769,0.996273,0,0,-0.0862546,0.714172,-0.179999,-0.163673,0.656331,0.746326,0.0472806,0.0513119,0.661913,-0.141974,0.0859439,-2.10549,-0.253567,0.0777827,-2.62953,-0.155356,0.277915,-2.17213,-0.232594,0.278663,-2.59072,-0.152465,0.641235,-2.29538,-0.172322,0.650551,-2.51976,-0.156881,0.904618,-2.41152,-0.146581,1.06131,-2.39232,-0.13531,1.24413,-2.3694,-0.210602,1.18183,-2.1475,-0.145333,1.21009,-2.58867,-0.289838,0.963607,-2.04881,-0.0671438,1.02865,-2.62358,-0.103957,1.45896,-2.34289,-0.00901027,0.0300198,-0.040813,-0.00901027,0.0300198,-0.040813,0.193876,-0.514914,0.197174,-1.70185,3.79172,0.231499,-1.27578,1.60275,-0.636436,0,0,2.08197,0,0,-1.97092,-0.745736,1.81932,-0.841336,0.336269,-0.791221,0.353854,0,0,0.232989,0,0,0.0503441,2.76834,1.87439,-0.0461738,-0.34555,-0.505895,1.04136,-0.157797,0.896592,-2.38289,1,0.997287,0.0592607,-0.0259312,-0.0351318,-12.4459,-0.0475758,-0.0732948,0.182837,0.00205442,-0.385199,-0.150012,2.67973,0.0983473
0.999995,4.55603e-05,0.00301394,0.000871038,0.999995,4.55603e-05,0.00301394,0.000871038,0.994694,-0.00156847,0.0281822,-0.0989306,0.538002,-0.126091,-0.219604,-0.804008,0.623687,0.218504,0.000770166,-0.750513,0.962977,0,0,0.269585,0.795638,0,0,0.605772,0.709931,-0.256268,-0.0280453,-0.655392,0.705868,0.0526804,-0.0131384,-0.70626,0.996822,0,0,-0.0796641,0.996471,0,0,-0.0839368,0.718329,-0.147958,-0.137925,0.665649,0.736069,0.0422722,0.044428,0.674122,-0.120607,0.079559,-2.1348,-0.253317,0.0739498,-2.62318,-0.135994,0.273524,-2.1953,-0.233189,0.27487,-2.58879,-0.138239,0.639339,-2.31066,-0.172499,0.648284,-2.52629,-0.150216,0.90364,-2.42239,-0.138168,1.06053,-2.406,-0.124452,1.24362,-2.38684,-0.172891,1.17961,-2.16135,-0.155427,1.20681,-2.60433,-0.221301,0.955047,-2.06305,-0.0851496,1.01857,-2.6533,-0.0903566,1.45867,-2.36587,-0.081713,0.0423526,-0.0571613,-0.081713,0.0423526,-0.0571613,0.178753,-0.56554,0.0842197,-0.592616,2.99523,0.931417,-0.962472,1.31933,-0.222806,0,0,2.22932,0,0,-2.32604,0.25526,1.33284,-0.360636,0.548254,-0.549016,0.356713,0,0,-0.179782,0,0,0.139576,2.14526,1.72589,0.548615,-0.317986,-0.440566,0.974119,-0.14753,0.894434,-2.39708,1,0.997772,0.0525089,0.0164483,-0.0377327,-12.4626,0.0367942,-0.0736865,0.19994,-0.0293582,-0.32629,-0.31245,2.5609,-0.014437
0.99999,-0.00260844,0.00371812,-0.00013348,0.99999,-0.00260844,0.00371812,-0.00013348,0.994992,0.00127846,0.0188572,-0.0981534,0.563105,-0.130469,-0.184312,-0.794934,0.626761,0.207524,0.0168206,-0.75088,0.951298,0,0,0.308272,0.820939,0,0,0.571015,0.71447,-0.242034,-0.0147644,-0.656303,0.709585,0.062753,-0.0170939,-0.701612,0.99604,0,0,-0.0889048,0.996692,0,0,-0.0812697,0.71587,-0.123762,-0.1159,0.677333,0.725802,0.0380125,0.0387571,0.685758,-0.104266,0.0745014,-2.16162,-0.252017,0.0699427,-2.61796,-0.119179,0.269693,-2.21702,-0.232887,0.270671,-2.58702,-0.124133,0.63748,-2.32476,-0.171992,0.645244,-2.53152,-0.143159,0.902115,-2.43217,-0.129353,1.05923,-2.41982,-0.11331,1.24264,-2.40645,-0.135723,1.17944,-2.18079,-0.162983,1.20053,-2.61995,-0.154227,0.951683,-2.0874,-0.102822,1.00437,-2.67831,-0.0765858,1.45792,-2.39359,-0.15924,0.0422517,-0.0602712,-0.15924,0.0422517,-0.0602712,0.171111,-0.560606,0.0472981,-0.214181,2.65773,1.24658,-0.774063,1.10409,0.0389644,0,0,2.42487,0,0,-2.57961,0.975675,0.885832,0.0157241,0.665583,-0.262099,0.377061,0,0,-0.556423,0,0,0.160573,1.59774,1.45423,0.81782,-0.270917,-0.36373,0.944214,-0.13717,0.891975,-2.41189,1,0.996642,0.0427886,0.056177,-0.0414517,-12.4851,0.115783,-0.0784225,0.211718,-0.045735,-0.29322,-0.492219,2.41393,-0.0904664
0.999979,-0.00483529,0.00422256,-0.000834289,0.999979,-0.00483529,0.00422256,-0.000834289,0.995262,0.00433682,0.0105147,-0.0965597,0.581999,-0.146013,-0.141477,-0.787364,0.631679,0.192366,0.0291016,-0.75042,0.934677,0,0,0.355497,0.844226,0,0,0.535988,0.723111,-0.222462,-0.0111506,-0.653833,0.713965,0.0710189,-0.0178325,-0.696342,0.994822,0,0,-0.101628,0.996765,0,0,-0.0803707,0.713461,-0.100805,-0.0950159,0.686865,0.715291,0.0332135,0.0329388,0.697259,-0.09068,0.0709558,-2.18233,-0.250622,0.0659525,-2.61343,-0.103882,0.266765,-2.23484,-0.231999,0.266277,-2.58534,-0.110427,0.635561,-2.33725,-0.170744,0.64168,-2.53599,-0.136106,0.899985,-2.4412,-0.120718,1.05722,-2.43305,-0.102804,1.24079,-2.42548,-0.102111,1.17931,-2.20159,-0.168618,1.19302,-2.6324,-0.0938604,0.951208,-2.11946,-0.11954,0.988853,-2.69568,-0.0642334,1.4561,-2.42045,-0.133612,0.0302674,-0.0420488,-0.133612,0.0302674,-0.0420488,0.183785,-0.501444,0.096308,-1.01677,3.10346,0.97118,-1.06901,0.840883,0.134077,0,0,3.00418,0,0,-2.52389,1.34963,0.242608,0.308082,0.542364,-0.0471678,0.429083,0,0,-0.766914,0,0,0.0541196,1.51858,1.38121,0.675439,-0.308646,-0.376167,0.947417,-0.127341,0.889122,-2.42573,1,0.994147,0.0326376,0.0921756,-0.0459314,-12.5089,0.187365,-0.0869374,0.211609,-0.0638971,-0.270967,-0.526305,2.19834,-0.14748
0.999974,-0.00566878,0.00450643,0.000546368,0.999974,-0.00566878,0.00450643,0.000546368,0.995568,0.00622607,0.00262951,-0.093805,0.628582,-0.0819993,-0.0975846,-0.767227,0.667639,0.169608,0.0136641,-0.724779,0.941818,0,0,0.336124,0.918557,0,0,0.395288,0.730699,-0.175744,0.0143639,-0.659536,0.719282,0.0524332,-0.0273032,-0.692198,0.981414,0,0,-0.191902,0.998333,0,0,-0.0577166,0.675957,-0.0816542,-0.0770091,0.728343,0.695634,0.0395867,0.0386936,0.71626,-0.157955,0.0683407,-2.22397,-0.222387,0.0535932,-2.5758,-0.135656,0.260596,-2.27461,-0.215756,0.254174,-2.55719,-0.104018,0.627055,-2.36021,-0.166952,0.634195,-2.52926,-0.12919,0.89446,-2.44706,-0.113442,1.05178,-2.44179,-0.0958644,1.2355,-2.43774,-0.0730577,1.16641,-2.23702,-0.164585,1.17985,-2.63321,-0.0514454,0.927549,-2.18991,-0.127227,0.95299,-2.69638,-0.0586633,1.45116,-2.43765,-0.0500109,0.0170323,0.08284,-0.0500109,0.0170323,0.08284,0.113496,-0.473875,0.166121,4.59365,3.2045,2.42601,-1.72835,-1.07325,2.46926,0,0,-1.23884,0,0,-9.55773,3.12806,1.68718,-0.251192,-1.24245,-0.62579,0.369351,0,0,-5.47771,0,0,1.36252,1.19336,1.12184,3.46916,0.443462,0.401926,1.62541,-0.122297,0.880814,-2.43677,1,0.99012,0.025756,0.12924,-0.0479121,-12.5264,0.261359,-0.0914488,0.207467,-0.165769,-0.175641,-0.311478,2.2565,-0.0186105
0.999947,-0.00333497,0.00600029,-0.00770519,0.999947,-0.00333497,0.00600029,-0.00770519,0.994329,0.00646799,0.026485,-0.102798,0.667519,-0.0244789,-0.0593219,-0.741822,0.697252,0.149965,0.00212792,-0.700961,0.956307,0,0,0.292366,0.968232,0,0,0.250052,0.734111,-0.0717766,-0.0289455,-0.674605,0.726924,0.0435895,-0.0332478,-0.684526,0.963666,0,0,-0.267109,0.999162,0,0,-0.0409402,0.629325,-0.0610844,-0.0569738,0.77264,0.685148,0.0454638,0.0469052,0.725469,-0.244257,0.0830989,-2.26832,-0.188523,0.0455697,-2.56102,-0.183008,0.264585,-2.311,-0.193075,0.245596,-2.54517,-0.102352,0.620644,-2.37601,-0.159095,0.628133,-2.52692,-0.121228,0.889389,-2.45175,-0.10398,1.04661,-2.44854,-0.0814374,1.22981,-2.44707,-0.0413968,1.15493,-2.27001,-0.155309,1.17218,-2.63303,-0.0241823,0.907814,-2.25531,-0.143484,0.928382,-2.69249,-0.0358763,1.44361,-2.4523,0.140029,0.0896359,-0.495102,0.140029,0.0896359,-0.495102,0.0146972,1.43411,-0.542913,3.98006,2.69319,2.53319,-1.44645,-0.782416,2.15907,0,0,-2.76591,0,0,-9.21888,6.8724,-2.85777,-0.937293,-0.595063,-0.387867,0.641589,0,0,-4.63753,0,0,1.00783,1.31033,1.27947,3.96532,0.405886,0.562555,0.81547,-0.115509,0.874631,-2.44728,1,0.985213,0.0212198,0.162892,-0.048698,-12.539,0.328933,-0.0942263,0.238863,-0.152107,-0.140764,-0.171285,2.0519,0.0263904
