0.989117,-0.00807415,0.0110462,-0.146494,0.989117,-0.00807415,0.0110462,-0.146494,0.983756,0.013356,-0.145493,0.104298,0.769792,-0.143635,-0.103485,-0.613254,0.674988,-0.0274541,0.116373,-0.728076,0.785066,0,0,0.619412,0.844142,0,0,0.536119,0.960566,-0.0389436,-0.0792403,-0.26366,0.864632,0.129177,-0.0837709,-0.478233,0.914778,0,0,-0.403957,0.810975,0,0,-0.585081,0.746907,0.0297331,0.0317981,0.663501,0.677943,0.254004,0.208086,0.657705,0.394294,0.124005,0.0683759,-0.131787,0.110752,-0.150561,0.343489,0.322917,0.0555099,-0.00581565,0.266088,-0.124815,0.166619,0.627238,0.0509185,0.0532582,0.569945,-0.0850731,0,0.815527,0,0.0394926,0.966602,-0.0102452,0.134307,1.11953,-0.0415835,0.192998,1.05285,0.164466,0.0220146,1.07633,-0.196897,0.236503,0.855931,0.195883,-0.0494638,0.870364,-0.22047,0.25365,1.29798,-0.0828825,0,0,0,0,0,0,0,0,0,0,0,0,0,0,0,0,0,0,0,0,0,0,0,0,0,0,0,0,0,0,0,0,0,0,0,0,0,0,0,0.107099,0.815393,-0.0255568,1,0.987858,0.00113158,0.143682,-0.0590857,-0.0153772,0.287972,-0.121711,0,0,0,0,0,0
0.988981,-0.00639421,0.0115853,-0.147449,0.988981,-0.00639421,0.0115853,-0.147449,0.982684,0.0134389,-0.149105,0.109172,0.776917,-0.151864,-0.106681,-0.601628,0.671503,-0.0308771,0.116601,-0.731119,0.789004,0,0,0.614388,0.844395,0,0,0.535721,0.963556,-0.0277026,-0.0849355,-0.252147,0.863334,0.140417,-0.0823583,-0.477655,0.903859,0,0,-0.427831,0.810019,0,0,-0.586403,0.733829,0.0241403,0.0255033,0.678426,0.699352,0.244997,0.212069,0.637111,0.398498,0.127826,0.0711018,-0.128189,0.114946,-0.150993,0.355224,0.327493,0.0594112,0.00201003,0.268206,-0.122577,0.184555,0.630554,0.0578559,0.0654771,0.570243,-0.0788213,0.0161165,0.816536,0.00840459,0.0569137,0.967156,-0.00305102,0.153187,1.1188,-0.036022,0.218422,1.04996,0.169409,0.0373232,1.07811,-0.188517,0.264714,0.852413,0.199482,-0.0393088,0.873683,-0.2098,0.273617,1.29597,-0.0790124,0.101146,0.0324939,-0.0579005,0.101146,0.0324939,-0.0579005,0.00528921,-0.221108,0.296411,-0.509238,-0.189566,0.860425,-0.233853,0.0261791,-0.273045,0,0,-0.383024,0,0,-0.0282766,0.685173,-0.341043,0.715566,0.710621,0.0864032,0.0225009,0,0,-1.57519,0,0,-0.0978942,-0.359212,-0.404842,1.20115,-0.744564,0.149505,-1.74557,0.123216,0.816189,-0.0196328,1,0.986416,-0.00123153,0.151445,-0.0636137,-0.0227369,0.303245,-0.132275,0.483494,0.030277,0.252138,-0.151483,0.481269,-0.252598
0.988607,-0.00617326,0.0116529,-0.149943,0.988607,-0.00617326,0.0116529,-0.149943,0.981855,0.011631,-0.151492,0.11347,0.782221,-0.160372,-0.110877,-0.591708,0.667147,-0.0344463,0.114988,-0.735191,0.790769,0,0,0.612115,0.845173,0,0,0.534493,0.964411,-0.0186224,-0.0911443,-0.247502,0.859343,0.14971,-0.0833423,-0.48184,0.894088,0,0,-0.447891,0.811401,0,0,-0.584489,0.721309,0.0183367,0.0190746,0.692108,0.711826,0.239833,0.214825,0.624207,0.400831,0.128248,0.0734511,-0.124426,0.117066,-0.151302,0.365171,0.32845,0.0630922,0.00879586,0.268385,-0.120522,0.201648,0.631161,0.0644169,0.0770352,0.569342,-0.0728887,0.031971,0.816417,0.0165884,0.0734057,0.966765,0.00465407,0.170763,1.11729,-0.0298292,0.24215,1.04701,0.175346,0.0514758,1.07902,-0.17895,0.291179,0.849519,0.204542,-0.0303279,0.876036,-0.196556,0.292019,1.29322,-0.0750413,0.0132593,0.00416094,-0.151333,0.0132593,0.00416094,-0.151333,-0.108905,-0.146611,0.261301,-0.531722,-0.25815,0.719486,-0.245191,-0.0955867,-0.360631,0,0,-0.172661,0,0,-0.0872446,0.551857,-0.375512,0.286481,0.597879,-0.0693428,-0.306368,0,0,-1.33881,0,0,0.141645,-0.377028,-0.418026,1.12148,-0.422308,0.115121,-1.06332,0.138285,0.815658,-0.0134375,1,0.985153,-0.000738917,0.158898,-0.0649929,-0.0232821,0.318331,-0.135491,0.475637,-0.00356201,0.245515,0.0449768,0.450602,-0.0914761
0.988411,-0.00621208,0.0130794,-0.151111,0.988411,-0.00621208,0.0130794,-0.151111,0.980899,0.0109876,-0.154972,0.117044,0.787026,-0.165246,-0.116181,-0.582911,0.664034,-0.0356976,0.114465,-0.738026,0.791423,0,0,0.611268,0.847747,0,0,0.5304,0.967329,-0.00895453,-0.0916065,-0.236224,0.857846,0.156273,-0.0799973,-0.48299,0.884052,0,0,-0.467388,0.810257,0,0,-0.586075,0.714695,0.0129793,0.0133143,0.699189,0.714511,0.240737,0.217224,0.619946,0.404618,0.127573,0.0744327,-0.120141,0.117386,-0.151696,0.375373,0.328362,0.0661593,0.0159315,0.265922,-0.118594,0.216845,0.62933,0.0707429,0.0886981,0.564782,-0.0674705,0.0465131,0.812502,0.0235308,0.0893432,0.962392,0.0111517,0.188404,1.11161,-0.023994,0.26296,1.04021,0.181604,0.0675214,1.07542,-0.171838,0.314078,0.843105,0.211019,-0.0195327,0.873721,-0.187139,0.311207,1.28612,-0.0701139,-0.00236273,0.0859646,-0.0709636,-0.00236273,0.0859646,-0.0709636,-0.0386281,-0.213075,0.217964,-0.296638,-0.330197,0.63701,-0.0876804,-0.025901,-0.253418,0,0,-0.0641952,0,0,-0.290102,0.587591,-0.0225711,0.698976,0.418629,0.207976,-0.088659,0,0,-1.31573,0,0,-0.117317,-0.352897,-0.379545,0.58723,0.0435739,0.144695,-0.326066,0.152996,0.811621,-0.00786593,1,0.985004,-0.00140915,0.158018,-0.0692512,-0.0259525,0.316351,-0.14452,0.436263,-0.117463,0.20827,-0.0836559,-0.0481963,-0.245862
0.988402,-0.00581131,0.014557,-0.151051,0.988402,-0.00581131,0.014557,-0.151051,0.979912,0.0113838,-0.158968,0.119881,0.791908,-0.167914,-0.122153,-0.574253,0.66252,-0.0357255,0.114262,-0.739415,0.791963,0,0,0.610569,0.851032,0,0,0.525114,0.971307,-0.00054719,-0.092719,-0.21901,0.857726,0.161373,-0.0790306,-0.481684,0.873079,0,0,-0.487578,0.807683,0,0,-0.589617,0.711955,0.00810678,0.00824506,0.70213,0.708326,0.247018,0.218962,0.623948,0.410376,0.126648,0.0746974,-0.116091,0.116224,-0.151665,0.386681,0.328021,0.0686674,0.0224285,0.261458,-0.116496,0.231361,0.625846,0.0761682,0.0996356,0.557678,-0.0626181,0.0601218,0.805825,0.0290109,0.105021,0.955106,0.0165805,0.206217,1.10294,-0.0183463,0.282786,1.02948,0.187535,0.0845862,1.06919,-0.166062,0.335662,0.832676,0.216779,-0.00742598,0.868733,-0.180787,0.33109,1.276,-0.0640162,0.0241382,0.0890074,0.00362223,0.0241382,0.0890074,0.00362223,0.0241527,-0.244494,0.173734,-0.15293,-0.371875,0.62681,-0.00334443,-0.00911999,-0.124223,0,0,-0.0529805,0,0,-0.373454,0.510052,-0.0599239,1.06209,0.321799,0.0607076,0.0809964,0,0,-1.37879,0,0,-0.262721,-0.323204,-0.336265,0.24469,0.456576,0.150201,0.364922,0.167566,0.805069,-0.00292047,1,0.984908,-0.00116424,0.155485,-0.0760203,-0.0272443,0.311094,-0.158337,0.40826,-0.200301,0.164405,-0.060236,-0.150365,-0.402565
0.988174,-0.00477147,0.0116394,-0.15282,0.988174,-0.00477147,0.0116394,-0.15282,0.979486,0.00951454,-0.160015,0.122114,0.796606,-0.175133,-0.127788,-0.564285,0.661137,-0.0391805,0.109901,-0.741138,0.793328,0,0,0.608794,0.851678,0,0,0.524066,0.970874,0.000142789,-0.113606,-0.210944,0.851276,0.168273,-0.100557,-0.486725,0.861459,0,0,-0.507828,0.810794,0,0,-0.585332,0.703317,0.0031324,0.00310281,0.710863,0.69603,0.2551,0.218576,0.634579,0.414962,0.124687,0.0758891,-0.115214,0.114196,-0.149183,0.39824,0.326068,0.0704011,0.0241582,0.257274,-0.113162,0.248583,0.62175,0.0788501,0.107181,0.55295,-0.0580463,0.074606,0.801271,0.0336085,0.120683,0.950276,0.0228025,0.223061,1.09728,-0.0118996,0.306836,1.01874,0.191673,0.0980663,1.06793,-0.155849,0.362355,0.82168,0.216421,0.0025074,0.868856,-0.169158,0.349077,1.26941,-0.057726,0.0626114,-0.175683,-0.107283,0.0626114,-0.175683,-0.107283,-0.11283,-0.06461,0.135963,-0.446372,-0.349406,0.706417,-0.235759,-0.291615,-0.144368,0,0,-0.134382,0,0,-0.0738158,0.0418006,-1.26635,0.486776,0.459303,-1.37121,-0.388525,0,0,-1.40085,0,0,0.317678,-0.330193,-0.341366,0.738953,0.619462,0.0438003,0.91001,0.181619,0.800285,0.00208677,1,0.981807,0.00817177,0.172689,-0.0785318,-0.0117807,0.347319,-0.161701,0.434525,-0.13661,0.137928,0.606571,1.0029,-0.250876
0.987984,-0.0048044,0.0116329,-0.154045,0.987984,-0.0048044,0.0116329,-0.154045,0.978194,0.00964415,-0.163799,0.127332,0.801813,-0.174523,-0.134954,-0.555361,0.664439,-0.0424366,0.10756,-0.738344,0.792508,0,0,0.609861,0.854995,0,0,0.518637,0.971301,0.00625777,-0.117247,-0.206853,0.846225,0.176089,-0.103966,-0.492024,0.850456,0,0,-0.526045,0.812847,0,0,-0.582477,0.691969,0.00241899,0.00212284,0.72192,0.69685,0.255577,0.219449,0.633185,0.416048,0.124876,0.0750369,-0.111799,0.114263,-0.148492,0.406631,0.325846,0.0712524,0.0292771,0.255348,-0.110919,0.263813,0.620079,0.0829992,0.117022,0.549966,-0.0530399,0.0887888,0.798959,0.0399091,0.135175,0.947824,0.0289389,0.237883,1.0943,-0.00683015,0.326796,1.01435,0.195577,0.111883,1.06485,-0.148611,0.386375,0.818584,0.219373,0.0155645,0.865066,-0.159852,0.363559,1.26615,-0.0539284,-0.00200252,-0.000348504,-0.0743801,-0.00200252,-0.000348504,-0.0743801,0.00808373,-0.232936,0.318588,0.0608486,-0.44511,0.643438,-0.217176,-0.168415,0.255049,0,0,0.0807548,0,0,-0.381751,0.370449,-0.219596,0.249684,0.513848,-0.227216,-0.391074,0,0,-1.27695,0,0,0.211029,-0.0469001,-0.0647783,0.950767,0.0265308,0.0537695,-0.106807,0.194748,0.797838,0.00675226,1,0.980574,0.0094993,0.179178,-0.0792457,-0.0104406,0.360669,-0.163184,0.425486,-0.0693567,0.189017,0.101988,0.389143,-0.0584374
0.98779,-0.00394278,0.0112487,-0.155335,0.98779,-0.00394278,0.0112487,-0.155335,0.977819,0.0111241,-0.164233,0.129514,0.805237,-0.174448,-0.137285,-0.549831,0.666943,-0.0448278,0.108972,-0.735733,0.791669,0,0,0.61095,0.857938,0,0,0.513753,0.972392,0.00848871,-0.119186,-0.20044,0.8435,0.179723,-0.105742,-0.495002,0.840258,0,0,-0.542186,0.813331,0,0,-0.581802,0.681236,0.00125911,0.000599042,0.732062,0.698226,0.25587,0.220501,0.631182,0.417422,0.125274,0.0753641,-0.109623,0.11455,-0.146829,0.41404,0.325577,0.0724583,0.0335022,0.253495,-0.108491,0.276649,0.61796,0.0863053,0.125587,0.546675,-0.0490736,0.101028,0.795999,0.0448902,0.148457,0.944519,0.0341568,0.252512,1.09,-0.00161284,0.343122,1.00773,0.199706,0.126089,1.06179,-0.143064,0.40325,0.812141,0.221685,0.0272525,0.862423,-0.15491,0.379726,1.26073,-0.048352,0.0518901,-0.0231002,-0.0782837,0.0518901,-0.0231002,-0.0782837,0.0895337,-0.0274891,0.132856,0.0189257,-0.138784,0.400018,-0.159033,0.0883729,0.22624,0,0,0.0824882,0,0,-0.34212,0.134962,-0.114768,0.392968,0.241144,-0.118954,-0.219117,0,0,-1.14557,0,0,0.0498149,-0.077399,-0.10198,0.886212,0.0104225,0.0624869,-0.156591,0.2067,0.794595,0.0109705,1,0.979634,0.0114779,0.182955,-0.0819326,-0.00803128,0.368631,-0.168381,0.367185,-0.0888168,0.149434,0.106017,0.224428,-0.18167
0.987707,-0.00421311,0.0112,-0.15586,0.987707,-0.00421311,0.0112,-0.15586,0.977222,0.0125371,-0.165901,0.131745,0.807696,-0.17425,-0.140471,-0.545465,0.670292,-0.0446775,0.10884,-0.732712,0.790709,0,0,0.612192,0.860507,0,0,0.509439,0.973764,0.00859436,-0.118388,-0.194151,0.841124,0.181505,-0.105132,-0.498512,0.830782,0,0,-0.556599,0.81377,0,0,-0.581188,0.671957,0.00107601,-5.73926e-05,0.74059,0.693819,0.259324,0.220819,0.634511,0.419606,0.124725,0.075638,-0.107571,0.11423,-0.144829,0.421585,0.324301,0.0733487,0.0373135,0.250894,-0.106369,0.289012,0.614789,0.0892462,0.134034,0.542472,-0.0455556,0.113156,0.79205,0.0497809,0.161587,0.940254,0.0393484,0.266629,1.08498,0.00348588,0.358852,1.00129,0.20423,0.140024,1.05713,-0.137989,0.419905,0.806159,0.225362,0.0400676,0.857608,-0.150213,0.394751,1.25497,-0.0431654,-0.0162934,-0.00291353,-0.0319327,-0.0162934,-0.00291353,-0.0319327,0.0855656,-0.102851,0.136466,0.0227472,-0.196472,0.31196,0.0141701,-0.018656,0.270084,0,0,0.0941441,0,0,-0.301261,0.00615688,0.0516404,0.386332,0.122647,0.0329792,-0.249337,0,0,-1.03495,0,0,0.0453013,-0.0120609,-0.0442037,0.75616,0.260712,0.0466131,0.295399,0.21838,0.790513,0.0150447,1,0.978976,0.0137598,0.184967,-0.0848791,-0.00478819,0.373088,-0.173875,0.363819,-0.118466,0.146722,0.112127,0.116333,-0.200089
0.987667,-0.00494642,0.0111386,-0.156095,0.987667,-0.00494642,0.0111386,-0.156095,0.976479,0.0137423,-0.167953,0.134505,0.809635,-0.173954,-0.143874,-0.541786,0.673913,-0.0431525,0.10744,-0.729682,0.789801,0,0,0.613363,0.862511,0,0,0.506039,0.974954,0.00875484,-0.116403,-0.189309,0.838447,0.184113,-0.103764,-0.502336,0.822225,0,0,-0.569163,0.814843,0,0,-0.579682,0.663892,0.0020754,0.000345611,0.747826,0.689212,0.262773,0.221042,0.638026,0.422151,0.123834,0.0755953,-0.105,0.113841,-0.143501,0.429144,0.322649,0.0739072,0.0413587,0.2484,-0.10473,0.3013,0.611516,0.0920795,0.142596,0.538497,-0.042086,0.125447,0.788307,0.0548494,0.174696,0.936245,0.0445723,0.280388,1.0804,0.00834022,0.374408,0.995963,0.208703,0.153585,1.05231,-0.133088,0.436644,0.801416,0.229528,0.0534924,0.852264,-0.145178,0.408844,1.24994,-0.0386308,-0.0441841,-0.00369053,-0.014277,-0.0441841,-0.00369053,-0.014277,0.0730731,-0.126559,0.168901,0.0269395,-0.211842,0.260786,0.107262,-0.104991,0.275111,0,0,0.0889678,0,0,-0.236792,0.0095014,0.122969,0.297685,0.176617,0.080381,-0.273176,0,0,-0.912085,0,0,0.110911,0.0679696,0.0273028,0.650075,0.262708,0.0415366,0.312257,0.229983,0.786664,0.0189871,1,0.978334,0.0156748,0.186981,-0.0874916,-0.00220326,0.377506,-0.178805,0.368749,-0.112296,0.152055,0.0942803,0.117813,-0.176313
0.987418,-0.00277584,0.00965367,-0.157814,0.987418,-0.00277584,0.00965367,-0.157814,0.976939,0.0158768,-0.164105,0.135672,0.811242,-0.174287,-0.140544,-0.540147,0.675047,-0.0442676,0.110632,-0.728088,0.78939,0,0,0.613892,0.863574,0,0,0.504223,0.975424,0.0115718,-0.117366,-0.186118,0.836223,0.190599,-0.105663,-0.503227,0.815105,0,0,-0.579314,0.816386,0,0,-0.577507,0.655657,0.0032443,0.000779996,0.755052,0.702052,0.256584,0.2234,0.625604,0.423646,0.12478,0.0757689,-0.101704,0.115115,-0.144301,0.435371,0.322708,0.0746985,0.0464956,0.248324,-0.103481,0.312409,0.610573,0.0948577,0.150612,0.537519,-0.0384617,0.136624,0.787451,0.0594022,0.186991,0.934961,0.0490329,0.294409,1.0778,0.0129036,0.387489,0.991,0.212081,0.167214,1.0516,-0.129044,0.447022,0.795492,0.230637,0.0639078,0.852999,-0.142743,0.425255,1.24568,-0.0332321,0.130759,-0.0894166,-0.104325,0.130759,-0.0894166,-0.104325,0.128937,0.234203,0.0693289,-0.0147819,0.218855,0.125472,-0.0739482,0.212128,0.129552,0,0,0.0401703,0,0,-0.126287,0.170335,-0.0571753,0.194861,0.421312,-0.12593,-0.0821678,0,0,-0.74396,0,0,0.16001,0.0799466,0.0296152,0.657234,-0.501123,0.0835859,-1.04273,0.240997,0.785115,0.022489,1,0.97718,0.0162304,0.191578,-0.0902962,-0.00310718,0.386926,-0.184895,0.335299,-0.0256764,0.136584,0.0263607,0.282483,-0.172602
0.987316,-0.00266459,0.0088489,-0.158501,0.987316,-0.00266459,0.0088489,-0.158501,0.976929,0.0157202,-0.161078,0.139344,0.812519,-0.174522,-0.139872,-0.538322,0.677284,-0.0428133,0.109643,-0.726245,0.788957,0,0,0.614449,0.862613,0,0,0.505864,0.975945,0.0123903,-0.116944,-0.18358,0.8325,0.193408,-0.105443,-0.50835,0.808798,0,0,-0.588086,0.82039,0,0,-0.571805,0.649013,0.0033407,0.000268978,0.76077,0.71779,0.248858,0.226707,0.609468,0.425507,0.126402,0.0759342,-0.101347,0.116516,-0.144899,0.441475,0.323497,0.0754637,0.0488689,0.248518,-0.102392,0.322914,0.610445,0.0973805,0.157256,0.537407,-0.0355567,0.14757,0.787653,0.0635478,0.198867,0.934846,0.0534956,0.307328,1.0769,0.0174891,0.400338,0.988788,0.21606,0.180155,1.05133,-0.124804,0.458954,0.793013,0.233468,0.0767711,0.853101,-0.139319,0.438951,1.24411,-0.0283536,0.00669731,-0.0484715,-0.0417326,0.00669731,-0.0484715,-0.0417326,-0.00946611,0.183031,0.222003,-0.00984661,0.0471943,0.133027,0.100675,-0.0731952,0.167443,0,0,0.0423422,0,0,0.114081,0.0493788,0.0268216,0.155454,0.194896,0.00499536,-0.368804,0,0,-0.648261,0,0,0.418054,0.00715666,-0.0347012,0.525959,-0.61647,0.12918,-1.32377,0.251199,0.784789,0.025916,1,0.976511,0.0183382,0.193562,-0.0928607,-0.000144652,0.391351,-0.189647,0.328386,0.0060597,0.124366,0.105511,0.115129,-0.176279
0.987301,-0.0023887,0.0080104,-0.158644,0.987301,-0.0023887,0.0080104,-0.158644,0.977019,0.0177286,-0.160205,0.13948,0.812828,-0.172808,-0.137641,-0.538984,0.679552,-0.04256,0.111063,-0.723921,0.788265,0,0,0.615336,0.862598,0,0,0.505889,0.976454,0.0142281,-0.115316,-0.181764,0.8296,0.197106,-0.103833,-0.511987,0.803289,0,0,-0.59559,0.823737,0,0,-0.566972,0.642662,0.00485333,0.000973842,0.766134,0.721574,0.248453,0.228888,0.604329,0.427275,0.126213,0.0760233,-0.0990592,0.116603,-0.144598,0.447299,0.322423,0.0760598,0.052199,0.247513,-0.101163,0.333222,0.608744,0.0998948,0.164351,0.535944,-0.0324896,0.158549,0.786443,0.0678244,0.210701,0.933324,0.0576624,0.319986,1.07468,0.0214498,0.412142,0.985865,0.21936,0.192781,1.04927,-0.121322,0.468956,0.789676,0.23597,0.0890108,0.851331,-0.136879,0.452699,1.24106,-0.0242483,0.0166229,-0.0505211,-0.00866487,0.0166229,-0.0505211,-0.00866487,0.121408,0.0530651,0.00802291,0.111033,0.143935,-0.0384812,0.0196354,0.0890684,0.200122,0,0,0.0675138,0,0,0.00180129,0.111014,0.099626,0.111765,0.248349,0.0954088,-0.265495,0,0,-0.558533,0,0,0.352775,0.103974,0.0482272,0.498521,-0.050829,0.122701,-0.399333,0.261335,0.783052,0.0290884,1,0.975765,0.0189706,0.195866,-0.0957027,-0.000507422,0.39615,-0.195636,0.329353,-0.0363065,0.1283,0.017701,0.143241,-0.175482
0.987347,-0.00225271,0.00738313,-0.158384,0.987347,-0.00225271,0.00738313,-0.158384,0.977205,0.0189404,-0.159045,0.139343,0.812142,-0.171143,-0.136429,-0.540854,0.681551,-0.0381783,0.110652,-0.722348,0.787882,0,0,0.615826,0.861947,0,0,0.506998,0.977015,0.015831,-0.113577,-0.179697,0.826628,0.201023,-0.102662,-0.515496,0.798472,0,0,-0.602032,0.827847,0,0,-0.560955,0.635389,0.00564895,0.000885765,0.772171,0.72787,0.245166,0.230288,0.59755,0.429589,0.12645,0.0760358,-0.0966579,0.116881,-0.145254,0.453258,0.321662,0.0766141,0.0555121,0.2469,-0.100406,0.343373,0.607468,0.102301,0.171349,0.535101,-0.0296008,0.169596,0.785782,0.0718535,0.222738,0.932313,0.0616685,0.332867,1.07301,0.0253832,0.423915,0.983622,0.222998,0.205414,1.04805,-0.118307,0.478639,0.786928,0.239438,0.101557,0.850435,-0.135005,0.466629,1.23858,-0.0201454,0.00819649,-0.0378033,0.0158075,0.00819649,-0.0378033,0.0158075,0.0731976,0.0707295,-0.00884303,0.103905,0.0754317,-0.128488,0.297177,-0.0335126,0.144143,0,0,0.037268,0,0,0.0771381,0.0967569,0.106482,0.127062,0.263105,0.0675118,-0.258764,0,0,-0.482655,0,0,0.437176,0.0555133,-0.00584349,0.566952,-0.256946,0.0560694,-0.544583,0.271558,0.781845,0.0321287,1,0.975058,0.0198831,0.197584,-0.0991332,-0.000434123,0.399821,-0.20273,0.331409,-0.0198257,0.120871,0.0237737,0.107529,-0.213669
0.987445,-0.00251836,0.00702597,-0.157789,0.987445,-0.00251836,0.00702597,-0.157789,0.977535,0.0184996,-0.156775,0.139658,0.810694,-0.169956,-0.136224,-0.543446,0.683771,-0.0311066,0.108216,-0.720957,0.787423,0,0,0.616414,0.860788,0,0,0.508963,0.977515,0.0179042,-0.111318,-0.17819,0.822432,0.20555,-0.101362,-0.520654,0.794215,0,0,-0.607637,0.833159,0,0,-0.553033,0.627493,0.00636457,0.000569179,0.778596,0.739124,0.237618,0.231395,0.58625,0.432048,0.126887,0.0757831,-0.0955008,0.117444,-0.147178,0.459191,0.321001,0.0771093,0.0578225,0.246511,-0.10023,0.353471,0.60644,0.10475,0.177937,0.534585,-0.0268577,0.180815,0.785538,0.0757511,0.234884,0.931748,0.0655858,0.345682,1.07193,0.029256,0.435656,0.982421,0.227023,0.218066,1.04714,-0.115564,0.488537,0.785386,0.243925,0.115006,0.849515,-0.133115,0.480071,1.23696,-0.0163461,-0.0160018,-0.0215345,0.0361455,-0.0160018,-0.0215345,0.0361455,-0.02678,0.138341,0.0181211,0.0703131,0.00851582,-0.184454,0.477805,-0.170289,0.135749,0,0,0.0447752,0,0,0.136865,0.125172,0.137696,0.092906,0.308505,0.0729864,-0.379279,0,0,-0.422248,0,0,0.572292,0.0504497,-0.0215789,0.610627,-0.566199,0.00772385,-0.912863,0.281673,0.781089,0.0350618,1,0.974542,0.0208259,0.198306,-0.102515,-7.3222e-05,0.401485,-0.209631,0.336574,-0.00730491,0.116928,0.0199819,0.0468393,-0.211251
0.987592,-0.00340452,0.00681146,-0.156854,0.987592,-0.00340452,0.00681146,-0.156854,0.97811,0.0176584,-0.15419,0.138617,0.808959,-0.1681,-0.134413,-0.547047,0.687581,-0.0295657,0.107626,-0.717478,0.785535,0,0,0.618817,0.86098,0,0,0.508639,0.977628,0.0231149,-0.106627,-0.179834,0.815541,0.212132,-0.0969618,-0.529614,0.790362,0,0,-0.61264,0.839183,0,0,-0.543849,0.620834,0.0104119,0.00316558,0.783866,0.746447,0.233508,0.23306,0.577904,0.433162,0.125447,0.0750127,-0.0964745,0.117421,-0.149211,0.464312,0.318409,0.0774428,0.0581182,0.244964,-0.100209,0.36366,0.603838,0.107641,0.18403,0.532367,-0.0238254,0.192377,0.784011,0.0801291,0.246705,0.930111,0.0694243,0.357375,1.07024,0.0324061,0.446353,0.98216,0.230507,0.230393,1.04343,-0.112983,0.498118,0.785404,0.248237,0.129543,0.84462,-0.130535,0.491545,1.23522,-0.0142273,-0.0533828,-0.0129451,0.0568253,-0.0533828,-0.0129451,0.0568253,-0.0510551,0.158077,-0.0645437,0.112111,0.110578,-0.253142,0.106588,-0.0505022,0.305784,0,0,0.183345,0,0,-0.022545,0.314953,0.283829,-0.0989866,0.454129,0.265312,-0.656812,0,0,-0.378924,0,0,0.659029,0.280279,0.179149,0.50795,-0.313195,0.0670604,-0.654863,0.291137,0.779217,0.0378228,1,0.974419,0.0195415,0.198127,-0.104265,-0.00351019,0.40084,-0.213906,0.346869,-0.0458207,0.131341,-0.0968703,0.0010308,-0.0879831
0.987665,-0.00316684,0.00587251,-0.15644,0.987665,-0.00316684,0.00587251,-0.15644,0.978437,0.0171745,-0.150838,0.140053,0.807957,-0.168277,-0.133705,-0.548646,0.690023,-0.0206898,0.10486,-0.715852,0.785708,0,0,0.618597,0.857998,0,0,0.513653,0.977961,0.0293192,-0.10616,-0.177376,0.815021,0.215892,-0.0916194,-0.529846,0.784355,0,0,-0.620312,0.838571,0,0,-0.544792,0.612636,0.0138578,0.00487448,0.790229,0.753107,0.232791,0.237972,0.567457,0.435307,0.123359,0.0738694,-0.0924792,0.117181,-0.150946,0.470372,0.314963,0.0776651,0.0641604,0.24256,-0.100997,0.373886,0.599125,0.110132,0.192649,0.527939,-0.0223474,0.202948,0.779289,0.083494,0.257779,0.925182,0.0723856,0.368825,1.06495,0.0350427,0.457045,0.977321,0.233521,0.24187,1.03764,-0.11186,0.507571,0.780263,0.251961,0.143164,0.838694,-0.130334,0.503174,1.22964,-0.0118641,0.0143248,-0.0565796,0.0251913,0.0143248,-0.0565796,0.0251913,-0.0293625,0.20356,0.0858474,-0.0153146,0.0423118,-0.115433,0.597348,-0.192405,0.154976,0,0,-0.0167788,0,0,0.349971,0.374862,0.0289896,0.149845,0.243176,0.340717,-0.0212988,0,0,-0.584637,0,0,-0.0674773,0.240815,0.118966,0.620703,-0.0854239,0.283261,-0.779411,0.30104,0.774601,0.0398552,1,0.973905,0.0187429,0.199593,-0.106397,-0.00648593,0.403629,-0.21896,0.317143,-0.141663,0.100945,-0.0622647,0.0993506,-0.116671
0.989244,-0.000675669,0.00533593,-0.146173,0.989244,-0.000675669,0.00533593,-0.146173,0.979075,0.0195969,-0.146943,0.139415,0.80544,-0.165008,-0.129555,-0.554305,0.693975,-0.0126336,0.107892,-0.711757,0.783316,0,0,0.621624,0.856944,0,0,0.515409,0.982256,0.0340537,-0.100848,-0.154415,0.827331,0.220294,-0.0803329,-0.510432,0.778879,0,0,-0.627174,0.834608,0,0,-0.550844,0.610364,0.0142517,0.00487854,0.791978,0.779838,0.213059,0.241398,0.536829,0.43858,0.12599,0.0734608,-0.0872074,0.120552,-0.156452,0.475349,0.317068,0.0782277,0.0726331,0.243604,-0.10382,0.379683,0.599057,0.112506,0.199999,0.526798,-0.0217572,0.210553,0.776892,0.0855281,0.269162,0.921469,0.0730752,0.381655,1.06078,0.0370083,0.465217,0.972429,0.235675,0.256718,1.03349,-0.11434,0.51302,0.775232,0.253063,0.160371,0.834341,-0.138793,0.516668,1.22582,-0.00671829,0.150109,-0.0324984,0.623174,0.150109,-0.0324984,0.623174,0.146141,0.237309,-0.0403903,0.199986,0.25857,-0.3959,0.541771,0.192212,0.348231,0,0,0.231465,0,0,0.122891,0.283205,0.329879,1.40134,0.218713,0.745276,1.38842,0,0,-0.526709,0,0,-0.434032,0.028164,0.000593699,0.171782,-1.43103,0.0669544,-2.35557,0.310613,0.772337,0.0407112,1,0.97238,0.0139151,0.196999,-0.124399,-0.0238039,0.396918,-0.259269,0.228143,-0.071911,0.061023,-0.512565,-0.0822781,-1.00681
0.989635,-0.000252985,0.00455284,-0.143533,0.989635,-0.000252985,0.00455284,-0.143533,0.979063,0.020134,-0.145528,0.140896,0.802148,-0.159387,-0.128174,-0.561004,0.700233,-0.00266036,0.109369,-0.705482,0.780866,0,0,0.624699,0.856266,0,0,0.516534,0.983112,0.0361653,-0.0984534,-0.149963,0.828099,0.223674,-0.0733567,-0.508764,0.773942,0,0,-0.633257,0.83717,0,0,-0.546943,0.603353,0.0153551,0.00462816,0.797313,0.800193,0.196252,0.243311,0.511837,0.441303,0.127703,0.073473,-0.0837518,0.123783,-0.159626,0.481505,0.317505,0.0787291,0.0784309,0.245277,-0.105395,0.389865,0.598551,0.115131,0.208194,0.527513,-0.0199917,0.221886,0.776757,0.0899991,0.281727,0.920878,0.0773629,0.394708,1.05993,0.0414603,0.475758,0.971557,0.239864,0.270315,1.03192,-0.113044,0.520635,0.774333,0.257378,0.176877,0.832153,-0.141801,0.529752,1.22505,-0.00163398,0.0254544,-0.0471901,0.160122,0.0254544,-0.0471901,0.160122,0.0324573,0.0854678,0.0895131,0.348604,0.0787316,-0.473788,0.668474,0.0811453,0.535061,0,0,0.23593,0,0,0.0788225,0.126819,0.146236,0.271312,0.211418,0.44576,0.11528,0,0,-0.470074,0,0,0.279989,0.0794707,-0.0164197,0.52798,-1.18505,0.00577206,-1.86908,0.321268,0.772095,0.0435688,1,0.971208,0.0142579,0.199211,-0.129869,-0.0261268,0.401342,-0.271176,0.339989,-0.0040614,0.13413,-0.0271729,0.14492,-0.330124
0.988546,-0.00226415,0.00328747,-0.150865,0.988546,-0.00226415,0.00328747,-0.150865,0.978722,0.0183484,-0.145063,0.143957,0.798659,-0.152477,-0.128649,-0.567754,0.707765,0.0084102,0.109279,-0.697894,0.778884,0,0,0.627169,0.8556,0,0,0.517638,0.979692,0.0376493,-0.10033,-0.169472,0.814586,0.226055,-0.0719384,-0.529314,0.769387,0,0,-0.638782,0.846106,0,0,-0.533015,0.59009,0.0179294,0.00451251,0.807126,0.808543,0.18916,0.244343,0.500772,0.443161,0.126988,0.073849,-0.0814704,0.125197,-0.159063,0.489067,0.314403,0.0793129,0.0817821,0.246135,-0.104742,0.405473,0.595784,0.118124,0.218036,0.528464,-0.0167606,0.237628,0.777572,0.0968928,0.295213,0.922513,0.0853421,0.407347,1.06165,0.048138,0.488577,0.974448,0.24587,0.281625,1.03185,-0.107702,0.530627,0.777261,0.264858,0.191281,0.831098,-0.13812,0.541723,1.22649,0.00241495,-0.121139,-0.0761136,-0.444785,-0.121139,-0.0761136,-0.444785,-0.107763,0.0270744,0.185972,0.431717,-0.0411176,-0.480874,0.738108,-0.0272613,0.642818,0,0,0.190004,0,0,0.0773608,0.0921572,-0.120178,-1.18895,0.222535,0.0677622,-1.47499,0,0,-0.42964,0,0,0.992884,0.1856,-0.0063173,0.988147,-0.493536,0.0183057,-0.810552,0.333019,0.772714,0.0484965,1,0.971033,0.0199358,0.206557,-0.118458,-0.0111826,0.41793,-0.245155,0.47226,0.0244519,0.206812,0.524669,0.37616,0.602044
0.987857,-0.00311054,0.00171644,-0.155323,0.987857,-0.00311054,0.00171644,-0.155323,0.979634,0.0181644,-0.139454,0.143315,0.795316,-0.145292,-0.122916,-0.575548,0.713866,0.0161942,0.114986,-0.690588,0.77587,0,0,0.630893,0.855792,0,0,0.517321,0.976608,0.0436184,-0.101292,-0.184591,0.804972,0.228944,-0.0682179,-0.543094,0.764894,0,0,-0.644156,0.851578,0,0,-0.524229,0.578549,0.0197373,0.00385999,0.8154,0.815833,0.182207,0.244452,0.491386,0.445091,0.126797,0.0740529,-0.0754525,0.126255,-0.158589,0.496295,0.311864,0.0803643,0.0887862,0.246585,-0.104083,0.419936,0.593169,0.121419,0.229284,0.528586,-0.0139346,0.252435,0.777606,0.102407,0.30812,0.923208,0.0913442,0.419332,1.06273,0.0534239,0.498355,0.977102,0.250245,0.293558,1.03079,-0.105201,0.537029,0.780019,0.269249,0.205939,0.829362,-0.139276,0.553327,1.22754,0.00640169,-0.051021,-0.0945993,-0.270658,-0.051021,-0.0945993,-0.270658,-0.0114553,0.341569,-0.0414356,0.451013,0.359327,-0.547458,0.516086,0.362243,0.594912,0,0,0.28748,0,0,-0.0222315,0.363329,-0.064482,-0.924901,0.236584,0.222748,-1.00452,0,0,-0.420305,0,0,0.621081,0.132855,-0.0442748,0.850691,-0.47716,-0.0347513,-0.685933,0.344544,0.772832,0.0523319,1,0.971117,0.0220515,0.210675,-0.109826,-0.00378571,0.426869,-0.226049,0.444215,0.0010269,0.165416,0.259412,0.213514,0.482192
0.988186,-0.00340631,0.00124444,-0.153214,0.988186,-0.00340631,0.00124444,-0.153214,0.980508,0.0157308,-0.135039,0.141849,0.792415,-0.138558,-0.11879,-0.582039,0.718354,0.0244366,0.1182,-0.685127,0.775083,0,0,0.631859,0.854346,0,0,0.519705,0.976953,0.0433842,-0.0931747,-0.187081,0.804086,0.227688,-0.0624954,-0.545617,0.764479,0,0,-0.644649,0.855544,0,0,-0.517731,0.573354,0.0182225,0.0016839,0.819104,0.833019,0.161853,0.239336,0.471807,0.448208,0.12595,0.0748222,-0.0685256,0.127711,-0.159642,0.501848,0.309881,0.0815849,0.0970431,0.247517,-0.103625,0.429546,0.591835,0.124354,0.239504,0.529578,-0.0112144,0.264873,0.778144,0.106672,0.321518,0.923479,0.0962591,0.433346,1.06297,0.0597734,0.507365,0.977643,0.256604,0.309963,1.03035,-0.103247,0.542585,0.780133,0.275739,0.225694,0.828836,-0.142419,0.567894,1.2278,0.0141825,-0.0177961,-0.0284435,0.128118,-0.0177961,-0.0284435,0.128118,-0.147293,0.269097,-0.0911121,0.424569,0.257736,-0.458649,0.545066,0.200115,0.441461,0,0,0.0747196,0,0,0.167269,-0.0144644,0.491514,-0.149309,-0.0759004,0.366268,-0.173438,0,0,-0.0386276,0,0,0.456758,-0.10352,-0.152432,0.384324,-1.36663,-0.422588,-1.4405,0.356138,0.772908,0.0562921,1,0.971696,0.0234132,0.205859,-0.113495,-0.00134195,0.417394,-0.232832,0.373119,0.0161472,0.127971,0.000478752,-0.292005,-0.233503
0.988532,-0.00328928,0.000523566,-0.150973,0.988532,-0.00328928,0.000523566,-0.150973,0.981743,0.011744,-0.127025,0.141096,0.789913,-0.13499,-0.113126,-0.587383,0.720631,0.0313104,0.120188,-0.682104,0.774438,0,0,0.63265,0.851588,0,0,0.524212,0.977425,0.0471156,-0.0856545,-0.187306,0.80563,0.228288,-0.0529938,-0.544093,0.762146,0,0,-0.647405,0.856143,0,0,-0.516739,0.566894,0.0179895,0.000246478,0.823594,0.870145,0.108802,0.211492,0.431602,0.45134,0.124993,0.0745498,-0.0617859,0.129196,-0.162392,0.507757,0.307519,0.0823021,0.108057,0.247407,-0.105751,0.439316,0.589204,0.126999,0.251099,0.528401,-0.0102209,0.276796,0.776387,0.109858,0.334189,0.92149,0.0994799,0.446468,1.06097,0.0640412,0.515741,0.976662,0.261177,0.32557,1.02738,-0.102605,0.547983,0.778819,0.280378,0.244657,0.825918,-0.145012,0.581232,1.22592,0.0193457,0.00707252,-0.0434272,0.136005,0.00707252,-0.0434272,0.136005,-0.241069,0.487195,-0.0489763,0.222165,0.358805,-0.379859,0.454297,0.124941,0.240157,0,0,0.061236,0,0,0.31705,0.225165,0.455536,-0.011801,0.0302463,0.612436,0.117693,0,0,-0.216641,0,0,0.0695075,-0.01297,-0.10103,0.472298,-3.46438,-1.94796,-2.9187,0.367561,0.771145,0.0587316,1,0.972402,0.0222737,0.200671,-0.116914,-0.00392433,0.406584,-0.240124,0.357717,-0.0527229,0.0955733,-0.144997,-0.298669,-0.187749
0.988723,-0.00326716,-2.8883e-05,-0.14972,0.988723,-0.00326716,-2.8883e-05,-0.14972,0.982765,0.00732051,-0.11947,0.140877,0.787225,-0.133523,-0.107773,-0.592312,0.722919,0.0372066,0.120706,-0.67929,0.77358,0,0,0.633699,0.849591,0,0,0.527442,0.977,0.0534843,-0.0780005,-0.191117,0.808566,0.227959,-0.0388843,-0.541058,0.759975,0,0,-0.649952,0.854357,0,0,-0.519687,0.560089,0.0192583,-0.000144917,0.828209,0.901634,0.0580334,0.181833,0.388104,0.45373,0.119526,0.0741717,-0.0516291,0.127095,-0.164758,0.51336,0.300414,0.0831337,0.122622,0.243546,-0.109107,0.449474,0.581993,0.129722,0.264938,0.523016,-0.0104383,0.289058,0.770319,0.112631,0.346549,0.915395,0.101965,0.458906,1.05501,0.0671303,0.523915,0.972625,0.265084,0.340788,1.01948,-0.102512,0.55381,0.774709,0.285009,0.263507,0.817492,-0.146484,0.593476,1.2202,0.0226549,0.00134525,-0.0332741,0.0760371,0.00134525,-0.0332741,0.0760371,-0.267189,0.458507,-0.0161853,0.0861661,0.338809,-0.356474,0.388739,0.0272909,0.226082,0,0,0.0813588,0,0,0.227831,0.385489,0.462051,-0.232059,-0.0368536,0.908761,0.232285,0,0,-0.200819,0,0,-0.206809,0.093342,-0.0276257,0.492249,-3.22535,-1.98661,-2.9976,0.379266,0.765233,0.0604895,1,0.973528,0.0196013,0.194808,-0.117933,-0.00842976,0.394044,-0.242787,0.367846,-0.182019,0.0831731,-0.210821,-0.335516,-0.0272217
0.988863,-0.00304922,-0.000147166,-0.148797,0.988863,-0.00304922,-0.000147166,-0.148797,0.98335,0.0032968,-0.114221,0.141302,0.78428,-0.132809,-0.1034,-0.597139,0.726568,0.0422516,0.120626,-0.675103,0.772657,0,0,0.634824,0.849672,0,0,0.527311,0.976213,0.0605259,-0.0688819,-0.196467,0.815137,0.224613,-0.0205303,-0.533554,0.75903,0,0,-0.651055,0.848095,0,0,-0.529844,0.554719,0.0205411,-0.00026069,0.831784,0.920783,0.0252488,0.160108,0.354805,0.455642,0.110073,0.0738696,-0.0368276,0.123015,-0.165837,0.518195,0.289456,0.0841978,0.141185,0.237512,-0.112607,0.458736,0.571335,0.13252,0.28092,0.51462,-0.0116101,0.300775,0.760969,0.114912,0.358277,0.906035,0.103854,0.470809,1.04572,0.0697419,0.531088,0.965616,0.269016,0.356487,1.00759,-0.103051,0.5587,0.767752,0.290314,0.282907,0.804462,-0.148199,0.605284,1.21109,0.0256878,0.0131342,-0.00712338,0.0560265,0.0131342,-0.00712338,0.0560265,-0.242859,0.318152,0.0239953,0.0368304,0.275418,-0.354183,0.330272,-0.0164142,0.33975,0,0,0.0873061,0,0,-0.00922316,0.426736,0.550247,-0.326627,-0.249225,1.18053,0.563458,0,0,-0.0871703,0,0,-0.715933,0.0939974,-0.00822802,0.38592,-2.04462,-1.41388,-2.21223,0.391054,0.75604,0.0619316,1,0.975109,0.0158863,0.18672,-0.118512,-0.0142768,0.37676,-0.244609,0.351517,-0.280511,0.0684472,-0.282859,-0.463977,0.0113002
0.989318,-0.0015442,0.000282508,-0.145764,0.989318,-0.0015442,0.000282508,-0.145764,0.983525,0.000227528,-0.110887,0.142766,0.781527,-0.131216,-0.0994892,-0.601747,0.732069,0.0463061,0.121946,-0.668625,0.772326,0,0,0.635226,0.852323,0,0,0.523016,0.977293,0.0656463,-0.056378,-0.193417,0.830595,0.216786,0.000510091,-0.512948,0.759334,0,0,-0.650701,0.831795,0,0,-0.555083,0.553439,0.0186391,-0.00195144,0.832679,0.930843,0.00529675,0.142423,0.336479,0.458512,0.0996022,0.0732461,-0.0180725,0.121845,-0.164502,0.522165,0.278384,0.085245,0.164054,0.233026,-0.115152,0.464388,0.560477,0.135044,0.298049,0.505439,-0.0136736,0.309329,0.750123,0.115879,0.3683,0.894652,0.104511,0.482186,1.03382,0.0724187,0.53521,0.955175,0.273197,0.373967,0.993602,-0.105054,0.559409,0.757088,0.295727,0.303618,0.789296,-0.153267,0.617651,1.19897,0.0308518,0.0906519,0.025874,0.184009,0.0906519,0.025874,0.184009,-0.185186,0.201549,0.0878409,0.0943995,0.246549,-0.338102,0.261764,0.0703886,0.521252,0,0,0.0312077,0,0,-0.302839,0.308236,0.757482,0.188758,-0.578645,1.34628,1.50253,0,0,0.0280273,0,0,-1.80271,-0.134084,-0.119897,0.0953005,-1.2309,-1.1205,-1.20149,0.402095,0.745349,0.0630363,1,0.976827,0.0111375,0.173583,-0.124716,-0.0229217,0.348937,-0.258016,0.256611,-0.325366,0.0290127,-0.442415,-0.748159,-0.310131
0.989248,-0.0009247,-0.000617033,-0.146241,0.989248,-0.0009247,-0.000617033,-0.146241,0.983783,-0.00373786,-0.108944,0.14244,0.778306,-0.130817,-0.0960198,-0.606553,0.735847,0.0510162,0.121415,-0.664217,0.772163,0,0,0.635425,0.853335,0,0,0.521364,0.975775,0.0673561,-0.0518434,-0.201588,0.846705,0.206228,0.0139805,-0.490271,0.761072,0,0,-0.648667,0.805749,0,0,-0.592258,0.549297,0.0205113,-0.00142559,0.835374,0.923206,0.0207049,0.156535,0.350369,0.459238,0.0804869,0.0728076,0.00510675,0.121321,-0.160046,0.52488,0.25814,0.0857558,0.190838,0.227381,-0.11571,0.470969,0.54157,0.136224,0.31824,0.492145,-0.0166324,0.318667,0.73373,0.116528,0.37796,0.878181,0.106028,0.492683,1.01707,0.0758313,0.540334,0.939076,0.277367,0.388551,0.976079,-0.104815,0.560951,0.740657,0.300167,0.32062,0.771203,-0.155225,0.629184,1.18178,0.0359149,0.0373019,-0.0541663,-0.028913,0.0373019,-0.0541663,-0.028913,-0.239219,0.11779,-0.0204568,0.0156831,0.217329,-0.358423,0.306064,-0.0466162,0.353999,0,0,0.0154543,0,0,-0.116242,0.105453,0.272547,-0.50027,-0.747848,0.852049,1.62379,0,0,0.160494,0,0,-2.72373,0.135304,0.0371096,0.29487,0.949761,0.892161,0.909975,0.413401,0.729481,0.0644399,1,0.977947,0.0119645,0.166965,-0.124898,-0.0193902,0.335832,-0.25734,0.280149,-0.491793,0.0194517,-0.00369225,-0.405619,-0.0153096
0.988872,-0.000231164,-0.00228612,-0.148753,0.988872,-0.000231164,-0.00228612,-0.148753,0.983256,-0.00514361,-0.109614,0.145483,0.776336,-0.129082,-0.0914459,-0.610146,0.740789,0.0563369,0.12265,-0.658039,0.770194,0,0,0.63781,0.854235,0,0,0.519887,0.973059,0.0687672,-0.0483172,-0.214691,0.862405,0.193227,0.0277964,-0.467064,0.762914,0,0,-0.646499,0.775291,0,0,-0.631604,0.542533,0.0268435,0.00176718,0.839603,0.90116,0.0527167,0.17016,0.395193,0.459825,0.0624526,0.0719733,0.0326227,0.121652,-0.15083,0.52761,0.238715,0.0854009,0.219979,0.224613,-0.114102,0.478212,0.523547,0.136707,0.339629,0.481123,-0.0197295,0.32817,0.718594,0.117466,0.386815,0.86331,0.107898,0.501908,1.00213,0.0792299,0.545043,0.924636,0.280736,0.401656,0.959963,-0.104755,0.563013,0.726383,0.302754,0.336883,0.754521,-0.157958,0.638777,1.16679,0.0409122,0.0417601,-0.100523,-0.152418,0.0417601,-0.100523,-0.152418,-0.0848588,-0.0415944,0.185147,0.106398,0.292355,-0.26211,0.343732,0.06627,0.488589,0,0,0.185582,0,0,-0.103788,0.089172,0.210621,-0.804481,-0.891001,0.864243,1.63371,0,0,0.17069,0,0,-2.98575,0.455261,0.22715,0.471649,1.99642,0.919708,2.94769,0.424573,0.715251,0.0659001,1,0.97904,0.013353,0.16337,-0.120878,-0.0141068,0.329025,-0.248031,0.28508,-0.454095,0.0281466,0.0940188,-0.235163,0.227562
0.98855,3.01565e-05,-0.00384992,-0.150845,0.98855,3.01565e-05,-0.00384992,-0.150845,0.982305,-0.00426095,-0.113224,0.149128,0.7745,-0.127685,-0.0868416,-0.613437,0.74622,0.0614801,0.125366,-0.650891,0.769018,0,0,0.639227,0.8559,0,0,0.517141,0.970737,0.0692566,-0.0424496,-0.22599,0.879185,0.179046,0.0433988,-0.439424,0.763882,0,0,-0.645356,0.74146,0,0,-0.670997,0.536686,0.0305188,0.00316425,0.843224,0.86369,0.0856446,0.16776,0.467505,0.460629,0.0498023,0.0710796,0.0655631,0.125219,-0.139373,0.53041,0.224796,0.0846475,0.251821,0.227806,-0.111926,0.485062,0.510525,0.136825,0.361622,0.475726,-0.0230279,0.337092,0.70776,0.1184,0.39504,0.852748,0.109556,0.510303,0.99161,0.0821807,0.549151,0.915116,0.283757,0.414292,0.94762,-0.105321,0.564835,0.716935,0.305433,0.353121,0.741392,-0.161452,0.647205,1.15646,0.0454733,0.0157379,-0.0942027,-0.126966,0.0157379,-0.0942027,-0.126966,0.053175,-0.219999,0.222782,0.0850058,0.295034,-0.240915,0.330052,0.161759,0.558286,0,0,0.110435,0,0,-0.192643,0.0329188,0.353234,-0.694839,-0.959042,0.965383,1.90299,0,0,0.0898826,0,0,-3.11595,0.267235,0.100083,0.407569,2.11417,-0.0104247,4.87356,0.435608,0.70573,0.0671625,1,0.980209,0.0140329,0.159035,-0.117056,-0.0102437,0.32052,-0.23937,0.267671,-0.325013,0.0280104,0.0450215,-0.274119,0.222848
0.988535,-0.000379606,-0.00456938,-0.150923,0.988535,-0.000379606,-0.00456938,-0.150923,0.98091,-0.0017488,-0.120599,0.15254,0.772803,-0.126658,-0.0833916,-0.616262,0.752024,0.0674898,0.127854,-0.643085,0.770229,0,0,0.637768,0.857529,0,0,0.514435,0.969964,0.0684605,-0.032091,-0.231199,0.89757,0.162578,0.0630334,-0.404925,0.763775,0,0,-0.645482,0.706276,0,0,-0.707937,0.533944,0.030877,0.00278317,0.844951,0.816187,0.108037,0.149002,0.547691,0.461982,0.0484713,0.070097,0.10355,0.137358,-0.127308,0.53326,0.222627,0.0837466,0.286075,0.241975,-0.110082,0.490586,0.508584,0.136694,0.383534,0.481662,-0.0268058,0.344806,0.706726,0.118732,0.402688,0.851765,0.110327,0.518198,0.990678,0.0843025,0.552353,0.91584,0.286466,0.427585,0.944024,-0.107021,0.565963,0.717301,0.309108,0.371196,0.736687,-0.165677,0.65497,1.15589,0.0494472,-0.0246801,-0.0433343,-0.00475569,-0.0246801,-0.0433343,-0.00475569,0.151575,-0.448564,0.210279,0.0615326,0.220685,-0.208864,0.384859,0.144898,0.60496,0,0,-0.113738,0,0,-0.189518,-0.0471519,0.627139,-0.319283,-1.09538,1.20253,2.32079,0,0,-0.00990815,0,0,-3.06121,0.0281564,-0.0269816,0.193962,1.52541,-1.0178,5.63701,0.446427,0.706335,0.067895,1,0.981622,0.0132464,0.150569,-0.116499,-0.00951062,0.30332,-0.237708,0.231422,-0.031029,0.00998761,-0.101584,-0.506337,0.0431051
0.988941,-0.00143125,-0.00384092,-0.148254,0.988941,-0.00143125,-0.00384092,-0.148254,0.978622,0.00134612,-0.133061,0.15682,0.772384,-0.124385,-0.0823922,-0.617384,0.758589,0.0772433,0.126963,-0.634395,0.774363,0,0,0.632742,0.856675,0,0,0.515856,0.97117,0.0662553,-0.0162792,-0.228418,0.916939,0.14034,0.0897142,-0.3626,0.763167,0,0,-0.646201,0.672876,0,0,-0.739755,0.535014,0.0337255,0.00513432,0.844154,0.777603,0.113723,0.130256,0.604511,0.464114,0.0495539,0.0686666,0.144514,0.148639,-0.115749,0.53598,0.223534,0.0827181,0.321984,0.25733,-0.108907,0.493935,0.50925,0.136172,0.404549,0.490321,-0.031687,0.3508,0.706864,0.117565,0.409683,0.851584,0.109441,0.525797,0.990425,0.0852724,0.554261,0.917614,0.288483,0.442796,0.94014,-0.110321,0.566306,0.718213,0.313715,0.394106,0.731449,-0.170226,0.662275,1.15619,0.0528589,-0.0633293,0.0439069,0.161977,-0.0633293,0.0439069,0.161977,0.186948,-0.75866,0.265767,0.146512,0.0641234,-0.079189,0.626461,-0.0788422,0.67191,0,0,-0.390483,0,0,0.0994512,-0.135288,0.958728,0.174173,-1.44049,1.62035,2.78148,0,0,-0.0565129,0,0,-2.76802,0.202563,0.167933,-0.0845468,0.467882,-1.07993,4.18836,0.456864,0.708208,0.0676706,1,0.983389,0.0107463,0.134937,-0.120922,-0.0119348,0.271306,-0.24633,0.179817,0.00415421,-0.0350127,-0.297894,-0.915716,-0.238019
0.988466,-0.00129664,-0.00702024,-0.151272,0.988466,-0.00129664,-0.00702024,-0.151272,0.976168,0.00670118,-0.14706,0.15945,0.772278,-0.125349,-0.0789263,-0.617774,0.76686,0.0831671,0.130441,-0.622892,0.777241,0,0,0.629202,0.858044,0,0,0.513576,0.96634,0.0659454,-0.0202774,-0.247845,0.930023,0.120886,0.0933949,-0.334248,0.763916,0,0,-0.645316,0.655613,0,0,-0.755097,0.526099,0.0374361,0.00564192,0.84958,0.753877,0.114209,0.120248,0.63574,0.462794,0.0499257,0.0681976,0.189195,0.152791,-0.105315,0.537928,0.22184,0.0815483,0.358933,0.270203,-0.106459,0.502311,0.50871,0.135067,0.425941,0.502473,-0.0341363,0.360632,0.710312,0.118087,0.417551,0.855802,0.111202,0.5326,0.995561,0.0878668,0.560801,0.922152,0.290368,0.453182,0.943613,-0.11079,0.572589,0.72182,0.314226,0.411156,0.734296,-0.174731,0.667923,1.16241,0.0568494,0.0080945,-0.191533,-0.183172,0.0080945,-0.191533,-0.183172,0.323948,-0.85335,0.166898,-0.0630056,0.225126,-0.0269228,0.370281,0.200836,0.877756,0,0,-0.273719,0,0,-0.159535,-0.0122398,-0.244234,-1.20147,-1.23431,0.201152,1.84289,0,0,0.0695511,0,0,-1.38571,0.275397,0.0378169,0.6198,0.0976794,-0.579707,2.3944,0.468167,0.71295,0.0686169,1,0.983656,0.0151289,0.139959,-0.112266,-0.00173059,0.282482,-0.227524,0.29495,0.10344,0.0156348,0.364943,0.256804,0.480462
0.988277,-0.000710647,-0.00826808,-0.152446,0.988277,-0.000710647,-0.00826808,-0.152446,0.973593,0.0118939,-0.161409,0.161006,0.769905,-0.122057,-0.0775725,-0.621555,0.773125,0.0923597,0.13197,-0.613458,0.781616,0,0,0.623759,0.857954,0,0,0.513727,0.964103,0.0668324,-0.019146,-0.256267,0.943155,0.101113,0.101761,-0.299799,0.763693,0,0,-0.645579,0.642838,0,0,-0.766002,0.519442,0.0369466,0.00361932,0.853699,0.738742,0.112792,0.113178,0.654774,0.463864,0.0493988,0.0679568,0.234725,0.152136,-0.0986039,0.540869,0.219924,0.0812856,0.395549,0.279419,-0.105204,0.50864,0.507135,0.134655,0.445447,0.511801,-0.0364782,0.368336,0.710449,0.117423,0.424677,0.856157,0.111073,0.539689,0.996084,0.0888443,0.564435,0.923419,0.291233,0.464948,0.942611,-0.113286,0.573091,0.721918,0.316114,0.428994,0.733026,-0.179913,0.674994,1.1632,0.0596821,0.0352924,-0.0751908,-0.0713249,0.0352924,-0.0751908,-0.0713249,0.314686,-0.876326,0.102553,0.206959,0.0835443,-0.281651,0.584795,0.079534,0.70799,0,0,-0.418999,0,0,0.0105267,0.0568969,0.0677741,-0.522888,-1.24284,0.485853,2.19947,0,0,-0.0206821,0,0,-1.00784,-0.0275141,-0.144352,0.471022,-0.0504112,-0.420284,1.49219,0.478785,0.7143,0.068656,1,0.98432,0.0156001,0.137456,-0.109441,0.000649115,0.277567,-0.221369,0.231109,0.0040888,-0.0199181,0.0340711,-0.159027,0.164943
0.988145,-0.000319615,-0.0088678,-0.153268,0.988145,-0.000319615,-0.0088678,-0.153268,0.970994,0.0174628,-0.175034,0.161952,0.767449,-0.117074,-0.0763217,-0.625692,0.77899,0.102682,0.134589,-0.603752,0.787167,0,0,0.616739,0.859284,0,0,0.511498,0.962276,0.06871,-0.0170097,-0.262705,0.953765,0.0814896,0.109952,-0.267587,0.763383,0,0,-0.645946,0.638715,0,0,-0.769444,0.51416,0.0350776,0.000939367,0.856976,0.725591,0.112739,0.108972,0.670024,0.46513,0.0489122,0.0678464,0.280971,0.147453,-0.0947788,0.543831,0.218171,0.0816591,0.430915,0.28569,-0.10437,0.514433,0.505612,0.13477,0.463435,0.520178,-0.0381117,0.375683,0.710256,0.116289,0.431769,0.856056,0.110285,0.547002,0.995954,0.0892366,0.567296,0.92454,0.291478,0.477734,0.940753,-0.116785,0.571966,0.721683,0.318037,0.447372,0.730791,-0.186098,0.682619,1.16309,0.0620829,0.0235532,-0.0361486,-0.049896,0.0235532,-0.0361486,-0.049896,0.338034,-0.834109,0.065848,0.317256,0.0768276,-0.306573,0.656343,0.151133,0.716436,0,0,-0.536978,0,0,-0.155748,0.116611,0.129092,-0.400803,-1.21825,0.476661,2.02936,0,0,-0.0287865,0,0,-0.322242,-0.128709,-0.192651,0.376389,0.0338638,-0.240878,1.22577,0.489162,0.714959,0.0683914,1,0.98527,0.0148883,0.131775,-0.107971,0.000914342,0.266009,-0.218176,0.220431,-0.00576487,-0.0340214,-0.0681108,-0.340068,0.0936286
0.987981,-5.99491e-05,-0.00933552,-0.154295,0.987981,-5.99491e-05,-0.00933552,-0.154295,0.968529,0.0223878,-0.187244,0.162451,0.765308,-0.111967,-0.0745835,-0.629447,0.785061,0.11307,0.138412,-0.593074,0.792323,0,0,0.610102,0.862174,0,0,0.506613,0.959854,0.0718906,-0.0159078,-0.270665,0.96199,0.0624593,0.115731,-0.239333,0.763106,0,0,-0.646274,0.64422,0,0,-0.76484,0.509477,0.0334362,-0.00141104,0.859833,0.712289,0.113835,0.106275,0.684391,0.465624,0.0488667,0.067739,0.330157,0.139261,-0.0934254,0.546403,0.216669,0.0824234,0.466484,0.289479,-0.103748,0.520388,0.504374,0.135272,0.480676,0.528363,-0.0388557,0.383408,0.710659,0.115018,0.439106,0.856593,0.109323,0.554483,0.996502,0.0894181,0.570342,0.926421,0.291322,0.491168,0.939414,-0.120621,0.571189,0.722363,0.31928,0.46633,0.728932,-0.19289,0.690384,1.16365,0.0641195,0.0156416,-0.0282055,-0.0623948,0.0156416,-0.0282055,-0.0623948,0.299522,-0.749179,0.0384912,0.32678,0.109316,-0.277474,0.657155,0.227743,0.779095,0,0,-0.50423,0,0,-0.340555,0.196869,0.0661642,-0.497273,-1.17038,0.33251,1.7626,0,0,-0.0257923,0,0,0.430627,-0.113461,-0.169688,0.331866,0.111042,-0.142487,1.18256,0.499696,0.715851,0.0680414,1,0.986321,0.013923,0.125471,-0.105994,0.000895383,0.253156,-0.213992,0.231743,0.0120899,-0.0381126,-0.0832141,-0.376524,0.125686
0.987845,0.000844166,-0.00941605,-0.155152,0.987845,0.000844166,-0.00941605,-0.155152,0.966416,0.0240843,-0.197726,0.16237,0.762046,-0.107296,-0.0731882,-0.634363,0.791026,0.123548,0.140635,-0.582439,0.79432,0,0,0.607499,0.864067,0,0,0.503377,0.957285,0.0772263,-0.015787,-0.278193,0.969438,0.0443014,0.119368,-0.209711,0.762211,0,0,-0.647329,0.656998,0,0,-0.753892,0.504725,0.0324124,-0.00333372,0.862665,0.701884,0.112467,0.102556,0.69584,0.465682,0.0491199,0.0674091,0.385939,0.128997,-0.0940979,0.548843,0.215233,0.0833361,0.505096,0.292196,-0.103422,0.526456,0.502915,0.136061,0.497804,0.536579,-0.0389007,0.391199,0.710705,0.113562,0.446541,0.856753,0.107907,0.562068,0.996655,0.0890848,0.573337,0.928033,0.290717,0.504792,0.937815,-0.124472,0.570527,0.723607,0.319635,0.486001,0.726942,-0.198905,0.698316,1.16371,0.0651722,0.0544676,-0.00487694,-0.0520617,0.0544676,-0.00487694,-0.0520617,0.103916,-0.644211,0.00209026,0.29593,0.0851185,-0.371011,0.660365,0.123766,0.771262,0,0,-0.196889,0,0,-0.224941,0.328597,0.00650852,-0.472587,-1.11028,0.202769,1.8323,0,0,-0.0830308,0,0,1.00958,-0.0691424,-0.139418,0.333275,-0.0608513,-0.219857,0.947926,0.510608,0.716417,0.067462,1,0.987294,0.0118278,0.119305,-0.104288,-0.00157445,0.240353,-0.21067,0.233729,0.00135447,-0.0436898,-0.15118,-0.360318,0.117734
0.987624,-0.000470608,-0.00967459,-0.156538,0.987624,-0.000470608,-0.00967459,-0.156538,0.965723,0.0254142,-0.201497,0.161657,0.758293,-0.103528,-0.0713085,-0.639678,0.79427,0.137651,0.142338,-0.574393,0.797117,0,0,0.603824,0.864147,0,0,0.50324,0.955424,0.0790863,-0.0180124,-0.283876,0.974637,0.0263156,0.119325,-0.187487,0.760804,0,0,-0.648982,0.678972,0,0,-0.734164,0.499795,0.0270193,-0.00824703,0.865683,0.686576,0.109598,0.097123,0.712158,0.467787,0.0485472,0.0676575,0.443356,0.116311,-0.0977583,0.552913,0.213093,0.0848766,0.542728,0.290984,-0.103752,0.533229,0.500532,0.136998,0.513594,0.542298,-0.0383532,0.399408,0.709787,0.112077,0.454668,0.855853,0.107073,0.570595,0.995493,0.0891594,0.577459,0.928882,0.290631,0.518285,0.935171,-0.127816,0.570088,0.724038,0.320888,0.504452,0.724299,-0.203393,0.707615,1.16207,0.0661424,-0.0792097,-0.0156184,-0.0841941,-0.0792097,-0.0156184,-0.0841941,0.0810662,-0.231672,-0.0409531,0.236404,0.116115,-0.405791,0.899906,0.0989487,0.563814,0,0,-0.277102,0,0,-0.00948062,0.116265,-0.136156,-0.356845,-1.09308,-0.0153383,1.36719,0,0,-0.130254,0,0,1.77192,-0.386272,-0.357021,0.353208,-0.147839,-0.324052,1.37381,0.522001,0.715581,0.0671617,1,0.988202,0.0128461,0.112492,-0.103142,0.00224118,0.226923,-0.207738,0.246266,-0.0275176,-0.0445334,0.0252569,-0.417243,0.0614675
0.987361,-0.00177453,-0.0098953,-0.158165,0.987361,-0.00177453,-0.0098953,-0.158165,0.965795,0.0245944,-0.2028,0.15971,0.753368,-0.0986725,-0.069618,-0.646416,0.796838,0.151332,0.144567,-0.566788,0.799335,0,0,0.600886,0.866091,0,0,0.499887,0.95337,0.0798965,-0.0202544,-0.290331,0.978007,0.0102727,0.118569,-0.171281,0.759297,0,0,-0.650744,0.706667,0,0,-0.707546,0.495655,0.0190455,-0.0145543,0.868188,0.676927,0.101003,0.088484,0.723698,0.469862,0.0480511,0.0681358,0.501805,0.103876,-0.103148,0.557098,0.210984,0.0865016,0.580034,0.288192,-0.104799,0.540376,0.498177,0.137758,0.528535,0.546677,-0.0377286,0.408157,0.709066,0.110415,0.463285,0.855163,0.106197,0.57964,0.994518,0.0893522,0.581547,0.930126,0.290464,0.532323,0.933041,-0.130964,0.568854,0.725146,0.321927,0.522336,0.72195,-0.208009,0.717724,1.16041,0.0671209,-0.0785691,-0.0133503,-0.0988658,-0.0785691,-0.0133503,-0.0988658,-0.0497987,-0.0788004,-0.118418,0.305359,0.102035,-0.518764,0.872966,0.1349,0.525023,0,0,-0.220842,0,0,-0.232576,0.0527512,-0.137417,-0.405544,-0.971498,-0.0538554,0.99239,0,0,-0.13906,0,0,2.3049,-0.576067,-0.459553,0.295742,-0.551646,-0.557829,0.959422,0.533624,0.714684,0.0667736,1,0.989113,0.0142347,0.105434,-0.101672,0.00687556,0.213076,-0.204128,0.262472,-0.021633,-0.0498784,0.0478737,-0.434366,0.0779581
0.987324,-0.00198439,-0.0102996,-0.158368,0.987324,-0.00198439,-0.0102996,-0.158368,0.965917,0.024004,-0.202187,0.15984,0.749987,-0.0939421,-0.0686944,-0.651134,0.801252,0.162724,0.147756,-0.556493,0.801926,0,0,0.597424,0.868348,0,0,0.495956,0.95112,0.0812251,-0.0231494,-0.297049,0.98011,-0.00233983,0.116233,-0.160836,0.758331,0,0,-0.651869,0.738876,0,0,-0.673841,0.492721,0.0135656,-0.0188548,0.869877,0.675909,0.0903763,0.0795532,0.727083,0.47243,0.0480495,0.0687275,0.560112,0.0924407,-0.109954,0.561624,0.209549,0.0879818,0.616352,0.284451,-0.106494,0.547866,0.496708,0.138181,0.542157,0.550035,-0.0370881,0.417191,0.709226,0.10842,0.471948,0.855472,0.104783,0.588139,0.995096,0.0891462,0.586168,0.931963,0.289653,0.546832,0.932487,-0.134448,0.570191,0.726624,0.321678,0.543007,0.721412,-0.213753,0.726061,1.16129,0.0682021,-0.0126465,-0.0243695,-0.0123585,-0.0126465,-0.0243695,-0.0123585,-0.0358939,0.0376954,0.00750106,0.301882,0.0547335,-0.363334,0.716968,0.189978,0.721436,0,0,-0.25946,0,0,-0.27196,0.0847793,-0.177532,-0.423371,-0.762251,-0.146198,0.638242,0,0,-0.0889799,0,0,2.79746,-0.397065,-0.314365,0.204021,-0.714165,-0.600071,0.247906,0.545127,0.714635,0.0659922,1,0.989825,0.014659,0.100044,-0.100113,0.00917567,0.202365,-0.200667,0.27102,0.0047911,-0.0598471,0.00154848,-0.328345,0.089603
0.987496,-0.00143031,-0.0107804,-0.157271,0.987496,-0.00143031,-0.0107804,-0.157271,0.966028,0.0234471,-0.200269,0.161656,0.747719,-0.0893593,-0.0688123,-0.654367,0.806847,0.172541,0.150472,-0.544596,0.804633,0,0,0.593773,0.870036,0,0,0.492988,0.948959,0.0826231,-0.0265949,-0.30322,0.981348,-0.0130176,0.112607,-0.155265,0.757419,0,0,-0.652929,0.774178,0,0,-0.632968,0.491226,0.0105535,-0.021139,0.870712,0.683004,0.0789534,0.0708675,0.722669,0.475138,0.0486848,0.069091,0.618495,0.082542,-0.117757,0.566295,0.208863,0.0890401,0.651879,0.280172,-0.108743,0.555536,0.495995,0.138073,0.554537,0.55237,-0.0366522,0.426385,0.710095,0.105984,0.48073,0.856536,0.102852,0.596357,0.996814,0.0885698,0.591387,0.934076,0.288377,0.561673,0.933326,-0.137978,0.573718,0.728192,0.320548,0.565857,0.722658,-0.219551,0.733177,1.16404,0.0692925,0.0333914,-0.0289308,0.0666729,0.0333914,-0.0289308,0.0666729,-0.0338475,0.116903,0.109871,0.295432,-0.0115972,-0.248715,0.608631,0.154889,0.837068,0,0,-0.272701,0,0,-0.204877,0.0889948,-0.211362,-0.390087,-0.644621,-0.221822,0.340403,0,0,-0.0838737,0,0,3.24085,-0.218723,-0.16726,0.102242,-0.785373,-0.599214,-0.433321,0.556552,0.715259,0.0648157,1,0.990335,0.0147223,0.0959773,-0.0990356,0.0103444,0.194234,-0.198334,0.275816,0.0260795,-0.0730662,-0.0146468,-0.245891,0.0630863
0.98757,-0.00186061,-0.0109004,-0.156791,0.98757,-0.00186061,-0.0109004,-0.156791,0.966729,0.0201417,-0.197714,0.161051,0.742836,-0.0837344,-0.0699306,-0.660525,0.809895,0.184104,0.149437,-0.536511,0.806014,0,0,0.591897,0.87093,0,0,0.491407,0.947495,0.0816193,-0.0297469,-0.307744,0.981824,-0.0262425,0.109135,-0.153042,0.754933,0,0,-0.655802,0.810998,0,0,-0.585049,0.491118,0.00485961,-0.0247972,0.870726,0.694043,0.0654872,0.0605613,0.714386,0.47671,0.0499007,0.068461,0.678385,0.0748364,-0.125571,0.570443,0.208463,0.089219,0.687635,0.275586,-0.111141,0.563065,0.494917,0.137151,0.566276,0.553323,-0.0367219,0.435744,0.710666,0.103045,0.490206,0.857095,0.100955,0.605902,0.997486,0.0882527,0.596844,0.935758,0.287436,0.576579,0.933788,-0.140465,0.575289,0.729954,0.320057,0.58618,0.723277,-0.222619,0.742859,1.16479,0.0702642,-0.0259234,-0.00721575,0.0291694,-0.0259234,-0.00721575,0.0291694,-0.200891,0.157866,-0.0390587,0.358921,-0.0818631,-0.484235,0.729058,-0.0771819,0.557403,0,0,-0.139777,0,0,-0.108945,-0.0587862,-0.193313,-0.285526,-0.798208,-0.210687,0.135686,0,0,-0.22803,0,0,3.62642,-0.414676,-0.266516,0.00405601,-0.924829,-0.710826,-0.763821,0.568316,0.715294,0.0635604,1,0.990773,0.0169727,0.0906205,-0.099346,0.0158956,0.183977,-0.198408,0.280782,0.0171188,-0.0881659,0.0997166,-0.333918,-0.0335322
0.987628,-7.55897e-05,-0.011204,-0.156415,0.987628,-7.55897e-05,-0.011204,-0.156415,0.967641,0.0153933,-0.192303,0.162644,0.739802,-0.081622,-0.07194,-0.663969,0.813495,0.189249,0.151895,-0.528524,0.808398,0,0,0.588636,0.873768,0,0,0.486343,0.945798,0.0822473,-0.0288865,-0.312837,0.980662,-0.0365477,0.111069,-0.156937,0.752728,0,0,-0.658331,0.848004,0,0,-0.52999,0.488316,0.00403016,-0.0259428,0.872272,0.702771,0.0667935,0.0627969,0.705484,0.480241,0.050504,0.0685909,0.736613,0.067585,-0.135254,0.576091,0.20756,0.0892473,0.721574,0.268238,-0.115439,0.571678,0.493482,0.135564,0.57728,0.550543,-0.0381452,0.445864,0.71011,0.0992127,0.500014,0.856666,0.0971799,0.615525,0.997352,0.0860024,0.602521,0.936489,0.285219,0.592459,0.933118,-0.144554,0.578463,0.730502,0.318863,0.607085,0.722684,-0.228167,0.752065,1.1651,0.0694304,0.107547,-0.0182797,0.0228255,0.107547,-0.0182797,0.0228255,-0.2884,0.331951,0.0936105,0.132686,-0.137545,-0.276689,0.313907,0.144808,0.556652,0,0,-0.242407,0,0,-0.348301,0.0412739,0.0515243,-0.322137,-0.622951,0.119338,-0.238841,0,0,-0.201289,0,0,3.98108,-0.0600512,-0.0857669,0.190756,0.0723611,0.135512,-0.756147,0.580328,0.714136,0.060909,1,0.991411,0.0146033,0.0849032,-0.0983969,0.0124313,0.17207,-0.196779,0.303586,-0.0166604,-0.114981,-0.170422,-0.330195,0.0672848
0.987747,0.00128476,-0.0113596,-0.155644,0.987747,0.00128476,-0.0113596,-0.155644,0.968869,0.0111898,-0.18573,0.163316,0.73626,-0.0793907,-0.0725327,-0.668099,0.816382,0.194756,0.153151,-0.521666,0.80989,0,0,0.586582,0.876379,0,0,0.481622,0.944012,0.0827219,-0.0284691,-0.318099,0.97928,-0.0415815,0.109596,-0.165138,0.748574,0,0,-0.663052,0.882285,0,0,-0.470716,0.487505,-0.00237642,-0.0301077,0.872598,0.713907,0.0613449,0.0593127,0.695022,0.48162,0.051911,0.067716,0.79237,0.0629729,-0.144698,0.580638,0.206862,0.0887224,0.75434,0.260772,-0.11884,0.580141,0.491462,0.133394,0.588419,0.546055,-0.0391157,0.456177,0.709134,0.0944242,0.510053,0.855815,0.0926836,0.625273,0.996899,0.0832915,0.60777,0.936991,0.282144,0.608751,0.932175,-0.148747,0.581164,0.730972,0.316067,0.628384,0.721728,-0.23312,0.76135,1.16517,0.068523,0.0819562,-0.00934307,0.0468002,0.0819562,-0.00934307,0.0468002,-0.255243,0.403328,0.0366651,0.139814,-0.0454331,-0.331019,0.33949,0.0701099,0.474362,0,0,-0.152258,0,0,-0.323697,0.032091,0.0244415,-0.333437,-0.305157,-0.0858581,-0.499921,0,0,-0.377303,0,0,4.10923,-0.467254,-0.304502,0.0464265,-0.381292,-0.249578,-0.897472,0.592192,0.712614,0.0578763,1,0.992098,0.0128434,0.0776263,-0.0977306,0.0104399,0.157183,-0.195562,0.309386,-0.0292797,-0.143655,-0.144856,-0.426553,0.0462781
0.987922,0.00176953,-0.0113774,-0.154521,0.987922,0.00176953,-0.0113774,-0.154521,0.970128,0.00862358,-0.180574,0.161774,0.732524,-0.0768022,-0.0734158,-0.672399,0.816031,0.208009,0.148993,-0.518292,0.81232,0,0,0.583212,0.876006,0,0,0.482299,0.942227,0.080323,-0.029057,-0.323902,0.977055,-0.0428385,0.106474,-0.179422,0.744129,0,0,-0.668036,0.913318,0,0,-0.407247,0.486191,-0.008733,-0.0343013,0.873135,0.727638,0.0507081,0.0512063,0.682165,0.483053,0.0532996,0.0669038,0.843853,0.0600535,-0.154044,0.585335,0.205939,0.0882965,0.784631,0.252805,-0.122065,0.588917,0.489115,0.130831,0.599589,0.540194,-0.0402868,0.467163,0.708193,0.0889078,0.520727,0.855026,0.0881026,0.635467,0.996675,0.0810109,0.613141,0.937483,0.279274,0.625479,0.93199,-0.152318,0.583822,0.731205,0.31327,0.650232,0.721554,-0.2351,0.771142,1.16555,0.0687914,0.029199,-0.00103765,0.0682279,0.029199,-0.00103765,0.0682279,-0.155816,0.317316,-0.0976709,0.163384,-0.0650838,-0.346415,0.849457,-0.264736,0.211572,0,0,-0.249338,0,0,0.0463545,-0.143679,-0.0370362,-0.36692,-0.077887,-0.183764,-0.871119,0,0,-0.400675,0,0,4.23986,-0.46408,-0.307366,0.0760168,-0.724724,-0.556699,-1.09279,0.60419,0.711037,0.0549762,1,0.992832,0.0132021,0.0685534,-0.0970067,0.0130411,0.139134,-0.193887,0.329591,-0.0282291,-0.165494,-0.0290455,-0.546165,0.0387373
0.988094,0.00177525,-0.0111323,-0.153436,0.988094,0.00177525,-0.0111323,-0.153436,0.971384,0.00621871,-0.176177,0.159175,0.729209,-0.0747038,-0.0752637,-0.676025,0.814976,0.220479,0.144438,-0.516082,0.815896,0,0,0.578199,0.874842,0,0,0.484408,0.940396,0.0758484,-0.0290979,-0.330235,0.974086,-0.0356257,0.101561,-0.198929,0.740163,0,0,-0.672428,0.939601,0,0,-0.342271,0.484201,-0.0146498,-0.0382851,0.873996,0.736735,0.0377417,0.0399781,0.673943,0.485394,0.0543533,0.0662018,0.889945,0.0588546,-0.162867,0.590605,0.204762,0.0879102,0.811793,0.244425,-0.125016,0.598009,0.486695,0.127883,0.610811,0.533166,-0.0415608,0.47874,0.707252,0.0826771,0.531873,0.854271,0.0830672,0.645999,0.996561,0.078559,0.618645,0.938024,0.276335,0.642812,0.931917,-0.155668,0.586646,0.731276,0.31078,0.672535,0.72158,-0.236212,0.781298,1.16604,0.0691695,0.000338412,0.014806,0.0659109,0.000338412,0.014806,0.0659109,-0.145906,0.270971,-0.161601,0.132252,-0.128241,-0.295766,0.803147,-0.287852,0.128607,0,0,-0.369431,0,0,0.144548,-0.270858,-0.00362075,-0.400158,0.433952,-0.290932,-1.1915,0,0,-0.355059,0,0,4.20629,-0.432816,-0.293232,0.1187,-0.865966,-0.751553,-0.697902,0.616252,0.70937,0.0519231,1,0.993634,0.014162,0.0573999,-0.0958978,0.0172535,0.117052,-0.191418,0.347307,-0.0282385,-0.186919,-0.00381497,-0.674187,0.0579384
0.988148,0.00254888,-0.010362,-0.15313,0.988148,0.00254888,-0.010362,-0.15313,0.972752,-8.08199e-05,-0.168622,0.159122,0.727248,-0.075034,-0.0777147,-0.677821,0.821398,0.207789,0.153877,-0.508381,0.819231,0,0,0.573463,0.880032,0,0,0.474914,0.93839,0.0736328,-0.0249172,-0.336722,0.971012,-0.00902804,0.0927827,-0.220104,0.736515,0,0,-0.676421,0.959572,0,0,-0.281463,0.483602,-0.0250006,-0.0445808,0.873795,0.726913,0.0266211,0.0275527,0.68566,0.488447,0.0608064,0.0646498,0.931138,0.0659767,-0.16843,0.596258,0.209249,0.0868162,0.836536,0.241756,-0.126007,0.607015,0.489986,0.124403,0.622326,0.53057,-0.0420769,0.490258,0.711298,0.0755308,0.542796,0.858538,0.0761976,0.656375,1.00133,0.0738433,0.623807,0.944071,0.271701,0.661049,0.935301,-0.160345,0.589762,0.737028,0.307663,0.695674,0.725218,-0.243334,0.79117,1.17131,0.0662611,0.0466007,0.0464145,0.0185615,0.0466007,0.0464145,0.0185615,-0.381617,0.46243,-0.00771238,-0.0255403,-0.165814,-0.152259,-0.843201,0.581036,0.568901,0,0,-0.347567,0,0,-0.649252,-0.132538,0.254898,-0.411321,1.60922,-0.525465,-1.29541,0,0,-0.324514,0,0,3.84088,-0.756666,-0.460799,0.00214879,-0.726166,-0.811909,0.941545,0.628094,0.712781,0.0477092,1,0.994536,0.0111663,0.0438326,-0.0940896,0.0140186,0.0894066,-0.188025,0.34556,0.121382,-0.21439,-0.251207,-0.796287,0.111785
0.989027,0.00104025,-0.00900607,-0.147454,0.989027,0.00104025,-0.00900607,-0.147454,0.9736,-0.00403239,-0.164467,0.158231,0.724208,-0.0735781,-0.0791525,-0.68106,0.822609,0.21488,0.152629,-0.50383,0.8203,0,0,0.571933,0.88263,0,0,0.470069,0.940992,0.0637244,-0.0215179,-0.331678,0.968337,0.0255872,0.0825706,-0.234203,0.728899,0,0,-0.684622,0.972467,0,0,-0.23304,0.482235,-0.0319237,-0.048871,0.874095,0.713362,0.000103265,0.000233072,0.700796,0.493167,0.0732089,0.0644438,0.964614,0.077701,-0.170973,0.603565,0.219558,0.0870213,0.857766,0.244604,-0.127132,0.616109,0.497774,0.120609,0.634156,0.53305,-0.0444928,0.502217,0.718977,0.0668828,0.555584,0.866047,0.0692629,0.668311,1.00972,0.070331,0.62911,0.953432,0.267245,0.683038,0.942985,-0.163932,0.594097,0.746297,0.303374,0.724355,0.732683,-0.245129,0.801494,1.18112,0.0660348,-0.0908956,0.0818388,0.344512,-0.0908956,0.0818388,0.344512,-0.239201,0.254441,-0.0566441,0.0906229,-0.101169,-0.266625,0.446724,-0.083943,0.304754,0,0,-0.111974,0,0,-0.329818,-0.610508,0.209433,0.32711,2.09862,-0.614191,-0.867058,0,0,-0.671532,0,0,3.00695,-0.507313,-0.31566,0.0604311,-1.7538,-1.80678,1.24269,0.640721,0.720371,0.0438128,1,0.994647,0.0127702,0.0243057,-0.0996188,0.0205892,0.0509174,-0.19912,0.358764,0.230373,-0.259441,-0.0291492,-1.17094,-0.346639
0.989249,0.0017376,-0.00904737,-0.145948,0.989249,0.0017376,-0.00904737,-0.145948,0.974988,-0.00847451,-0.158045,0.15604,0.720185,-0.0733291,-0.0792503,-0.685329,0.821498,0.218985,0.151776,-0.504133,0.821791,0,0,0.569789,0.882226,0,0,0.470825,0.939979,0.0574624,-0.0233661,-0.335546,0.962559,0.0561846,0.0713786,-0.255398,0.723878,0,0,-0.689928,0.982239,0,0,-0.187636,0.484001,-0.04321,-0.0550796,0.872263,0.708341,-0.0218242,-0.0224657,0.705175,0.498949,0.0806113,0.064742,0.992711,0.0833661,-0.171217,0.61195,0.22516,0.087327,0.87567,0.243088,-0.128527,0.627304,0.501735,0.117004,0.645455,0.531855,-0.0480638,0.515287,0.723628,0.058965,0.568013,0.870947,0.0623007,0.679669,1.01547,0.0659101,0.63516,0.959846,0.261823,0.700534,0.94913,-0.168317,0.598087,0.752567,0.297329,0.745586,0.73925,-0.248317,0.811877,1.18775,0.0641995,0.0419865,-0.00244664,0.0913821,0.0419865,-0.00244664,0.0913821,-0.268658,0.39321,-0.137096,0.00899252,-0.0145734,-0.352651,0.267647,-0.0505511,-0.0323658,0,0,-0.156722,0,0,0.0514365,-0.382064,-0.113625,-0.243888,1.86214,-0.670219,-1.31563,0,0,-0.438264,0,0,2.78681,-0.822792,-0.450837,-0.183611,-1.46061,-1.51197,0.381979,0.652896,0.724752,0.0395265,1,0.994988,0.0127722,0.0134798,-0.0982512,0.0227793,0.0293385,-0.19652,0.392106,0.139521,-0.237532,-0.0628571,-0.647645,0.0753628
0.989017,0.00297693,-0.00947229,-0.147471,0.989017,0.00297693,-0.00947229,-0.147471,0.97616,-0.0125993,-0.151889,0.154543,0.716739,-0.0722905,-0.0791992,-0.689048,0.82155,0.221283,0.151411,-0.503154,0.822176,0,0,0.569234,0.882562,0,0,0.470197,0.935118,0.0518508,-0.0263465,-0.349531,0.955559,0.0736264,0.06469,-0.278031,0.721379,0,0,-0.692541,0.988108,0,0,-0.153761,0.486195,-0.05874,-0.0635102,0.869558,0.708353,-0.0308433,-0.0318626,0.704464,0.503305,0.0855075,0.0653038,1.0166,0.0857754,-0.170215,0.619437,0.227892,0.0875291,0.892721,0.240929,-0.130002,0.639711,0.503571,0.113323,0.6589,0.53065,-0.0527968,0.530054,0.727449,0.0513919,0.580865,0.875388,0.0552738,0.691085,1.02089,0.0608938,0.64217,0.965747,0.255668,0.717386,0.954844,-0.173087,0.603739,0.758474,0.29035,0.766036,0.745334,-0.252194,0.822259,1.19402,0.0612656,0.0746417,-0.0256316,-0.0923833,0.0746417,-0.0256316,-0.0923833,-0.249271,0.376113,-0.0942588,0.0625155,-0.00356213,-0.307087,0.146402,-0.0234589,0.0631769,0,0,-0.0405013,0,0,-0.042764,-0.338296,-0.185184,-0.892038,1.07042,-0.397036,-1.41539,0,0,-0.216961,0,0,2.06293,-1.13052,-0.61148,-0.258937,-0.600763,-0.625931,-0.0476004,0.665483,0.728291,0.0349007,1,0.995748,0.0118978,0.00568386,-0.0911721,0.0226621,0.0134893,-0.182461,0.443006,0.114639,-0.227194,-0.093013,-0.466306,0.421838
0.988695,0.00407919,-0.00990892,-0.14956,0.988695,0.00407919,-0.00990892,-0.14956,0.976903,-0.0154344,-0.146614,0.154684,0.714758,-0.0709043,-0.0791351,-0.691253,0.824086,0.222985,0.151606,-0.498172,0.82252,0,0,0.568737,0.884993,0,0,0.465605,0.928412,0.0454401,-0.0298396,-0.367554,0.950098,0.0766481,0.0627786,-0.295801,0.719607,0,0,-0.694382,0.990925,0,0,-0.134418,0.487071,-0.0734281,-0.0715639,0.867323,0.711989,-0.0269505,-0.0279014,0.701118,0.505906,0.0901955,0.0659548,1.03763,0.0867959,-0.16879,0.62569,0.229785,0.0876383,0.910091,0.240006,-0.131186,0.652414,0.504573,0.109423,0.674715,0.530997,-0.0582576,0.545918,0.731146,0.0436377,0.59447,0.879776,0.0480007,0.703061,1.02634,0.0554609,0.650491,0.971227,0.249012,0.735677,0.960311,-0.178051,0.611758,0.763772,0.282809,0.789234,0.751071,-0.256513,0.832771,1.20054,0.0578594,0.0664055,-0.0263587,-0.126768,0.0664055,-0.0263587,-0.126768,-0.171236,0.321211,0.0061778,0.088455,0.000249637,-0.181419,0.0955608,0.00352434,0.347338,0,0,-0.0362778,0,0,-0.311733,-0.386742,-0.21847,-1.15749,0.192729,-0.109292,-1.11589,0,0,-0.153346,0,0,1.17283,-1.07005,-0.585841,-0.187511,0.261819,0.266465,-0.288328,0.678779,0.731837,0.029984,1,0.996511,0.011106,-0.00152984,-0.0827111,0.0223895,-0.00121182,-0.165635,0.475917,0.110906,-0.232626,-0.0844295,-0.432959,0.504807
0.988851,0.00535675,-0.0106314,-0.14843,0.988851,0.00535675,-0.0106314,-0.14843,0.977474,-0.0158413,-0.140899,0.156335,0.714433,-0.0720622,-0.0781316,-0.691583,0.828246,0.22533,0.15241,-0.489904,0.826467,0,0,0.562985,0.888486,0,0,0.458903,0.924886,0.0383823,-0.0367635,-0.376512,0.948822,0.0718145,0.0606138,-0.301507,0.715035,0,0,-0.699089,0.991916,0,0,-0.126894,0.486069,-0.0772303,-0.0737567,0.867371,0.719543,-0.0184415,-0.0191348,0.693939,0.508786,0.0953097,0.0667249,1.05628,0.0862239,-0.166151,0.632224,0.231677,0.0879587,0.926934,0.239399,-0.131391,0.664578,0.5044,0.105317,0.690398,0.531322,-0.0641669,0.561089,0.732838,0.0350366,0.608745,0.881759,0.0401791,0.716031,1.0292,0.049715,0.660689,0.973059,0.242216,0.755781,0.963764,-0.18343,0.621673,0.764394,0.274643,0.815629,0.755232,-0.26187,0.843792,1.2047,0.0548307,0.0769264,-0.0434765,0.0684951,0.0769264,-0.0434765,0.0684951,-0.0244209,0.34723,0.0980032,-0.0775376,0.0660332,-0.0276442,0.127942,0.0366365,0.574514,0,0,-0.418579,0,0,-0.453433,-0.430995,-0.428395,-0.578871,-0.293028,-0.130482,-0.356161,0,0,-0.393705,0,0,0.455362,-0.279905,-0.162365,0.0314375,0.569562,0.586827,-0.611394,0.692468,0.733645,0.0248213,1,0.996669,0.0115931,-0.00735656,-0.0803925,0.0242962,-0.0128005,-0.161129,0.455124,0.0507445,-0.258032,-0.000110786,-0.352333,0.135577
0.988837,0.00558867,-0.01003,-0.148556,0.988837,0.00558867,-0.01003,-0.148556,0.978952,-0.0168826,-0.132446,0.154354,0.713556,-0.0716816,-0.0771947,-0.692633,0.829442,0.229752,0.152241,-0.485862,0.832776,0,0,0.55361,0.890844,0,0,0.454309,0.923962,0.0311888,-0.0330934,-0.379771,0.950001,0.0790219,0.0601343,-0.296037,0.710895,0,0,-0.703298,0.989989,0,0,-0.141147,0.493382,-0.100292,-0.0854652,0.859774,0.72477,-0.0125843,-0.0129201,0.688754,0.515171,0.098391,0.0665281,1.07322,0.0839136,-0.163251,0.641553,0.233123,0.0869795,0.945904,0.239828,-0.13076,0.677312,0.504047,0.100171,0.70941,0.532029,-0.0690241,0.5766,0.732703,0.0260752,0.624323,0.881608,0.0309696,0.731606,1.02898,0.0415691,0.672105,0.974427,0.233035,0.777346,0.961824,-0.190535,0.629159,0.764938,0.265956,0.83977,0.752474,-0.266535,0.859798,1.20419,0.0481373,0.0139689,0.0362115,-0.00760521,0.0139689,0.0362115,-0.00760521,-0.0624412,0.514991,-0.124386,0.0236832,0.0605245,-0.0853067,0.275276,-0.0149657,0.270855,0,0,-0.678014,0,0,-0.30986,-0.442138,0.225244,-0.208053,0.438037,-0.0307457,0.341166,0,0,-0.354213,0,0,-0.862988,-1.65993,-0.834689,-0.755637,0.390144,0.4139,-0.435341,0.707878,0.733607,0.0185316,1,0.996531,0.00812107,-0.0184023,-0.0807562,0.0191712,-0.0353726,-0.16206,0.465328,-0.00405305,-0.268844,-0.260657,-0.643609,-0.0316301
0.988942,0.00563312,-0.00996297,-0.147861,0.988942,0.00563312,-0.00996297,-0.147861,0.980151,-0.0179353,-0.123367,0.154151,0.713236,-0.0724094,-0.0768296,-0.692927,0.831646,0.234412,0.152919,-0.479616,0.838884,0,0,0.54431,0.89414,0,0,0.447787,0.920728,0.0205993,-0.0326074,-0.388294,0.951844,0.0813161,0.0580274,-0.289852,0.711473,0,0,-0.702713,0.986426,0,0,-0.164207,0.501183,-0.116537,-0.0936153,0.852332,0.737138,-0.000657716,0.000377778,0.675742,0.519567,0.0987191,0.0670402,1.08643,0.0788448,-0.161087,0.648717,0.232013,0.0861341,0.963791,0.240077,-0.130302,0.689609,0.502632,0.0943533,0.729914,0.533801,-0.0745593,0.593508,0.733073,0.016301,0.641091,0.882026,0.0216195,0.74789,1.02964,0.03385,0.684599,0.975702,0.224334,0.800654,0.961683,-0.197296,0.638943,0.765167,0.257296,0.867279,0.752123,-0.271721,0.875504,1.2052,0.0424404,0.00266489,0.00405995,0.042173,0.00266489,0.00405995,0.042173,-0.0631714,0.551621,-0.0160428,-0.0489776,0.0236462,-0.0252482,0.284757,0.0353613,0.421956,0,0,-0.667537,0,0,-0.438475,-0.650565,0.0276715,-0.551491,0.13687,-0.130791,0.388557,0,0,0.0493324,0,0,-1.40008,-1.15322,-0.569852,-0.752412,0.789652,0.880098,-1.07181,0.723796,0.733823,0.012154,1,0.996289,0.00712058,-0.028655,-0.0808487,0.0188524,-0.0559752,-0.162473,0.50723,0.0111148,-0.293224,-0.109282,-0.608417,-0.012808
0.988807,0.00523095,-0.00959966,-0.148797,0.988807,0.00523095,-0.00959966,-0.148797,0.981161,-0.0197353,-0.111866,0.156268,0.713361,-0.0714108,-0.0775178,-0.692826,0.83355,0.237044,0.153118,-0.47493,0.844455,0,0,0.535626,0.896159,0,0,0.443734,0.918164,0.0107276,-0.030701,-0.394863,0.956332,0.0825302,0.0589368,-0.274125,0.711563,0,0,-0.702622,0.980172,0,0,-0.19815,0.506548,-0.126349,-0.0985459,0.847191,0.75624,0.0125067,0.0167891,0.653959,0.523759,0.0938253,0.0671599,1.10057,0.0710248,-0.161819,0.655662,0.225319,0.0846991,0.983977,0.238634,-0.131272,0.701704,0.495247,0.0881874,0.752001,0.531642,-0.0803547,0.610335,0.727114,0.0064691,0.658517,0.875847,0.011873,0.766074,1.02279,0.0251821,0.699035,0.970428,0.214769,0.82395,0.952925,-0.204587,0.648955,0.759531,0.24849,0.891999,0.742416,-0.276629,0.894475,1.19761,0.0349278,-0.0242051,0.0218528,-0.0568153,-0.0242051,0.0218528,-0.0568153,-0.108319,0.696948,0.124671,0.0666212,-0.0455124,0.00896984,0.157027,0.0059927,0.318885,0,0,-0.619095,0,0,-0.271668,-0.607878,0.115825,-0.426519,0.0663513,0.0499676,0.984561,0,0,0.00770675,0,0,-2.07095,-0.690177,-0.340882,-0.515976,0.861345,1.07322,-1.74525,0.740643,0.727816,0.00512026,1,0.99582,0.00520197,-0.0386706,-0.0825879,0.0167975,-0.0762325,-0.166131,0.504814,-0.178784,-0.294958,-0.160086,-0.589474,-0.11382
0.988633,0.00377308,-0.00903533,-0.15003,0.988633,0.00377308,-0.00903533,-0.15003,0.981615,-0.0216716,-0.0970065,0.162951,0.715988,-0.0681067,-0.0785064,-0.690333,0.83644,0.237752,0.154034,-0.469166,0.849246,0,0,0.527998,0.896781,0,0,0.442475,0.916586,0.000382716,-0.0288577,-0.398794,0.962337,0.0819154,0.0617361,-0.251765,0.709843,0,0,-0.70436,0.970883,0,0,-0.239555,0.508368,-0.13141,-0.10116,0.845021,0.774969,0.0218685,0.0300884,0.630904,0.52862,0.090695,0.0668318,1.11472,0.0668205,-0.164477,0.663297,0.219816,0.0828493,1.00544,0.241002,-0.133446,0.714187,0.488219,0.081746,0.775151,0.531426,-0.0865644,0.627208,0.721093,-0.0034623,0.676346,0.86948,0.00205948,0.785137,1.0154,0.0160507,0.715374,0.964571,0.204661,0.847407,0.942865,-0.212096,0.661833,0.753426,0.239523,0.916836,0.731605,-0.281071,0.914178,1.18943,0.0261836,-0.0877864,0.0339554,-0.0747668,-0.0877864,0.0339554,-0.0747668,-0.116711,0.898117,0.402037,0.224244,-0.0604504,0.212106,0.0292552,0.0480107,0.397573,0,0,-0.54043,0,0,-0.0842118,-0.638186,0.112744,-0.255977,-0.047599,0.162784,1.39273,0,0,-0.146719,0,0,-2.54621,-0.358627,-0.183369,-0.205315,0.602329,0.856108,-1.79636,0.758193,0.72215,-0.0023333,1,0.995159,0.00385435,-0.048575,-0.0853448,0.0160374,-0.0961699,-0.171873,0.506183,-0.180613,-0.297942,-0.122997,-0.58578,-0.174217
0.98918,0.000297857,-0.00929685,-0.146412,0.98918,0.000297857,-0.00929685,-0.146412,0.980609,-0.0217757,-0.0787082,0.17815,0.72529,-0.0641794,-0.0777928,-0.681016,0.843934,0.238947,0.159345,-0.453088,0.853087,0,0,0.521768,0.897902,0,0,0.440196,0.913158,-0.0169704,-0.0346741,-0.405775,0.966648,0.0741964,0.0595595,-0.23778,0.708907,0,0,-0.705302,0.960087,0,0,-0.279701,0.507304,-0.134675,-0.10291,0.844935,0.78077,0.0222225,0.0318408,0.62361,0.533532,0.0934744,0.0669036,1.12283,0.0657107,-0.165813,0.671012,0.21971,0.0815094,1.02315,0.246247,-0.135673,0.727821,0.486472,0.0747812,0.798586,0.536634,-0.0939814,0.645865,0.721572,-0.0143362,0.694545,0.870123,-0.00700418,0.801781,1.01717,0.00847215,0.732607,0.963875,0.195842,0.873215,0.944098,-0.218299,0.685046,0.750305,0.230876,0.953962,0.735786,-0.284851,0.925847,1.19403,0.0195292,-0.209311,-0.0156484,0.219543,-0.209311,-0.0156484,0.219543,-0.00672967,1.10307,0.921197,0.276015,0.0657995,0.779867,0.0349581,0.309948,1.09854,0,0,-0.439155,0,0,-0.152432,-1.07239,-0.361573,-0.460738,-0.475627,-0.137547,0.870945,0,0,-0.0796649,0,0,-2.49453,-0.240527,-0.129942,0.0219942,0.0198801,0.109356,-0.561023,0.775574,0.723642,-0.00933905,1,0.994563,0.00947746,-0.0580607,-0.0859334,0.0290233,-0.114109,-0.174036,0.559733,0.0143635,-0.326218,0.289039,-0.596795,-0.0240017
0.988921,0.00274097,-0.00972299,-0.148099,0.988921,0.00274097,-0.00972299,-0.148099,0.98213,-0.0284187,-0.0571117,0.177063,0.722284,-0.059589,-0.0766602,-0.684747,0.84589,0.242022,0.159304,-0.447791,0.852455,0,0,0.5228,0.899347,0,0,0.437236,0.906941,-0.0316944,-0.0413108,-0.418028,0.968874,0.0699818,0.0568806,-0.230544,0.711319,0,0,-0.702869,0.949597,0,0,-0.313472,0.518679,-0.154682,-0.113409,0.833177,0.787198,0.0172455,0.0277043,0.615836,0.537362,0.099377,0.0680878,1.12937,0.0663641,-0.16871,0.678444,0.223448,0.0806141,1.03957,0.252771,-0.139701,0.742629,0.489239,0.0672984,0.822336,0.544263,-0.102718,0.666592,0.726703,-0.0266187,0.715058,0.875211,-0.0179775,0.822329,1.0218,0.000674991,0.748382,0.967583,0.184822,0.899593,0.950709,-0.225247,0.697542,0.754258,0.215433,0.982981,0.743053,-0.291898,0.946979,1.19799,0.0154825,0.147132,-0.0257122,-0.102378,0.147132,-0.0257122,-0.102378,-0.400301,1.30599,-0.0710863,0.299241,0.0691105,-0.299108,0.183987,-0.00965384,0.355352,0,0,0.0726177,0,0,-0.197606,-0.914179,-0.415671,-0.813211,-0.258922,-0.165144,0.449542,0,0,0.205542,0,0,-2.12189,-1.39204,-0.718997,-1.14603,-0.325216,-0.272356,-0.598867,0.794334,0.728559,-0.0173186,1,0.99423,0.0109173,-0.0646085,-0.0849341,0.0329547,-0.126958,-0.172535,0.621809,0.153936,-0.368475,0.0488704,-0.399887,0.0592054
0.988677,0.0031463,-0.0097687,-0.149711,0.988677,0.0031463,-0.0097687,-0.149711,0.983645,-0.0375962,-0.035633,0.172506,0.718277,-0.0562113,-0.0769142,-0.689205,0.846937,0.242056,0.157013,-0.446603,0.852595,0,0,0.522572,0.898472,0,0,0.43903,0.901871,-0.0474824,-0.0456653,-0.426953,0.972174,0.0600196,0.0572563,-0.219084,0.711235,0,0,-0.702954,0.93708,0,0,-0.349115,0.528161,-0.169485,-0.121464,0.823145,0.791057,0.0200538,0.0320512,0.610573,0.542801,0.104266,0.0690721,1.13744,0.0669694,-0.170413,0.687703,0.225475,0.0793589,1.05769,0.258443,-0.142861,0.758719,0.48911,0.0599346,0.847324,0.549582,-0.111005,0.68804,0.728361,-0.037985,0.736601,0.876717,-0.0280724,0.844274,1.02264,-0.00705613,0.765909,0.968961,0.174774,0.924816,0.951929,-0.231522,0.710561,0.756359,0.20274,1.00848,0.744103,-0.296488,0.970593,1.19758,0.00983827,0.0244258,-0.00280057,-0.0978097,0.0244258,-0.00280057,-0.0978097,-0.552794,1.29755,-0.280364,0.218064,-0.0246704,-0.365597,-0.00359572,-0.148761,0.0858294,0,0,-0.0160666,0,0,0.119736,-0.983006,-0.274694,-0.599534,-0.608069,0.0189134,0.709628,0,0,-0.00720691,0,0,-2.26672,-1.01566,-0.544203,-0.96293,0.179716,0.278091,-0.396565,0.81421,0.730355,-0.0248427,1,0.993709,0.0130967,-0.0717352,-0.0849951,0.0386145,-0.140806,-0.173374,0.643439,0.0497248,-0.340989,0.0942652,-0.438226,-0.00250785
0.988062,0.00363607,-0.00888807,-0.153758,0.988062,0.00363607,-0.00888807,-0.153758,0.984842,-0.0464066,-0.0143059,0.166518,0.713399,-0.0525334,-0.0770516,-0.694525,0.847246,0.242668,0.154556,-0.446541,0.852046,0,0,0.523467,0.89711,0,0,0.441807,0.902291,-0.0580818,-0.0396114,-0.425356,0.976457,0.0538995,0.0630716,-0.19912,0.706125,0,0,-0.708088,0.922172,0,0,-0.38678,0.541395,-0.179544,-0.127639,0.811396,0.790118,0.0255341,0.0381475,0.611234,0.551783,0.108502,0.0686286,1.14521,0.0692669,-0.172125,0.700288,0.227298,0.0762064,1.07467,0.264412,-0.145832,0.774336,0.487676,0.0522871,0.869411,0.552557,-0.118101,0.706058,0.726397,-0.0479421,0.756158,0.874143,-0.038123,0.866369,1.01785,-0.0160222,0.783123,0.96745,0.163834,0.947957,0.944891,-0.238961,0.719646,0.757085,0.190289,1.02774,0.735135,-0.301295,0.997466,1.18934,0.0016424,0.0295425,0.0529276,-0.245652,0.0295425,0.0529276,-0.245652,-0.5304,1.287,-0.365304,0.237508,-0.0187198,-0.439572,0.0370068,-0.1565,0.00707663,0,0,0.0630258,0,0,0.185578,-0.657094,0.375963,0.102945,-0.375364,0.34667,1.2265,0,0,-0.434591,0,0,-2.43065,-0.648514,-0.391036,-1.16959,0.3544,0.394447,0.0563358,0.833129,0.728506,-0.0327107,1,0.992864,0.0102188,-0.0793459,-0.0884384,0.0347573,-0.156388,-0.180403,0.540539,-0.0589141,-0.298711,-0.194913,-0.440028,-0.227981
0.987062,0.00473318,-0.00759096,-0.160089,0.987062,0.00473318,-0.00759096,-0.160089,0.985539,-0.0535782,0.00575255,0.160651,0.708376,-0.0490345,-0.0759722,-0.70002,0.847292,0.24455,0.153293,-0.445862,0.85045,0,0,0.526056,0.895976,0,0,0.444102,0.905027,-0.0648015,-0.0264776,-0.419554,0.980407,0.051872,0.0710804,-0.176238,0.699373,0,0,-0.714757,0.905719,0,0,-0.423879,0.554801,-0.184172,-0.131122,0.800677,0.783854,0.0311882,0.042859,0.618678,0.562031,0.111701,0.0670668,1.15138,0.0726351,-0.173784,0.713669,0.22842,0.0714078,1.08931,0.270283,-0.148804,0.788666,0.48548,0.0441491,0.888455,0.554072,-0.124437,0.721136,0.722622,-0.056977,0.77348,0.86948,-0.0481475,0.887489,1.00988,-0.0255504,0.799272,0.964252,0.152253,0.969205,0.933466,-0.247248,0.725949,0.75735,0.177085,1.04294,0.721134,-0.30717,1.02507,1.17632,-0.00737442,0.0661851,0.0779847,-0.38462,0.0661851,0.0779847,-0.38462,-0.431731,1.20954,-0.356089,0.226293,0.0619671,-0.455531,0.118792,-0.0800566,0.0434008,0,0,0.182449,0,0,0.153594,-0.413009,0.816307,0.384724,-0.126781,0.478626,1.39795,0,0,-0.569414,0,0,-2.43521,-0.255554,-0.195327,-1.0869,0.369847,0.310719,0.573568,0.850423,0.724592,-0.040823,1,0.991892,0.00377919,-0.0865889,-0.0929402,0.0239476,-0.171917,-0.188918,0.452319,-0.113246,-0.271047,-0.400035,-0.399186,-0.308444
0.986103,0.00534853,-0.00744987,-0.165884,0.986103,0.00534853,-0.00744987,-0.165884,0.985715,-0.0594803,0.0223387,0.155975,0.704582,-0.0482025,-0.0729858,-0.704211,0.847867,0.245453,0.153856,-0.444075,0.84857,0,0,0.529083,0.894651,0,0,0.446766,0.899545,-0.0765689,-0.0211205,-0.429546,0.982417,0.0448376,0.0724377,-0.166129,0.700546,0,0,-0.713607,0.890324,0,0,-0.455327,0.55597,-0.181654,-0.129819,0.800654,0.773368,0.0371504,0.0466735,0.631144,0.567277,0.112986,0.0659122,1.15573,0.0742076,-0.173467,0.721358,0.22663,0.0670963,1.10277,0.273905,-0.150893,0.801854,0.482026,0.0357381,0.908722,0.555582,-0.131297,0.738429,0.720661,-0.0665618,0.791091,0.867228,-0.0574638,0.906864,1.0057,-0.0333727,0.814838,0.962318,0.142261,0.990124,0.928368,-0.254427,0.735813,0.757676,0.163812,1.06155,0.715418,-0.313633,1.04821,1.16888,-0.0135453,0.037185,0.00835763,-0.352448,0.037185,0.00835763,-0.352448,-0.355629,0.999915,-0.282474,0.0507097,0.191795,-0.348049,0.0538945,0.0335899,0.118831,0,0,0.213799,0,0,0.178526,-0.738376,0.329493,-0.670256,-0.426673,0.0790129,0.617314,0,0,0.0985217,0,0,-2.10096,0.184755,0.096833,-0.0295658,0.395354,0.258742,0.966626,0.867022,0.722329,-0.0482537,1,0.991553,0.002613,-0.0918711,-0.0915225,0.0223727,-0.182727,-0.186133,0.518792,-0.0588305,-0.287545,-0.106148,-0.309942,0.075222
0.985395,0.004098,-0.00684061,-0.1701,0.985395,0.004098,-0.00684061,-0.1701,0.986228,-0.0676295,0.0364927,0.146451,0.701286,-0.0473069,-0.0728856,-0.707565,0.850518,0.246568,0.15345,-0.438494,0.848979,0,0,0.528426,0.896909,0,0,0.442215,0.892583,-0.0878288,-0.0156161,-0.44197,0.983569,0.0394802,0.0732858,-0.160194,0.702485,0,0,-0.711699,0.874672,0,0,-0.484715,0.562417,-0.182619,-0.130972,0.795728,0.758826,0.0415516,0.0479403,0.648197,0.572152,0.115059,0.0640034,1.15986,0.0768021,-0.172626,0.729059,0.225645,0.0628246,1.11622,0.277748,-0.151963,0.815598,0.479459,0.028439,0.929913,0.557646,-0.136536,0.756864,0.72001,-0.074635,0.809224,0.866547,-0.0652483,0.925824,1.004,-0.0403278,0.830962,0.963002,0.134143,1.01166,0.924913,-0.259919,0.747235,0.760027,0.154762,1.08292,0.710844,-0.317551,1.0704,1.16458,-0.0203555,-0.0753224,0.036628,-0.256529,-0.0753224,0.036628,-0.256529,-0.490592,0.852929,-0.575673,0.05571,0.000473365,-0.28399,0.055694,-0.0348961,0.379276,0,0,-0.0464106,0,0,-0.304796,-0.712484,0.33942,-0.838477,-0.324264,0.0494779,0.361939,0,0,0.163241,0,0,-1.99783,-0.0332978,-0.0565574,-0.501491,0.300771,0.0993351,1.33818,0.883991,0.721606,-0.0545166,1,0.991182,0.00242123,-0.0984053,-0.0887042,0.0226936,-0.195896,-0.180741,0.553051,-0.0195245,-0.242196,-0.0627685,-0.390174,0.163555
0.984802,0.00379572,-0.0066408,-0.173511,0.984802,0.00379572,-0.0066408,-0.173511,0.986006,-0.0739513,0.0488597,0.141196,0.697447,-0.0486972,-0.0698334,-0.711561,0.851171,0.24715,0.152659,-0.437173,0.845258,0,0,0.534358,0.896077,0,0,0.443898,0.88651,-0.0974104,-0.0149351,-0.452093,0.984934,0.0337841,0.0713597,-0.153858,0.704467,0,0,-0.709736,0.860562,0,0,-0.509346,0.560694,-0.179667,-0.129134,0.797914,0.745753,0.0437485,0.0475695,0.663081,0.576595,0.11589,0.061329,1.16343,0.0777651,-0.171713,0.735498,0.22326,0.0586993,1.12802,0.279447,-0.15304,0.827948,0.475416,0.0216022,0.948805,0.557698,-0.141858,0.773994,0.717763,-0.0826604,0.826546,0.864085,-0.072584,0.944161,1.00028,-0.0463388,0.846587,0.960949,0.126669,1.03108,0.920738,-0.265268,0.759857,0.760019,0.144508,1.10088,0.706225,-0.322173,1.0913,1.15848,-0.0253718,-0.0181806,0.0119677,-0.207762,-0.0181806,0.0119677,-0.207762,-0.381395,0.745665,-0.31611,-0.0977117,0.196908,-0.337815,0.0331364,-0.0522052,0.0899349,0,0,0.420109,0,0,0.112623,-0.609366,0.0404008,-0.690237,-0.344589,-0.118176,0.386538,0,0,0.167389,0,0,-1.70324,0.199321,0.123281,0.195211,0.157676,-0.00886988,1.18668,0.899775,0.719135,-0.0604062,1,0.990793,0.00346939,-0.102754,-0.0880816,0.0255102,-0.204425,-0.179951,0.513913,-0.0674239,-0.240761,0.035573,-0.266561,0.0405179
0.985033,0.0035386,-0.00637033,-0.17221,0.985033,0.0035386,-0.00637033,-0.17221,0.984684,-0.0788537,0.0586923,0.143993,0.701578,-0.0493689,-0.0658439,-0.707825,0.855256,0.246141,0.154681,-0.428983,0.842181,0,0,0.539195,0.89455,0,0,0.446967,0.881601,-0.105872,-0.0149551,-0.459726,0.98609,0.0295247,0.069383,-0.148127,0.706219,0,0,-0.707994,0.847911,0,0,-0.530139,0.561684,-0.179955,-0.1294,0.797109,0.733727,0.0447777,0.0465246,0.676369,0.580936,0.116963,0.0592922,1.16649,0.0788397,-0.171254,0.741709,0.22162,0.0554048,1.13839,0.280824,-0.15412,0.839253,0.472186,0.0157402,0.965691,0.557561,-0.146523,0.789657,0.715874,-0.0898404,0.842082,0.862245,-0.0792718,0.959114,0.998844,-0.052234,0.86163,0.957835,0.119777,1.05013,0.919184,-0.269935,0.779465,0.755732,0.136197,1.12554,0.706423,-0.324596,1.10496,1.15799,-0.0310903,-0.0155221,0.0163405,0.0792386,-0.0155221,0.0163405,0.0792386,-0.297632,0.594292,0.172437,-0.0396411,0.273924,0.325771,-0.0864576,0.113459,0.556945,0,0,0.344021,0,0,0.205694,-0.539285,-0.00286059,-0.525762,-0.257541,-0.120823,0.349066,0,0,0.148224,0,0,-1.46041,-0.0151002,-0.0150292,-0.0803707,0.0810417,-0.0546333,1.07582,0.91395,0.717751,-0.065753,1,0.990326,0.00429245,-0.106755,-0.088541,0.0280392,-0.212275,-0.181325,0.469873,-0.0566569,-0.215402,0.0307122,-0.245001,-0.0255388
0.985746,0.00339703,-0.00574625,-0.168108,0.985746,0.00339703,-0.00574625,-0.168108,0.982926,-0.0832383,0.0661268,0.150181,0.711284,-0.0487414,-0.0628414,-0.698392,0.861074,0.244805,0.157552,-0.416893,0.841411,0,0,0.540396,0.892996,0,0,0.450065,0.877575,-0.1126,-0.0137106,-0.465828,0.986894,0.0277342,0.0688056,-0.143306,0.708102,0,0,-0.70611,0.836464,0,0,-0.548023,0.567078,-0.184611,-0.132584,0.791684,0.722574,0.045331,0.0454361,0.688308,0.585303,0.11837,0.0584257,1.16932,0.0802639,-0.171295,0.747932,0.220948,0.0532141,1.14778,0.282227,-0.155192,0.849768,0.470186,0.0110706,0.98106,0.557533,-0.150315,0.804093,0.714686,-0.0959566,0.856173,0.861306,-0.0854687,0.971631,0.999397,-0.0583833,0.876316,0.954943,0.113291,1.06839,0.919465,-0.27423,0.80297,0.749734,0.130302,1.15322,0.709765,-0.325076,1.11404,1.16136,-0.0380773,-0.00858587,0.0377156,0.24979,-0.00858587,0.0377156,0.24979,-0.267393,0.450719,0.378522,0.054099,0.216242,0.804705,-0.116315,0.160425,0.817102,0,0,0.0855541,0,0,0.207948,-0.430393,0.0765447,-0.422762,-0.108386,-0.0359265,0.29289,0,0,0.159838,0,0,-1.27404,-0.299531,-0.203793,-0.509695,0.049268,-0.0590053,0.981455,0.926875,0.717521,-0.0706043,1,0.9898,0.0034056,-0.110897,-0.0893708,0.0272274,-0.22071,-0.183112,0.433087,-0.0356441,-0.183484,-0.0692501,-0.244568,-0.0588541
0.985598,0.0044232,-0.00468446,-0.168982,0.985598,0.0044232,-0.00468446,-0.168982,0.982575,-0.0885126,0.0721944,0.146627,0.713529,-0.048698,-0.0626893,-0.696115,0.860355,0.246919,0.154218,-0.418375,0.841344,0,0,0.5405,0.890318,0,0,0.455339,0.873605,-0.115794,-0.0114094,-0.472521,0.987415,0.0286947,0.0697903,-0.138984,0.711116,0,0,-0.703074,0.82582,0,0,-0.563934,0.569362,-0.188711,-0.135196,0.78863,0.712412,0.0457538,0.044602,0.698846,0.589645,0.11916,0.0583613,1.17243,0.0811055,-0.171441,0.753596,0.219981,0.0519757,1.15687,0.282863,-0.156283,0.859638,0.468328,0.00750484,0.995599,0.556685,-0.153565,0.817951,0.71322,-0.101372,0.870467,0.859711,-0.0916577,0.986411,0.997358,-0.0645727,0.890685,0.953093,0.106897,1.08329,0.91624,-0.279409,0.817577,0.747848,0.124267,1.16687,0.706126,-0.327397,1.13007,1.15829,-0.044698,0.0618774,0.0639977,-0.0531623,0.0618774,0.0639977,-0.0531623,-0.318903,0.366657,-0.21339,0.00568282,0.0137318,0.191547,0.137076,-0.20733,-0.100016,0,0,0.00746275,0,0,0.354916,-0.210048,0.142996,-0.460332,0.0575818,0.0586052,0.261928,0,0,0.256685,0,0,-1.14863,-0.276358,-0.175079,-0.26842,0.0398671,-0.0437009,0.879255,0.939685,0.715941,-0.075212,1,0.989336,-0.000697746,-0.114308,-0.090268,0.0197703,-0.228281,-0.184245,0.415736,-0.0439843,-0.162478,-0.255918,-0.183482,-0.08377
0.985634,0.00563623,-0.00359507,-0.168761,0.985634,0.00563623,-0.00359507,-0.168761,0.982129,-0.10068,0.0773231,0.138948,0.71525,-0.0497685,-0.0607198,-0.694445,0.860252,0.24695,0.152339,-0.419256,0.840202,0,0,0.542274,0.887839,0,0,0.460154,0.870261,-0.115802,-0.00985389,-0.478685,0.988052,0.0308047,0.0694695,-0.134086,0.716709,0,0,-0.697372,0.818112,0,0,-0.575059,0.569818,-0.189572,-0.135745,0.787999,0.704463,0.0456691,0.0437474,0.706918,0.59148,0.119465,0.0578331,1.17461,0.0821831,-0.17114,0.756088,0.21924,0.0505907,1.16365,0.283654,-0.156775,0.866514,0.467785,0.00462411,1.00681,0.556636,-0.155848,0.829451,0.713228,-0.105518,0.883057,0.859387,-0.0967176,0.999844,0.996405,-0.0700326,0.904208,0.952501,0.101401,1.09607,0.914096,-0.284292,0.831527,0.747414,0.118736,1.17843,0.703754,-0.330301,1.14565,1.15563,-0.05228,0.0731295,0.065682,0.0134199,0.0731295,0.065682,0.0134199,-0.735204,0.310218,-0.462221,-0.0689732,0.1336,0.141595,0.00250747,-0.117981,-0.0564683,0,0,0.126553,0,0,0.324889,-0.00910032,0.0967388,-0.421864,0.126741,-0.0202188,0.296864,0,0,0.479238,0,0,-0.812051,-0.0580509,-0.0368758,-0.0549671,0.00370501,-0.0478884,0.681347,0.950493,0.715334,-0.0792017,1,0.988825,-0.00504868,-0.115773,-0.0937859,0.0120544,-0.231981,-0.19053,0.345,0.000236293,-0.124374,-0.242102,-0.0670504,-0.24137
0.985621,0.00588269,-0.00318635,-0.168842,0.985621,0.00588269,-0.00318635,-0.168842,0.98148,-0.10069,0.0827422,0.140399,0.71681,-0.0533279,-0.0571751,-0.692871,0.859523,0.24591,0.151909,-0.421513,0.837843,0,0,0.545911,0.885709,0,0,0.464241,0.866534,-0.117306,-0.00933389,-0.485047,0.98906,0.0291713,0.0703352,-0.126343,0.720675,0,0,-0.693273,0.809354,0,0,-0.587321,0.569508,-0.193469,-0.137948,0.786893,0.697588,0.0477553,0.0450494,0.713485,0.592351,0.119777,0.0583836,1.17788,0.0835804,-0.170997,0.758121,0.217572,0.0499446,1.17132,0.284778,-0.157953,0.873381,0.4653,0.00229259,1.01817,0.555986,-0.158545,0.840789,0.711494,-0.108755,0.895558,0.85726,-0.100659,1.01347,0.993443,-0.0746586,0.918307,0.950243,0.0972102,1.10789,0.909795,-0.288949,0.846244,0.745582,0.114528,1.18795,0.698986,-0.33412,1.16023,1.1518,-0.0575721,0.0148603,0.0246401,-0.0048992,0.0148603,0.0246401,-0.0048992,-0.00193325,0.328189,0.0894491,-0.234339,0.23777,0.132143,-0.0614546,-0.0245825,-0.148977,0,0,0.260081,0,0,0.276529,-0.104103,0.0318473,-0.439462,-0.0989903,0.0507157,0.46899,0,0,0.342173,0,0,-0.904099,-0.276261,-0.156355,-0.0707698,0.147673,0.0948752,0.56513,0.961228,0.713284,-0.0825063,1,0.988498,-0.00783935,-0.115425,-0.0974072,0.00718023,-0.231793,-0.197283,0.340137,-0.0519986,-0.0971112,-0.138558,0.032962,-0.23618
0.985474,0.00628219,-0.00277563,-0.16969,0.985474,0.00628219,-0.00277563,-0.16969,0.981121,-0.0985509,0.0860772,0.142409,0.719271,-0.0582573,-0.0521716,-0.690314,0.858266,0.2455,0.151979,-0.424277,0.834935,0,0,0.550348,0.88346,0,0,0.468508,0.863174,-0.117865,-0.00883602,-0.490876,0.989916,0.0281832,0.0709728,-0.119307,0.72488,0,0,-0.688876,0.801438,0,0,-0.598077,0.567697,-0.196444,-0.13943,0.787203,0.691883,0.0491949,0.0459147,0.718867,0.593287,0.11979,0.0588065,1.1807,0.0848753,-0.170811,0.759808,0.216013,0.0493328,1.17806,0.28578,-0.159034,0.879386,0.463215,0.000169821,1.0282,0.555334,-0.161036,0.850895,0.709951,-0.111773,0.906872,0.855272,-0.104438,1.02615,0.990349,-0.0790921,0.931654,0.947654,0.0932321,1.11846,0.905423,-0.293706,0.86056,0.743406,0.110048,1.19557,0.694062,-0.338487,1.1742,1.1475,-0.062245,0.0241044,0.024754,-0.0516466,0.0241044,0.024754,-0.0516466,0.128409,0.20197,0.122388,-0.323632,0.335472,0.213113,-0.0189055,0.00874594,-0.186055,0,0,0.318313,0,0,0.289413,-0.0440119,0.0306124,-0.403076,-0.0599937,0.0371723,0.425761,0,0,0.365063,0,0,-0.801304,-0.219961,-0.111834,0.0638959,0.103605,0.0647064,0.46683,0.970993,0.711224,-0.0856564,1,0.988195,-0.0109023,-0.114834,-0.100817,0.0016512,-0.231209,-0.203531,0.303185,-0.0463169,-0.0905231,-0.154732,0.049286,-0.225513
0.98532,0.00693263,-0.00220405,-0.17056,0.98532,0.00693263,-0.00220405,-0.17056,0.980925,-0.0987216,0.0874559,0.1428,0.723203,-0.0627177,-0.0475396,-0.686137,0.857293,0.24541,0.152221,-0.426206,0.832655,0,0,0.553793,0.881069,0,0,0.472987,0.860128,-0.117326,-0.00837058,-0.496331,0.990532,0.0287308,0.0699911,-0.11455,0.730134,0,0,-0.683303,0.79535,0,0,-0.606151,0.564477,-0.1969,-0.139296,0.789426,0.68703,0.0491754,0.045562,0.72353,0.594409,0.119507,0.0585672,1.18259,0.0857357,-0.170492,0.761102,0.214867,0.0482949,1.18339,0.286313,-0.159615,0.884513,0.462243,-0.00201782,1.03674,0.554948,-0.162976,0.859929,0.709436,-0.114664,0.917103,0.854299,-0.108054,1.03771,0.988249,-0.0832576,0.944321,0.945367,0.0895582,1.12815,0.902342,-0.298276,0.874809,0.741153,0.105848,1.20277,0.690693,-0.342773,1.18731,1.14396,-0.06691,0.0392379,0.034455,-0.0530259,0.0392379,0.034455,-0.0530259,-0.0106992,0.0835947,0.0241751,-0.289595,0.312002,0.34557,-0.00031582,0.0185647,-0.130886,0,0,0.247899,0,0,0.304663,0.0258944,0.0287021,-0.377001,0.032611,-0.0599726,0.287809,0,0,0.459555,0,0,-0.606726,-0.0509066,-0.0038221,0.231721,0.00494372,-0.0178574,0.404574,0.979787,0.709884,-0.0886485,1,0.987885,-0.0139284,-0.114146,-0.104215,-0.00382922,-0.230463,-0.209766,0.271029,-0.0154431,-0.0867302,-0.152053,0.0547518,-0.224648
0.985506,0.00690231,-0.00184067,-0.169489,0.985506,0.00690231,-0.00184067,-0.169489,0.980154,-0.100064,0.0895264,0.145842,0.728717,-0.0641469,-0.0468391,-0.680193,0.858128,0.243305,0.152928,-0.425479,0.832701,0,0,0.553723,0.878988,0,0,0.476844,0.856494,-0.117833,-0.00897895,-0.502446,0.991153,0.0281767,0.0660137,-0.111639,0.736216,0,0,-0.676747,0.791045,0,0,-0.611759,0.560745,-0.19562,-0.138132,0.792602,0.682273,0.0489024,0.045033,0.728069,0.595022,0.11912,0.0579426,1.18412,0.0856775,-0.169944,0.761842,0.213541,0.0467249,1.18814,0.285861,-0.159677,0.88958,0.461216,-0.0044272,1.04494,0.554457,-0.164351,0.86929,0.709393,-0.116921,0.927556,0.853863,-0.110547,1.04898,0.987239,-0.0863872,0.957855,0.943044,0.0874664,1.13796,0.900903,-0.301778,0.890939,0.738025,0.104653,1.21236,0.689724,-0.346117,1.1988,1.14268,-0.071127,-0.00185435,0.021917,0.0652571,-0.00185435,0.021917,0.0652571,-0.0826522,0.126431,0.186003,-0.0857124,0.052929,0.488603,-0.137235,0.0416782,0.0538078,0,0,-0.00502507,0,0,0.262971,-0.0415496,-0.039039,-0.426096,-0.0336999,-0.240226,0.176644,0,0,0.536572,0,0,-0.424194,0.0687254,0.0668901,0.311849,-0.0122221,-0.0298973,0.395914,0.988521,0.709026,-0.0909404,1,0.987673,-0.0144501,-0.112077,-0.108317,-0.00437601,-0.226451,-0.217967,0.280838,-0.00129188,-0.0677242,0.00993046,0.121004,-0.249762
0.985497,0.00823545,-0.00186122,-0.169483,0.985497,0.00823545,-0.00186122,-0.169483,0.979654,-0.102443,0.0907483,0.146792,0.735432,-0.0694525,-0.0436458,-0.672616,0.856634,0.242934,0.153755,-0.428392,0.831481,0,0,0.555553,0.87647,0,0,0.481457,0.856029,-0.114154,-0.0109759,-0.504046,0.992243,0.0287545,0.0617095,-0.104014,0.73871,0,0,-0.674023,0.786677,0,0,-0.617365,0.556215,-0.190992,-0.135067,0.797436,0.678772,0.0506877,0.046401,0.731127,0.596695,0.118787,0.0566575,1.18614,0.0862449,-0.169851,0.763617,0.21214,0.0450142,1.19213,0.286141,-0.160429,0.893986,0.459495,-0.00636953,1.05055,0.553678,-0.166078,0.876037,0.707941,-0.118907,0.935943,0.851762,-0.11315,1.05894,0.983821,-0.0897281,0.970586,0.937919,0.0855097,1.14467,0.897497,-0.306504,0.906583,0.732295,0.102601,1.21603,0.686248,-0.352165,1.21029,1.13776,-0.0755765,0.0803789,-0.00123948,0.000286323,0.0803789,-0.00123948,0.000286323,-0.144714,0.0747263,0.0588764,-0.33892,0.218427,0.614483,-0.0151583,0.0572686,-0.197959,0,0,0.131949,0,0,0.315304,0.230741,-0.126017,-0.106159,0.0341347,-0.260365,0.461107,0,0,0.221595,0,0,-0.42643,0.301424,0.198457,0.449266,0.124819,0.0963447,0.273411,0.995809,0.706709,-0.0934699,1,0.987599,-0.0163639,-0.106991,-0.113724,-0.00817854,-0.216743,-0.228403,0.202396,-0.0435641,-0.0595716,-0.0440637,0.308653,-0.338148
0.985201,0.00763854,-0.00132875,-0.171227,0.985201,0.00763854,-0.00132875,-0.171227,0.978924,-0.105216,0.0910562,0.149487,0.744113,-0.0729208,-0.0421114,-0.662726,0.85496,0.240222,0.155174,-0.432732,0.831827,0,0,0.555035,0.873953,0,0,0.486011,0.854482,-0.115609,-0.0108462,-0.506337,0.992809,0.0280495,0.0586896,-0.100494,0.741163,0,0,-0.671325,0.782965,0,0,-0.622066,0.552949,-0.184558,-0.131179,0.801859,0.674355,0.0501802,0.0457628,0.735278,0.597772,0.118622,0.0549913,1.18755,0.0863108,-0.169739,0.764825,0.210975,0.0428037,1.19568,0.285788,-0.160682,0.897714,0.457974,-0.00906153,1.05631,0.55284,-0.167555,0.882351,0.706918,-0.121368,0.943433,0.850188,-0.115471,1.06804,0.980662,-0.0921274,0.982105,0.932874,0.0842067,1.15061,0.89406,-0.30992,0.92072,0.726391,0.101667,1.2178,0.682459,-0.357031,1.22112,1.13274,-0.0786625,-0.0359433,0.0320955,-0.10612,-0.0359433,0.0320955,-0.10612,-0.169057,0.0199521,0.165029,-0.212826,0.110292,0.795713,-0.161968,0.0953369,-0.289938,0,0,-0.0373877,0,0,0.312189,-0.0957342,0.00780162,-0.162069,-0.0427293,-0.182336,0.212934,0,0,0.218754,0,0,-0.359392,0.437664,0.262573,0.391574,-0.0283227,-0.0376433,0.365739,1.00241,0.704534,-0.0956685,1,0.987263,-0.0160025,-0.106657,-0.116965,-0.0068055,-0.216016,-0.23511,0.189442,-0.030687,-0.0738277,0.0441661,0.0119925,-0.19236
0.984959,0.00715303,-0.000596708,-0.172637,0.984959,0.00715303,-0.000596708,-0.172637,0.978294,-0.108348,0.0912177,0.151264,0.751428,-0.0773472,-0.0403955,-0.65402,0.853477,0.238111,0.15721,-0.43608,0.830495,0,0,0.557026,0.872684,0,0,0.488285,0.852789,-0.117814,-0.00963649,-0.508702,0.993174,0.0271329,0.0566881,-0.0982652,0.743666,0,0,-0.668552,0.779458,0,0,-0.626455,0.553056,-0.181613,-0.129548,0.802722,0.669452,0.0494727,0.0449644,0.739841,0.599105,0.118755,0.0537061,1.18891,0.0864089,-0.169553,0.766509,0.210303,0.0407825,1.19931,0.285398,-0.160872,0.901763,0.457003,-0.0116986,1.06241,0.552174,-0.168948,0.888937,0.706375,-0.123766,0.950982,0.849181,-0.117709,1.07688,0.978343,-0.0943053,0.992898,0.928847,0.0830357,1.15717,0.891713,-0.313047,0.934596,0.721841,0.100645,1.22101,0.679819,-0.361896,1.23139,1.12882,-0.0813916,-0.0292402,0.0441376,-0.085888,-0.0292402,0.0441376,-0.085888,-0.19063,0.0109287,0.109279,-0.276811,0.120073,0.690708,-0.125163,0.133704,-0.225767,0,0,0.143711,0,0,0.15627,-0.143627,0.075955,-0.168662,-0.0553222,-0.120792,0.134749,0,0,0.224152,0,0,-0.337064,0.209414,0.116065,0.0585968,-0.0412942,-0.048027,0.404588,1.00909,0.702979,-0.0977314,1,0.98687,-0.0158116,-0.107318,-0.119667,-0.0056562,-0.217308,-0.240723,0.197556,-0.0162909,-0.0719313,0.0235857,-0.045619,-0.160964
0.9849,0.0076143,0.000226677,-0.172957,0.9849,0.0076143,0.000226677,-0.172957,0.977763,-0.112162,0.0912573,0.15189,0.757272,-0.0832398,-0.0387341,-0.646614,0.852345,0.236637,0.158852,-0.438495,0.826879,0,0,0.562379,0.872277,0,0,0.489012,0.850958,-0.11899,-0.00807408,-0.511513,0.993503,0.0266914,0.0548997,-0.0960465,0.746678,0,0,-0.665186,0.776076,0,0,-0.630639,0.553805,-0.18102,-0.129293,0.802381,0.664453,0.0490225,0.0444333,0.744396,0.600373,0.118897,0.0527291,1.19033,0.0862808,-0.169247,0.768178,0.209692,0.0389772,1.20308,0.284749,-0.161072,0.906026,0.456165,-0.0141406,1.06874,0.551335,-0.170305,0.895951,0.705879,-0.126032,0.958922,0.848272,-0.120037,1.08572,0.976523,-0.0965897,1.00353,0.925261,0.08188,1.16442,0.890271,-0.316182,0.949285,0.718115,0.0994423,1.22595,0.678219,-0.366784,1.24119,1.12589,-0.0842248,0.0278254,0.0496526,-0.0195255,0.0278254,0.0496526,-0.0195255,-0.231778,0.00337602,0.0395107,-0.374117,0.114447,0.578405,-0.0869572,0.107644,-0.163629,0,0,0.387638,0,0,0.0500017,-0.0791872,0.0982991,-0.198686,-0.0267309,-0.107914,0.134061,0,0,0.271005,0,0,-0.322817,0.0461141,0.0209582,-0.0421561,-0.0238953,-0.0299772,0.407577,1.01599,0.701683,-0.0997805,1,0.986478,-0.0165745,-0.107363,-0.122716,-0.00650404,-0.217603,-0.246814,0.210434,-0.0148587,-0.0680026,-0.0262341,-0.002578,-0.188236
0.984925,0.00864146,0.00128092,-0.172761,0.984925,0.00864146,0.00128092,-0.172761,0.976966,-0.117343,0.0904472,0.153584,0.764642,-0.0887843,-0.0394497,-0.63709,0.851458,0.232883,0.158031,-0.442504,0.823068,0,0,0.567942,0.870664,0,0,0.491879,0.84804,-0.119982,-0.00656221,-0.516129,0.993837,0.0270238,0.0519776,-0.0941042,0.751019,0,0,-0.660281,0.773128,0,0,-0.63425,0.547482,-0.175127,-0.125518,0.808603,0.6597,0.0476353,0.0431655,0.748774,0.600081,0.118319,0.0510923,1.19145,0.0847838,-0.168833,0.767795,0.207999,0.0366916,1.2065,0.282715,-0.161007,0.909287,0.454247,-0.0169494,1.07486,0.549329,-0.171552,0.903008,0.704465,-0.128575,0.966961,0.846424,-0.122584,1.09454,0.973862,-0.0988963,1.01464,0.919959,0.0810809,1.17103,0.888311,-0.318865,0.965764,0.712541,0.0992196,1.2298,0.676176,-0.370545,1.25058,1.12241,-0.0870484,0.0619372,0.0635742,0.0119077,0.0619372,0.0635742,0.0119077,-0.315067,-0.0474975,0.104881,-0.346467,-0.0396651,0.737785,-0.232354,-0.048661,-0.262036,0,0,0.404592,0,0,0.19734,-0.0705844,0.0950721,-0.325708,0.0198077,-0.176055,0.117422,0,0,0.393038,0,0,-0.27968,0.384574,0.243841,0.594524,-0.0879185,-0.0803959,0.392352,1.02259,0.699395,-0.101859,1,0.986019,-0.0173995,-0.107346,-0.126254,-0.00738137,-0.217801,-0.253895,0.211698,-0.0424312,-0.0762821,-0.0263702,0.000607984,-0.218107
0.98491,0.00871996,0.00145364,-0.172842,0.98491,0.00871996,0.00145364,-0.172842,0.97643,-0.119843,0.0925358,0.153817,0.771257,-0.0984382,-0.0376739,-0.627737,0.848553,0.22806,0.158619,-0.450319,0.81841,0,0,0.574635,0.86733,0,0,0.497734,0.846803,-0.118505,-0.00622699,-0.5185,0.994549,0.0264676,0.0487132,-0.0883099,0.754045,0,0,-0.656822,0.770054,0,0,-0.637979,0.544225,-0.170652,-0.122846,0.812161,0.657306,0.0499243,0.0450304,0.750618,0.600123,0.117953,0.0501611,1.19266,0.0849218,-0.169428,0.767922,0.206643,0.0346938,1.2093,0.282564,-0.162313,0.912105,0.452615,-0.0193347,1.07906,0.548524,-0.173439,0.908306,0.703264,-0.130273,0.973714,0.844575,-0.124754,1.10278,0.970699,-0.102094,1.02634,0.915178,0.0803118,1.17389,0.885347,-0.323334,0.982244,0.707977,0.099076,1.22737,0.673146,-0.376716,1.26032,1.11767,-0.0918905,0.0047363,0.0104161,-0.00490259,0.0047363,0.0104161,-0.00490259,-0.15245,0.127294,0.0157612,-0.613579,0.121851,0.710984,-0.289603,0.0475782,-0.523197,0,0,0.489292,0,0,0.404292,0.0900673,0.0210231,-0.164501,-0.0338212,-0.196965,0.34964,0,0,0.275736,0,0,-0.289933,0.30133,0.177908,0.332696,0.158627,0.129518,0.173648,1.02819,0.69725,-0.104299,1,0.985851,-0.0181881,-0.102901,-0.131065,-0.00908637,-0.209179,-0.263389,0.15894,-0.0360347,-0.0509356,0.0178288,0.262836,-0.295644
0.984923,0.00814535,0.00187009,-0.172789,0.984923,0.00814535,0.00187009,-0.172789,0.975986,-0.120975,0.0931404,0.155375,0.778684,-0.107015,-0.0375221,-0.617083,0.846813,0.222185,0.160289,-0.455905,0.814052,0,0,0.580792,0.865722,0,0,0.500526,0.843001,-0.118478,-0.00420889,-0.524685,0.994766,0.0261899,0.0462857,-0.0872458,0.759267,0,0,-0.65078,0.766842,0,0,-0.641836,0.541229,-0.165893,-0.120066,0.815558,0.652797,0.0509189,0.0457969,0.754431,0.600342,0.117546,0.0493459,1.19384,0.0847001,-0.169562,0.768078,0.205538,0.0327772,1.21291,0.281776,-0.162944,0.915833,0.451658,-0.0217447,1.08535,0.547628,-0.174803,0.915501,0.702896,-0.132044,0.981663,0.843878,-0.12705,1.11152,0.969373,-0.105451,1.03878,0.912232,0.0795101,1.17875,0.883783,-0.327353,1.00083,0.705115,0.0999106,1.22874,0.671511,-0.382071,1.26964,1.1157,-0.0968356,-0.0346534,0.0251128,0.00324861,-0.0346534,0.0251128,0.00324861,-0.0695629,0.0374111,0.0955986,-0.538563,0.0166181,0.803831,-0.362715,0.111904,-0.371185,0,0,0.452545,0,0,0.193296,-0.00856379,0.127311,-0.43668,-0.0168064,-0.146115,0.0643426,0,0,0.47916,0,0,-0.30119,0.323779,0.186978,0.315722,0.0738042,0.0576754,0.351141,1.03487,0.696129,-0.106633,1,0.985722,-0.0192374,-0.100826,-0.13348,-0.0112455,-0.205348,-0.26803,0.215843,-0.0110329,-0.0531204,-0.0309822,0.127546,-0.152582
0.985069,0.00796858,0.00281787,-0.171953,0.985069,0.00796858,0.00281787,-0.171953,0.975907,-0.120651,0.0926022,0.156438,0.7856,-0.114811,-0.0386399,-0.60676,0.845094,0.216433,0.160733,-0.461669,0.810171,0,0,0.586194,0.864353,0,0,0.502886,0.840744,-0.116899,-0.000225678,-0.528662,0.995009,0.0276346,0.0457619,-0.0842608,0.764365,0,0,-0.644784,0.763535,0,0,-0.645766,0.5409,-0.161818,-0.117797,0.816925,0.648921,0.0520717,0.0466936,0.757635,0.601418,0.117361,0.0484408,1.19561,0.0852177,-0.169674,0.769077,0.205142,0.0308581,1.21693,0.281768,-0.16355,0.9198,0.451732,-0.0239574,1.09172,0.5473,-0.176002,0.92277,0.703083,-0.133744,0.990006,0.843613,-0.129701,1.1207,0.968492,-0.109402,1.05154,0.910279,0.0782427,1.18407,0.88218,-0.331453,1.01933,0.703441,0.100918,1.23035,0.66955,-0.3866,1.27942,1.11421,-0.102347,-0.0106834,0.0571463,0.0508727,-0.0106834,0.0571463,0.0508727,0.0193926,-0.0324098,0.0645447,-0.486585,-0.0660708,0.770428,-0.355445,0.034398,-0.382731,0,0,0.39913,0,0,0.163691,0.0939941,0.252331,-0.279205,0.0866996,-0.0317103,0.179825,0,0,0.472185,0,0,-0.308147,0.288818,0.160534,0.105605,0.0839596,0.0659615,0.297852,1.0419,0.695573,-0.109117,1,0.985253,-0.0222442,-0.0997165,-0.137256,-0.0168082,-0.20401,-0.275119,0.21808,0.00561086,-0.0510238,-0.146646,0.0824909,-0.246579
0.985262,0.00781818,0.00405152,-0.170824,0.985262,0.00781818,0.00405152,-0.170824,0.97636,-0.118465,0.0909089,0.156275,0.79096,-0.122669,-0.0403181,-0.598087,0.842309,0.211598,0.159191,-0.469467,0.806696,0,0,0.590966,0.862293,0,0,0.50641,0.839556,-0.114069,0.00335471,-0.531152,0.995321,0.0295599,0.0453958,-0.0800121,0.769351,0,0,-0.638827,0.760852,0,0,-0.648926,0.541418,-0.1573,-0.115334,0.817815,0.645752,0.0533123,0.0476829,0.76019,0.602519,0.117285,0.0473112,1.19755,0.0856432,-0.169779,0.7701,0.205021,0.0289377,1.22081,0.281734,-0.164178,0.923622,0.452169,-0.0259278,1.09766,0.547069,-0.17713,0.929902,0.703427,-0.135264,0.998593,0.843313,-0.132298,1.13041,0.967303,-0.113515,1.06464,0.908604,0.0769251,1.18878,0.880297,-0.335602,1.03677,0.702306,0.101861,1.22988,0.66712,-0.390588,1.29019,1.11201,-0.107953,-0.00909987,0.0743738,0.0687446,-0.00909987,0.0743738,0.0687446,0.133304,-0.103257,-0.0112523,-0.492658,-0.103398,0.637731,-0.292638,-0.0874888,-0.523405,0,0,0.354182,0,0,0.244911,0.176338,0.227098,-0.172229,0.115525,-0.0222873,0.255849,0,0,0.466121,0,0,-0.248726,0.324532,0.177436,0.0505823,0.0891974,0.071572,0.239891,1.04895,0.694989,-0.111573,1,0.984576,-0.0256787,-0.0982339,-0.142479,-0.0230438,-0.202128,-0.285091,0.213951,0.010327,-0.0455766,-0.160475,0.104913,-0.336873
0.985235,0.00588819,0.00478881,-0.171037,0.985235,0.00588819,0.00478881,-0.171037,0.977386,-0.113688,0.0876874,0.155253,0.793952,-0.131971,-0.0414905,-0.592032,0.837414,0.208085,0.156456,-0.480583,0.803305,0,0,0.595567,0.859191,0,0,0.511656,0.834221,-0.113605,0.00149219,-0.539599,0.995366,0.0280186,0.0406098,-0.0825403,0.776481,0,0,-0.630141,0.7602,0,0,-0.649689,0.536643,-0.149075,-0.11062,0.823136,0.640611,0.0530281,0.0474441,0.764562,0.601297,0.116769,0.0460647,1.19813,0.0829846,-0.169416,0.768675,0.203799,0.0272199,1.22387,0.278358,-0.164205,0.927189,0.451073,-0.0277532,1.10423,0.544976,-0.177985,0.938309,0.703082,-0.136521,1.00795,0.842499,-0.133797,1.14091,0.965467,-0.116496,1.07866,0.906439,0.0768077,1.19233,0.878813,-0.339206,1.05348,0.700841,0.103039,1.22626,0.665318,-0.394598,1.30217,1.1088,-0.112261,-0.116368,0.0444584,-0.0129311,-0.116368,0.0444584,-0.0129311,0.291302,-0.196661,-0.0651036,-0.591141,-0.0727387,0.433183,-0.19934,-0.155804,-0.75815,0,0,0.342931,0,0,0.36568,0.0155685,-0.117958,-0.601776,-0.0926455,-0.287641,-0.151858,0,0,0.674266,0,0,-0.0602243,0.564568,0.319888,0.49862,-0.0119477,-0.00963031,0.406003,1.05615,0.693406,-0.113372,1,0.984457,-0.0247592,-0.0951203,-0.145545,-0.0214718,-0.195738,-0.291451,0.252226,-0.0103725,-0.0377268,0.0988229,0.170651,-0.181477
0.985701,0.00496549,0.00589719,-0.168326,0.985701,0.00496549,0.00589719,-0.168326,0.978514,-0.109554,0.0846499,0.15278,0.797048,-0.13779,-0.0435709,-0.58637,0.835134,0.200389,0.156003,-0.487912,0.800041,0,0,0.599945,0.858195,0,0,0.513323,0.831503,-0.109912,0.0045862,-0.54452,0.995424,0.0303557,0.0408543,-0.0808718,0.782845,0,0,-0.622217,0.757497,0,0,-0.652839,0.539695,-0.147298,-0.109697,0.821583,0.634519,0.0569902,0.0505803,0.769142,0.602394,0.117041,0.0457275,1.19978,0.0822573,-0.170044,0.769989,0.203951,0.0261183,1.22839,0.276757,-0.165197,0.932509,0.451585,-0.0288943,1.11218,0.543757,-0.17888,0.947982,0.703403,-0.137366,1.01892,0.842267,-0.136125,1.15254,0.964967,-0.121226,1.09403,0.906695,0.0748662,1.19858,0.877062,-0.343434,1.07274,0.701901,0.104017,1.2282,0.663047,-0.398258,1.31445,1.1079,-0.119382,-0.0556834,0.0667764,0.16505,-0.0556834,0.0667764,0.16505,0.25242,-0.185581,-0.152965,-0.365188,-0.130972,0.408249,-0.478032,-0.0206007,-0.490703,0,0,0.327661,0,0,0.116524,0.227815,0.196918,-0.346764,0.140409,0.0146441,0.100363,0,0,0.609754,0,0,-0.249043,0.140582,0.0761102,-0.187108,0.280608,0.223029,0.442276,1.06496,0.693003,-0.115804,1,0.983772,-0.0287277,-0.0927941,-0.150852,-0.0290672,-0.192429,-0.301504,0.290192,0.00964874,-0.0253556,-0.184825,0.160265,-0.345553
0.986211,0.00416202,0.00713809,-0.165284,0.986211,0.00416202,0.00713809,-0.165284,0.980223,-0.101317,0.0788082,0.150623,0.798602,-0.139349,-0.0456993,-0.583719,0.830754,0.193396,0.153902,-0.498759,0.796985,0,0,0.603999,0.854322,0,0,0.519744,0.828094,-0.106225,0.00564008,-0.550404,0.995367,0.0312009,0.041312,-0.0810238,0.789429,0,0,-0.613842,0.755595,0,0,-0.655039,0.54395,-0.147311,-0.109815,0.818754,0.629126,0.0615912,0.0541516,0.772965,0.603903,0.117493,0.0454945,1.20193,0.0811243,-0.170946,0.771821,0.204373,0.0253668,1.23341,0.274768,-0.166592,0.938558,0.452305,-0.0296131,1.12078,0.542522,-0.180001,0.958424,0.703992,-0.137931,1.03038,0.842433,-0.137946,1.1643,0.965188,-0.1253,1.10915,0.90754,0.0726553,1.20399,0.877166,-0.347149,1.09091,0.703569,0.103962,1.22888,0.663352,-0.401058,1.32642,1.10829,-0.124997,-0.0484818,0.0747375,0.185122,-0.0484818,0.0747375,0.185122,0.501297,-0.355775,-0.135644,-0.0952501,-0.135423,0.192319,-0.424807,-0.118017,-0.739363,0,0,0.304603,0,0,0.449894,0.226187,0.0674856,-0.417566,0.0508202,0.0275525,-0.00922935,0,0,0.639249,0,0,-0.174475,0.0180207,0.00571416,-0.307299,0.324715,0.252996,0.377518,1.07404,0.693096,-0.11789,1,0.98324,-0.0316735,-0.0899144,-0.155404,-0.0349606,-0.187761,-0.310221,0.313251,0.0176566,-0.0169311,-0.123386,0.185836,-0.294917
0.986577,0.00334579,0.00856979,-0.163034,0.986577,0.00334579,0.00856979,-0.163034,0.981458,-0.095408,0.07263,0.149539,0.799154,-0.139903,-0.0506339,-0.582423,0.827669,0.184624,0.148499,-0.50875,0.79396,0,0,0.60797,0.851083,0,0,0.525032,0.824123,-0.100989,0.00497897,-0.557312,0.995195,0.0315647,0.0409783,-0.0831379,0.795904,0,0,-0.605423,0.754354,0,0,-0.656468,0.552316,-0.146755,-0.109767,0.813241,0.624327,0.0669566,0.0582324,0.776107,0.606179,0.118457,0.0453525,1.2043,0.0801588,-0.171949,0.774698,0.205476,0.0248425,1.23864,0.272957,-0.168209,0.945604,0.453702,-0.0298292,1.12972,0.541749,-0.181106,0.969426,0.70531,-0.138014,1.04217,0.843396,-0.1394,1.17645,0.96611,-0.129348,1.12509,0.909182,0.070942,1.20871,0.877976,-0.349959,1.10912,0.706264,0.105071,1.22827,0.663996,-0.401951,1.33872,1.10927,-0.13142,-0.049225,0.0862356,0.136806,-0.049225,0.0862356,0.136806,0.359321,-0.374976,-0.0692144,-0.0338234,-0.317049,0.0910408,-0.545034,-0.333223,-0.671951,0,0,0.299515,0,0,0.372066,0.324223,-0.0416514,-0.491206,0.0219747,-0.0199146,-0.127331,0,0,0.637268,0,0,-0.113622,0.0765396,0.0310644,-0.597119,0.377683,0.288229,0.319496,1.08352,0.693832,-0.119725,1,0.983028,-0.0342911,-0.0850989,-0.158866,-0.0410479,-0.179161,-0.31676,0.330077,0.0395574,-0.00248286,-0.091253,0.300772,-0.229488
0.986883,0.0026095,0.00989076,-0.161111,0.986883,0.0026095,0.00989076,-0.161111,0.982291,-0.0921776,0.0668501,0.14879,0.799181,-0.140868,-0.0570785,-0.581556,0.826238,0.174073,0.14234,-0.516497,0.791707,0,0,0.610901,0.850262,0,0,0.52636,0.820516,-0.0941948,0.0036778,-0.563797,0.994938,0.0321971,0.0396211,-0.0865607,0.801874,0,0,-0.597494,0.753727,0,0,-0.657188,0.568202,-0.146657,-0.11054,0.802134,0.619818,0.0726723,0.0625009,0.77887,0.610085,0.120185,0.0459904,1.20683,0.0797277,-0.172805,0.779671,0.207656,0.0247934,1.24403,0.271664,-0.169857,0.954191,0.456266,-0.0296263,1.13898,0.54176,-0.182122,0.98113,0.707724,-0.137731,1.05459,0.845464,-0.14081,1.18923,0.968075,-0.13387,1.14236,0.912096,0.0692417,1.21369,0.879489,-0.352564,1.12827,0.710236,0.106803,1.22789,0.66479,-0.402389,1.35158,1.11119,-0.139395,-0.0443925,0.0795532,0.116954,-0.0443925,0.0795532,0.116954,0.196588,-0.350082,-0.0477048,-0.0620743,-0.414803,0.0561799,-0.666406,-0.387658,-0.510628,0,0,0.221773,0,0,0.0936703,0.425515,-0.0826872,-0.460791,0.0381685,-0.0813562,-0.206141,0,0,0.595479,0,0,-0.0572399,0.0762086,-0.00264754,-1.16664,0.402744,0.301807,0.288353,1.09378,0.695539,-0.121567,1,0.983004,-0.0372853,-0.0781025,-0.161904,-0.0487047,-0.16639,-0.322413,0.351124,0.0724244,0.00846312,-0.0944557,0.43483,-0.209067
0.987471,0.00227211,0.0104358,-0.157438,0.987471,0.00227211,0.0104358,-0.157438,0.983687,-0.0858202,0.0604345,0.146091,0.799219,-0.141827,-0.0596526,-0.581013,0.823771,0.164247,0.142204,-0.523644,0.791913,0,0,0.610634,0.851774,0,0,0.523909,0.819095,-0.0874031,0.00356395,-0.566948,0.994672,0.0335821,0.0377847,-0.0898429,0.806879,0,0,-0.590717,0.753773,0,0,-0.657135,0.595282,-0.151397,-0.115288,0.780658,0.615107,0.0777788,0.0662354,0.781797,0.617031,0.122647,0.0487731,1.20963,0.079815,-0.173256,0.788342,0.211051,0.0257891,1.24971,0.270821,-0.171372,0.965148,0.4603,-0.0292733,1.1488,0.542533,-0.183159,0.994029,0.711318,-0.137521,1.0683,0.848662,-0.142677,1.20293,0.971594,-0.139212,1.16079,0.916776,0.0659114,1.22053,0.882585,-0.356907,1.14867,0.715234,0.106069,1.23039,0.667236,-0.406702,1.365,1.11518,-0.14803,-0.0203594,0.0327224,0.223165,-0.0203594,0.0327224,0.223165,0.386139,-0.388938,-0.167076,-0.0615766,-0.165635,0.0354931,-0.616875,-0.00053915,-0.485418,0,0,-0.0202002,0,0,-0.172797,0.430889,-0.00715407,-0.220051,0.0834211,-0.110167,-0.197744,0,0,0.505461,0,0,0.00423098,-0.214824,-0.243844,-2.12812,0.362564,0.266386,0.305324,1.10539,0.698516,-0.123846,1,0.982747,-0.0413684,-0.0698254,-0.166195,-0.0588078,-0.151572,-0.330588,0.386958,0.107794,0.00630247,-0.14088,0.517056,-0.293237
0.987491,0.00273535,0.0102052,-0.157319,0.987491,0.00273535,0.0102052,-0.157319,0.984829,-0.0778379,0.0538393,0.145448,0.800536,-0.142374,-0.0625469,-0.578758,0.817682,0.155689,0.139436,-0.536391,0.79423,0,0,0.607617,0.850201,0,0,0.526458,0.816327,-0.0789561,0.00368353,-0.572156,0.993622,0.037422,0.0320519,-0.101429,0.810604,0,0,-0.585595,0.755167,0,0,-0.655533,0.646991,-0.151202,-0.122618,0.737228,0.610605,0.0834308,0.0702663,0.784387,0.627895,0.126226,0.0549355,1.21204,0.0803402,-0.173622,0.802605,0.215935,0.0283377,1.25524,0.270332,-0.172526,0.980016,0.466239,-0.0280774,1.15926,0.544431,-0.183349,1.00801,0.717136,-0.13645,1.08197,0.854523,-0.144317,1.21647,0.977648,-0.144969,1.18044,0.923443,0.0621632,1.22433,0.889332,-0.36149,1.17017,0.721713,0.104866,1.2269,0.673971,-0.410339,1.37832,1.12146,-0.157368,0.02791,-0.0138959,0.00723842,0.02791,-0.0138959,0.00723842,0.483361,-0.399122,-0.0420977,-0.0307995,-0.184356,0.163215,-0.523908,-0.156822,-0.889061,0,0,-0.228223,0,0,0.179708,0.534686,0.00787895,-0.369677,0.231594,-0.343905,-0.698549,0,0,0.380005,0,0,0.127379,0.232225,-0.33342,-4.09234,0.401245,0.287528,0.278545,1.11771,0.703577,-0.125784,1,0.983579,-0.0462258,-0.056569,-0.165034,-0.072912,-0.126878,-0.327848,0.419428,0.174551,0.0321262,-0.157035,0.836493,0.0234705
0.987885,0.00308928,0.00994716,-0.154835,0.987885,0.00308928,0.00994716,-0.154835,0.986229,-0.0685959,0.0457615,0.143361,0.801058,-0.141688,-0.0649873,-0.577934,0.812623,0.150465,0.136548,-0.546222,0.795436,0,0,0.606037,0.850378,0,0,0.526173,0.817996,-0.0710936,-0.000953853,-0.570813,0.992654,0.0393694,0.0253612,-0.111556,0.81066,0,0,-0.585517,0.757486,0,0,-0.652852,0.704674,-0.14026,-0.12775,0.683697,0.605913,0.0884906,0.0738029,0.787141,0.641831,0.12824,0.0613925,1.21433,0.0779841,-0.173511,0.820797,0.218444,0.0313826,1.26031,0.26697,-0.173474,0.996697,0.469464,-0.0266758,1.16918,0.543677,-0.18391,1.02189,0.72016,-0.135881,1.09571,0.857553,-0.145914,1.22958,0.981392,-0.150271,1.19956,0.9273,0.0582428,1.22932,0.894047,-0.365788,1.19197,0.725492,0.102611,1.22677,0.678481,-0.41393,1.39055,1.12622,-0.165636,0.0213004,-0.0156288,0.150936,0.0213004,-0.0156288,0.150936,0.559283,-0.488427,-0.129934,0.045889,-0.156204,0.0601102,-0.31619,-0.168527,-0.69307,0,0,-0.119293,0,0,-0.0201039,0.505701,-0.2966,0.108119,0.117859,-0.401805,-0.611067,0,0,0.00576063,0,0,0.212677,0.961228,-0.154707,-4.69893,0.362129,0.254704,0.295309,1.13039,0.706123,-0.127601,1,0.983959,-0.0492555,-0.0435086,-0.16585,-0.0830264,-0.102137,-0.329722,0.416385,0.0907102,0.017095,-0.0456477,0.799805,-0.0908761
0.988257,0.00251541,0.0101248,-0.152447,0.988257,0.00251541,0.0101248,-0.152447,0.987395,-0.0601449,0.0381506,0.141347,0.800521,-0.140907,-0.0683036,-0.578486,0.808174,0.14352,0.133683,-0.555325,0.795848,0,0,0.605496,0.852286,0,0,0.523076,0.824979,-0.0633068,-0.00719648,-0.561561,0.991501,0.0408602,0.0204577,-0.121813,0.804142,0,0,-0.594437,0.76097,0,0,-0.648787,0.756499,-0.118447,-0.125149,0.630886,0.601522,0.0933696,0.0771501,0.789621,0.66067,0.127717,0.0656357,1.21648,0.0699669,-0.173433,0.844254,0.216993,0.0337982,1.26481,0.258029,-0.174361,1.01569,0.467793,-0.0251324,1.17842,0.537666,-0.184471,1.03514,0.718091,-0.135431,1.10898,0.855387,-0.147387,1.24235,0.979693,-0.155313,1.21766,0.926445,0.0546454,1.23424,0.892875,-0.369126,1.21195,0.724962,0.101208,1.22593,0.676695,-0.416109,1.40263,1.1252,-0.173757,-0.0345909,0.010628,0.144972,-0.0345909,0.010628,0.144972,0.510819,-0.459661,-0.12476,0.0484584,-0.214193,-0.0428588,-0.42992,-0.169588,-0.641038,0,0,-0.0407972,0,0,-0.218237,0.508057,-0.397909,0.682509,0.0906143,-0.294458,-0.619758,0,0,-0.662859,0,0,0.321207,1.60976,0.336929,-4.34677,0.350159,0.241861,0.27064,1.14328,0.703508,-0.129311,1,0.984004,-0.0517799,-0.032749,-0.167279,-0.0913795,-0.0818651,-0.333032,0.397579,-0.0620576,0.013498,-0.0381019,0.65625,-0.122328
0.988455,0.00123163,0.0106313,-0.151139,0.988455,0.00123163,0.0106313,-0.151139,0.988304,-0.053,0.0307193,0.139651,0.799634,-0.14038,-0.0721698,-0.579371,0.803785,0.134854,0.130912,-0.564452,0.796017,0,0,0.605275,0.854625,0,0,0.519246,0.837098,-0.0542945,-0.0153551,-0.544135,0.98994,0.0423397,0.0168921,-0.13394,0.789507,0,0,-0.613742,0.765587,0,0,-0.643333,0.798069,-0.0884641,-0.112913,0.585245,0.597427,0.0978169,0.0801517,0.791889,0.686009,0.127678,0.0657094,1.21816,0.059014,-0.173469,0.874242,0.214921,0.0347195,1.26857,0.246218,-0.175109,1.03775,0.464294,-0.0235058,1.18699,0.529161,-0.184833,1.0477,0.713839,-0.134948,1.12147,0.851054,-0.148604,1.25447,0.97554,-0.1599,1.23456,0.923577,0.0515506,1.23865,0.889079,-0.371411,1.23008,0.722629,0.100682,1.22381,0.672268,-0.416689,1.41435,1.12125,-0.181513,-0.0773348,0.0304646,0.0793836,-0.0773348,0.0304646,0.0793836,0.431478,-0.448324,-0.104735,0.0309673,-0.250252,-0.0691115,-0.542071,-0.164211,-0.643871,0,0,-0.0166707,0,0,-0.269297,0.589828,-0.515955,1.26303,0.0903571,-0.214015,-0.733908,0,0,-1.45355,0,0,0.428789,2.04973,0.913627,-3.57253,0.320551,0.217996,0.250315,1.15637,0.698698,-0.130887,1,0.984037,-0.0538589,-0.0240078,-0.167912,-0.0983038,-0.0653827,-0.334799,0.376858,-0.127567,0.0144799,-0.0336652,0.535056,-0.0682924
0.988567,0.000500808,0.0107846,-0.150395,0.988567,0.000500808,0.0107846,-0.150395,0.989247,-0.0461172,0.0209143,0.13721,0.800114,-0.139664,-0.0745895,-0.578574,0.798986,0.129612,0.128273,-0.573034,0.796731,0,0,0.604334,0.854857,0,0,0.518863,0.853044,-0.0419575,-0.0292341,-0.519327,0.987707,0.0432466,0.0109922,-0.149811,0.766546,0,0,-0.642189,0.771039,0,0,-0.636788,0.830453,-0.0553536,-0.0923988,0.546576,0.593123,0.100913,0.0821853,0.794524,0.719346,0.133674,0.0601072,1.21891,0.0515607,-0.173116,0.912008,0.21868,0.0335073,1.27139,0.237858,-0.175323,1.06387,0.465457,-0.0218449,1.19509,0.524446,-0.184936,1.05998,0.713644,-0.134512,1.13305,0.851122,-0.14936,1.26525,0.976229,-0.163327,1.25037,0.924113,0.0488806,1.2427,0.891064,-0.373245,1.24828,0.723184,0.099013,1.22317,0.674326,-0.417366,1.42443,1.12256,-0.187295,-0.0440197,0.00920685,0.0451823,-0.0440197,0.00920685,0.0451823,0.415464,-0.591002,-0.149628,0.0476631,-0.154884,0.0578684,-0.322122,-0.155036,-0.616494,0,0,-0.0708649,0,0,-0.0268457,0.798457,-0.870518,1.76339,0.0565441,-0.35469,-0.962242,0,0,-2.19353,0,0,0.511112,2.17407,1.39094,-2.90378,0.227979,0.151728,0.281477,1.16982,0.698423,-0.132234,1,0.984477,-0.0542692,-0.0145949,-0.166276,-0.10229,-0.046801,-0.332241,0.368153,-0.00584427,0.0130951,0.0696726,0.565822,0.0700514
0.988528,0.000545266,0.0112735,-0.150618,0.988528,0.000545266,0.0112735,-0.150618,0.990114,-0.0396404,0.0106454,0.134127,0.801286,-0.138114,-0.0782154,-0.576843,0.79935,0.124526,0.125759,-0.57421,0.797586,0,0,0.603205,0.862047,0,0,0.506829,0.869471,-0.0212155,-0.0485555,-0.491134,0.98528,0.046666,0.00379676,-0.16441,0.73936,0,0,-0.67331,0.776194,0,0,-0.630494,0.829821,-0.0309421,-0.0605536,0.553871,0.589,0.101909,0.0828001,0.797394,0.756909,0.14597,0.045817,1.2203,0.0514455,-0.172494,0.950741,0.230846,0.0291357,1.27421,0.237,-0.174751,1.08986,0.474229,-0.0195809,1.20229,0.526769,-0.184147,1.07093,0.719866,-0.133798,1.14325,0.857603,-0.149871,1.27478,0.983102,-0.166237,1.26487,0.930337,0.0466128,1.24764,0.898302,-0.374494,1.26512,0.729408,0.0976877,1.22412,0.679993,-0.418266,1.4337,1.1296,-0.192167,0.00267816,0.0294604,-0.0135463,0.00267816,0.0294604,-0.0135463,0.390695,-0.618542,-0.187992,0.103588,-0.231148,0.127411,-0.328501,-0.162937,-0.0707764,0,0,-0.0850288,0,0,-0.841109,1.31713,-1.20174,1.96069,0.2083,-0.433316,-0.887617,0,0,-2.47959,0,0,0.488099,1.55308,2.02571,0.4723,0.0816209,0.0527103,0.294909,1.18268,0.704679,-0.133486,1,0.984901,-0.0552544,-0.00525389,-0.163982,-0.107367,-0.0284745,-0.328436,0.328584,0.186674,0.0214001,0.0343693,0.569434,0.108414
0.988271,-0.000624328,0.010875,-0.152318,0.988271,-0.000624328,0.010875,-0.152318,0.991605,-0.0359202,0.00332176,0.124169,0.799683,-0.140364,-0.0807302,-0.578176,0.790958,0.122893,0.11908,-0.587454,0.798546,0,0,0.601934,0.862855,0,0,0.505452,0.883751,-0.00128626,-0.0731129,-0.46221,0.981727,0.0477569,-0.00878747,-0.183995,0.712121,0,0,-0.702056,0.782212,0,0,-0.623012,0.79253,-0.0280662,-0.0434672,0.607634,0.584895,0.100985,0.0821625,0.800593,0.802529,0.155307,0.0304994,1.22076,0.0511107,-0.171309,0.992426,0.243181,0.0237765,1.27617,0.23588,-0.173458,1.11715,0.483669,-0.0176896,1.20923,0.529205,-0.183165,1.08184,0.726249,-0.133142,1.15262,0.864701,-0.149519,1.28313,0.99091,-0.167978,1.27801,0.937566,0.0456752,1.24787,0.909231,-0.374349,1.27928,0.736447,0.0969892,1.21661,0.691297,-0.416164,1.44249,1.13696,-0.196222,-0.0704485,-0.0239476,-0.103218,-0.0704485,-0.0239476,-0.103218,0.225035,-0.440971,-0.603211,-0.150042,-0.164811,-0.107683,-0.0805598,-0.40613,-0.969612,0,0,-0.0955165,0,0,-0.095762,1.25106,-1.51798,1.96128,0.0692149,-0.759413,-1.19411,0,0,-2.37624,0,0,0.576169,0.158533,1.04962,3.95326,-0.0525986,-0.0347865,0.31854,1.195,0.711597,-0.134185,1,0.98599,-0.0519652,0.00599712,-0.15839,-0.104566,-0.00463533,-0.318316,0.327429,0.191469,0.019675,0.306925,0.651409,0.304961
0.98836,-0.0028009,0.0119478,-0.15164,0.98836,-0.0028009,0.0119478,-0.15164,0.992553,-0.0321811,-0.00611773,0.117326,0.798868,-0.143024,-0.0832368,-0.578295,0.782689,0.121339,0.110981,-0.600298,0.799356,0,0,0.600858,0.862607,0,0,0.505875,0.903229,0.0155478,-0.0870565,-0.419949,0.979084,0.0493189,-0.0147767,-0.196835,0.686258,0,0,-0.727358,0.786519,0,0,-0.617566,0.747132,-0.027968,-0.0323013,0.663301,0.580875,0.0974404,0.0798371,0.804186,0.856323,0.159528,0.0155042,1.22162,0.0504662,-0.169759,1.03887,0.254343,0.0174889,1.27844,0.234455,-0.171395,1.14432,0.49405,-0.0168373,1.21584,0.530412,-0.18166,1.09134,0.730667,-0.132843,1.16152,0.869425,-0.149352,1.29124,0.996269,-0.169222,1.28927,0.943424,0.0454618,1.25028,0.916336,-0.373078,1.29212,0.742448,0.0980971,1.21282,0.69872,-0.41092,1.45055,1.14235,-0.199113,-0.131102,0.0646017,0.0411399,-0.131102,0.0646017,0.0411399,0.225588,-0.567843,-0.413975,-0.173974,-0.162927,-0.0188158,-0.0763498,-0.50097,-0.948151,0,0,-0.08085,0,0,0.0294239,1.04449,-0.833606,2.81727,0.0969429,-0.362352,-0.785703,0,0,-2.17099,0,0,0.416555,-0.0245388,0.684848,4.32422,-0.236669,-0.153414,0.345315,1.20751,0.71679,-0.134625,1,0.986314,-0.0504833,0.00809546,-0.156752,-0.102301,0.000142571,-0.315226,0.285056,0.132538,0.00897411,0.109211,0.115042,0.0928579
0.988586,-0.0046034,0.0137042,-0.149964,0.988586,-0.0046034,0.0137042,-0.149964,0.992766,-0.0280739,-0.0174075,0.115436,0.799982,-0.145446,-0.0855304,-0.575811,0.777584,0.117008,0.103622,-0.609044,0.800314,0,0,0.59958,0.863531,0,0,0.504296,0.923806,0.0303925,-0.0928992,-0.370173,0.977149,0.0515216,-0.0174192,-0.205478,0.665234,0,0,-0.746635,0.788461,0,0,-0.615085,0.709301,-0.0219463,-0.0220582,0.704218,0.575627,0.0925272,0.0766941,0.808832,0.915465,0.159616,0.00293471,1.22276,0.0495899,-0.168225,1.08861,0.264544,0.0115126,1.28133,0.23257,-0.169137,1.17145,0.50513,-0.0169011,1.22282,0.5301,-0.18005,1.10033,0.732901,-0.132946,1.1703,0.871794,-0.149567,1.29933,0.999271,-0.170221,1.29983,0.946726,0.0453658,1.25524,0.919961,-0.371339,1.30536,0.745888,0.0992724,1.21375,0.702166,-0.405153,1.45794,1.14609,-0.200843,-0.10855,0.105728,0.101607,-0.10855,0.105728,0.101607,0.247165,-0.679,-0.114195,-0.152055,-0.1454,0.175101,-0.266101,-0.463868,-0.641313,0,0,-0.0958031,0,0,-0.109771,0.907144,-0.321296,3.2503,0.135119,-0.160349,-0.530337,0,0,-1.71152,0,0,0.189057,0.374246,0.651195,3.3583,-0.330238,-0.20858,0.449553,1.22048,0.720171,-0.13501,1,0.986337,-0.0505138,0.00572656,-0.156697,-0.101618,-0.00453413,-0.314872,0.26951,0.0670352,-0.00309701,-0.0239901,-0.139745,0.0106789
0.987994,-0.00346509,0.0121772,-0.15397,0.987994,-0.00346509,0.0121772,-0.15397,0.993052,-0.0257008,-0.0249025,0.112103,0.801693,-0.149746,-0.0860804,-0.572236,0.772202,0.107481,0.0984855,-0.618428,0.802266,0,0,0.596966,0.864815,0,0,0.502091,0.932975,0.0478328,-0.111998,-0.338712,0.971967,0.0518002,-0.0353303,-0.2266,0.654679,0,0,-0.755907,0.78923,0,0,-0.614098,0.675288,-0.0112597,-0.0112647,0.737382,0.566443,0.0894661,0.0749226,0.815797,0.974494,0.155454,-0.00981435,1.22211,0.0487158,-0.166572,1.13725,0.270598,0.00433036,1.28384,0.229879,-0.167514,1.20048,0.513455,-0.0182912,1.23144,0.528808,-0.179474,1.11198,0.734311,-0.133242,1.17926,0.874478,-0.149388,1.30679,1.0032,-0.170637,1.31262,0.947186,0.0447644,1.25674,0.928084,-0.369236,1.32128,0.745224,0.0959281,1.20984,0.710959,-0.402464,1.46471,1.15079,-0.201715,0.0685179,-0.0918243,-0.243111,0.0685179,-0.0918243,-0.243111,0.142876,-0.450645,-0.2011,-0.270676,-0.0319055,0.253227,-0.604144,-0.320425,-0.68943,0,0,-0.195741,0,0,-0.153145,1.06453,-1.1542,2.00296,0.0223258,-1.08667,-1.30105,0,0,-0.84294,0,0,0.0750589,0.701583,0.7087,2.86325,-0.1909,-0.104219,0.709526,1.23374,0.723095,-0.135741,1,0.988046,-0.0452988,0.0194795,-0.14606,-0.0953799,0.0252633,-0.294734,0.34955,0.0422809,-0.00887864,0.446789,0.796568,0.602137
0.987656,-0.00230629,0.0119798,-0.156164,0.987656,-0.00230629,0.0119798,-0.156164,0.992919,-0.0217908,-0.0373185,0.110653,0.80231,-0.154034,-0.0869622,-0.570096,0.763615,0.0985579,0.0916747,-0.631486,0.803165,0,0,0.595757,0.86287,0,0,0.505426,0.943553,0.0633427,-0.117611,-0.303088,0.966906,0.0543787,-0.0457508,-0.245034,0.658043,0,0,-0.75298,0.790771,0,0,-0.612112,0.647101,-0.00413717,-0.00670069,0.762363,0.56003,0.0856883,0.0727648,0.82081,1.04076,0.145638,-0.0194765,1.22232,0.0483391,-0.165354,1.18858,0.275707,-0.00300636,1.28672,0.228012,-0.165982,1.22805,0.525227,-0.020995,1.23994,0.52845,-0.178488,1.12318,0.736998,-0.133334,1.18829,0.878119,-0.149541,1.31438,1.00808,-0.171345,1.32393,0.950248,0.0442435,1.25894,0.936652,-0.366797,1.33545,0.747835,0.093981,1.20681,0.720833,-0.397248,1.47122,1.15687,-0.202558,0.069792,-0.0118103,-0.133225,0.069792,-0.0118103,-0.133225,0.235092,-0.746786,-0.086908,-0.273519,-0.0554426,0.14591,-0.559524,-0.423639,-0.981041,0,0,-0.0903868,0,0,0.231644,0.937868,-0.318319,2.25392,0.161816,-0.635889,-1.14192,0,0,0.267558,0,0,0.15082,0.477457,0.302877,2.26355,-0.250133,-0.13835,0.509467,1.24711,0.727128,-0.136475,1,0.989114,-0.0438677,0.0270338,-0.137837,-0.0944539,0.0413978,-0.278881,0.336068,0.0806339,-0.00276268,0.16356,0.456414,0.474677
0.987787,-0.00207377,0.0118754,-0.155342,0.987787,-0.00207377,0.0118754,-0.155342,0.992898,-0.0179239,-0.048905,0.106958,0.803328,-0.160676,-0.0894443,-0.566434,0.756705,0.0869154,0.0870649,-0.642077,0.806481,0,0,0.591261,0.86348,0,0,0.504384,0.956052,0.0735021,-0.119659,-0.25738,0.964637,0.0540972,-0.0542912,-0.252194,0.667938,0,0,-0.744217,0.78971,0,0,-0.61348,0.626222,0.000493796,-0.00466235,0.779631,0.553868,0.0828815,0.0712898,0.825396,1.11239,0.133583,-0.0257226,1.22332,0.0480397,-0.163821,1.24155,0.279925,-0.00895819,1.29026,0.226251,-0.164474,1.25324,0.536288,-0.0239958,1.24773,0.526874,-0.177758,1.13315,0.736705,-0.133293,1.19768,0.878153,-0.149148,1.32294,1.0089,-0.171209,1.33649,0.949271,0.0451322,1.26299,0.940763,-0.363421,1.35073,0.746033,0.0943831,1.20554,0.725846,-0.391762,1.47928,1.15839,-0.202337,0.0140146,-0.0063192,0.0499275,0.0140146,-0.0063192,0.0499275,0.232553,-0.696855,-0.222183,-0.423195,-0.157441,0.249103,-0.744657,-0.285924,-0.799648,0,0,-0.335223,0,0,-0.072431,0.602165,-0.0940812,2.86224,-0.0145572,-0.520685,-0.446164,0,0,0.793057,0,0,-0.103828,0.316269,0.136401,1.62652,-0.183247,-0.091199,0.47588,1.26082,0.728368,-0.136622,1,0.989253,-0.041153,0.0326649,-0.136444,-0.0905883,0.0534231,-0.276545,0.298933,-0.00880487,0.00124551,0.210305,0.315177,0.0645775
0.988008,-0.00261239,0.012188,-0.153897,0.988008,-0.00261239,0.012188,-0.153897,0.992633,-0.0134337,-0.0614145,0.103575,0.803726,-0.163668,-0.0909568,-0.564769,0.748389,0.0762408,0.0827089,-0.653652,0.807721,0,0,0.589565,0.86311,0,0,0.505017,0.965914,0.0801702,-0.11742,-0.216325,0.962379,0.0518176,-0.0594842,-0.260006,0.686509,0,0,-0.727121,0.788329,0,0,-0.615254,0.610427,0.00816044,-0.000274727,0.79203,0.546596,0.0817643,0.0710082,0.830364,1.18699,0.122031,-0.0305058,1.22464,0.0478188,-0.1622,1.29411,0.283751,-0.0144338,1.29443,0.224318,-0.163128,1.27653,0.547071,-0.0271447,1.25658,0.524996,-0.177161,1.14397,0.736253,-0.132945,1.20782,0.878107,-0.148285,1.33197,1.00994,-0.170486,1.34855,0.949051,0.0460255,1.26789,0.944936,-0.359514,1.36555,0.745518,0.0945377,1.20573,0.73112,-0.385396,1.48735,1.1606,-0.201385,-0.032438,0.018779,0.087782,-0.032438,0.018779,0.087782,0.269982,-0.75268,-0.202911,-0.19076,-0.0963564,0.112301,-0.682408,-0.267876,-0.891135,0,0,-0.126009,0,0,0.0439992,0.389734,0.160258,2.54411,-0.136001,-0.31807,-0.486364,0,0,1.51456,0,0,-0.134943,0.531141,0.301783,1.2039,-0.0613602,-0.00446486,0.533496,1.27488,0.729661,-0.136446,1,0.98948,-0.0382397,0.0358513,-0.13484,-0.085605,0.060673,-0.273478,0.324704,-0.0135663,0.0104528,0.202711,0.168792,0.0834821
0.988155,-0.00362847,0.0128672,-0.152874,0.988155,-0.00362847,0.0128672,-0.152874,0.991996,-0.00846771,-0.0751723,0.101103,0.803313,-0.162931,-0.0915748,-0.565469,0.73868,0.0672899,0.0782764,-0.666105,0.8068,0,0,0.590825,0.861494,0,0,0.507767,0.972473,0.0845542,-0.112274,-0.185856,0.959086,0.0485056,-0.0615427,-0.272053,0.714107,0,0,-0.700037,0.787751,0,0,-0.615993,0.601117,0.0199341,0.00814518,0.798871,0.539466,0.0830409,0.0722313,0.834783,1.26379,0.111995,-0.0342305,1.2263,0.048027,-0.160863,1.3459,0.287038,-0.0194532,1.29918,0.222683,-0.162254,1.29832,0.557501,-0.0302077,1.26675,0.523749,-0.176746,1.15615,0.737116,-0.132187,1.21869,0.879632,-0.14703,1.34126,1.01294,-0.169457,1.36004,0.95141,0.0466985,1.27316,0.950886,-0.355377,1.37977,0.748149,0.0942831,1.2071,0.738348,-0.378359,1.49505,1.16535,-0.20023,-0.061199,0.0408763,0.0620565,-0.061199,0.0408763,0.0620565,0.298583,-0.828465,-0.147336,0.0457571,-0.0406037,-0.0505136,-0.570911,-0.271848,-0.978008,0,0,0.0936169,0,0,0.191398,0.254701,0.327405,1.87418,-0.197956,-0.129266,-0.750564,0,0,2.32019,0,0,-0.0562803,0.820607,0.58524,0.684897,0.108694,0.102551,0.494281,1.28925,0.732232,-0.136081,1,0.99005,-0.0355781,0.0376924,-0.130821,-0.0805692,0.0653725,-0.265385,0.365494,0.0259112,0.0227206,0.182862,0.0957672,0.233272
0.988283,-0.00468946,0.0134837,-0.151962,0.988283,-0.00468946,0.0134837,-0.151962,0.991168,-0.00399855,-0.0890625,0.0981725,0.802623,-0.164351,-0.0940339,-0.565635,0.730885,0.0578728,0.0750925,-0.675884,0.808026,0,0,0.589147,0.861699,0,0,0.507419,0.976976,0.0870427,-0.107473,-0.162453,0.955843,0.0452474,-0.0623973,-0.283591,0.749279,0,0,-0.662255,0.787927,0,0,-0.615769,0.603721,0.0323876,0.0190595,0.796309,0.536424,0.0874147,0.0750794,0.836045,1.34334,0.104719,-0.0363013,1.22895,0.0493633,-0.160265,1.39745,0.290723,-0.0234406,1.30455,0.222622,-0.162275,1.31817,0.567806,-0.0329316,1.27702,0.524247,-0.176692,1.16859,0.739639,-0.13099,1.22988,0.882754,-0.145472,1.35091,1.01741,-0.168433,1.37278,0.955437,0.0479753,1.27899,0.957745,-0.351179,1.39503,0.752144,0.0957001,1.2094,0.746009,-0.371498,1.50322,1.17132,-0.19956,-0.0638997,0.0371025,0.0553101,-0.0638997,0.0371025,0.0553101,0.268801,-0.837131,-0.17469,-0.093895,-0.159586,-0.0198981,-0.608719,-0.194942,-0.776115,0,0,-0.124709,0,0,-0.0242614,0.142695,0.300595,1.43215,-0.19516,-0.0561792,-0.720919,0,0,3.0975,0,0,0.0171005,0.863302,0.7573,-0.237175,0.320065,0.210095,0.167301,1.30385,0.736086,-0.135562,1,0.990499,-0.0329764,0.0409293,-0.127079,-0.0760027,0.0727639,-0.257969,0.37295,0.0756881,0.0359041,0.189381,0.178836,0.213025
0.988352,-0.00370641,0.0131837,-0.15157,0.988352,-0.00370641,0.0131837,-0.15157,0.989956,-0.00130249,-0.102354,0.097511,0.801987,-0.165099,-0.0960097,-0.565988,0.724607,0.0480205,0.0722186,-0.683684,0.807541,0,0,0.589811,0.86056,0,0,0.509349,0.977395,0.0888109,-0.107467,-0.158941,0.948681,0.0489165,-0.0683109,-0.30487,0.79325,0,0,-0.608896,0.793661,0,0,-0.608361,0.61662,0.0397492,0.0280198,0.785757,0.533787,0.0912268,0.0775149,0.837103,1.42153,0.0990612,-0.0349243,1.2299,0.0504367,-0.159934,1.44651,0.292405,-0.0254045,1.30757,0.222579,-0.162048,1.33743,0.577363,-0.0349081,1.2865,0.526977,-0.175596,1.18289,0.746524,-0.128977,1.24198,0.890521,-0.143974,1.36067,1.02701,-0.168303,1.38737,0.964169,0.0477887,1.28438,0.969402,-0.347376,1.41352,0.761218,0.0944311,1.21364,0.758119,-0.365023,1.51032,1.18326,-0.200822,0.0592196,-0.0180916,0.0238269,0.0592196,-0.0180916,0.0238269,0.162209,-0.802352,-0.0374251,-0.050563,-0.128464,-0.0311473,-0.643007,-0.178328,-0.623505,0,0,0.0493355,0,0,0.1345,0.106152,0.00125964,0.213669,0.230727,-0.3703,-1.34122,0,0,4.14937,0,0,0.56207,0.496711,0.611998,-1.01922,0.279603,0.180181,0.14286,1.31846,0.743162,-0.135029,1,0.990882,-0.0325596,0.0513604,-0.120227,-0.0772939,0.0940939,-0.245128,0.429133,0.206535,0.0604036,0.121888,0.629374,0.388445
0.988594,-0.00435691,0.0132324,-0.149962,0.988594,-0.00435691,0.0132324,-0.149962,0.988564,0.00287757,-0.116015,0.0962956,0.800568,-0.162571,-0.0978269,-0.568411,0.715466,0.0402006,0.0691247,-0.694056,0.80782,0,0,0.58943,0.856877,0,0,0.515521,0.978239,0.0843329,-0.105171,-0.157717,0.942544,0.0489288,-0.0706614,-0.322836,0.834052,0,0,-0.551686,0.797538,0,0,-0.603269,0.6485,0.0457745,0.0393829,0.758816,0.527984,0.0906455,0.0775534,0.840834,1.49713,0.0957434,-0.0324441,1.23067,0.0509481,-0.15912,1.49377,0.293373,-0.0263804,1.31089,0.221412,-0.161881,1.35562,0.582915,-0.0363673,1.29656,0.527733,-0.174548,1.1976,0.750776,-0.126001,1.25496,0.895496,-0.14117,1.3713,1.03378,-0.166975,1.40235,0.970691,0.0484248,1.28988,0.97856,-0.342244,1.43143,0.767956,0.0945949,1.21788,0.768454,-0.356627,1.51813,1.19239,-0.201013,-0.0391607,0.00287362,0.0975882,-0.0391607,0.00287362,0.0975882,0.251728,-0.825689,-0.0704703,0.15706,-0.120131,-0.174888,-0.508298,-0.188725,-0.848051,0,0,-0.0283251,0,0,0.431244,-0.27217,0.140664,0.076722,0.0070251,-0.152559,-1.13823,0,0,4.21697,0,0,0.383976,0.375857,0.750205,-2.52992,-0.0254539,0.0165398,0.416239,1.33327,0.74786,-0.133593,1,0.990998,-0.0306445,0.0603012,-0.115528,-0.0752176,0.112675,-0.236351,0.441235,0.12757,0.0892835,0.193071,0.526573,0.256857
0.988955,-0.00397356,0.0135208,-0.147548,0.988955,-0.00397356,0.0135208,-0.147548,0.987054,0.0078055,-0.129891,0.093768,0.798352,-0.15862,-0.099109,-0.572409,0.705406,0.0353479,0.0668421,-0.704758,0.807384,0,0,0.590026,0.853918,0,0,0.520407,0.978405,0.0774086,-0.101965,-0.162281,0.93709,0.0498103,-0.0698396,-0.338384,0.871834,0,0,-0.489801,0.799945,0,0,-0.600073,0.686973,0.0484868,0.0479623,0.723476,0.523514,0.0903693,0.0776776,0.843642,1.56833,0.0960132,-0.028342,1.23209,0.0521054,-0.158116,1.53781,0.294528,-0.026028,1.31509,0.22083,-0.161864,1.3727,0.586377,-0.0371005,1.30721,0.528353,-0.173493,1.21259,0.754587,-0.122674,1.26828,0.899953,-0.138446,1.38213,1.04011,-0.165734,1.4169,0.976919,0.0486975,1.29567,0.987394,-0.337801,1.44851,0.774521,0.0941707,1.22219,0.778447,-0.349554,1.52609,1.20114,-0.200943,0.0231177,0.0172674,0.146496,0.0231177,0.0172674,0.146496,0.297046,-0.839702,-0.14937,0.245911,-0.0876833,-0.287233,-0.313232,-0.134368,-0.892919,0,0,0.0443031,0,0,0.342703,-0.418759,0.194076,-0.275289,0.0596327,0.0422767,-0.989947,0,0,4.35143,0,0,0.240113,0.135104,0.535752,-3.15398,-0.007365,0.0195888,0.317381,1.34791,0.7522,-0.132042,1,0.990859,-0.0307771,0.0693328,-0.111554,-0.0771968,0.130905,-0.229285,0.449712,0.114317,0.0997911,0.068839,0.545753,0.219205
0.98938,-0.00286443,0.0137358,-0.144673,0.98938,-0.00286443,0.0137358,-0.144673,0.98547,0.0130606,-0.143271,0.090289,0.795536,-0.154022,-0.100005,-0.577407,0.697515,0.0314098,0.0669594,-0.712743,0.806186,0,0,0.591663,0.854541,0,0,0.519383,0.977717,0.0669499,-0.099622,-0.172226,0.932267,0.0513871,-0.0683099,-0.351527,0.905091,0,0,-0.425218,0.801004,0,0,-0.598659,0.721545,0.046846,0.0502902,0.688948,0.522252,0.0938658,0.0797823,0.843846,1.63368,0.100138,-0.0228222,1.23437,0.054507,-0.156747,1.57804,0.29604,-0.0245362,1.32036,0.221612,-0.1618,1.38911,0.588364,-0.0371213,1.31851,0.529678,-0.17234,1.22802,0.758636,-0.118987,1.2821,0.904591,-0.135578,1.39335,1.04661,-0.164403,1.43183,0.983178,0.0487583,1.30221,0.995923,-0.333804,1.46572,0.7812,0.093019,1.22709,0.787318,-0.344168,1.53442,1.21003,-0.200646,0.0668181,0.0128295,0.174381,0.0668181,0.0128295,0.174381,0.317094,-0.810841,-0.206756,0.285719,-0.0643756,-0.360417,-0.256199,0.0215019,-0.678082,0,0,0.121705,0,0,-0.0719118,-0.631141,0.14021,-0.603461,0.101867,0.086809,-0.841291,0,0,4.35953,0,0,0.105974,-0.152034,0.111457,-2.93421,0.254766,0.154267,0.0475301,1.36257,0.756731,-0.130302,1,0.99041,-0.0317253,0.0799335,-0.108134,-0.0811536,0.152058,-0.223685,0.462819,0.121466,0.110634,0.0279797,0.644775,0.184716
0.989822,-0.00434879,0.0133594,-0.141618,0.989822,-0.00434879,0.0133594,-0.141618,0.983888,0.018545,-0.154888,0.0873508,0.792534,-0.148472,-0.101195,-0.582757,0.695979,0.0233115,0.0716271,-0.7141,0.805627,0,0,0.592423,0.860996,0,0,0.508613,0.976828,0.0469106,-0.10029,-0.183165,0.928449,0.0487307,-0.0706351,-0.361413,0.93168,0,0,-0.36328,0.800565,0,0,-0.599246,0.74388,0.0407748,0.0446778,0.66557,0.523323,0.103345,0.0851564,0.841547,1.6929,0.107274,-0.0174825,1.2374,0.0580896,-0.154478,1.61505,0.297336,-0.0230277,1.32666,0.223574,-0.161309,1.40583,0.588148,-0.0367893,1.33053,0.531479,-0.171025,1.24431,0.76194,-0.114295,1.29724,0.908409,-0.130724,1.40599,1.0521,-0.161285,1.44948,0.988197,0.050109,1.3105,1.00192,-0.327659,1.48527,0.786387,0.0929311,1.23409,0.792001,-0.337865,1.54405,1.21773,-0.199269,-0.0893391,-0.0227793,0.185203,-0.0893391,-0.0227793,0.185203,0.331257,-0.705384,-0.174354,0.347165,-0.0839586,-0.386465,-0.540774,0.31509,-0.119322,0,0,0.0566305,0,0,-0.753397,-1.21052,-0.0421728,-0.664528,-0.159143,-0.148464,-0.636113,0,0,4.045,0,0,-0.0439871,-0.425261,-0.397048,-1.92318,0.677747,0.383345,-0.193078,1.37804,0.760461,-0.127469,1,0.989543,-0.0274225,0.0934733,-0.106372,-0.0754484,0.18013,-0.220986,0.488888,0.0991219,0.140748,0.350356,0.784219,0.0526704
0.990479,-0.0052178,0.0131089,-0.136942,0.990479,-0.0052178,0.0131089,-0.136942,0.982441,0.0214221,-0.16644,0.081534,0.787899,-0.144829,-0.103688,-0.589482,0.691351,0.0167136,0.0731413,-0.718614,0.805662,0,0,0.592375,0.861526,0,0,0.507714,0.973233,0.0213735,-0.0987253,-0.20643,0.920866,0.0549595,-0.0737299,-0.378879,0.952178,0,0,-0.305544,0.80267,0,0,-0.596423,0.746659,0.0369228,0.0401845,0.662965,0.52079,0.109431,0.0887161,0.841981,1.74084,0.11364,-0.011615,1.23873,0.0609073,-0.153963,1.64615,0.29602,-0.0204781,1.33147,0.224285,-0.161165,1.42392,0.586962,-0.0352592,1.34323,0.53287,-0.168354,1.26304,0.766479,-0.10857,1.31347,0.913854,-0.125737,1.41777,1.0604,-0.158835,1.46799,0.997399,0.0511649,1.3171,1.00996,-0.320882,1.50791,0.796253,0.0935142,1.24323,0.798904,-0.329022,1.55074,1.22956,-0.199853,-0.0522495,-0.0152591,0.28332,-0.0522495,-0.0152591,0.28332,0.17419,-0.701771,-0.348505,0.219012,-0.172286,-0.49918,-0.43959,0.110175,-0.388809,0,0,-0.00355755,0,0,-0.0626163,-1.54261,0.0873513,-1.42195,0.391771,-0.202135,-1.13479,0,0,3.67657,0,0,0.211275,-0.25568,-0.29804,-0.21698,0.445643,0.262612,0.0971472,1.3932,0.765405,-0.124384,1,0.988445,-0.0264388,0.109632,-0.101288,-0.0762708,0.21298,-0.212388,0.561811,0.13617,0.171762,0.188244,0.96765,0.262747
0.990865,-0.00588511,0.0134299,-0.13406,0.990865,-0.00588511,0.0134299,-0.13406,0.980468,0.0274107,-0.179606,0.0753199,0.782013,-0.137758,-0.104268,-0.598837,0.687438,0.0138193,0.076112,-0.722112,0.804055,0,0,0.594555,0.862903,0,0,0.50537,0.968327,-0.00817337,-0.0928093,-0.231651,0.914614,0.0626145,-0.0753663,-0.392277,0.966617,0,0,-0.256227,0.802042,0,0,-0.597267,0.735822,0.0455378,0.0497551,0.673808,0.521282,0.119945,0.0945607,0.839605,1.77982,0.119045,-0.0088028,1.24331,0.0648372,-0.153969,1.67265,0.293316,-0.0184034,1.33974,0.226213,-0.161112,1.44196,0.584732,-0.0329419,1.35818,0.534286,-0.165198,1.28249,0.770123,-0.102354,1.33058,0.918252,-0.120301,1.4311,1.06695,-0.155787,1.48592,1.00507,0.0522813,1.32543,1.01635,-0.314514,1.5273,0.804502,0.0939249,1.25272,0.804476,-0.321544,1.56016,1.23863,-0.199117,-0.0401201,0.0192178,0.174503,-0.0401201,0.0192178,0.174503,0.362531,-0.801797,-0.372024,0.437661,-0.0522469,-0.689238,-0.192654,0.206988,-0.308532,0,0,0.162496,0,0,-0.163113,-1.78962,0.348838,-1.55019,0.480181,-0.11094,-0.878251,0,0,3.08356,0,0,-0.0631116,0.577833,0.641692,0.893932,0.754179,0.418797,-0.183674,1.40904,0.769278,-0.121019,1,0.987293,-0.026243,0.12394,-0.0959335,-0.077948,0.242051,-0.203213,0.583517,0.109341,0.186483,0.131962,0.86348,0.286573
0.991242,-0.00725895,0.0140089,-0.131111,0.991242,-0.00725895,0.0140089,-0.131111,0.978447,0.0329267,-0.191901,0.0687778,0.776755,-0.129797,-0.103473,-0.607534,0.68316,0.0123745,0.079285,-0.725846,0.802735,0,0,0.596335,0.864303,0,0,0.502972,0.962688,-0.0353515,-0.0857316,-0.254228,0.908542,0.0717077,-0.076295,-0.404461,0.975355,0,0,-0.220643,0.800812,0,0,-0.598916,0.717424,0.0584855,0.0631291,0.691301,0.52478,0.132804,0.101608,0.834653,1.81051,0.123459,-0.0078144,1.24896,0.0696557,-0.154406,1.69586,0.291185,-0.0161898,1.34939,0.229068,-0.160896,1.461,0.583645,-0.0293538,1.37451,0.53622,-0.161332,1.30303,0.774099,-0.0955221,1.34885,0.922915,-0.114229,1.44554,1.07364,-0.152105,1.50456,1.01323,0.0537206,1.33508,1.02244,-0.307652,1.54739,0.81317,0.0946231,1.26341,0.809785,-0.313315,1.57067,1.24766,-0.197919,-0.0826273,0.0347391,0.178512,-0.0826273,0.0347391,0.178512,0.334487,-0.750416,-0.392277,0.499209,0.038394,-0.640394,-0.0956318,0.221991,-0.332416,0,0,0.132954,0,0,-0.166598,-1.65223,0.41926,-1.39856,0.571032,-0.0673211,-0.805363,0,0,2.1986,0,0,-0.123412,0.88064,0.910905,1.47473,0.910036,0.495631,-0.446112,1.42556,0.773508,-0.117119,1,0.986126,-0.0262514,0.136369,-0.0909391,-0.0794814,0.267354,-0.194611,0.616214,0.119267,0.204945,0.106357,0.752923,0.26964
0.991616,-0.00817329,0.0145696,-0.128138,0.991616,-0.00817329,0.0145696,-0.128138,0.976661,0.0378522,-0.202093,0.0621171,0.772723,-0.121625,-0.100945,-0.61475,0.679043,0.0109747,0.0829983,-0.729309,0.802091,0,0,0.597202,0.865608,0,0,0.500722,0.957291,-0.0542978,-0.0797752,-0.272547,0.901682,0.0831829,-0.0766663,-0.417339,0.979561,0,0,-0.201147,0.799952,0,0,-0.600064,0.698976,0.0689072,0.0727427,0.708091,0.529354,0.145957,0.108786,0.828641,1.83429,0.125657,-0.00673097,1.25467,0.0746632,-0.155066,1.71696,0.289779,-0.0134642,1.35932,0.231961,-0.160382,1.4818,0.584148,-0.0247841,1.3917,0.538079,-0.156808,1.32471,0.778278,-0.0883679,1.36821,0.927739,-0.107959,1.46104,1.08041,-0.147995,1.52381,1.0213,0.0551949,1.34636,1.02833,-0.300619,1.56826,0.8215,0.0947648,1.27592,0.814894,-0.305201,1.58224,1.25667,-0.195988,-0.0549597,0.0336316,0.179852,-0.0549597,0.0336316,0.179852,0.299047,-0.623332,-0.400279,0.518543,0.154252,-0.528336,-0.092971,0.258805,-0.312157,0,0,0.0647609,0,0,-0.156066,-1.15718,0.353,-1.14345,0.722639,-0.0343526,-0.859013,0,0,1.19668,0,0,-0.0861131,0.724488,0.672663,1.45056,0.923569,0.499954,-0.548037,1.44279,0.777923,-0.11283,1,0.98493,-0.0273905,0.147623,-0.0858531,-0.0828573,0.290147,-0.186006,0.650426,0.125379,0.214626,0.0337356,0.689867,0.285998
0.991761,-0.00536241,0.0148742,-0.127123,0.991761,-0.00536241,0.0148742,-0.127123,0.97501,0.0455752,-0.210185,0.0556773,0.769055,-0.111998,-0.0953938,-0.622022,0.677277,0.00907658,0.0892105,-0.730243,0.800927,0,0,0.598762,0.867406,0,0,0.497601,0.95277,-0.0596737,-0.0762274,-0.28785,0.893272,0.0989207,-0.0760219,-0.431857,0.980401,0,0,-0.197013,0.799257,0,0,-0.600989,0.689837,0.0712911,0.0738188,0.716654,0.531227,0.157415,0.115054,0.824488,1.85277,0.123871,-0.00449545,1.26063,0.0788217,-0.155569,1.7367,0.288026,-0.0103546,1.36955,0.233571,-0.159559,1.50466,0.585334,-0.0199202,1.40966,0.538429,-0.15197,1.34726,0.781498,-0.0816062,1.38821,0.931517,-0.102575,1.47799,1.08564,-0.144058,1.54237,1.02647,0.0558469,1.36021,1.03336,-0.295136,1.58625,0.826285,0.0924266,1.29021,0.819327,-0.301097,1.59686,1.26345,-0.192282,0.169142,0.0182828,0.0614574,0.169142,0.0182828,0.0614574,0.468552,-0.496404,-0.387549,0.615844,0.352327,-0.528154,-0.127461,0.422718,-0.0970757,0,0,0.116786,0,0,-0.21614,-0.332825,0.208805,-0.958445,0.994584,0.0260718,-0.979857,0,0,0.253084,0,0,-0.0694092,0.176347,0.0895209,0.743166,0.811811,0.442381,-0.344827,1.46085,0.781103,-0.108774,1,0.983559,-0.032113,0.159123,-0.0791255,-0.0929978,0.313018,-0.175236,0.676572,0.0965837,0.202849,-0.162511,0.727165,0.413456
0.992093,-0.00614631,0.0176048,-0.124112,0.992093,-0.00614631,0.0176048,-0.124112,0.973025,0.0465524,-0.218865,0.0561459,0.765293,-0.110327,-0.0938,-0.627181,0.677483,0.00195759,0.0885207,-0.730189,0.798324,0,0,0.602228,0.86945,0,0,0.49402,0.950609,-0.0655731,-0.0509565,-0.299076,0.88277,0.124405,-0.0567862,-0.449463,0.978238,0,0,-0.207484,0.799591,0,0,-0.600545,0.689941,0.0724084,0.0751044,0.716308,0.528276,0.166937,0.120048,0.823799,1.86707,0.120374,-0.00368505,1.26612,0.082608,-0.157712,1.75581,0.287884,-0.0081911,1.37968,0.233895,-0.159386,1.52999,0.589022,-0.012642,1.42962,0.537148,-0.144311,1.37224,0.784828,-0.0703694,1.40922,0.93522,-0.0959686,1.49348,1.09092,-0.143089,1.56283,1.03878,0.0564357,1.37425,1.0316,-0.288467,1.61172,0.841087,0.096266,1.31043,0.815016,-0.286384,1.60531,1.27131,-0.197997,-0.047123,0.164169,0.181982,-0.047123,0.164169,0.181982,0.0610111,-0.534064,0.0306291,0.0986377,0.0951418,-0.393301,-0.479989,-0.0469928,0.00762591,0,0,0.260122,0,0,-0.247358,-0.362588,1.53829,-0.697804,1.61454,1.18396,-1.19909,0,0,-0.641475,0,0,0.0333411,0.0747681,0.0860488,-0.0251664,0.696677,0.368358,0.0251609,1.4794,0.78447,-0.104328,1,0.982726,-0.0476823,0.164258,-0.0706751,-0.123569,0.321618,-0.163657,0.749391,0.099908,0.337104,-0.815387,0.40122,0.633521
0.992503,-0.00695474,0.0166429,-0.120883,0.992503,-0.00695474,0.0166429,-0.120883,0.971152,0.0502022,-0.226547,0.0549636,0.760147,-0.107026,-0.0885748,-0.634725,0.673552,0.00455521,0.0866774,-0.734026,0.795615,0,0,0.605803,0.868256,0,0,0.496116,0.951248,-0.0675598,-0.0612017,-0.294647,0.875384,0.134187,-0.0665859,-0.459634,0.972334,0,0,-0.233595,0.802081,0,0,-0.597216,0.696204,0.0582238,0.0603045,0.712933,0.531399,0.169403,0.121509,0.821069,1.88088,0.116158,0.0011232,1.26993,0.085901,-0.155817,1.77641,0.288465,-0.00582164,1.38721,0.23467,-0.156627,1.55678,0.59135,-0.00971678,1.44583,0.537213,-0.139159,1.39637,0.786709,-0.06368,1.43302,0.937295,-0.0889884,1.51515,1.0939,-0.137126,1.58811,1.04083,0.0591585,1.3908,1.0362,-0.278997,1.63573,0.842765,0.0948293,1.32723,0.819871,-0.276086,1.62417,1.27567,-0.193037,-0.0485764,-0.0580004,0.195232,-0.0485764,-0.0580004,0.195232,0.222904,-0.473741,-0.0694761,0.20167,0.329448,-0.571682,0.175599,-0.115232,-0.335214,0,0,0.269092,0,0,0.144742,-0.120311,-0.62422,0.274118,0.63292,-0.622962,-0.710305,0,0,-1.6063,0,0,0.24947,-0.961145,-1.00277,-0.342923,0.160509,0.0930491,-0.274268,1.49991,0.786557,-0.0991424,1,0.979897,-0.0436106,0.180744,-0.0723306,-0.119335,0.355344,-0.168815,0.723681,0.0564269,0.200683,0.285592,0.978001,-0.196918
0.992796,-0.00770957,0.015285,-0.118591,0.992796,-0.00770957,0.015285,-0.118591,0.969164,0.0546503,-0.234315,0.0532113,0.754162,-0.100938,-0.0826824,-0.643595,0.669084,0.00899771,0.0861299,-0.738124,0.792093,0,0,0.6104,0.867638,0,0,0.497197,0.952604,-0.0651175,-0.0752967,-0.287466,0.869192,0.143576,-0.0777778,-0.466734,0.96515,0,0,-0.261697,0.804644,0,0,-0.593757,0.698609,0.0444164,0.045577,0.712668,0.538511,0.17362,0.124176,0.815133,1.89346,0.112214,0.00446714,1.27465,0.0899747,-0.15399,1.79681,0.289137,-0.0043685,1.39561,0.236529,-0.15382,1.58434,0.593744,-0.00663304,1.46255,0.538184,-0.133627,1.42143,0.788806,-0.0562333,1.45865,0.939402,-0.0809119,1.53981,1.09634,-0.129795,1.61525,1.04156,0.0627337,1.40946,1.04167,-0.268422,1.6591,0.842806,0.0939259,1.34354,0.82622,-0.265458,1.64763,1.2786,-0.186318,-0.0453582,-0.0817702,0.138551,-0.0453582,-0.0817702,0.138551,0.271709,-0.480171,-0.103991,0.382765,0.372663,-0.674058,0.301033,-0.0267117,-0.364555,0,0,0.347464,0,0,0.0747129,0.150805,-0.857599,0.446132,0.607682,-0.711578,-0.5089,0,0,-1.74039,0,0,0.258291,-0.926844,-0.988491,-0.0623446,0.264206,0.163985,-0.601607,1.52193,0.788645,-0.093269,1,0.976343,-0.0376201,0.1988,-0.0762723,-0.112563,0.392452,-0.178323,0.751877,0.0629181,0.2234,0.378545,1.06386,-0.359403
0.99287,-0.00782827,0.0149174,-0.118005,0.99287,-0.00782827,0.0149174,-0.118005,0.96811,0.0572512,-0.238341,0.0517574,0.747651,-0.0940905,-0.0773639,-0.652824,0.667632,0.00652645,0.0907804,-0.738907,0.787924,0,0,0.615772,0.868623,0,0,0.495473,0.953879,-0.0616169,-0.0795676,-0.282821,0.863047,0.15744,-0.079853,-0.473271,0.958401,0,0,-0.285424,0.806605,0,0,-0.591091,0.702735,0.0381755,0.0391043,0.70935,0.548354,0.182621,0.129774,0.805677,1.90528,0.107346,0.00348209,1.28046,0.0950889,-0.156689,1.81642,0.28868,-0.00518148,1.40558,0.239235,-0.154188,1.61189,0.595556,-0.00267964,1.48112,0.53917,-0.128022,1.44782,0.7908,-0.0466866,1.48547,0.941308,-0.0713305,1.56619,1.09814,-0.121322,1.64281,1.04245,0.0681057,1.43123,1.04561,-0.256772,1.68181,0.84335,0.0963303,1.36237,0.830809,-0.254316,1.67372,1.28015,-0.179108,-0.00712707,-0.0221277,0.035431,-0.00712707,-0.0221277,0.035431,0.158917,-0.249217,-0.087023,0.433079,0.335681,-0.709194,-0.166903,0.318075,-0.0815901,0,0,0.407996,0,0,-0.119164,0.215051,-0.258269,0.290643,0.891728,-0.141206,-0.475234,0,0,-1.4801,0,0,0.198575,-0.421367,-0.436967,-0.297621,0.587946,0.360857,-0.914502,1.54519,0.790326,-0.0868804,1,0.973178,-0.0343678,0.213334,-0.0789454,-0.110483,0.422232,-0.185589,0.791916,0.0598102,0.286403,0.218014,0.86829,-0.242686
0.992701,-0.00621289,0.01499,-0.119505,0.992701,-0.00621289,0.01499,-0.119505,0.97035,0.054584,-0.229814,0.0512494,0.740741,-0.0917336,-0.0721146,-0.661579,0.672371,-0.0125191,0.105971,-0.732483,0.784192,0,0,0.620519,0.869402,0,0,0.494105,0.955153,-0.0643288,-0.078556,-0.27816,0.856911,0.170106,-0.0796959,-0.480017,0.952163,0,0,-0.30559,0.808676,0,0,-0.588254,0.728435,0.0379834,0.0408774,0.682839,0.56061,0.193623,0.136997,0.793384,1.91803,0.099297,-0.00456804,1.28579,0.100559,-0.168481,1.83623,0.286279,-0.011459,1.41547,0.241946,-0.161522,1.63875,0.594733,-0.00133327,1.50007,0.539289,-0.125806,1.47453,0.790768,-0.0377115,1.51339,0.941273,-0.0602261,1.59564,1.09782,-0.108489,1.67135,1.03807,0.0784915,1.45902,1.04913,-0.242379,1.70302,0.838024,0.101848,1.38666,0.835312,-0.24721,1.70534,1.27904,-0.164806,0.0971327,0.00441429,-0.0906142,0.0971327,0.00441429,-0.0906142,-0.164266,0.527675,-0.0331648,0.13888,0.332052,-0.688298,-1.2874,1.01467,0.52734,0,0,0.362326,0,0,-0.0944266,-0.163563,0.0637253,0.291394,0.820121,-0.00110005,-0.490444,0,0,-1.2666,0,0,0.210775,-0.0377641,0.091523,-2.21821,0.710831,0.463056,-1.16423,1.56995,0.79002,-0.080434,1,0.970898,-0.0252417,0.223929,-0.0810875,-0.094692,0.445303,-0.188103,0.801198,-0.000944046,0.269253,0.550963,0.600222,-0.27455
0.992564,-0.00814116,0.0153803,-0.120473,0.992564,-0.00814116,0.0153803,-0.120473,0.974592,0.0439865,-0.209432,0.0661389,0.745238,-0.089503,-0.0678473,-0.657272,0.672324,-0.0218631,0.109002,-0.731862,0.780941,0,0,0.624605,0.867097,0,0,0.498139,0.960211,-0.062902,-0.0795057,-0.260225,0.8534,0.177739,-0.0805223,-0.483356,0.940411,0,0,-0.34004,0.809379,0,0,-0.587287,0.739963,0.0242102,0.0254821,0.671728,0.582837,0.211549,0.153542,0.769398,1.92992,0.100583,0.0124527,1.29815,0.105345,-0.175113,1.85702,0.291998,0.00123862,1.43229,0.244647,-0.161022,1.66517,0.598761,0.00817979,1.52263,0.539682,-0.118506,1.49998,0.791552,-0.0290256,1.54118,0.941605,-0.0502051,1.62635,1.09702,-0.0969447,1.69823,1.03566,0.0898126,1.49233,1.04954,-0.23211,1.72854,0.83599,0.110753,1.41816,0.836994,-0.237997,1.73683,1.27784,-0.152744,-0.116001,0.0235186,-0.0585597,-0.116001,0.0235186,-0.0585597,-0.646024,1.25333,0.896572,0.156779,0.288345,0.357002,-0.631237,0.204913,0.0410288,0,0,0.31328,0,0,0.278771,0.0934945,-0.0495309,1.11972,0.495276,-0.0584704,-0.248753,0,0,-2.18405,0,0,0.0717089,-0.917412,-1.025,-0.928864,1.12916,1.06939,-2.19797,1.59611,0.790891,-0.0710615,1,0.973031,-0.0205698,0.212742,-0.0867612,-0.0844811,0.422937,-0.196008,0.76345,0.0234959,0.260574,0.144733,-0.711696,-0.365975
0.992308,-0.00769897,0.0148657,-0.122656,0.992308,-0.00769897,0.0148657,-0.122656,0.977097,0.0390256,-0.194696,0.0764932,0.748031,-0.101936,-0.0755905,-0.651418,0.674848,-0.0260745,0.112494,-0.728866,0.779183,0,0,0.626797,0.864215,0,0,0.503123,0.964545,-0.0528481,-0.0813394,-0.245448,0.848769,0.181709,-0.0801132,-0.490055,0.926402,0,0,-0.376536,0.810103,0,0,-0.586288,0.740776,0.0126672,0.0127464,0.671512,0.603711,0.223741,0.167788,0.746539,1.9361,0.0998087,0.0272954,1.31287,0.108396,-0.183177,1.87444,0.295077,0.0141043,1.45081,0.245397,-0.161276,1.6906,0.600466,0.018904,1.54596,0.538106,-0.111715,1.52468,0.790246,-0.0204309,1.56774,0.940102,-0.0388388,1.65641,1.09472,-0.0813053,1.72403,1.03106,0.11007,1.52761,1.04917,-0.22192,1.75547,0.832145,0.13216,1.45288,0.837875,-0.23394,1.76967,1.27514,-0.13214,0.0265575,-0.0308793,-0.131945,0.0265575,-0.0308793,-0.131945,-0.302192,0.901648,0.622666,-0.809491,-0.503319,0.429694,-0.282749,0.228334,0.251293,0,0,0.168593,0,0,0.345431,0.61609,-0.104234,0.920503,0.269586,0.017423,-0.474213,0,0,-2.34567,0,0,0.074031,-0.759898,-0.838393,-0.0278645,0.719717,0.897176,-2.04896,1.62194,0.789923,-0.0596847,1,0.976431,-0.0140399,0.196184,-0.0888631,-0.067406,0.390472,-0.194851,0.741093,-0.0391523,0.257843,0.272409,-1.04676,-0.167935
0.99162,-0.00725159,0.013583,-0.128265,0.99162,-0.00725159,0.013583,-0.128265,0.979429,0.0313177,-0.179264,0.0871866,0.754139,-0.116175,-0.0847348,-0.640779,0.675401,-0.028992,0.116724,-0.727577,0.778814,0,0,0.627255,0.859531,0,0,0.511083,0.965815,-0.0422291,-0.0790184,-0.243256,0.850779,0.174112,-0.0808177,-0.489212,0.917677,0,0,-0.397326,0.809572,0,0,-0.587021,0.740265,0.0131534,0.0122248,0.672076,0.632562,0.232555,0.181202,0.716205,1.94233,0.102084,0.0340178,1.34521,0.110768,-0.18464,1.88899,0.299842,0.0223804,1.48325,0.250013,-0.15751,1.71198,0.60536,0.0277354,1.5736,0.54356,-0.105265,1.54664,0.794464,-0.0134506,1.59028,0.944386,-0.0287065,1.68222,1.09811,-0.0667082,1.74599,1.03213,0.129562,1.55885,1.05467,-0.213022,1.78023,0.833976,0.153361,1.4832,0.845393,-0.230971,1.79833,1.27776,-0.113058,0.0268117,-0.0769666,-0.339173,0.0268117,-0.0769666,-0.339173,-0.467523,0.941563,0.64241,-0.916649,-0.587146,0.794792,-0.196465,0.283806,0.0976821,0,0,0.0353044,0,0,0.554135,0.645877,0.142996,0.139469,-0.488236,-0.0408608,0.075604,0,0,-1.35285,0,0,-0.0543409,0.0321559,-0.0341576,0.045685,0.423884,0.784859,-2.6859,1.64635,0.794006,-0.0493718,1,0.980179,-0.00712712,0.178685,-0.0852618,-0.0474427,0.35658,-0.182086,0.658677,0.126514,0.209407,0.357264,-1.1032,0.164348
0.990456,-0.00762316,0.0120256,-0.13709,0.990456,-0.00762316,0.0120256,-0.13709,0.981746,0.0202976,-0.161653,0.098135,0.763325,-0.128339,-0.0923908,-0.626361,0.673936,-0.0306947,0.119548,-0.728407,0.780378,0,0,0.625308,0.852666,0,0,0.522457,0.96387,-0.036594,-0.0749842,-0.252967,0.858916,0.154333,-0.0827457,-0.481245,0.915892,0,0,-0.401425,0.808768,0,0,-0.588127,0.742601,0.0235545,0.0226405,0.668937,0.66355,0.241071,0.194448,0.681011,1.9567,0.109857,0.040799,1.39773,0.112208,-0.173951,1.90645,0.30873,0.0311089,1.53142,0.25881,-0.145729,1.73221,0.615053,0.0360743,1.60712,0.556787,-0.0972765,1.5676,0.804944,-0.0075295,1.61013,0.955253,-0.019958,1.70438,1.10816,-0.0543847,1.76527,1.04076,0.146002,1.586,1.066,-0.205303,1.80361,0.843211,0.171961,1.51009,0.859058,-0.226927,1.82258,1.28689,-0.0982048,-0.0225355,-0.0934256,-0.534186,-0.0225355,-0.0934256,-0.534186,-0.666737,1.07154,0.656825,-0.767306,-0.480305,1.08508,-0.116082,0.195181,-0.0843636,0,0,-0.14988,0,0,0.797106,0.340549,0.241845,-0.599542,-1.27783,-0.106608,0.591647,0,0,-0.268258,0,0,-0.0820284,0.683044,0.684055,-0.245557,0.381011,0.745006,-2.99029,1.67103,0.804144,-0.0394413,1,0.98397,-0.00147091,0.161713,-0.0751655,-0.0286988,0.323641,-0.157169,0.628951,0.314412,0.177634,0.355712,-1.06348,0.559818
0.989118,-0.00807372,0.0110472,-0.146485,0.989118,-0.00807372,0.0110472,-0.146485,0.983754,0.0133627,-0.145509,0.104292,0.769786,-0.143621,-0.103474,-0.613266,0.674987,-0.0274572,0.116376,-0.728077,0.785062,0,0,0.619418,0.84415,0,0,0.536106,0.96057,-0.0389413,-0.0792362,-0.26365,0.864627,0.129201,-0.0837699,-0.478236,0.914779,0,0,-0.403955,0.810973,0,0,-0.585084,0.746903,0.0297272,0.0317893,0.663507,0.677929,0.253992,0.208073,0.657728,1.98743,0.123992,0.0683497,1.46132,0.110754,-0.150584,1.93663,0.322905,0.0554867,1.5873,0.266081,-0.124835,1.75976,0.627228,0.0509043,1.64639,0.569933,-0.0850851,1.59314,0.815518,-7.21057e-06,1.63264,0.966593,-0.0102545,1.72745,1.11952,-0.0415958,1.78614,1.05284,0.164448,1.61515,1.07632,-0.196905,1.82964,0.85592,0.19586,1.54367,0.870355,-0.220476,1.84679,1.29797,-0.0828974,-0.0273376,-0.0585973,-0.569464,-0.0273376,-0.0585973,-0.569464,-0.419188,0.980533,0.367454,-0.974235,-0.706688,0.950817,0.219331,-0.217427,0.0426067,0,0,-0.451496,0,0,0.965297,-0.14521,-0.26363,-0.666718,-1.59962,-0.0537893,0.250764,0,0,-0.165814,0,0,0.225499,0.402637,0.59808,-0.427991,0.77856,0.843829,-1.83036,1.70024,0.815384,-0.0255702,1,0.987854,0.00112909,0.143699,-0.0591011,-0.0153892,0.288006,-0.121745,0.766124,0.317213,0.225669,0.228494,-1.11161,0.942393
