1,0,0,0,1,0,0,0,1,0,0,0,0.707107,0,0,-0.707107,0.707107,0,0,-0.707107,1,0,0,0,1,0,0,0,0.706292,-0.0339281,-0.0339281,-0.706292,0.706422,0.0311027,0.0311027,-0.706423,1,0,0,0,1,0,0,0,0.707107,0,0,0.707107,0.707107,0,0,0.707107,0.030773229850746268,0.026950733242876525,0.14073953324287652,0.03077318588873813,0.02637720488466757,-0.1345233052917232,-1.25776184531886e-07,0.2260570420624152,0.12156638263229308,-1.6770187245590232e-07,0.225630170963365,-0.11694333785617367,-4.1925424151967434e-08,0.6089529443690638,0.0846945671641791,-6.2888092265943e-08,0.608807869742198,-0.08313611397557666,0.0,0.8740218724559022,0.0,0.0,1.0322851017639079,0.0,0.0,1.2169255359565807,0.0,0.0,1.1465863229308004,0.16705563093622794,0.0,1.1465863229308004,-0.16705563093622794,1.048137801899593e-08,0.8872104748982361,0.16705563093622794,1.048137801899593e-08,0.8872104748982361,-0.16705563093622794,0.0,1.436735576662144,0.0,0,0,0,0,0,0,0,0,0,0,0,0,0,0,0,0,0,0,0,0,0,0,0,0,0,0,0,0,0,0,0,0,0,0,0,0,0,0,0,0.001367671261872456,0.8569162550881954,0.0005508,1,1,0,0,0,0,0,0,0.0,0.0,0.0,0,0,0
1,0,0,0,1,0,0,0,1,0,0,0,0.712137,0,0,-0.702041,0.712058,-2.79482e-06,0.000190761,-0.70212,1,0,0,0,1,0,0,0,0.706292,-0.0339281,-0.0339281,-0.706292,0.706422,0.0311027,0.0311027,-0.706423,1,0,0,0,1,0,0,0,0.707107,0,0,0.707107,0.707107,0,0,0.707107,0.030773229850746268,0.026950733242876525,0.14073953324287652,0.03077318588873813,0.02637720488466757,-0.1345233052917232,-1.25776184531886e-07,0.2260570420624152,0.12156638263229308,-1.6770187245590232e-07,0.225630170963365,-0.11694333785617367,-4.1925424151967434e-08,0.6089529443690638,0.0846945671641791,-6.2888092265943e-08,0.608807869742198,-0.08313611397557666,0.0,0.8740218724559022,0.0,0.0,1.0322851017639079,0.0,0.0,1.2169255359565807,0.0,0.002008531831750339,1.146599511533243,0.16705563093622794,0.001977151750339213,1.146599511533243,-0.1670934382632293,0.005711763907734057,0.8872500407055631,0.16705563093622794,0.005622521031207599,0.8872500407055631,-0.16716289823609226,0.0,1.436735576662144,0.0,0,0,0,0,0,0,0,0,0,0,0,0.428338,-0.000185901,0.0126887,0.42165,0,0,0,0,0,0,0,0,0,0,0,0,0,0,0,0,0,0,0,0,0,0,0,0,0.0018293470827679785,0.8569206512890095,0.0005464389687924016,0,1,0,0,0,0,0,0,0.0,0.0,0.0,0,0,0
1,0,0,0,1,0,0,0,1,0,0,0,0.717734,0,0,-0.696317,0.717564,-1.01026e-05,0.000401136,-0.696493,1,0,0,0,1,0,0,0,0.706292,-0.0339281,-0.0339281,-0.706292,0.706422,0.0311027,0.0311027,-0.706423,1,0,0,0,1,0,0,0,0.707107,0,0,0.707107,0.707107,0,0,0.707107,0.030773229850746268,0.026950733242876525,0.14073953324287652,0.03077318588873813,0.02637720488466757,-0.1345233052917232,-1.25776184531886e-07,0.2260570420624152,0.12156638263229308,-1.6770187245590232e-07,0.225630170963365,-0.11694333785617367,-4.1925424151967434e-08,0.6089529443690638,0.0846945671641791,-6.2888092265943e-08,0.608807869742198,-0.08313611397557666,0.0,0.8740218724559022,0.0,0.0,1.0322851017639079,0.0,0.0,1.2169255359565807,0.0,0.004260410963364994,1.146652265943012,0.16705563093622794,0.004191641194029851,1.146647869742198,-0.16713476255088194,0.012115533785617366,0.8873951153324288,0.16705563093622794,0.011919990773405699,0.8873907191316147,-0.16728027679782903,0.0,1.436735576662144,0.0,0,0,0,0,0,0,0,0,0,0,0,0.480344,-0.00048466,0.0139369,0.472366,0,0,0,0,0,0,0,0,0,0,0,0,0,0,0,0,0,0,0,0,0,0,0,0,0.00234670078697422,0.8569294436906377,0.0005416471099050203,0,1,0,0,0,0,0,0,0.0,0.0,0.0,0,0,0
1,0,0,0,1,0,0,0,1,0,0,0,0.723861,0,0,-0.689946,0.723586,-2.17184e-05,0.000630695,-0.690234,1,0,0,0,1,0,0,0,0.706292,-0.0339281,-0.0339281,-0.706292,0.706422,0.0311027,0.0311027,-0.706423,1,0,0,0,1,0,0,0,0.707107,0,0,0.707107,0.707107,0,0,0.707107,0.030773229850746268,0.026950733242876525,0.14073953324287652,0.03077318588873813,0.02637720488466757,-0.1345233052917232,-1.25776184531886e-07,0.2260570420624152,0.12156638263229308,-1.6770187245590232e-07,0.225630170963365,-0.11694333785617367,-4.1925424151967434e-08,0.6089529443690638,0.0846945671641791,-6.2888092265943e-08,0.608807869742198,-0.08313611397557666,0.0,0.8740218724559022,0.0,0.0,1.0322851017639079,0.0,0.0,1.2169255359565807,0.0,0.006745266757123473,1.1467489823609227,0.16705563093622794,0.0066333394843962005,1.1467445861601087,-0.1671796037991859,0.019181811126187245,0.8876720759837178,0.16705563093622794,0.01886352618724559,0.8876544911804614,-0.1674086458616011,0.0,1.436735576662144,0.0,0,0,0,0,0,0,0,0,0,0,0,0.530312,-0.000767681,0.0151404,0.5211,0,0,0,0,0,0,0,0,0,0,0,0,0,0,0,0,0,0,0,0,0,0,0,0,0.0029173584260515605,0.8569514246947082,0.000536415630936228,0,1,0,0,0,0,0,0,0.0,0.0,0.0,0,0,0
1,0,0,0,1,0,0,0,1,0,0,0,0.730476,0,0,-0.682938,0.730085,-3.74401e-05,0.000879008,-0.683355,1,0,0,0,1,0,0,0,0.706292,-0.0339281,-0.0339281,-0.706292,0.706422,0.0311027,0.0311027,-0.706423,1,0,0,0,1,0,0,0,0.707107,0,0,0.707107,0.707107,0,0,0.707107,0.030773229850746268,0.026950733242876525,0.14073953324287652,0.03077318588873813,0.02637720488466757,-0.1345233052917232,-1.25776184531886e-07,0.2260570420624152,0.12156638263229308,-1.6770187245590232e-07,0.225630170963365,-0.11694333785617367,-4.1925424151967434e-08,0.6089529443690638,0.0846945671641791,-6.2888092265943e-08,0.608807869742198,-0.08313611397557666,0.0,0.8740218724559022,0.0,0.0,1.0322851017639079,0.0,0.0,1.2169255359565807,0.0,0.009452227408412483,1.1469028493894164,0.16705563093622794,0.009291766078697422,1.1468940569877883,-0.16722884124830392,0.026879822523744913,0.8881160922659429,0.16705563093622794,0.02642340895522388,0.8880853188602442,-0.16754844504748984,0.0,1.436735576662144,0.0,0,0,0,0,0,0,0,0,0,0,0,0.578241,-0.00103497,0.0162993,0.567856,0,0,0,0,0,0,0,0,0,0,0,0,0,0,0,0,0,0,0,0,0,0,0,0,0.0035388537313432835,0.8569865943012211,0.0005307181546811398,0,1,0,0,0,0,0,0,0.0,0.0,0.0,0,0,0
1,0,0,0,1,0,0,0,1,0,0,0,0.73754,0,0,-0.675303,0.737024,-5.70663e-05,0.00114564,-0.675865,1,0,0,0,1,0,0,0,0.706292,-0.0339281,-0.0339281,-0.706292,0.706422,0.0311027,0.0311027,-0.706423,1,0,0,0,1,0,0,0,0.707107,0,0,0.707107,0.707107,0,0,0.707107,0.030773229850746268,0.026950733242876525,0.14073953324287652,0.03077318588873813,0.02637720488466757,-0.1345233052917232,-1.25776184531886e-07,0.2260570420624152,0.12156638263229308,-1.6770187245590232e-07,0.225630170963365,-0.11694333785617367,-4.1925424151967434e-08,0.6089529443690638,0.0846945671641791,-6.2888092265943e-08,0.608807869742198,-0.08313611397557666,0.0,0.8740218724559022,0.0,0.0,1.0322851017639079,0.0,0.0,1.2169255359565807,0.0,0.012370117774762551,1.1471314518317504,0.16705563093622794,0.012155978833107192,1.147113867028494,-0.16728247489823608,0.035177475712347354,0.8887623337856173,0.16705563093622794,0.03456860189959294,0.8887095793758479,-0.16770055359565808,0.0,1.436735576662144,0.0,0,0,0,0,0,0,0,0,0,0,0,0.624129,-0.00128651,0.0174135,0.612627,0,0,0,0,0,0,0,0,0,0,0,0,0,0,0,0,0,0,0,0,0,0,0,0,0.00420861052917232,0.8570393487109905,0.0005245414925373135,0,1,0,0,0,0,0,0,0.0,0.0,0.0,0,0,0
1,0,0,0,1,0,0,0,1,0,0,0,0.745013,0,0,-0.66705,0.744363,-8.03961e-05,0.00143016,-0.667774,1,0,0,0,1,0,0,0,0.706292,-0.0339281,-0.0339281,-0.706292,0.706422,0.0311027,0.0311027,-0.706423,1,0,0,0,1,0,0,0,0.707107,0,0,0.707107,0.707107,0,0,0.707107,0.030773229850746268,0.026950733242876525,0.14073953324287652,0.03077318588873813,0.02637720488466757,-0.1345233052917232,-1.25776184531886e-07,0.2260570420624152,0.12156638263229308,-1.6770187245590232e-07,0.225630170963365,-0.11694333785617367,-4.1925424151967434e-08,0.6089529443690638,0.0846945671641791,-6.2888092265943e-08,0.608807869742198,-0.08313611397557666,0.0,0.8740218724559022,0.0,0.0,1.0322851017639079,0.0,0.0,1.2169255359565807,0.0,0.015486980189959294,1.147443582089552,0.16705563093622794,0.015214635549525101,1.1474128086838535,-0.16734006512890096,0.04404113975576662,0.8896415739484396,0.16705563093622794,0.0432666170963365,0.8895580461329715,-0.16786453188602443,0.0,1.436735576662144,0.0,0,0,0,0,0,0,0,0,0,0,0,0.667981,-0.00152232,0.0184831,0.655421,0,0,0,0,0,0,0,0,0,0,0,0,0,0,0,0,0,0,0,0,0,0,0,0,0.004923964721845318,0.8571096879240163,0.0005178548710990502,0,1,0,0,0,0,0,0,0.0,0.0,0.0,0,0,0
1,0,0,0,1,0,0,0,1,0,0,0,0.752852,0,0,-0.65819,0.752061,-0.000107228,0.00173212,-0.659091,1,0,0,0,1,0,0,0,0.706292,-0.0339281,-0.0339281,-0.706292,0.706422,0.0311027,0.0311027,-0.706423,1,0,0,0,1,0,0,0,0.707107,0,0,0.707107,0.707107,0,0,0.707107,0.030773229850746268,0.026950733242876525,0.14073953324287652,0.03077318588873813,0.02637720488466757,-0.1345233052917232,-1.25776184531886e-07,0.2260570420624152,0.12156638263229308,-1.6770187245590232e-07,0.225630170963365,-0.11694333785617367,-4.1925424151967434e-08,0.6089529443690638,0.0846945671641791,-6.2888092265943e-08,0.608807869742198,-0.08313611397557666,0.0,0.8740218724559022,0.0,0.0,1.0322851017639079,0.0,0.0,1.2169255359565807,0.0,0.018790593215739483,1.1478480325644504,0.16705563093622794,0.01845573459972863,1.1478040705563095,-0.1674020515603799,0.05343582089552239,0.8907977747625508,0.16705563093622794,0.05248360379918589,0.8906702849389417,-0.1680412591587517,0.0,1.436735576662144,0.0,0,0,0,0,0,0,0,0,0,0,0,0.709802,-0.00174239,0.019508,0.696237,0,0,0,0,0,0,0,0,0,0,0,0,0,0,0,0,0,0,0,0,0,0,0,0,0.005682045590230665,0.8572020081411126,0.0005106494979647218,0,1,0,0,0,0,0,0,0.0,0.0,0.0,0,0,0
1,0,0,0,1,0,0,0,1,0,0,0,0.761015,0,0,-0.648734,0.760078,-0.000137359,0.00205105,-0.649829,1,0,0,0,1,0,0,0,0.706292,-0.0339281,-0.0339281,-0.706292,0.706422,0.0311027,0.0311027,-0.706423,1,0,0,0,1,0,0,0,0.707107,0,0,0.707107,0.707107,0,0,0.707107,0.030773229850746268,0.026950733242876525,0.14073953324287652,0.03077318588873813,0.02637720488466757,-0.1345233052917232,-1.25776184531886e-07,0.2260570420624152,0.12156638263229308,-1.6770187245590232e-07,0.225630170963365,-0.11694333785617367,-4.1925424151967434e-08,0.6089529443690638,0.0846945671641791,-6.2888092265943e-08,0.608807869742198,-0.08313611397557666,0.0,0.8740218724559022,0.0,0.0,1.0322851017639079,0.0,0.0,1.2169255359565807,0.0,0.022267812211668927,1.1483623880597016,0.16705563093622794,0.021866658887381273,1.1482964450474897,-0.16746931343283583,0.06332419538670285,0.8922529172320217,0.16705563093622794,0.06218338127544097,0.8920770691994573,-0.16823161465400271,0.0,1.436735576662144,0.0,0,0,0,0,0,0,0,0,0,0,0,0.74957,-0.00194673,0.0204883,0.735061,0,0,0,0,0,0,0,0,0,0,0,0,0,0,0,0,0,0,0,0,0,0,0,0,0.006479912075983718,0.8573207055630936,0.0005029033921302578,0,1,0,0,0,0,0,0,0.0,0.0,0.0,0,0,0
1,0,0,0,1,0,0,0,1,0,0,0,0.769462,0,0,-0.638692,0.768374,-0.000170582,0.00238648,-0.639996,1,0,0,0,1,0,0,0,0.706292,-0.0339281,-0.0339281,-0.706292,0.706422,0.0311027,0.0311027,-0.706423,1,0,0,0,1,0,0,0,0.707107,0,0,0.707107,0.707107,0,0,0.707107,0.030773229850746268,0.026950733242876525,0.14073953324287652,0.03077318588873813,0.02637720488466757,-0.1345233052917232,-1.25776184531886e-07,0.2260570420624152,0.12156638263229308,-1.6770187245590232e-07,0.225630170963365,-0.11694333785617367,-4.1925424151967434e-08,0.6089529443690638,0.0846945671641791,-6.2888092265943e-08,0.608807869742198,-0.08313611397557666,0.0,0.8740218724559022,0.0,0.0,1.0322851017639079,0.0,0.0,1.2169255359565807,0.0,0.025905096879240166,1.1489910447761194,0.16705563093622794,0.025434439620081413,1.1489075169606513,-0.16754097150610583,0.07366757666214382,0.8940509633649932,0.16705563093622794,0.07232937313432836,0.8938047761194029,-0.16843559837177746,0.0,1.436735576662144,0.0,0,0,0,0,0,0,0,0,0,0,0,0.787314,-0.00213533,0.0214238,0.771915,0,0,0,0,0,0,0,0,0,0,0,0,0,0,0,0,0,0,0,0,0,0,0,0,0.0073144868385346,0.8574613839891452,0.0004945945725915875,0,1,0,0,0,0,0,0,0.0,0.0,0.0,0,0,0
1,0,0,0,1,0,0,0,1,0,0,0,0.77815,0,0,-0.628078,0.776909,-0.000206691,0.00273791,-0.629606,1,0,0,0,1,0,0,0,0.706292,-0.0339281,-0.0339281,-0.706292,0.706422,0.0311027,0.0311027,-0.706423,1,0,0,0,1,0,0,0,0.707107,0,0,0.707107,0.707107,0,0,0.707107,0.030773229850746268,0.026950733242876525,0.14073953324287652,0.03077318588873813,0.02637720488466757,-0.1345233052917232,-1.25776184531886e-07,0.2260570420624152,0.12156638263229308,-1.6770187245590232e-07,0.225630170963365,-0.11694333785617367,-4.1925424151967434e-08,0.6089529443690638,0.0846945671641791,-6.2888092265943e-08,0.608807869742198,-0.08313611397557666,0.0,0.8740218724559022,0.0,0.0,1.0322851017639079,0.0,0.0,1.2169255359565807,0.0,0.029688159565807327,1.1497559837177749,0.16705563093622794,0.029145272727272728,1.1496416824966078,-0.16761746540027136,0.08442595929443691,0.8962226865671641,0.16705563093622794,0.08288201356852103,0.8958929715061058,-0.16865321031207597,0.0,1.436735576662144,0.0,0,0,0,0,0,0,0,0,0,0,0,0.823005,-0.00230819,0.0223147,0.806787,0,0,0,0,0,0,0,0,0,0,0,0,0,0,0,0,0,0,0,0,0,0,0,0,0.008182560651289009,0.8576372320217097,0.0004857186431478969,0,1,0,0,0,0,0,0,0.0,0.0,0.0,0,0,0
1,0,0,0,1,0,0,0,1,0,0,0,0.787038,0,0,-0.616904,0.785643,-0.00024547,0.00310483,-0.618672,1,0,0,0,1,0,0,0,0.706292,-0.0339281,-0.0339281,-0.706292,0.706422,0.0311027,0.0311027,-0.706423,1,0,0,0,1,0,0,0,0.707107,0,0,0.707107,0.707107,0,0,0.707107,0.030773229850746268,0.026950733242876525,0.14073953324287652,0.03077318588873813,0.02637720488466757,-0.1345233052917232,-1.25776184531886e-07,0.2260570420624152,0.12156638263229308,-1.6770187245590232e-07,0.225630170963365,-0.11694333785617367,-4.1925424151967434e-08,0.6089529443690638,0.0846945671641791,-6.2888092265943e-08,0.608807869742198,-0.08313611397557666,0.0,0.8740218724559022,0.0,0.0,1.0322851017639079,0.0,0.0,1.2169255359565807,0.0,0.033602229036635005,1.1506572048846675,0.16705563093622794,0.03298482659430122,1.1505121302578019,-0.16769923473541384,0.0955562605156038,0.8987900678426052,0.16705563093622794,0.09380041791044776,0.8983680325644504,-0.16888576933514246,0.0,1.436735576662144,0.0,0,0,0,0,0,0,0,0,0,0,0,0.856669,-0.00246531,0.023161,0.839671,0,0,0,0,0,0,0,0,0,0,0,0,0,0,0,0,0,0,0,0,0,0,0,0,0.009080660515603798,0.8578438534599729,0.00047625362279511533,0,1,0,0,0,0,0,0,0.0,0.0,0.0,0,0,0
1,0,0,0,1,0,0,0,1,0,0,0,0.796085,0,0,-0.605185,0.794535,-0.000286705,0.00348668,-0.607208,1,0,0,0,1,0,0,0,0.706292,-0.0339281,-0.0339281,-0.706292,0.706422,0.0311027,0.0311027,-0.706423,1,0,0,0,1,0,0,0,0.707107,0,0,0.707107,0.707107,0,0,0.707107,0.030773229850746268,0.026950733242876525,0.14073953324287652,0.03077318588873813,0.02637720488466757,-0.1345233052917232,-1.25776184531886e-07,0.2260570420624152,0.12156638263229308,-1.6770187245590232e-07,0.225630170963365,-0.11694333785617367,-4.1925424151967434e-08,0.6089529443690638,0.0846945671641791,-6.2888092265943e-08,0.608807869742198,-0.08313611397557666,0.0,0.8740218724559022,0.0,0.0,1.0322851017639079,0.0,0.0,1.2169255359565807,0.0,0.03763178670284939,1.1517122930800543,0.16705563093622794,0.03693828602442334,1.1515232564450475,-0.16778627951153324,0.10701539755766622,0.9017882767978289,0.16705563093622794,0.1050432618724559,0.9012519402985074,-0.16913283582089553,0.0,1.436735576662144,0.0,0,0,0,0,0,0,0,0,0,0,0,0.888294,-0.00260669,0.0239626,0.870577,0,0,0,0,0,0,0,0,0,0,0,0,0,0,0,0,0,0,0,0,0,0,0,0,0.01000535739484396,0.8580812483039348,0.00046619071913161467,0,1,0,0,0,0,0,0,0.0,0.0,0.0,0,0,0
1,0,0,0,1,0,0,0,1,0,0,0,0.805249,0,0,-0.592936,0.803547,-0.000330174,0.0038829,-0.595228,1,0,0,0,1,0,0,0,0.706292,-0.0339281,-0.0339281,-0.706292,0.706422,0.0311027,0.0311027,-0.706423,1,0,0,0,1,0,0,0,0.707107,0,0,0.707107,0.707107,0,0,0.707107,0.030773229850746268,0.026950733242876525,0.14073953324287652,0.03077318588873813,0.02637720488466757,-0.1345233052917232,-1.25776184531886e-07,0.2260570420624152,0.12156638263229308,-1.6770187245590232e-07,0.225630170963365,-0.11694333785617367,-4.1925424151967434e-08,0.6089529443690638,0.0846945671641791,-6.2888092265943e-08,0.608807869742198,-0.08313611397557666,0.0,0.8740218724559022,0.0,0.0,1.0322851017639079,0.0,0.0,1.2169255359565807,0.0,0.04176083039348711,1.1529300407055632,0.16705563093622794,0.04099035223880597,1.152692645861601,-0.16787816010854817,0.11875721031207599,0.9052436906377205,0.16705563093622794,0.11656614382632294,0.9045754681139756,-0.16939484938941654,0.0,1.436735576662144,0.0,0,0,0,0,0,0,0,0,0,0,0,0.917873,-0.00273235,0.0247195,0.899506,0,0,0,0,0,0,0,0,0,0,0,0,0,0,0,0,0,0,0,0,0,0,0,0,0.010953002442333786,0.8583582089552239,0.0004555211397557666,0,1,0,0,0,0,0,0,0.0,0.0,0.0,0,0,0
1,0,0,0,1,0,0,0,1,0,0,0,0.814492,0,0,-0.580175,0.81264,-0.000375649,0.0042929,-0.58275,1,0,0,0,1,0,0,0,0.706292,-0.0339281,-0.0339281,-0.706292,0.706422,0.0311027,0.0311027,-0.706423,1,0,0,0,1,0,0,0,0.707107,0,0,0.707107,0.707107,0,0,0.707107,0.030773229850746268,0.026950733242876525,0.14073953324287652,0.03077318588873813,0.02637720488466757,-0.1345233052917232,-1.25776184531886e-07,0.2260570420624152,0.12156638263229308,-1.6770187245590232e-07,0.225630170963365,-0.11694333785617367,-4.1925424151967434e-08,0.6089529443690638,0.0846945671641791,-6.2888092265943e-08,0.608807869742198,-0.08313611397557666,0.0,0.8740218724559022,0.0,0.0,1.0322851017639079,0.0,0.0,1.2169255359565807,0.0,0.0459728303934871,1.154310447761194,0.16705563093622794,0.04512524287652646,1.1540246947082768,-0.16797575576662144,0.13073553867028492,0.909173894165536,0.16705563093622794,0.12832466214382632,0.9083605970149254,-0.16967181004070558,0.0,1.436735576662144,0.0,0,0,0,0,0,0,0,0,0,0,0,0.945418,-0.00284225,0.0254318,0.926453,0,0,0,0,0,0,0,0,0,0,0,0,0,0,0,0,0,0,0,0,0,0,0,0,0.011919858887381275,0.8586703392130257,0.00044424048846675716,0,1,0,0,0,0,0,0,0.0,0.0,0.0,0,0,0
1,0,0,0,1,0,0,0,1,0,0,0,0.823773,0,0,-0.566919,0.821776,-0.000422899,0.00471605,-0.569791,1,0,0,0,1,0,0,0,0.706292,-0.0339281,-0.0339281,-0.706292,0.706422,0.0311027,0.0311027,-0.706423,1,0,0,0,1,0,0,0,0.707107,0,0,0.707107,0.707107,0,0,0.707107,0.030773229850746268,0.026950733242876525,0.14073953324287652,0.03077318588873813,0.02637720488466757,-0.1345233052917232,-1.25776184531886e-07,0.2260570420624152,0.12156638263229308,-1.6770187245590232e-07,0.225630170963365,-0.11694333785617367,-4.1925424151967434e-08,0.6089529443690638,0.0846945671641791,-6.2888092265943e-08,0.608807869742198,-0.08313611397557666,0.0,0.8740218724559022,0.0,0.0,1.0322851017639079,0.0,0.0,1.2169255359565807,0.0,0.050251213025780186,1.1558667028493894,0.16705563093622794,0.04932625237449118,1.1555237991858889,-0.16807818724559023,0.14290158480325646,0.9136052645861601,0.16705563093622794,0.1402722170963365,0.9126205156037992,-0.16996371777476255,0.0,1.436735576662144,0.0,0,0,0,0,0,0,0,0,0,0,0,0.970927,-0.00293643,0.0260994,0.951419,0,0,0,0,0,0,0,0,0,0,0,0,0,0,0,0,0,0,0,0,0,0,0,0,0.012902058073270014,0.8590264314789687,0.00043234788602442334,0,1,0,0,0,0,0,0,0.0,0.0,0.0,0,0,0
1,0,0,0,1,0,0,0,1,0,0,0,0.833055,0,0,-0.553189,0.830919,-0.000471686,0.0051517,-0.55637,1,0,0,0,1,0,0,0,0.706292,-0.0339281,-0.0339281,-0.706292,0.706422,0.0311027,0.0311027,-0.706423,1,0,0,0,1,0,0,0,0.707107,0,0,0.707107,0.707107,0,0,0.707107,0.030773229850746268,0.026950733242876525,0.14073953324287652,0.03077318588873813,0.02637720488466757,-0.1345233052917232,-1.25776184531886e-07,0.2260570420624152,0.12156638263229308,-1.6770187245590232e-07,0.225630170963365,-0.11694333785617367,-4.1925424151967434e-08,0.6089529443690638,0.0846945671641791,-6.2888092265943e-08,0.608807869742198,-0.08313611397557666,0.0,0.8740218724559022,0.0,0.0,1.0322851017639079,0.0,0.0,1.2169255359565807,0.0,0.05457795386702849,1.1576075983717775,0.16705563093622794,0.053577818181818185,1.157194355495251,-0.16818633378561737,0.15520611126187245,0.9185465943012212,0.16705563093622794,0.15236132971506106,0.9173728086838534,-0.1702705725915875,0.0,1.436735576662144,0.0,0,0,0,0,0,0,0,0,0,0,0,0.994395,-0.00301487,0.0267223,0.974396,0,0,0,0,0,0,0,0,0,0,0,0,0,0,0,0,0,0,0,0,0,0,0,0,0.01389568738127544,0.8594220895522388,0.0004198450909090909,0,1,0,0,0,0,0,0,0.0,0.0,0.0,0,0,0
1,0,0,0,1,0,0,0,1,0,0,0,0.842301,0,0,-0.539007,0.840032,-0.000521769,0.00559916,-0.542508,1,0,0,0,1,0,0,0,0.706292,-0.0339281,-0.0339281,-0.706292,0.706422,0.0311027,0.0311027,-0.706423,1,0,0,0,1,0,0,0,0.707107,0,0,0.707107,0.707107,0,0,0.707107,0.030773229850746268,0.026950733242876525,0.14073953324287652,0.03077318588873813,0.02637720488466757,-0.1345233052917232,-1.25776184531886e-07,0.2260570420624152,0.12156638263229308,-1.6770187245590232e-07,0.225630170963365,-0.11694333785617367,-4.1925424151967434e-08,0.6089529443690638,0.0846945671641791,-6.2888092265943e-08,0.608807869742198,-0.08313611397557666,0.0,0.8740218724559022,0.0,0.0,1.0322851017639079,0.0,0.0,1.2169255359565807,0.0,0.05893634735413839,1.159528738127544,0.16705563093622794,0.0578619158751696,1.1590451560379917,-0.16829931614654003,0.16759988059701492,0.9240110719131615,0.16705563093622794,0.164544960651289,0.9226350610583447,-0.17059237449118048,0.0,1.436735576662144,0.0,0,0,0,0,0,0,0,0,0,0,0,1.01582,-0.00307757,0.0273007,0.995403,0,0,0,0,0,0,0,0,0,0,0,0,0,0,0,0,0,0,0,0,0,0,0,0,0.014896790230664857,0.8598573134328359,0.00040673737856173676,0,1,0,0,0,0,0,0,0.0,0.0,0.0,0,0,0
1,0,0,0,1,0,0,0,1,0,0,0,0.851475,0,0,-0.524395,0.849081,-0.000572897,0.00605772,-0.528228,1,0,0,0,1,0,0,0,0.706292,-0.0339281,-0.0339281,-0.706292,0.706422,0.0311027,0.0311027,-0.706423,1,0,0,0,1,0,0,0,0.707107,0,0,0.707107,0.707107,0,0,0.707107,0.030773229850746268,0.026950733242876525,0.14073953324287652,0.03077318588873813,0.02637720488466757,-0.1345233052917232,-1.25776184531886e-07,0.2260570420624152,0.12156638263229308,-1.6770187245590232e-07,0.225630170963365,-0.11694333785617367,-4.1925424151967434e-08,0.6089529443690638,0.0846945671641791,-6.2888092265943e-08,0.608807869742198,-0.08313611397557666,0.0,0.8740218724559022,0.0,0.0,1.0322851017639079,0.0,0.0,1.2169255359565807,0.0,0.06330836906377205,1.1616389145183175,0.16705563093622794,0.06216227951153324,1.161071804613297,-0.16841757394843962,0.18003277611940297,0.9300074898236093,0.16705563093622794,0.1767743120759837,0.9284072727272727,-0.17092868385345997,0.0,1.436735576662144,0.0,0,0,0,0,0,0,0,0,0,0,0,1.03521,-0.00312453,0.0278342,1.01443,0,0,0,0,0,0,0,0,0,0,0,0,0,0,0,0,0,0,0,0,0,0,0,0,0.01590136607869742,0.860336499321574,0.00039303354138398917,0,1,0,0,0,0,0,0,0.0,0.0,0.0,0,0,0
1,0,0,0,1,0,0,0,1,0,0,0,0.860543,0,0,-0.509377,0.858032,-0.000624818,0.00652666,-0.513554,1,0,0,0,1,0,0,0,0.706292,-0.0339281,-0.0339281,-0.706292,0.706422,0.0311027,0.0311027,-0.706423,1,0,0,0,1,0,0,0,0.707107,0,0,0.707107,0.707107,0,0,0.707107,0.030773229850746268,0.026950733242876525,0.14073953324287652,0.03077318588873813,0.02637720488466757,-0.1345233052917232,-1.25776184531886e-07,0.2260570420624152,0.12156638263229308,-1.6770187245590232e-07,0.225630170963365,-0.11694333785617367,-4.1925424151967434e-08,0.6089529443690638,0.0846945671641791,-6.2888092265943e-08,0.608807869742198,-0.08313611397557666,0.0,0.8740218724559022,0.0,0.0,1.0322851017639079,0.0,0.0,1.2169255359565807,0.0,0.06767599457259159,1.1639337313432836,0.16705563093622794,0.06646220352781547,1.1632874898236092,-0.16854110719131615,0.19245380189959294,0.9365446404341926,0.16705563093622794,0.1890019050203528,0.934698236092266,-0.17127950067842604,0.0,1.436735576662144,0.0,0,0,0,0,0,0,0,0,0,0,0,1.05257,-0.00315575,0.0283233,1.03146,0,0,0,0,0,0,0,0,0,0,0,0,0,0,0,0,0,0,0,0,0,0,0,0,0.01690532645861601,0.8608596472184532,0.0003787480868385346,0,1,0,0,0,0,0,0,0.0,0.0,0.0,0,0,0
1,0,0,0,1,0,0,0,1,0,0,0,0.869472,0,0,-0.493982,0.866856,-0.000677272,0.00700519,-0.498509,1,0,0,0,1,0,0,0,0.706292,-0.0339281,-0.0339281,-0.706292,0.706422,0.0311027,0.0311027,-0.706423,1,0,0,0,1,0,0,0,0.707107,0,0,0.707107,0.707107,0,0,0.707107,0.030773229850746268,0.026950733242876525,0.14073953324287652,0.03077318588873813,0.02637720488466757,-0.1345233052917232,-1.25776184531886e-07,0.2260570420624152,0.12156638263229308,-1.6770187245590232e-07,0.225630170963365,-0.11694333785617367,-4.1925424151967434e-08,0.6089529443690638,0.0846945671641791,-6.2888092265943e-08,0.608807869742198,-0.08313611397557666,0.0,0.8740218724559022,0.0,0.0,1.0322851017639079,0.0,0.0,1.2169255359565807,0.0,0.07202251831750339,1.1664219810040706,0.16705563093622794,0.07074410312075984,1.1656790230664857,-0.1686690366350068,0.20481372048846674,0.9436181275440978,0.16705563093622794,0.20117850203527818,0.9415079511533243,-0.17164394572591588,0.0,1.436735576662144,0.0,0,0,0,0,0,0,0,0,0,0,0,1.06788,-0.00317125,0.0287675,1.04653,0,0,0,0,0,0,0,0,0,0,0,0,0,0,0,0,0,0,0,0,0,0,0,0,0.017904802713704208,0.8614267571234735,0.00036389816010854814,0,1,0,0,0,0,0,0,0.0,0.0,0.0,0,0,0
1,0,0,0,1,0,0,0,1,0,0,0,0.878232,0,0,-0.478235,0.87552,-0.000729995,0.00749253,-0.483123,1,0,0,0,1,0,0,0,0.706292,-0.0339281,-0.0339281,-0.706292,0.706422,0.0311027,0.0311027,-0.706423,1,0,0,0,1,0,0,0,0.707107,0,0,0.707107,0.707107,0,0,0.707107,0.030773229850746268,0.026950733242876525,0.14073953324287652,0.03077318588873813,0.02637720488466757,-0.1345233052917232,-1.25776184531886e-07,0.2260570420624152,0.12156638263229308,-1.6770187245590232e-07,0.225630170963365,-0.11694333785617367,-4.1925424151967434e-08,0.6089529443690638,0.0846945671641791,-6.2888092265943e-08,0.608807869742198,-0.08313611397557666,0.0,0.8740218724559022,0.0,0.0,1.0322851017639079,0.0,0.0,1.2169255359565807,0.0,0.0763294762550882,1.16909487109905,0.16705563093622794,0.07499171234735413,1.168255196743555,-0.16880224151967435,0.21706241519674355,0.951219158751696,0.16705563093622794,0.21325794301221165,0.9488276255088195,-0.17202201899592945,0.0,1.436735576662144,0.0,0,0,0,0,0,0,0,0,0,0,0,1.08116,-0.00317098,0.0291672,1.0596,0,0,0,0,0,0,0,0,0,0,0,0,0,0,0,0,0,0,0,0,0,0,0,0,0.018895750339213025,0.8620334328358209,0.00034850486295793755,0,1,0,0,0,0,0,0,0.0,0.0,0.0,0,0,0
1,0,0,0,1,0,0,0,1,0,0,0,0.886793,0,0,-0.462167,0.883998,-0.000782718,0.00798785,-0.467422,1,0,0,0,1,0,0,0,0.706292,-0.0339281,-0.0339281,-0.706292,0.706422,0.0311027,0.0311027,-0.706423,1,0,0,0,1,0,0,0,0.707107,0,0,0.707107,0.707107,0,0,0.707107,0.030773229850746268,0.026950733242876525,0.14073953324287652,0.03077318588873813,0.02637720488466757,-0.1345233052917232,-1.25776184531886e-07,0.2260570420624152,0.12156638263229308,-1.6770187245590232e-07,0.225630170963365,-0.11694333785617367,-4.1925424151967434e-08,0.6089529443690638,0.0846945671641791,-6.2888092265943e-08,0.608807869742198,-0.08313611397557666,0.0,0.8740218724559022,0.0,0.0,1.0322851017639079,0.0,0.0,1.2169255359565807,0.0,0.08058104206241519,1.1719524016282226,0.16705563093622794,0.07918876526458615,1.1710072184531886,-0.16893940298507462,0.22915240705563095,0.9593433378561737,0.16705563093622794,0.2251927489823609,0.9566572591587517,-0.17241284124830394,0.0,1.436735576662144,0.0,0,0,0,0,0,0,0,0,0,0,0,1.0924,-0.003155,0.0295221,1.0707,0,0,0,0,0,0,0,0,0,0,0,0,0,0,0,0,0,0,0,0,0,0,0,0,0.01987434464043419,0.8626840705563094,0.0003325945725915875,0,1,0,0,0,0,0,0,0.0,0.0,0.0,0,0,0
1,0,0,0,1,0,0,0,1,0,0,0,0.895128,0,0,-0.445809,0.892262,-0.000835167,0.00849033,-0.451437,1,0,0,0,1,0,0,0,0.706292,-0.0339281,-0.0339281,-0.706292,0.706422,0.0311027,0.0311027,-0.706423,1,0,0,0,1,0,0,0,0.707107,0,0,0.707107,0.707107,0,0,0.707107,0.030773229850746268,0.026950733242876525,0.14073953324287652,0.03077318588873813,0.02637720488466757,-0.1345233052917232,-1.25776184531886e-07,0.2260570420624152,0.12156638263229308,-1.6770187245590232e-07,0.225630170963365,-0.11694333785617367,-4.1925424151967434e-08,0.6089529443690638,0.0846945671641791,-6.2888092265943e-08,0.608807869742198,-0.08313611397557666,0.0,0.8740218724559022,0.0,0.0,1.0322851017639079,0.0,0.0,1.2169255359565807,0.0,0.08476007055630935,1.1749901763907733,0.16705563093622794,0.0833189959294437,1.1739306919945725,-0.16908096065128903,0.2410366567164179,0.9679774762550881,0.16705563093622794,0.23693807869742198,0.9649748710990501,-0.17281509362279512,0.0,1.436735576662144,0.0,0,0,0,0,0,0,0,0,0,0,0,1.1016,-0.00312327,0.0298325,1.07982,0,0,0,0,0,0,0,0,0,0,0,0,0,0,0,0,0,0,0,0,0,0,0,0,0.020836848846675714,0.8633742740841248,0.0003161949850746269,0,1,0,0,0,0,0,0,0.0,0.0,0.0,0,0,0
1,0,0,0,1,0,0,0,1,0,0,0,0.903213,0,0,-0.429192,0.900289,-0.000887068,0.00899908,-0.435198,1,0,0,0,1,0,0,0,0.706292,-0.0339281,-0.0339281,-0.706292,0.706422,0.0311027,0.0311027,-0.706423,1,0,0,0,1,0,0,0,0.707107,0,0,0.707107,0.707107,0,0,0.707107,0.030773229850746268,0.026950733242876525,0.14073953324287652,0.03077318588873813,0.02637720488466757,-0.1345233052917232,-1.25776184531886e-07,0.2260570420624152,0.12156638263229308,-1.6770187245590232e-07,0.225630170963365,-0.11694333785617367,-4.1925424151967434e-08,0.6089529443690638,0.0846945671641791,-6.2888092265943e-08,0.608807869742198,-0.08313611397557666,0.0,0.8740218724559022,0.0,0.0,1.0322851017639079,0.0,0.0,1.2169255359565807,0.0,0.08885073541383989,1.1781950067842606,0.16705563093622794,0.08736745725915876,1.177025617367707,-0.16922647489823608,0.2526694436906377,0.977099592944369,0.16705563093622794,0.24845084938941656,0.9737716689280869,-0.1732292157394844,0.0,1.436735576662144,0.0,0,0,0,0,0,0,0,0,0,0,0,1.10876,-0.00307583,0.0300981,1.08696,0,0,0,0,0,0,0,0,0,0,0,0,0,0,0,0,0,0,0,0,0,0,0,0,0.021779614111261874,0.8641040434192673,0.0002993417096336499,0,1,0,0,0,0,0,0,0.0,0.0,0.0,0,0,0
1,0,0,0,1,0,0,0,1,0,0,0,0.911025,0,0,-0.412351,0.908056,-0.000938137,0.00951324,-0.418739,1,0,0,0,1,0,0,0,0.706292,-0.0339281,-0.0339281,-0.706292,0.706422,0.0311027,0.0311027,-0.706423,1,0,0,0,1,0,0,0,0.707107,0,0,0.707107,0.707107,0,0,0.707107,0.030773229850746268,0.026950733242876525,0.14073953324287652,0.03077318588873813,0.02637720488466757,-0.1345233052917232,-1.25776184531886e-07,0.2260570420624152,0.12156638263229308,-1.6770187245590232e-07,0.225630170963365,-0.11694333785617367,-4.1925424151967434e-08,0.6089529443690638,0.0846945671641791,-6.2888092265943e-08,0.608807869742198,-0.08313611397557666,0.0,0.8740218724559022,0.0,0.0,1.0322851017639079,0.0,0.0,1.2169255359565807,0.0,0.09283852917232022,1.1815712890094978,0.16705563093622794,0.09131920217096337,1.1802788059701492,-0.16937550610583446,0.26400900407055633,0.9866964993215739,0.16705563093622794,0.25968885753052917,0.9830256716417911,-0.17365300949796472,0.0,1.436735576662144,0.0,0,0,0,0,0,0,0,0,0,0,0,1.11388,-0.00301262,0.0303191,1.09211,0,0,0,0,0,0,0,0,0,0,0,0,0,0,0,0,0,0,0,0,0,0,0,0,0.022699255359565806,0.8648689823609227,0.00028206727815468114,0,1,0,0,0,0,0,0,0.0,0.0,0.0,0,0,0
1,0,0,0,1,0,0,0,1,0,0,0,0.918543,0,0,-0.395321,0.915543,-0.000988093,0.0100319,-0.402093,1,0,0,0,1,0,0,0,0.706292,-0.0339281,-0.0339281,-0.706292,0.706422,0.0311027,0.0311027,-0.706423,1,0,0,0,1,0,0,0,0.707107,0,0,0.707107,0.707107,0,0,0.707107,0.030773229850746268,0.026950733242876525,0.14073953324287652,0.03077318588873813,0.02637720488466757,-0.1345233052917232,-1.25776184531886e-07,0.2260570420624152,0.12156638263229308,-1.6770187245590232e-07,0.225630170963365,-0.11694333785617367,-4.1925424151967434e-08,0.6089529443690638,0.0846945671641791,-6.2888092265943e-08,0.608807869742198,-0.08313611397557666,0.0,0.8740218724559022,0.0,0.0,1.0322851017639079,0.0,0.0,1.2169255359565807,0.0,0.09670850474898235,1.1850970420624152,0.16705563093622794,0.09516060244233379,1.1836858616010855,-0.16952805427408413,0.27501445318860246,0.9967286295793758,0.16705563093622794,0.27061341655359566,0.9927105020352781,-0.1740864748982361,0.0,1.436735576662144,0.0,0,0,0,0,0,0,0,0,0,0,0,1.11696,-0.00293369,0.0304954,1.09529,0,0,0,0,0,0,0,0,0,0,0,0,0,0,0,0,0,0,0,0,0,0,0,0,0.023592519402985075,0.8656734871099051,0.0002644169715061058,0,1,0,0,0,0,0,0,0.0,0.0,0.0,0,0,0
1,0,0,0,1,0,0,0,1,0,0,0,0.925749,0,0,-0.378138,0.922733,-0.00103665,0.0105542,-0.385294,1,0,0,0,1,0,0,0,0.706292,-0.0339281,-0.0339281,-0.706292,0.706422,0.0311027,0.0311027,-0.706423,1,0,0,0,1,0,0,0,0.707107,0,0,0.707107,0.707107,0,0,0.707107,0.030773229850746268,0.026950733242876525,0.14073953324287652,0.03077318588873813,0.02637720488466757,-0.1345233052917232,-1.25776184531886e-07,0.2260570420624152,0.12156638263229308,-1.6770187245590232e-07,0.225630170963365,-0.11694333785617367,-4.1925424151967434e-08,0.6089529443690638,0.0846945671641791,-6.2888092265943e-08,0.608807869742198,-0.08313611397557666,0.0,0.8740218724559022,0.0,0.0,1.0322851017639079,0.0,0.0,1.2169255359565807,0.0,0.1004479131614654,1.1887722659430122,0.16705563093622794,0.09887934871099051,1.1872335956580733,-0.16968324016282227,0.2856479837177748,1.0071783989145182,0.16705563093622794,0.2811880379918589,1.0027997829036635,-0.17452785345997285,0.0,1.436735576662144,0.0,0,0,0,0,0,0,0,0,0,0,0,1.11801,-0.00283899,0.0306271,1.09648,0,0,0,0,0,0,0,0,0,0,0,0,0,0,0,0,0,0,0,0,0,0,0,0,0.02445637286295794,0.8665087652645862,0.0002464294762550882,0,1,0,0,0,0,0,0,0.0,0.0,0.0,0,0,0
1,0,0,0,1,0,0,0,1,0,0,0,0.932628,0,0,-0.360839,0.929609,-0.00108352,0.0110791,-0.368379,1,0,0,0,1,0,0,0,0.706292,-0.0339281,-0.0339281,-0.706292,0.706422,0.0311027,0.0311027,-0.706423,1,0,0,0,1,0,0,0,0.707107,0,0,0.707107,0.707107,0,0,0.707107,0.030773229850746268,0.026950733242876525,0.14073953324287652,0.03077318588873813,0.02637720488466757,-0.1345233052917232,-1.25776184531886e-07,0.2260570420624152,0.12156638263229308,-1.6770187245590232e-07,0.225630170963365,-0.11694333785617367,-4.1925424151967434e-08,0.6089529443690638,0.0846945671641791,-6.2888092265943e-08,0.608807869742198,-0.08313611397557666,0.0,0.8740218724559022,0.0,0.0,1.0322851017639079,0.0,0.0,1.2169255359565807,0.0,0.10404444504748983,1.1925793758480325,0.16705563093622794,0.102463131614654,1.1909132157394844,-0.16984106377204886,0.2958766241519674,1.0180062415196744,0.16705563093622794,0.2913793107191316,1.0132583446404342,-0.1749767055630936,0.0,1.436735576662144,0.0,0,0,0,0,0,0,0,0,0,0,0,1.11701,-0.0027286,0.0307141,1.09569,0,0,0,0,0,0,0,0,0,0,0,0,0,0,0,0,0,0,0,0,0,0,0,0,0.02528813405698779,0.8673792130257801,0.00022815227137042062,0,1,0,0,0,0,0,0,0.0,0.0,0.0,0,0,0
1,0,0,0,1,0,0,0,1,0,0,0,0.939167,0,0,-0.343462,0.936159,-0.00112841,0.0116057,-0.351384,1,0,0,0,1,0,0,0,0.706292,-0.0339281,-0.0339281,-0.706292,0.706422,0.0311027,0.0311027,-0.706423,1,0,0,0,1,0,0,0,0.707107,0,0,0.707107,0.707107,0,0,0.707107,0.030773229850746268,0.026950733242876525,0.14073953324287652,0.03077318588873813,0.02637720488466757,-0.1345233052917232,-1.25776184531886e-07,0.2260570420624152,0.12156638263229308,-1.6770187245590232e-07,0.225630170963365,-0.11694333785617367,-4.1925424151967434e-08,0.6089529443690638,0.0846945671641791,-6.2888092265943e-08,0.608807869742198,-0.08313611397557666,0.0,0.8740218724559022,0.0,0.0,1.0322851017639079,0.0,0.0,1.2169255359565807,0.0,0.10748798914518318,1.196509579375848,0.16705563093622794,0.1059014002713704,1.1947071370420623,-0.1700010854816825,0.3056687218453189,1.029176987788331,0.16705563093622794,0.3011564613297151,1.0240598100407055,-0.17543127272727274,0.0,1.436735576662144,0.0,0,0,0,0,0,0,0,0,0,0,0,1.11398,-0.00260243,0.0307564,1.09292,0,0,0,0,0,0,0,0,0,0,0,0,0,0,0,0,0,0,0,0,0,0,0,0,0.026085253188602442,0.8682716417910448,0.00020963327544097694,0,1,0,0,0,0,0,0,0.0,0.0,0.0,0,0,0
1,0,0,0,1,0,0,0,1,0,0,0,0.945354,0,0,-0.326047,0.942371,-0.00117103,0.0121332,-0.334347,1,0,0,0,1,0,0,0,0.706292,-0.0339281,-0.0339281,-0.706292,0.706422,0.0311027,0.0311027,-0.706423,1,0,0,0,1,0,0,0,0.707107,0,0,0.707107,0.707107,0,0,0.707107,0.030773229850746268,0.026950733242876525,0.14073953324287652,0.03077318588873813,0.02637720488466757,-0.1345233052917232,-1.25776184531886e-07,0.2260570420624152,0.12156638263229308,-1.6770187245590232e-07,0.225630170963365,-0.11694333785617367,-4.1925424151967434e-08,0.6089529443690638,0.0846945671641791,-6.2888092265943e-08,0.608807869742198,-0.08313611397557666,0.0,0.8740218724559022,0.0,0.0,1.0322851017639079,0.0,0.0,1.2169255359565807,0.0,0.11076843419267299,1.200540895522388,0.16705563093622794,0.10918492265943013,1.1986109633649933,-0.17016242605156037,0.31499745997286294,1.0406466757123474,0.16705563093622794,0.3104939918588874,1.0351558208955225,-0.17589067571234734,0.0,1.436735576662144,0.0,0,0,0,0,0,0,0,0,0,0,0,1.10891,-0.00246057,0.0307541,1.08817,0,0,0,0,0,0,0,0,0,0,0,0,0,0,0,0,0,0,0,0,0,0,0,0,0.026845576119402987,0.869190447761194,0.0001909217259158752,0,1,0,0,0,0,0,0,0.0,0.0,0.0,0,0,0
1,0,0,0,1,0,0,0,1,0,0,0,0.951181,0,0,-0.308633,0.948238,-0.0012111,0.0126605,-0.317307,1,0,0,0,1,0,0,0,0.706292,-0.0339281,-0.0339281,-0.706292,0.706422,0.0311027,0.0311027,-0.706423,1,0,0,0,1,0,0,0,0.707107,0,0,0.707107,0.707107,0,0,0.707107,0.030773229850746268,0.026950733242876525,0.14073953324287652,0.03077318588873813,0.02637720488466757,-0.1345233052917232,-1.25776184531886e-07,0.2260570420624152,0.12156638263229308,-1.6770187245590232e-07,0.225630170963365,-0.11694333785617367,-4.1925424151967434e-08,0.6089529443690638,0.0846945671641791,-6.2888092265943e-08,0.608807869742198,-0.08313611397557666,0.0,0.8740218724559022,0.0,0.0,1.0322851017639079,0.0,0.0,1.2169255359565807,0.0,0.1138778670284939,1.2046689280868386,0.16705563093622794,0.11230534599728631,1.2026071099050204,-0.1703250854816825,0.32384041791044776,1.0523801356852103,0.16705563093622794,0.3193681628222524,1.0465156037991858,-0.17635359565807326,0.0,1.436735576662144,0.0,0,0,0,0,0,0,0,0,0,0,0,1.1018,-0.00230294,0.0307072,1.08144,0,0,0,0,0,0,0,0,0,0,0,0,0,0,0,0,0,0,0,0,0,0,0,0,0.02756725644504749,0.8701312347354139,0.0001720708168249661,0,1,0,0,0,0,0,0,0.0,0.0,0.0,0,0,0
1,0,0,0,1,0,0,0,1,0,0,0,0.956644,0,0,-0.291261,0.953752,-0.00124833,0.0131867,-0.300302,1,0,0,0,1,0,0,0,0.706292,-0.0339281,-0.0339281,-0.706292,0.706422,0.0311027,0.0311027,-0.706423,1,0,0,0,1,0,0,0,0.707107,0,0,0.707107,0.707107,0,0,0.707107,0.030773229850746268,0.026950733242876525,0.14073953324287652,0.03077318588873813,0.02637720488466757,-0.1345233052917232,-1.25776184531886e-07,0.2260570420624152,0.12156638263229308,-1.6770187245590232e-07,0.225630170963365,-0.11694333785617367,-4.1925424151967434e-08,0.6089529443690638,0.0846945671641791,-6.2888092265943e-08,0.608807869742198,-0.08313611397557666,0.0,0.8740218724559022,0.0,0.0,1.0322851017639079,0.0,0.0,1.2169255359565807,0.0,0.11681013297150611,1.208871696065129,0.16705563093622794,0.11525651560379918,1.2066779918588875,-0.17048862415196742,0.3321786919945726,1.0643290094979647,0.16705563093622794,0.3277605101763908,1.058090800542741,-0.17681871370420624,0.0,1.436735576662144,0.0,0,0,0,0,0,0,0,0,0,0,0,1.09266,-0.00212956,0.0306154,1.07273,0,0,0,0,0,0,0,0,0,0,0,0,0,0,0,0,0,0,0,0,0,0,0,0,0.028248711533242876,0.87108960651289,0.00015313198371777475,0,1,0,0,0,0,0,0,0.0,0.0,0.0,0,0,0
1,0,0,0,1,0,0,0,1,0,0,0,0.961738,0,0,-0.273971,0.958911,-0.00128242,0.0137109,-0.283372,1,0,0,0,1,0,0,0,0.706292,-0.0339281,-0.0339281,-0.706292,0.706422,0.0311027,0.0311027,-0.706423,1,0,0,0,1,0,0,0,0.707107,0,0,0.707107,0.707107,0,0,0.707107,0.030773229850746268,0.026950733242876525,0.14073953324287652,0.03077318588873813,0.02637720488466757,-0.1345233052917232,-1.25776184531886e-07,0.2260570420624152,0.12156638263229308,-1.6770187245590232e-07,0.225630170963365,-0.11694333785617367,-4.1925424151967434e-08,0.6089529443690638,0.0846945671641791,-6.2888092265943e-08,0.608807869742198,-0.08313611397557666,0.0,0.8740218724559022,0.0,0.0,1.0322851017639079,0.0,0.0,1.2169255359565807,0.0,0.11955951696065129,1.2131316146540028,0.16705563093622794,0.11803271641791045,1.2108060244233378,-0.17065260244233377,0.3399977747625509,1.0764449389416555,0.16705563093622794,0.3356556472184532,1.069837449118046,-0.17728427137042063,0.0,1.436735576662144,0.0,0,0,0,0,0,0,0,0,0,0,0,1.08147,-0.00194045,0.0304791,1.06204,0,0,0,0,0,0,0,0,0,0,0,0,0,0,0,0,0,0,0,0,0,0,0,0,0.028888798371777477,0.8720611668928087,0.00013416105834464044,0,1,0,0,0,0,0,0,0.0,0.0,0.0,0,0,0
1,0,0,0,1,0,0,0,1,0,0,0,0.966463,0,0,-0.256806,0.963713,-0.00131309,0.0142321,-0.266557,1,0,0,0,1,0,0,0,0.706292,-0.0339281,-0.0339281,-0.706292,0.706422,0.0311027,0.0311027,-0.706423,1,0,0,0,1,0,0,0,0.707107,0,0,0.707107,0.707107,0,0,0.707107,0.030773229850746268,0.026950733242876525,0.14073953324287652,0.03077318588873813,0.02637720488466757,-0.1345233052917232,-1.25776184531886e-07,0.2260570420624152,0.12156638263229308,-1.6770187245590232e-07,0.225630170963365,-0.11694333785617367,-4.1925424151967434e-08,0.6089529443690638,0.0846945671641791,-6.2888092265943e-08,0.608807869742198,-0.08313611397557666,0.0,0.8740218724559022,0.0,0.0,1.0322851017639079,0.0,0.0,1.2169255359565807,0.0,0.12212294165535956,1.2174354952510178,0.16705563093622794,0.12063043147896879,1.2149824151967437,-0.17081614111261872,0.3472875549525102,1.088683962008141,0.16705563093622794,0.34304258344640437,1.0817159837177748,-0.17774938941655358,0.0,1.436735576662144,0.0,0,0,0,0,0,0,0,0,0,0,0,1.06825,-0.00173565,0.0302982,1.04937,0,0,0,0,0,0,0,0,0,0,0,0,0,0,0,0,0,0,0,0,0,0,0,0,0.029486593758480326,0.8730459158751697,0.00011520771777476256,0,1,0,0,0,0,0,0,0.0,0.0,0.0,0,0,0
1,0,0,0,1,0,0,0,1,0,0,0,0.970821,0,0,-0.239806,0.968159,-0.00134005,0.0147494,-0.249897,1,0,0,0,1,0,0,0,0.706292,-0.0339281,-0.0339281,-0.706292,0.706422,0.0311027,0.0311027,-0.706423,1,0,0,0,1,0,0,0,0.707107,0,0,0.707107,0.707107,0,0,0.707107,0.030773229850746268,0.026950733242876525,0.14073953324287652,0.03077318588873813,0.02637720488466757,-0.1345233052917232,-1.25776184531886e-07,0.2260570420624152,0.12156638263229308,-1.6770187245590232e-07,0.225630170963365,-0.11694333785617367,-4.1925424151967434e-08,0.6089529443690638,0.0846945671641791,-6.2888092265943e-08,0.608807869742198,-0.08313611397557666,0.0,0.8740218724559022,0.0,0.0,1.0322851017639079,0.0,0.0,1.2169255359565807,0.0,0.12449820895522389,1.221761356852103,0.16705563093622794,0.12304702306648575,1.219189579375848,-0.17097924016282226,0.3540423175033921,1.1009933242876526,0.16705563093622794,0.34991472455902306,1.0936692537313433,-0.1782131886024423,0.0,1.436735576662144,0.0,0,0,0,0,0,0,0,0,0,0,0,1.05298,-0.00151506,0.0300725,1.03471,0,0,0,0,0,0,0,0,0,0,0,0,0,0,0,0,0,0,0,0,0,0,0,0,0.030041658073270014,0.8740350610583446,9.632955223880596e-05,0,1,0,0,0,0,0,0,0.0,0.0,0.0,0,0,0
1,0,0,0,1,0,0,0,1,0,0,0,0.974815,0,0,-0.223014,0.972252,-0.00136302,0.0152619,-0.233432,1,0,0,0,1,0,0,0,0.706292,-0.0339281,-0.0339281,-0.706292,0.706422,0.0311027,0.0311027,-0.706423,1,0,0,0,1,0,0,0,0.707107,0,0,0.707107,0.707107,0,0,0.707107,0.030773229850746268,0.026950733242876525,0.14073953324287652,0.03077318588873813,0.02637720488466757,-0.1345233052917232,-1.25776184531886e-07,0.2260570420624152,0.12156638263229308,-1.6770187245590232e-07,0.225630170963365,-0.11694333785617367,-4.1925424151967434e-08,0.6089529443690638,0.0846945671641791,-6.2888092265943e-08,0.608807869742198,-0.08313611397557666,0.0,0.8740218724559022,0.0,0.0,1.0322851017639079,0.0,0.0,1.2169255359565807,0.0,0.12668531886024423,1.226100407055631,0.16705563093622794,0.1252816119402985,1.2234055359565807,-0.17114102035278153,0.3602607435549525,1.1133246675712347,0.16705563093622794,0.3562694328358209,1.1056620895522389,-0.17867347082767976,0.0,1.436735576662144,0.0,0,0,0,0,0,0,0,0,0,0,0,1.03568,-0.00127875,0.0298024,1.01808,0,0,0,0,0,0,0,0,0,0,0,0,0,0,0,0,0,0,0,0,0,0,0,0,0.030553815468113976,0.8750242062415197,7.757799728629579e-05,0,1,0,0,0,0,0,0,0.0,0.0,0.0,0,0,0
1,0,0,0,1,0,0,0,1,0,0,0,0.978453,0,0,-0.20647,0.975998,-0.00138172,0.0157687,-0.217203,1,0,0,0,1,0,0,0,0.706292,-0.0339281,-0.0339281,-0.706292,0.706422,0.0311027,0.0311027,-0.706423,1,0,0,0,1,0,0,0,0.707107,0,0,0.707107,0.707107,0,0,0.707107,0.030773229850746268,0.026950733242876525,0.14073953324287652,0.03077318588873813,0.02637720488466757,-0.1345233052917232,-1.25776184531886e-07,0.2260570420624152,0.12156638263229308,-1.6770187245590232e-07,0.225630170963365,-0.11694333785617367,-4.1925424151967434e-08,0.6089529443690638,0.0846945671641791,-6.2888092265943e-08,0.608807869742198,-0.08313611397557666,0.0,0.8740218724559022,0.0,0.0,1.0322851017639079,0.0,0.0,1.2169255359565807,0.0,0.12868427137042063,1.2304262686567164,0.16705563093622794,0.12733463772048845,1.2276127001356851,-0.17130148168249662,0.3659459104477612,1.125625237449118,0.16705563093622794,0.3621084667571235,1.1176329443690638,-0.1791293568521031,0.0,1.436735576662144,0.0,0,0,0,0,0,0,0,0,0,0,0,1.01635,-0.0010267,0.0294872,0.999461,0,0,0,0,0,0,0,0,0,0,0,0,0,0,0,0,0,0,0,0,0,0,0,0,0.031023197829036637,0.8760133514246947,5.900448846675712e-05,0,1,0,0,0,0,0,0,0.0,0.0,0.0,0,0,0
1,0,0,0,1,0,0,0,1,0,0,0,0.981742,0,0,-0.190217,0.979404,-0.00139587,0.016269,-0.20125,1,0,0,0,1,0,0,0,0.706292,-0.0339281,-0.0339281,-0.706292,0.706422,0.0311027,0.0311027,-0.706423,1,0,0,0,1,0,0,0,0.707107,0,0,0.707107,0.707107,0,0,0.707107,0.030773229850746268,0.026950733242876525,0.14073953324287652,0.03077318588873813,0.02637720488466757,-0.1345233052917232,-1.25776184531886e-07,0.2260570420624152,0.12156638263229308,-1.6770187245590232e-07,0.225630170963365,-0.11694333785617367,-4.1925424151967434e-08,0.6089529443690638,0.0846945671641791,-6.2888092265943e-08,0.608807869742198,-0.08313611397557666,0.0,0.8740218724559022,0.0,0.0,1.0322851017639079,0.0,0.0,1.2169255359565807,0.0,0.13049814382632294,1.2347257530529172,0.16705563093622794,0.12920873812754408,1.2318022795115333,-0.17145974491180463,0.3711044124830394,1.1378510719131614,0.16705563093622794,0.36743666214382636,1.1295422523744911,-0.17957952781546813,0.0,1.436735576662144,0.0,0,0,0,0,0,0,0,0,0,0,0,0.994964,-0.000758925,0.0291277,0.978861,0,0,0,0,0,0,0,0,0,0,0,0,0,0,0,0,0,0,0,0,0,0,0,0,0.03145037666214383,0.8769981004070557,4.066257150610583e-05,0,1,0,0,0,0,0,0,0.0,0.0,0.0,0,0,0
1,0,0,0,1,0,0,0,1,0,0,0,0.984693,0,0,-0.174296,0.982479,-0.00140519,0.0167617,-0.185613,1,0,0,0,1,0,0,0,0.706292,-0.0339281,-0.0339281,-0.706292,0.706422,0.0311027,0.0311027,-0.706423,1,0,0,0,1,0,0,0,0.707107,0,0,0.707107,0.707107,0,0,0.707107,0.030773229850746268,0.026950733242876525,0.14073953324287652,0.03077318588873813,0.02637720488466757,-0.1345233052917232,-1.25776184531886e-07,0.2260570420624152,0.12156638263229308,-1.6770187245590232e-07,0.225630170963365,-0.11694333785617367,-4.1925424151967434e-08,0.6089529443690638,0.0846945671641791,-6.2888092265943e-08,0.608807869742198,-0.08313611397557666,0.0,0.8740218724559022,0.0,0.0,1.0322851017639079,0.0,0.0,1.2169255359565807,0.0,0.13213089280868387,1.2389768792401628,0.16705563093622794,0.13090611126187246,1.2359522930800544,-0.17161581004070556,0.3757476797829037,1.1499450203527815,0.16705563093622794,0.3722636906377205,1.1413372591587516,-0.18002310447761194,0.0,1.436735576662144,0.0,0,0,0,0,0,0,0,0,0,0,0,0.971553,-0.000475422,0.0287233,0.956291,0,0,0,0,0,0,0,0,0,0,0,0,0,0,0,0,0,0,0,0,0,0,0,0,0.031836143283582086,0.8779696607869742,2.2599197829036635e-05,0,1,0,0,0,0,0,0,0.0,0.0,0.0,0,0,0
1,0,0,0,1,0,0,0,1,0,0,0,0.987319,0,0,-0.158748,0.985235,-0.00140941,0.0172462,-0.170333,1,0,0,0,1,0,0,0,0.706292,-0.0339281,-0.0339281,-0.706292,0.706422,0.0311027,0.0311027,-0.706423,1,0,0,0,1,0,0,0,0.707107,0,0,0.707107,0.707107,0,0,0.707107,0.030773229850746268,0.026950733242876525,0.14073953324287652,0.03077318588873813,0.02637720488466757,-0.1345233052917232,-1.25776184531886e-07,0.2260570420624152,0.12156638263229308,-1.6770187245590232e-07,0.225630170963365,-0.11694333785617367,-4.1925424151967434e-08,0.6089529443690638,0.0846945671641791,-6.2888092265943e-08,0.608807869742198,-0.08313611397557666,0.0,0.8740218724559022,0.0,0.0,1.0322851017639079,0.0,0.0,1.2169255359565807,0.0,0.13358779375848032,1.2431664586160107,0.16705563093622794,0.13243159294436907,1.2400407598371777,-0.17176879782903665,0.3798910990502035,1.161858724559023,0.16705563093622794,0.3766023012211669,1.1529740027137043,-0.18045876797829036,0.0,1.436735576662144,0.0,0,0,0,0,0,0,0,0,0,0,0,0.946097,-0.000176132,0.0282745,0.931726,0,0,0,0,0,0,0,0,0,0,0,0,0,0,0,0,0,0,0,0,0,0,0,0,0.032181596743554954,0.8789280325644504,4.862417910447761e-06,0,1,0,0,0,0,0,0,0.0,0.0,0.0,0,0,0
1,0,0,0,1,0,0,0,1,0,0,0,0.989634,0,0,-0.143614,0.987684,-0.00140826,0.0177214,-0.155449,1,0,0,0,1,0,0,0,0.706292,-0.0339281,-0.0339281,-0.706292,0.706422,0.0311027,0.0311027,-0.706423,1,0,0,0,1,0,0,0,0.707107,0,0,0.707107,0.707107,0,0,0.707107,0.030773229850746268,0.026950733242876525,0.14073953324287652,0.03077318588873813,0.02637720488466757,-0.1345233052917232,-1.25776184531886e-07,0.2260570420624152,0.12156638263229308,-1.6770187245590232e-07,0.225630170963365,-0.11694333785617367,-4.1925424151967434e-08,0.6089529443690638,0.0846945671641791,-6.2888092265943e-08,0.608807869742198,-0.08313611397557666,0.0,0.8740218724559022,0.0,0.0,1.0322851017639079,0.0,0.0,1.2169255359565807,0.0,0.13487544097693352,1.247276906377205,0.16705563093622794,0.13379133785617367,1.2440588873812755,-0.17191870827679784,0.38355225508819535,1.173548222523745,0.16705563093622794,0.38046919945725916,1.1643997286295793,-0.18088475983717772,0.0,1.436735576662144,0.0,0,0,0,0,0,0,0,0,0,0,0,0.918601,0.000138846,0.027781,0.905188,0,0,0,0,0,0,0,0,0,0,0,0,0,0,0,0,0,0,0,0,0,0,0,0,0.032488231750339214,0.8798688195386702,-1.2503102849389416e-05,0,1,0,0,0,0,0,0,0.0,0.0,0.0,0,0,0
1,0,0,0,1,0,0,0,1,0,0,0,0.991653,0,0,-0.128934,0.989842,-0.00140148,0.0181868,-0.140999,1,0,0,0,1,0,0,0,0.706292,-0.0339281,-0.0339281,-0.706292,0.706422,0.0311027,0.0311027,-0.706423,1,0,0,0,1,0,0,0,0.707107,0,0,0.707107,0.707107,0,0,0.707107,0.030773229850746268,0.026950733242876525,0.14073953324287652,0.03077318588873813,0.02637720488466757,-0.1345233052917232,-1.25776184531886e-07,0.2260570420624152,0.12156638263229308,-1.6770187245590232e-07,0.225630170963365,-0.11694333785617367,-4.1925424151967434e-08,0.6089529443690638,0.0846945671641791,-6.2888092265943e-08,0.608807869742198,-0.08313611397557666,0.0,0.8740218724559022,0.0,0.0,1.0322851017639079,0.0,0.0,1.2169255359565807,0.0,0.1360013080054274,1.2512906377204884,0.16705563093622794,0.13499194029850747,1.247989090909091,-0.1720651017639077,0.3867531289009498,1.184965156037992,0.16705563093622794,0.3838828493894166,1.1755748710990501,-0.1813010800542741,0.0,1.436735576662144,0.0,0,0,0,0,0,0,0,0,0,0,0,0.889075,0.00046961,0.0272425,0.876666,0,0,0,0,0,0,0,0,0,0,0,0,0,0,0,0,0,0,0,0,0,0,0,0,0.03275767489823609,0.8807920217096337,-2.9454501492537313e-05,0,1,0,0,0,0,0,0,0.0,0.0,0.0,0,0,0
1,0,0,0,1,0,0,0,1,0,0,0,0.993394,0,0,-0.114749,0.991723,-0.0013888,0.0186413,-0.127024,1,0,0,0,1,0,0,0,0.706292,-0.0339281,-0.0339281,-0.706292,0.706422,0.0311027,0.0311027,-0.706423,1,0,0,0,1,0,0,0,0.707107,0,0,0.707107,0.707107,0,0,0.707107,0.030773229850746268,0.026950777204884667,0.14073953324287652,0.03077318588873813,0.02637720488466757,-0.1345233052917232,-1.25776184531886e-07,0.2260570420624152,0.12156638263229308,-1.6770187245590232e-07,0.225630170963365,-0.11694333785617367,-4.1925424151967434e-08,0.6089529443690638,0.0846945671641791,-6.2888092265943e-08,0.608807869742198,-0.08313611397557666,0.0,0.8740218724559022,0.0,0.0,1.0322851017639079,0.0,0.0,1.2169255359565807,0.0,0.13697374762550882,1.2551944640434192,0.16705563093622794,0.13604087381275443,1.2518137856173677,-0.17220753867028493,0.3895187788331072,1.1960611668928087,0.16705563093622794,0.3868665508819539,1.1864510719131613,-0.18170597014925374,0.0,1.436735576662144,0.0,0,0,0,0,0,0,0,0,0,0,0,0.857506,0.000816006,0.0266598,0.846173,0,0,0,0,0,0,0,0,0,0,0,3.57628e-06,0,0,0,0,0,0,0,0,0,0,0,0,0.0329918605156038,0.8816844504748982,-4.5952607869742196e-05,0,1,0,0,0,0,0,0,0.0,2.5155280868385346e-06,0.0,0,0,0
1,0,0,0,1,0,0,0,1,0,0,0,0.994877,0,0,-0.101098,0.993347,-0.00136996,0.0190844,-0.113562,1,0,0,0,1,0,0,0,0.706292,-0.0339281,-0.0339281,-0.706292,0.706422,0.0311027,0.0311027,-0.706423,1,0,0,0,1,0,0,0,0.707107,0,0,0.707107,0.707107,0,0,0.707107,0.030773229850746268,0.026950777204884667,0.14073953324287652,0.03077318588873813,0.02637720488466757,-0.1345233052917232,-1.25776184531886e-07,0.2260570420624152,0.12156638263229308,-1.6770187245590232e-07,0.225630170963365,-0.11694333785617367,-4.1925424151967434e-08,0.6089529443690638,0.0846945671641791,-6.2888092265943e-08,0.608807869742198,-0.08313611397557666,0.0,0.8740218724559022,0.0,0.0,1.0322851017639079,0.0,0.0,1.2169255359565807,0.0,0.1378028710990502,1.2589664043419266,0.16705563093622794,0.13694737042062416,1.2555197829036635,-0.17234557937584802,0.3918764613297151,1.2067922930800543,0.16705563093622794,0.38944448303934875,1.196988765264586,-0.1820989905020353,0.0,1.436735576662144,0.0,0,0,0,0,0,0,0,0,0,0,0,0.823892,0.0011783,0.0260321,0.813684,0,0,0,0,0,0,0,0,0,0,0,0,0,0,0,0,0,0,0,0,0,0,0,0,0.03319289877883311,0.8825505020352781,-6.195961465400271e-05,0,1,0,0,0,0,0,0,0.0,0.0,0.0,0,0,0
1,0,0,0,1,0,0,0,1,0,0,0,0.996119,0,0,-0.0880193,0.99473,-0.0013447,0.0195151,-0.10065,1,0,0,0,1,0,0,0,0.706292,-0.0339281,-0.0339281,-0.706292,0.706422,0.0311027,0.0311027,-0.706423,1,0,0,0,1,0,0,0,0.707107,0,0,0.707107,0.707107,0,0,0.707107,0.030773229850746268,0.026950777204884667,0.14073953324287652,0.03077318588873813,0.02637720488466757,-0.1345233052917232,-1.25776184531886e-07,0.2260570420624152,0.12156638263229308,-1.6770187245590232e-07,0.225630170963365,-0.11694333785617367,-4.1925424151967434e-08,0.6089529443690638,0.0846945671641791,-6.2888092265943e-08,0.608807869742198,-0.08313611397557666,0.0,0.8740218724559022,0.0,0.0,1.0322851017639079,0.0,0.0,1.2169255359565807,0.0,0.138498789687924,1.2625976662143825,0.16705563093622794,0.13772110176390773,1.2590894979647218,-0.172479223880597,0.39385563093622794,1.2171145725915875,0.16705563093622794,0.3916439023066486,1.2071395929443691,-0.1824792618724559,0.0,1.436735576662144,0.0,0,0,0,0,0,0,0,0,0,0,0,0.788253,0.00155621,0.0253597,0.779221,0,0,0,0,0,0,0,0,0,0,0,0,0,0,0,0,0,0,0,0,0,0,0,0,0.0333631196743555,0.8833857801899593,-7.744435278154681e-05,0,1,0,0,0,0,0,0,0.0,0.0,0.0,0,0,0
1,0,0,0,1,0,0,0,1,0,0,0,0.997142,0,0,-0.075552,0.995891,-0.00131277,0.0199328,-0.0883267,1,0,0,0,1,0,0,0,0.706292,-0.0339281,-0.0339281,-0.706292,0.706422,0.0311027,0.0311027,-0.706423,1,0,0,0,1,0,0,0,0.707107,0,0,0.707107,0.707107,0,0,0.707107,0.030773229850746268,0.026950777204884667,0.14073953324287652,0.03077318588873813,0.02637720488466757,-0.1345233052917232,-1.25776184531886e-07,0.2260570420624152,0.12156638263229308,-1.6770187245590232e-07,0.225630170963365,-0.11694333785617367,-4.1925424151967434e-08,0.6089529443690638,0.0846945671641791,-6.2888092265943e-08,0.608807869742198,-0.08313611397557666,0.0,0.8740218724559022,0.0,0.0,1.0322851017639079,0.0,0.0,1.2169255359565807,0.0,0.13907249389416554,1.2660706648575304,0.16705563093622794,0.1383717394843962,1.2625097421981004,-0.17260803256445048,0.39548706105834464,1.2269884396200814,0.16705563093622794,0.39349426322930803,1.2168639891451831,-0.18284590502035278,0.0,1.436735576662144,0.0,0,0,0,0,0,0,0,0,0,0,0,0.750562,0.00194988,0.024643,0.742779,0,0,0,0,0,0,0,0,0,0,0,0,0,0,0,0,0,0,0,0,0,0,0,0,0.03350494111261872,0.8841858887381275,-9.2372092265943e-05,0,1,0,0,0,0,0,0,0.0,0.0,0.0,0,0,0
1,0,0,0,1,0,0,0,1,0,0,0,0.997967,0,0,-0.0637334,0.996852,-0.00127391,0.0203368,-0.0766281,1,0,0,0,1,0,0,0,0.706292,-0.0339281,-0.0339281,-0.706292,0.706422,0.0311027,0.0311027,-0.706423,1,0,0,0,1,0,0,0,0.707107,0,0,0.707107,0.707107,0,0,0.707107,0.030773229850746268,0.026950777204884667,0.14073953324287652,0.03077318588873813,0.02637720488466757,-0.1345233052917232,-1.25776184531886e-07,0.2260570420624152,0.12156638263229308,-1.6770187245590232e-07,0.225630170963365,-0.11694333785617367,-4.1925424151967434e-08,0.6089529443690638,0.0846945671641791,-6.2888092265943e-08,0.608807869742198,-0.08313611397557666,0.0,0.8740218724559022,0.0,0.0,1.0322851017639079,0.0,0.0,1.2169255359565807,0.0,0.13953541383989146,1.269372211668928,0.16705563093622794,0.13890983446404342,1.265767327001357,-0.1727320054274084,0.3968041628222524,1.236374328358209,0.16705563093622794,0.3950254599728629,1.2261267842605155,-0.1831980407055631,0.0,1.436735576662144,0.0,0,0,0,0,0,0,0,0,0,0,0,0.710844,0.00235934,0.0238814,0.704355,0,0,0,0,0,0,0,0,0,0,0,0,0,0,0,0,0,0,0,0,0,0,0,0,0.033620956852103125,0.8849420352781546,-0.00010671953324287654,0,1,0,0,0,0,0,0,0.0,0.0,0.0,0,0,0
1,0,0,0,1,0,0,0,1,0,0,0,0.998616,0,0,-0.0526011,0.997631,-0.00122787,0.0207264,-0.065591,1,0,0,0,1,0,0,0,0.706292,-0.0339281,-0.0339281,-0.706292,0.706422,0.0311027,0.0311027,-0.706422,1,0,0,0,1,0,0,0,0.707107,0,0,0.707107,0.707107,0,0,0.707107,0.030773229850746268,0.026950733242876525,0.14073953324287652,0.03077327381275441,0.02637720488466757,-0.1345233052917232,-1.25776184531886e-07,0.2260570420624152,0.12156638263229308,-1.048137801899593e-07,0.225630170963365,-0.11694333785617367,-4.1925424151967434e-08,0.6089529443690638,0.0846945671641791,-4.1925424151967434e-08,0.608807869742198,-0.08313611397557666,0.0,0.8740218724559022,0.0,0.0,1.0322851017639079,0.0,0.0,1.2169255359565807,0.0,0.13989985888738127,1.2724847218453188,0.16705563093622794,0.13934725644504747,1.2688490637720489,-0.17285070284938941,0.3978403473541384,1.2452370691994572,0.16705563093622794,0.39626826594301223,1.2348884124830393,-0.18353522930800542,0.0,1.436735576662144,0.0,0,0,0,0,0,0,0,0,0,0,0,0.669075,0.00278447,0.0230752,0.663949,0,0,0,0,0,0,0,0,0,-2.23517e-07,0,3.57628e-06,0,0,0,0,0,0,0,0,0,0,0,0,0.03371380461329715,0.885663012211669,-0.00012045766078697423,0,1,0,0,0,0,0,0,0.0,-2.5155280868385346e-06,0.0,0,0,0
1,0,0,0,1,0,0,0,1,0,0,0,0.99911,0,0,-0.0421913,0.998249,-0.0011744,0.0211009,-0.0552512,1,0,0,0,1,0,0,0,0.706292,-0.0339281,-0.0339281,-0.706292,0.706422,0.0311027,0.0311027,-0.706422,1,0,0,0,1,0,0,0,0.707107,0,0,0.707107,0.707107,0,0,0.707107,0.030773229850746268,0.026950733242876525,0.14073953324287652,0.03077327381275441,0.02637720488466757,-0.1345233052917232,-1.25776184531886e-07,0.2260570420624152,0.12156638263229308,-1.048137801899593e-07,0.225630170963365,-0.11694333785617367,-4.1925424151967434e-08,0.6089529443690638,0.0846945671641791,-4.1925424151967434e-08,0.608807869742198,-0.08313611397557666,0.0,0.8740218724559022,0.0,0.0,1.0322851017639079,0.0,0.0,1.2169255359565807,0.0,0.14017769877883313,1.2754037991858889,0.16705563093622794,0.13969411668928086,1.271741763907734,-0.17296368521031208,0.3986299050203528,1.2535370963364993,0.16705563093622794,0.39725565264586155,1.2431181004070557,-0.18385703120759836,0.0,1.436735576662144,0.0,0,0,0,0,0,0,0,0,0,0,0,0.625291,0.00322536,0.0222243,0.621561,0,0,0,0,0,0,0,0,0,0,0,0,0,0,0,0,0,0,0,0,0,0,0,0,0.03378616607869742,0.8863356309362279,-0.00013356845047489825,0,1,0,0,0,0,0,0,0.0,0.0,0.0,0,0,0
1,0,0,0,1,0,0,0,1,0,0,0,0.99947,0,0,-0.0325408,0.998727,-0.00111325,0.0214596,-0.0456443,1,0,0,0,1,0,0,0,0.706292,-0.0339281,-0.0339281,-0.706292,0.706422,0.0311027,0.0311027,-0.706422,1,0,0,0,1,0,0,0,0.707107,0,0,0.707107,0.707107,0,0,0.707107,0.030773229850746268,0.026950733242876525,0.14073953324287652,0.03077327381275441,0.02637720488466757,-0.1345233052917232,-1.25776184531886e-07,0.2260570420624152,0.12156638263229308,-1.048137801899593e-07,0.225630170963365,-0.11694333785617367,-4.1925424151967434e-08,0.6089529443690638,0.0846945671641791,-4.1925424151967434e-08,0.608807869742198,-0.08313611397557666,0.0,0.8740218724559022,0.0,0.0,1.0322851017639079,0.0,0.0,1.2169255359565807,0.0,0.14038036363636364,1.2781162550881955,0.16705563093622794,0.13996272455902306,1.2744322388059701,-0.1730713921302578,0.39920712618724563,1.2612436363636363,0.16705563093622794,0.39801883310719127,1.2507718860244232,-0.1841630067842605,0.0,1.436735576662144,0.0,0,0,0,0,0,0,0,0,0,0,0,0.579436,0.00368203,0.0213287,0.57719,0,0,0,0,0,0,0,0,0,0,0,0,0,0,0,0,0,0,0,0,0,0,0,0,0.03384076689280868,0.8869598914518317,-0.00014603080054274083,0,1,0,0,0,0,0,0,0.0,0.0,0.0,0,0,0
1,0,0,0,1,0,0,0,1,0,0,0,0.99972,0,0,-0.023685,0.999084,-0.00104416,0.0218018,-0.036805,1,0,0,0,1,0,0,0,0.706292,-0.0339281,-0.0339281,-0.706292,0.706422,0.0311027,0.0311027,-0.706422,1,0,0,0,1,0,0,0,0.707107,0,0,0.707107,0.707107,0,0,0.707107,0.030773229850746268,0.026950733242876525,0.14073953324287652,0.03077327381275441,0.02637720488466757,-0.1345233052917232,-1.25776184531886e-07,0.2260570420624152,0.12156638263229308,-1.048137801899593e-07,0.225630170963365,-0.11694333785617367,-4.1925424151967434e-08,0.6089529443690638,0.0846945671641791,-4.1925424151967434e-08,0.608807869742198,-0.08313611397557666,0.0,0.8740218724559022,0.0,0.0,1.0322851017639079,0.0,0.0,1.2169255359565807,0.0,0.1405206024423338,1.2806045047489822,0.16705563093622794,0.14016363093622794,1.2769116960651288,-0.1731733839891452,0.39960542198100407,1.2683215196743556,0.16705563093622794,0.39859033921302583,1.2578277883310718,-0.18445271641791045,0.0,1.436735576662144,0.0,0,0,0,0,0,0,0,0,0,0,0,0.531564,0.00415432,0.0203886,0.530845,0,0,0,0,0,0,0,0,0,0,0,0,0,0,0,0,0,0,0,0,0,0,0,0,0.0338802447761194,0.8875357937584804,-0.00015782888466757124,0,1,0,0,0,0,0,0,0.0,0.0,0.0,0,0,0
1,0,0,0,1,0,0,0,1,0,0,0,0.999877,0,0,-0.015659,0.999341,-0.000966895,0.022127,-0.028768,1,0,0,0,1,0,0,0,0.706292,-0.0339281,-0.0339281,-0.706292,0.706422,0.0311027,0.0311027,-0.706422,1,0,0,0,1,0,0,0,0.707107,0,0,0.707107,0.707107,0,0,0.707107,0.030773229850746268,0.026950733242876525,0.14073953324287652,0.03077327381275441,0.02637720488466757,-0.1345233052917232,-1.25776184531886e-07,0.2260570420624152,0.12156638263229308,-1.048137801899593e-07,0.225630170963365,-0.11694333785617367,-4.1925424151967434e-08,0.6089529443690638,0.0846945671641791,-4.1925424151967434e-08,0.608807869742198,-0.08313611397557666,0.0,0.8740218724559022,0.0,0.0,1.0322851017639079,0.0,0.0,1.2169255359565807,0.0,0.14060940569877883,1.2828597557666215,0.16705563093622794,0.1403078263229308,1.279171343283582,-0.1732692211668928,0.3998582035278155,1.274739972862958,0.16705563093622794,0.39900050474898235,1.2642462415196742,-0.18472572048846675,0.0,1.436735576662144,0.0,0,0,0,0,0,0,0,0,0,0,0,0.481653,0.00464246,0.0194035,0.482515,0,0,0,0,0,0,0,0,0,0,0,0,0,0,0,0,0,0,0,0,0,0,0,0,0.033907281411126186,0.8880589416553596,-0.00016894819538670287,0,1,0,0,0,0,0,0,0.0,0.0,0.0,0,0,0
1,0,0,0,1,0,0,0,1,0,0,0,0.999964,0,0,-0.00849803,0.999515,-0.000881192,0.0224345,-0.0215675,1,0,0,0,1,0,0,0,0.706292,-0.0339281,-0.0339281,-0.706292,0.706422,0.0311027,0.0311027,-0.706422,1,0,0,0,1,0,0,0,0.707107,0,0,0.707107,0.707107,0,0,0.707107,0.030773229850746268,0.026950733242876525,0.14073953324287652,0.03077327381275441,0.02637720488466757,-0.1345233052917232,-1.25776184531886e-07,0.2260570420624152,0.12156638263229308,-1.048137801899593e-07,0.225630170963365,-0.11694333785617367,-4.1925424151967434e-08,0.6089529443690638,0.0846945671641791,-4.1925424151967434e-08,0.608807869742198,-0.08313611397557666,0.0,0.8740218724559022,0.0,0.0,1.0322851017639079,0.0,0.0,1.2169255359565807,0.0,0.14065820352781547,1.2848732157394844,0.16705563093622794,0.14040586160108548,1.2811935956580733,-0.17335934328358207,0.39999668385345993,1.280468222523745,0.16705563093622794,0.399279223880597,1.270000868385346,-0.18498157937584805,0.0,1.436735576662144,0.0,0,0,0,0,0,0,0,0,0,0,0,0.42969,0.00514635,0.018374,0.4322,0,0,0,0,0,0,0,0,0,0,0,0,0,0,0,0,0,0,0,0,0,0,0,0,0.03392425074626866,0.8885249389416554,-0.00017937642333785614,0,1,0,0,0,0,0,0,0.0,0.0,0.0,0,0,0
1,0,0,0,1,0,0,0,1,0,0,0,0.999997,0,0,-0.00223636,0.999625,-0.000786805,0.0227236,-0.0152371,1,0,0,0,1,0,0,0,0.706292,-0.0339281,-0.0339281,-0.706292,0.706422,0.0311027,0.0311027,-0.706422,1,0,0,0,1,0,0,0,0.707107,0,0,0.707107,0.707107,0,0,0.707107,0.030773229850746268,0.026950733242876525,0.14073953324287652,0.03077327381275441,0.02637720488466757,-0.1345233052917232,-1.25776184531886e-07,0.2260570420624152,0.12156638263229308,-1.048137801899593e-07,0.225630170963365,-0.11694333785617367,-4.1925424151967434e-08,0.6089529443690638,0.0846945671641791,-4.1925424151967434e-08,0.608807869742198,-0.08313611397557666,0.0,0.8740218724559022,0.0,0.0,1.0322851017639079,0.0,0.0,1.2169255359565807,0.0,0.14067710719131615,1.286636092265943,0.16705563093622794,0.14046784803256446,1.2829740569877883,-0.1734433107191316,0.4000503175033921,1.2854754952510177,0.16705563093622794,0.3994555115332429,1.2750652917232022,-0.18522073270013567,0.0,1.436735576662144,0.0,0,0,0,0,0,0,0,0,0,0,0,0.375706,0.00566589,0.0172998,0.379919,0,0,0,0,0,0,0,0,0,0,0,0,0,0,0,0,0,0,0,0,0,0,0,0,0.033933614654002714,0.8889381818181818,-0.0001891052157394844,0,1,0,0,0,0,0,0,0.0,0.0,0.0,0,0,0
1,0,0,0,1,0,0,0,1,0,0,0,0.999995,0,0,0.00309151,0.999687,-0.000683479,0.0229937,-0.00981056,1,0,0,0,1,0,0,0,0.706292,-0.0339281,-0.0339281,-0.706292,0.706422,0.0311027,0.0311027,-0.706422,1,0,0,0,1,0,0,0,0.707107,0,0,0.707107,0.707107,0,0,0.707107,0.030773229850746268,0.026950733242876525,0.14073953324287652,0.03077327381275441,0.02637720488466757,-0.1345233052917232,-1.25776184531886e-07,0.2260570420624152,0.12156638263229308,-1.048137801899593e-07,0.225630170963365,-0.11694333785617367,-4.1925424151967434e-08,0.6089529443690638,0.0846945671641791,-4.1925424151967434e-08,0.608807869742198,-0.08313611397557666,0.0,0.8740218724559022,0.0,0.0,1.0322851017639079,0.0,0.0,1.2169255359565807,0.0,0.14067578833107192,1.288135196743555,0.16705563093622794,0.14050257801899593,1.2844995386702849,-0.1735211234735414,0.4000468005427409,1.2897398100407056,0.16705563093622794,0.3995544260515604,1.27940434192673,-0.1854418616010855,0.0,1.436735576662144,0.0,0,0,0,0,0,0,0,0,0,0,0,0.319673,0.00620118,0.0161813,0.325645,0,0,0,0,0,0,0,0,0,0,0,0,0,0,0,0,0,0,0,0,0,0,0,0,0.033937483310719135,0.8892854816824967,-0.00019812446132971503,0,1,0,0,0,0,0,0,0.0,0.0,0.0,0,0,0
1,0,0,0,1,0,0,0,1,0,0,0,0.999972,0,0,0.00745152,0.999716,-0.000570958,0.0232442,-0.00532124,1,0,0,0,1,0,0,0,0.706292,-0.0339281,-0.0339281,-0.706292,0.706422,0.0311027,0.0311027,-0.706422,1,0,0,0,1,0,0,0,0.707107,0,0,0.707107,0.707107,0,0,0.707107,0.030773229850746268,0.026950733242876525,0.14073953324287652,0.03077327381275441,0.02637720488466757,-0.1345233052917232,-1.25776184531886e-07,0.2260570420624152,0.12156638263229308,-1.048137801899593e-07,0.225630170963365,-0.11694333785617367,-4.1925424151967434e-08,0.6089529443690638,0.0846945671641791,-4.1925424151967434e-08,0.608807869742198,-0.08313611397557666,0.0,0.8740218724559022,0.0,0.0,1.0322851017639079,0.0,0.0,1.2169255359565807,0.0,0.14066259972862957,1.289361736770692,0.16705563093622794,0.14051840434192672,1.285765644504749,-0.1735927815468114,0.4000098724559023,1.2932259972862956,0.16705563093622794,0.39959926729986434,1.283000434192673,-0.18564584531886025,0.0,1.436735576662144,0.0,0,0,0,0,0,0,0,0,0,0,0,0.261605,0.00675227,0.0150172,0.26939,0,0,0,0,0,0,0,0,0,0,0,0,0,0,0,0,0,0,0,0,0,0,0,0,0.03393783500678426,0.8895756309362279,-0.00020642536770691994,0,1,0,0,0,0,0,0,0.0,0.0,0.0,0,0,0
1,0,0,0,1,0,0,0,1,0,0,0,0.999942,0,0,0.0108096,0.999723,-0.000448985,0.0234744,-0.0018024,1,0,0,0,1,0,0,0,0.706292,-0.0339281,-0.0339281,-0.706292,0.706422,0.0311027,0.0311027,-0.706422,1,0,0,0,1,0,0,0,0.707107,0,0,0.707107,0.707107,0,0,0.707107,0.030773229850746268,0.026950733242876525,0.14073953324287652,0.03077327381275441,0.02637720488466757,-0.1345233052917232,-1.25776184531886e-07,0.2260570420624152,0.12156638263229308,-1.048137801899593e-07,0.225630170963365,-0.11694333785617367,-4.1925424151967434e-08,0.6089529443690638,0.0846945671641791,-4.1925424151967434e-08,0.608807869742198,-0.08313611397557666,0.0,0.8740218724559022,0.0,0.0,1.0322851017639079,0.0,0.0,1.2169255359565807,0.0,0.14064545454545455,1.290306919945726,0.16705563093622794,0.14052236092265943,1.2867547896879241,-0.17365828493894167,0.39996063500678425,1.295912075983718,0.16705563093622794,0.39961069742198096,1.2858140027137042,-0.18583180461329715,0.0,1.436735576662144,0.0,0,0,0,0,0,0,0,0,0,0,0,0.201491,0.00731913,0.0138092,0.211151,0,0,0,0,0,0,0,0,0,0,0,0,0,0,0,0,0,0,0,0,0,0,0,0,0.03393629633649932,0.8897998371777477,-0.00021400353867028496,0,1,0,0,0,0,0,0,0.0,0.0,0.0,0,0,0
1,0,0,0,1,0,0,0,1,0,0,0,0.999914,0,0,0.013132,0.999719,-0.000317305,0.0236836,0.000713043,1,0,0,0,1,0,0,0,0.706292,-0.0339281,-0.0339281,-0.706292,0.706422,0.0311027,0.0311027,-0.706422,1,0,0,0,1,0,0,0,0.707107,0,0,0.707107,0.707107,0,0,0.707107,0.030773229850746268,0.026950733242876525,0.14073953324287652,0.03077327381275441,0.02637720488466757,-0.1345233052917232,-1.25776184531886e-07,0.2260570420624152,0.12156638263229308,-1.048137801899593e-07,0.225630170963365,-0.11694333785617367,-4.1925424151967434e-08,0.6089529443690638,0.0846945671641791,-4.1925424151967434e-08,0.608807869742198,-0.08313611397557666,0.0,0.8740218724559022,0.0,0.0,1.0322851017639079,0.0,0.0,1.2169255359565807,0.0,0.14063006784260515,1.2909619538670285,0.16705563093622794,0.1405206024423338,1.2874625780189959,-0.17371719402985075,0.3999162333785617,1.2977716689280867,0.16705563093622794,0.3996049823609226,1.2878318588873812,-0.1860001791044776,0.0,1.436735576662144,0.0,0,0,0,0,0,0,0,0,0,0,0,0.139353,0.00790156,0.0125564,0.15094,0,0,0,0,0,0,0,0,0,0,0,0,0,0,0,0,0,0,0,0,0,0,0,0,0.03393427408412483,0.8899581004070556,-0.00022085150067842604,0,1,0,0,0,0,0,0,0.0,0.0,0.0,0,0,0
1,0,0,0,1,0,0,0,1,0,0,0,0.999897,0,0,0.0143847,0.999713,-0.000175653,0.0238712,0.00219193,1,0,0,0,1,0,0,0,0.706292,-0.0339281,-0.0339281,-0.706292,0.706422,0.0311027,0.0311027,-0.706422,1,0,0,0,1,0,0,0,0.707107,0,0,0.707107,0.707107,0,0,0.707107,0.030773229850746268,0.026950733242876525,0.14073953324287652,0.03077327381275441,0.02637720488466757,-0.1345233052917232,-1.25776184531886e-07,0.2260570420624152,0.12156638263229308,-1.048137801899593e-07,0.225630170963365,-0.11694333785617367,-4.1925424151967434e-08,0.6089529443690638,0.0846945671641791,-4.1925424151967434e-08,0.608807869742198,-0.08313611397557666,0.0,0.8740218724559022,0.0,0.0,1.0322851017639079,0.0,0.0,1.2169255359565807,0.0,0.1406203962008141,1.2913136499321574,0.16705563093622794,0.1405166458616011,1.2878802170963366,-0.17376994843962007,0.3998885373134328,1.2987740027137042,0.16705563093622794,0.3995944314789688,1.2890144369063772,-0.18615008955223883,0.0,1.436735576662144,0.0,0,0,0,0,0,0,0,0,0,0,0,0.0751734,0.00849986,0.011259,0.0887418,0,0,0,0,0,0,0,0,0,0,0,0,0,0,0,0,0,0,0,0,0,0,0,0,0.03393269145183175,0.8900460244233378,-0.00022696397829036633,0,1,0,0,0,0,0,0,0.0,0.0,0.0,0,0,0
1,0,0,0,1,0,0,0,1,0,0,0,0.999894,0,0,0.0145332,0.999708,-2.34778e-05,0.0240367,0.00260152,1,0,0,0,1,0,0,0,0.706292,-0.0339281,-0.0339281,-0.706292,0.706422,0.0311027,0.0311027,-0.706423,1,0,0,0,1,0,0,0,0.707107,0,0,0.707107,0.707107,0,0,0.707107,0.030773229850746268,0.026950733242876525,0.14073953324287652,0.03077318588873813,0.02637720488466757,-0.1345233052917232,-1.25776184531886e-07,0.2260570420624152,0.12156638263229308,-1.6770187245590232e-07,0.225630170963365,-0.11694333785617367,-4.1925424151967434e-08,0.6089529443690638,0.0846945671641791,-6.2888092265943e-08,0.608807869742198,-0.08313611397557666,0.0,0.8740218724559022,0.0,0.0,1.0322851017639079,0.0,0.0,1.2169255359565807,0.0,0.1406190773405699,1.2913532157394845,0.16705563093622794,0.14051400814111262,1.2879989145183175,-0.17381654816824968,0.3998854599728629,1.2988927001356851,0.16705563093622794,0.39958651831750336,1.2893441519674356,-0.18628197557666212,0.0,1.436735576662144,0.0,0,0,0,0,0,0,0,0,0,0,0,0.00891164,0.00913138,0.00993457,0.0245779,0,0,0,0,0,0,0,0,0,2.23517e-07,0,-7.15256e-06,0,0,0,0,0,0,0,0,0,0,0,0,0.03393225183175034,0.8900636092265943,-0.00023234141112618727,1,1,0,0,0,0,0,0,0.0,0.0,0.0,0,0,0
1,0,0,0,1,0,0,0,1,0,0,0,0.999908,0,0,0.013557,0.999706,0.000143127,0.0241837,0.00192783,1,0,0,0,1,0,0,0,0.706292,-0.0339281,-0.0339281,-0.706292,0.706422,0.0311027,0.0311027,-0.706423,1,0,0,0,1,0,0,0,0.707107,0,0,0.707107,0.707107,0,0,0.707107,0.030773229850746268,0.026950733242876525,0.14073953324287652,0.03077318588873813,0.02637720488466757,-0.1345233052917232,-1.25776184531886e-07,0.2260570420624152,0.12156638263229308,-1.6770187245590232e-07,0.225630170963365,-0.11694333785617367,-4.1925424151967434e-08,0.6089529443690638,0.0846945671641791,-6.2888092265943e-08,0.608807869742198,-0.08313611397557666,0.0,0.8740218724559022,0.0,0.0,1.0322851017639079,0.0,0.0,1.2169255359565807,0.0,0.14062655088195386,1.2910806512890094,0.16705563093622794,0.14051268928086838,1.2878098778833107,-0.1738578724559023,0.39990700135685214,1.2981101763907734,0.16705563093622794,0.3995834409769335,1.2888122116689282,-0.1863993541383989,0.0,1.436735576662144,0.0,0,0,0,0,0,0,0,0,0,0,0,-0.0585799,0.00999724,0.00882078,-0.0404254,0,0,0,0,0,0,0,0,0,0,0,0,0,0,0,0,0,0,0,0,0,0,0,0,0.03393299918588873,0.890010854816825,-0.00023711832293080056,0,1,0,0,0,0,0,0,0.0,0.0,0.0,0,0,0
1,0,0,0,1,0,0,0,1,0,0,0,0.999934,0,0,0.0114823,0.999704,0.000324782,0.0243136,0.000198064,1,0,0,0,1,0,0,0,0.706292,-0.0339281,-0.0339281,-0.706292,0.706422,0.0311027,0.0311027,-0.706423,1,0,0,0,1,0,0,0,0.707107,0,0,0.707107,0.707107,0,0,0.707107,0.030773229850746268,0.026950733242876525,0.14073953324287652,0.03077318588873813,0.02637720488466757,-0.1345233052917232,-1.25776184531886e-07,0.2260570420624152,0.12156638263229308,-1.6770187245590232e-07,0.225630170963365,-0.11694333785617367,-4.1925424151967434e-08,0.6089529443690638,0.0846945671641791,-6.2888092265943e-08,0.608807869742198,-0.08313611397557666,0.0,0.8740218724559022,0.0,0.0,1.0322851017639079,0.0,0.0,1.2169255359565807,0.0,0.14064149796472183,1.2904959565807328,0.16705563093622794,0.14051224966078696,1.2873218995929443,-0.17389436092265945,0.39994876526458617,1.2964528086838536,0.16705563093622794,0.39958124287652647,1.287431804613297,-0.18650310447761195,0.0,1.436735576662144,0.0,0,0,0,0,0,0,0,0,0,0,0,-0.124492,0.0109004,0.00779372,-0.103796,0,0,0,0,0,0,0,0,0,0,0,0,0,0,0,0,0,0,0,0,0,0,0,0,0.033934625780189964,0.8898877611940299,-0.00024135450203527814,0,1,0,0,0,0,0,0,0.0,0.0,0.0,0,0,0
1,0,0,0,1,0,0,0,1,0,0,0,0.999965,0,0,0.00834363,0.999698,0.00052096,0.0244268,-0.00255463,1,0,0,0,1,0,0,0,0.706292,-0.0339281,-0.0339281,-0.706292,0.706422,0.0311027,0.0311027,-0.706423,1,0,0,0,1,0,0,0,0.707107,0,0,0.707107,0.707107,0,0,0.707107,0.030773229850746268,0.026950733242876525,0.14073953324287652,0.03077318588873813,0.02637720488466757,-0.1345233052917232,-1.25776184531886e-07,0.2260570420624152,0.12156638263229308,-1.6770187245590232e-07,0.225630170963365,-0.11694333785617367,-4.1925424151967434e-08,0.6089529443690638,0.0846945671641791,-6.2888092265943e-08,0.608807869742198,-0.08313611397557666,0.0,0.8740218724559022,0.0,0.0,1.0322851017639079,0.0,0.0,1.2169255359565807,0.0,0.14065864314789686,1.2896123202170964,0.16705563093622794,0.1405087327001357,1.286552564450475,-0.17392645318860245,0.3999984423337856,1.293942578018996,0.16705563093622794,0.3995715712347354,1.2852337042062414,-0.18659498507462688,0.0,1.436735576662144,0.0,0,0,0,0,0,0,0,0,0,0,0,-0.18833,0.0117719,0.00679605,-0.165179,0,0,0,0,0,0,0,0,0,0,0,0,0,0,0,0,0,0,0,0,0,0,0,0,0.03393625237449118,0.8896943283582089,-0.00024508379918588874,0,1,0,0,0,0,0,0,0.0,0.0,0.0,0,0,0
1,0,0,0,1,0,0,0,1,0,0,0,0.999991,0,0,0.00417546,0.999679,0.000731132,0.0245237,-0.00629711,1,0,0,0,1,0,0,0,0.706292,-0.0339281,-0.0339281,-0.706292,0.706422,0.0311027,0.0311027,-0.706423,1,0,0,0,1,0,0,0,0.707107,0,0,0.707107,0.707107,0,0,0.707107,0.030773229850746268,0.026950733242876525,0.14073953324287652,0.03077318588873813,0.02637720488466757,-0.1345233052917232,-1.25776184531886e-07,0.2260570420624152,0.12156638263229308,-1.6770187245590232e-07,0.225630170963365,-0.11694333785617367,-4.1925424151967434e-08,0.6089529443690638,0.0846945671641791,-6.2888092265943e-08,0.608807869742198,-0.08313611397557666,0.0,0.8740218724559022,0.0,0.0,1.0322851017639079,0.0,0.0,1.2169255359565807,0.0,0.14067359023066486,1.2884385345997287,0.16705563093622794,0.14049818181818183,1.2854974762550881,-0.17395458887381274,0.40004020624151965,1.2906058616010854,0.16705563093622794,0.399541237449118,1.2822442876526459,-0.18667455630936228,0.0,1.436735576662144,0.0,0,0,0,0,0,0,0,0,0,0,0,-0.250095,0.0126118,0.00582721,-0.224573,0,0,0,0,0,0,0,0,0,0,0,0,0,0,0,0,0,0,0,0,0,0,0,0,0.03393669199457259,0.8894393487109905,-0.00024833435006784256,0,1,0,0,0,0,0,0,0.0,0.0,0.0,0,0,0
1,0,0,0,1,0,0,0,1,0,0,0,1,0,0,-0.000987644,0.999636,0.000954762,0.0246048,-0.0109961,1,0,0,0,1,0,0,0,0.706292,-0.0339281,-0.0339281,-0.706292,0.706422,0.0311027,0.0311027,-0.706423,1,0,0,0,1,0,0,0,0.707107,0,0,0.707107,0.707107,0,0,0.707107,0.030773229850746268,0.026950733242876525,0.14073953324287652,0.03077318588873813,0.02637720488466757,-0.1345233052917232,-1.25776184531886e-07,0.2260570420624152,0.12156638263229308,-1.6770187245590232e-07,0.225630170963365,-0.11694333785617367,-4.1925424151967434e-08,0.6089529443690638,0.0846945671641791,-6.2888092265943e-08,0.608807869742198,-0.08313611397557666,0.0,0.8740218724559022,0.0,0.0,1.0322851017639079,0.0,0.0,1.2169255359565807,0.0,0.14067798643147897,1.2869877883310719,0.16705563093622794,0.1404740027137042,1.2841786160108548,-0.17397876797829037,0.400053394843962,1.286473432835821,0.16705563093622794,0.3994730963364993,1.2784899321573948,-0.18674357666214383,0.0,1.436735576662144,0.0,0,0,0,0,0,0,0,0,0,0,0,-0.309787,0.0134201,0.00488698,-0.281981,0,0,0,0,0,0,0,0,0,0,0,0,0,0,0,0,0,0,0,0,0,0,0,0,0.033934493894165536,0.8891184260515603,-0.0002511342903663501,0,1,0,0,0,0,0,0,0.0,0.0,0.0,0,0,0
1,0,0,0,1,0,0,0,1,0,0,0,0.999975,0,0,-0.00711101,0.999557,0.00119131,0.0246704,-0.0166183,1,0,0,0,1,0,0,0,0.706292,-0.0339281,-0.0339281,-0.706292,0.706422,0.0311027,0.0311027,-0.706423,1,0,0,0,1,0,0,0,0.707107,0,0,0.707107,0.707107,0,0,0.707107,0.030773229850746268,0.026950733242876525,0.14073953324287652,0.03077318588873813,0.02637720488466757,-0.1345233052917232,-1.25776184531886e-07,0.2260570420624152,0.12156638263229308,-1.6770187245590232e-07,0.225630170963365,-0.11694333785617367,-4.1925424151967434e-08,0.6089529443690638,0.0846945671641791,-6.2888092265943e-08,0.608807869742198,-0.08313611397557666,0.0,0.8740218724559022,0.0,0.0,1.0322851017639079,0.0,0.0,1.2169255359565807,0.0,0.1406643582089552,1.2852644776119404,0.16705563093622794,0.1404296010854817,1.2826003799185888,-0.1739994301221167,0.400013829036635,1.281576065128901,0.16705563093622794,0.3993464857530529,1.2739970149253732,-0.18680160651289007,0.0,1.436735576662144,0.0,0,0,0,0,0,0,0,0,0,0,0,-0.367406,0.0141967,0.00397593,-0.3374,0,0,0,0,0,0,0,0,0,0,0,0,0,0,0,0,0,0,0,0,0,0,0,0,0.03392767978290367,0.8887359565807328,-0.0002535104369063772,0,1,0,0,0,0,0,0,0.0,0.0,0.0,0,0,0
1,0,0,0,1,0,0,0,1,0,0,0,0.9999,0,0,-0.0141598,0.999426,0.00144024,0.0247209,-0.0231302,1,0,0,0,1,0,0,0,0.706292,-0.0339281,-0.0339281,-0.706292,0.706422,0.0311027,0.0311027,-0.706423,1,0,0,0,1,0,0,0,0.707107,0,0,0.707107,0.707107,0,0,0.707107,0.030773229850746268,0.026950733242876525,0.14073953324287652,0.03077318588873813,0.02637720488466757,-0.1345233052917232,-1.25776184531886e-07,0.2260570420624152,0.12156638263229308,-1.6770187245590232e-07,0.225630170963365,-0.11694333785617367,-4.1925424151967434e-08,0.6089529443690638,0.0846945671641791,-6.2888092265943e-08,0.608807869742198,-0.08313611397557666,0.0,0.8740218724559022,0.0,0.0,1.0322851017639079,0.0,0.0,1.2169255359565807,0.0,0.14062215468113975,1.283281791044776,0.16705563093622794,0.1403557449118046,1.2807715603799186,-0.17401657530529174,0.3998938127544097,1.2759357394843962,0.16705563093622794,0.39913722659430123,1.2687963093622796,-0.18685040434192673,0.0,1.436735576662144,0.0,0,0,0,0,0,0,0,0,0,0,0,-0.422951,0.0149417,0.00309348,-0.390832,0,0,0,0,0,0,0,0,0,0,0,0,0,0,0,0,0,0,0,0,0,0,0,0,0.03391427137042063,0.8882919402985074,-0.0002554891668928087,0,1,0,0,0,0,0,0,0.0,0.0,0.0,0,0,0
1,0,0,0,1,0,0,0,1,0,0,0,0.999756,0,0,-0.0220988,0.999227,0.00170099,0.0247566,-0.030498,1,0,0,0,1,0,0,0,0.706292,-0.0339281,-0.0339281,-0.706292,0.706422,0.0311027,0.0311027,-0.706423,1,0,0,0,1,0,0,0,0.707107,0,0,0.707107,0.707107,0,0,0.707107,0.030773229850746268,0.026950733242876525,0.14073953324287652,0.03077318588873813,0.02637720488466757,-0.1345233052917232,-1.25776184531886e-07,0.2260570420624152,0.12156638263229308,-1.6770187245590232e-07,0.225630170963365,-0.11694333785617367,-4.1925424151967434e-08,0.6089529443690638,0.0846945671641791,-6.2888092265943e-08,0.608807869742198,-0.08313611397557666,0.0,0.8740218724559022,0.0,0.0,1.0322851017639079,0.0,0.0,1.2169255359565807,0.0,0.1405408249660787,1.2810485210312077,0.16705563093622794,0.14024408141112618,1.2787009497964723,-0.17403020352781548,0.39966345183175034,1.2695876255088197,0.16705563093622794,0.3988198208955224,1.2629141926729985,-0.18688997014925374,0.0,1.436735576662144,0.0,0,0,0,0,0,0,0,0,0,0,0,-0.476422,0.015655,0.00223998,-0.442275,0,0,0,0,0,0,0,0,0,0,0,0,0,0,0,0,0,0,0,0,0,0,0,0,0.03389198263229308,0.887795169606513,-0.00025709641791044774,0,1,0,0,0,0,0,0,0.0,0.0,0.0,0,0,0
1,0,0,0,1,0,0,0,1,0,0,0,0.999523,0,0,-0.0308927,0.998942,0.00197302,0.0247778,-0.0386878,1,0,0,0,1,0,0,0,0.706292,-0.0339281,-0.0339281,-0.706292,0.706422,0.0311027,0.0311027,-0.706423,1,0,0,0,1,0,0,0,0.707107,0,0,0.707107,0.707107,0,0,0.707107,0.030773229850746268,0.026950733242876525,0.14073953324287652,0.03077318588873813,0.02637720488466757,-0.1345233052917232,-1.25776184531886e-07,0.2260570420624152,0.12156638263229308,-1.6770187245590232e-07,0.225630170963365,-0.11694333785617367,-4.1925424151967434e-08,0.6089529443690638,0.0846945671641791,-6.2888092265943e-08,0.608807869742198,-0.08313611397557666,0.0,0.8740218724559022,0.0,0.0,1.0322851017639079,0.0,0.0,1.2169255359565807,0.0,0.1404098181818182,1.2785778561736771,0.16705563093622794,0.14008449932157396,1.2764061329715062,-0.17404119402985074,0.3992906540027137,1.2625581004070556,0.16705563093622794,0.39836569335142474,1.2563814382632295,-0.18692074355495253,0.0,1.436735576662144,0.0,0,0,0,0,0,0,0,0,0,0,0,-0.527822,0.0163367,0.00141554,-0.491731,0,0,0,0,0,0,0,0,0,0,0,0,0,0,0,0,0,0,0,0,0,0,0,0,0.033858307734056986,0.8872412483039348,-0.0002583546105834464,0,1,0,0,0,0,0,0,0.0,0.0,0.0,0,0,0
1,0,0,0,1,0,0,0,1,0,0,0,0.999179,0,0,-0.0405057,0.998553,0.00225573,0.0247849,-0.0476651,1,0,0,0,1,0,0,0,0.706292,-0.0339281,-0.0339281,-0.706292,0.706422,0.0311027,0.0311027,-0.706423,1,0,0,0,1,0,0,0,0.707107,0,0,0.707107,0.707107,0,0,0.707107,0.030773229850746268,0.026950733242876525,0.14073953324287652,0.03077318588873813,0.02637720488466757,-0.1345233052917232,-1.25776184531886e-07,0.2260570420624152,0.12156638263229308,-1.6770187245590232e-07,0.225630170963365,-0.11694333785617367,-4.1925424151967434e-08,0.6089529443690638,0.0846945671641791,-6.2888092265943e-08,0.608807869742198,-0.08313611397557666,0.0,0.8740218724559022,0.0,0.0,1.0322851017639079,0.0,0.0,1.2169255359565807,0.0,0.14021682496607868,1.275878588873813,0.16705563093622794,0.13986644776119403,1.2738915061058345,-0.17404910719131617,0.3987415685210312,1.2548823337856172,0.16705563093622794,0.3977449497964722,1.2492288195386703,-0.1869436037991859,0.0,1.436735576662144,0.0,0,0,0,0,0,0,0,0,0,0,0,-0.577147,0.0169867,0.000619702,-0.5392,0,0,0,0,0,0,0,0,0,0,0,0,0,0,0,0,0,0,0,0,0,0,0,0,0.03381065291723202,0.8866389687924016,-0.00025928880325644507,0,1,0,0,0,0,0,0,0.0,0.0,0.0,0,0,0
1,0,0,0,1,0,0,0,1,0,0,0,0.998704,0,0,-0.0509014,0.998041,0.00254858,0.0247782,-0.0573952,1,0,0,0,1,0,0,0,0.706292,-0.0339281,-0.0339281,-0.706292,0.706422,0.0311027,0.0311027,-0.706423,1,0,0,0,1,0,0,0,0.707107,0,0,0.707107,0.707107,0,0,0.707107,0.030773229850746268,0.026950733242876525,0.14073953324287652,0.03077318588873813,0.02637720488466757,-0.1345233052917232,-1.25776184531886e-07,0.2260570420624152,0.12156638263229308,-1.6770187245590232e-07,0.225630170963365,-0.11694333785617367,-4.1925424151967434e-08,0.6089529443690638,0.0846945671641791,-6.2888092265943e-08,0.608807869742198,-0.08313611397557666,0.0,0.8740218724559022,0.0,0.0,1.0322851017639079,0.0,0.0,1.2169255359565807,0.0,0.13994953595658072,1.2729639077340569,0.16705563093622794,0.13957893622795117,1.2711658616010855,-0.1740548222523745,0.39798146540027135,1.2465910990502036,0.16705563093622794,0.39692725644504745,1.2414827137042062,-0.1869589905020353,0.0,1.436735576662144,0.0,0,0,0,0,0,0,0,0,0,0,0,-0.624398,0.0176051,-0.000147186,-0.58468,0,0,0,0,0,0,0,0,0,0,0,0,0,0,0,0,0,0,0,0,0,0,0,0,0.03374638046132972,0.885983934871099,-0.0002599200976933514,0,1,0,0,0,0,0,0,0.0,0.0,0.0,0,0,0
1,0,0,0,1,0,0,0,1,0,0,0,0.998073,0,0,-0.0620432,0.997385,0.00285095,0.0247581,-0.0678431,1,0,0,0,1,0,0,0,0.706292,-0.0339281,-0.0339281,-0.706292,0.706422,0.0311027,0.0311027,-0.706423,1,0,0,0,1,0,0,0,0.707107,0,0,0.707107,0.707107,0,0,0.707107,0.030773229850746268,0.026950733242876525,0.14073953324287652,0.03077318588873813,0.02637720488466757,-0.1345233052917232,-1.25776184531886e-07,0.2260570420624152,0.12156638263229308,-1.6770187245590232e-07,0.225630170963365,-0.11694333785617367,-4.1925424151967434e-08,0.6089529443690638,0.0846945671641791,-6.2888092265943e-08,0.608807869742198,-0.08313611397557666,0.0,0.8740218724559022,0.0,0.0,1.0322851017639079,0.0,0.0,1.2169255359565807,0.0,0.13959520217096336,1.269842605156038,0.16705563093622794,0.13921097421981005,1.2682467842605156,-0.17405789959294438,0.3969742957937585,1.237719565807327,0.16705563093622794,0.3958814002713704,1.2331826865671642,-0.18696778290366348,0.0,1.436735576662144,0.0,0,0,0,0,0,0,0,0,0,0,0,-0.669578,0.0181919,-0.000885129,-0.628173,0,0,0,0,0,0,0,0,0,0,0,0,0,0,0,0,0,0,0,0,0,0,0,0,0.03366276472184532,0.8852849389416553,-0.0002602713541383989,0,1,0,0,0,0,0,0,0.0,0.0,0.0,0,0,0
1,0,0,0,1,0,0,0,1,0,0,0,0.997266,0,0,-0.0738937,0.996565,0.00316226,0.0247248,-0.0789731,1,0,0,0,1,0,0,0,0.706292,-0.0339281,-0.0339281,-0.706292,0.706422,0.0311027,0.0311027,-0.706423,1,0,0,0,1,0,0,0,0.707107,0,0,0.707107,0.707107,0,0,0.707107,0.030773229850746268,0.026950733242876525,0.14073953324287652,0.03077318588873813,0.02637720488466757,-0.1345233052917232,-1.25776184531886e-07,0.2260570420624152,0.12156638263229308,-1.6770187245590232e-07,0.225630170963365,-0.11694333785617367,-4.1925424151967434e-08,0.6089529443690638,0.0846945671641791,-6.2888092265943e-08,0.608807869742198,-0.08313611397557666,0.0,0.8740218724559022,0.0,0.0,1.0322851017639079,0.0,0.0,1.2169255359565807,0.0,0.1391419538670285,1.2665322659430123,0.16705563093622794,0.13875157123473542,1.265143066485753,-0.1740583392130258,0.39568532971506104,1.2283029036635007,0.16705563093622794,0.39457528900949795,1.2243595115332429,-0.18696998100407053,0.0,1.436735576662144,0.0,0,0,0,0,0,0,0,0,0,0,0,-0.712683,0.0187469,-0.00159413,-0.669677,0,0,0,0,0,0,0,0,0,0,0,0,0,0,0,0,0,0,0,0,0,0,0,0,0.03355703609226594,0.8845419810040706,-0.0002603636743554953,0,1,0,0,0,0,0,0,0.0,0.0,0.0,0,0,0
1,0,0,0,1,0,0,0,1,0,0,0,0.996259,0,0,-0.0864151,0.995562,0.0034819,0.0246786,-0.090749,1,0,0,0,1,0,0,0,0.706292,-0.0339281,-0.0339281,-0.706292,0.706422,0.0311027,0.0311027,-0.706423,1,0,0,0,1,0,0,0,0.707107,0,0,0.707107,0.707107,0,0,0.707107,0.030773229850746268,0.026950733242876525,0.14073953324287652,0.03077318588873813,0.02637720488466757,-0.1345233052917232,-1.25776184531886e-07,0.2260570420624152,0.12156638263229308,-1.6770187245590232e-07,0.225630170963365,-0.11694333785617367,-4.1925424151967434e-08,0.6089529443690638,0.0846945671641791,-6.2888092265943e-08,0.608807869742198,-0.08313611397557666,0.0,0.8740218724559022,0.0,0.0,1.0322851017639079,0.0,0.0,1.2169255359565807,0.0,0.13857748168249662,1.2630416824966078,0.16705563093622794,0.1381901763907734,1.2618678968792403,-0.17405702035278153,0.39407939755766624,1.2183806784260516,0.16705563093622794,0.39297770963365,1.2150483582089553,-0.18696646404341927,0.0,1.436735576662144,0.0,0,0,0,0,0,0,0,0,0,0,0,-0.753715,0.0192704,-0.00227429,-0.709195,0,0,0,0,0,0,0,0,0,0,0,0,0,0,0,0,0,0,0,0,0,0,0,0,0.03342655685210312,0.8837594572591587,-0.0002602177204884667,0,1,0,0,0,0,0,0,0.0,0.0,0.0,0,0,0
1,0,0,0,1,0,0,0,1,0,0,0,0.995031,0,0,-0.099569,0.994355,0.00380925,0.02462,-0.103134,1,0,0,0,1,0,0,0,0.706292,-0.0339281,-0.0339281,-0.706292,0.706422,0.0311027,0.0311027,-0.706423,1,0,0,0,1,0,0,0,0.707107,0,0,0.707107,0.707107,0,0,0.707107,0.030773229850746268,0.026950733242876525,0.14073953324287652,0.03077318588873813,0.02637720488466757,-0.1345233052917232,-1.25776184531886e-07,0.2260570420624152,0.12156638263229308,-1.6770187245590232e-07,0.225630170963365,-0.11694333785617367,-4.1925424151967434e-08,0.6089529443690638,0.0846945671641791,-6.2888092265943e-08,0.608807869742198,-0.08313611397557666,0.0,0.8740218724559022,0.0,0.0,1.0322851017639079,0.0,0.0,1.2169255359565807,0.0,0.1378890366350068,1.2593884396200814,0.16705563093622794,0.13751535956580732,1.2584388602442333,-0.17405394301221166,0.39212220895522387,1.2079968521031208,0.16705563093622794,0.3910587679782903,1.2052887924016282,-0.18695767164179106,0.0,1.436735576662144,0.0,0,0,0,0,0,0,0,0,0,0,0,-0.792674,0.0197622,-0.00292573,-0.746725,0,0,0,0,0,0,0,0,0,0,0,0,0,0,0,0,0,0,0,0,0,0,0,0,0.03326864531886024,0.8829373677069199,-0.00025985327544097693,0,1,0,0,0,0,0,0,0.0,0.0,0.0,0,0,0
1,0,0,0,1,0,0,0,1,0,0,0,0.993559,0,0,-0.113316,0.992926,0.00414367,0.0245493,-0.116092,1,0,0,0,1,0,0,0,0.706292,-0.0339281,-0.0339281,-0.706292,0.706422,0.0311027,0.0311027,-0.706423,1,0,0,0,1,0,0,0,0.707107,0,0,0.707107,0.707107,0,0,0.707107,0.030773229850746268,0.026950733242876525,0.14073953324287652,0.03077318588873813,0.02637720488466757,-0.1345233052917232,-1.25776184531886e-07,0.2260570420624152,0.12156638263229308,-1.6770187245590232e-07,0.225630170963365,-0.11694333785617367,-4.1925424151967434e-08,0.6089529443690638,0.0846945671641791,-6.2888092265943e-08,0.608807869742198,-0.08313611397557666,0.0,0.8740218724559022,0.0,0.0,1.0322851017639079,0.0,0.0,1.2169255359565807,0.0,0.13706562822252374,1.2555901221166892,0.16705563093622794,0.13671700949796473,1.2548603527815467,-0.17404910719131617,0.3897803527815468,1.197182198100407,0.16705563093622794,0.38878856987788335,1.1951159837177747,-0.1869436037991859,0.0,1.436735576662144,0.0,0,0,0,0,0,0,0,0,0,0,0,-0.82956,0.0202224,-0.00354823,-0.782267,0,0,0,0,0,0,0,0,0,0,0,0,0,0,0,0,0,0,0,0,0,0,0,0,0.03308083962008141,0.8820845047489823,-0.0002592901221166893,0,1,0,0,0,0,0,0,0.0,0.0,0.0,0,0,0
1,0,0,0,1,0,0,0,1,0,0,0,0.991823,0,0,-0.127617,0.991256,0.00448454,0.0244667,-0.129585,1,0,0,0,1,0,0,0,0.706292,-0.0339281,-0.0339281,-0.706292,0.706422,0.0311027,0.0311027,-0.706423,1,0,0,0,1,0,0,0,0.707107,0,0,0.707107,0.707107,0,0,0.707107,0.030773229850746268,0.026950733242876525,0.14073953324287652,0.03077318588873813,0.02637720488466757,-0.1345233052917232,-1.25776184531886e-07,0.2260570420624152,0.12156638263229308,-1.6770187245590232e-07,0.225630170963365,-0.11694333785617367,-4.1925424151967434e-08,0.6089529443690638,0.0846945671641791,-6.2888092265943e-08,0.608807869742198,-0.08313611397557666,0.0,0.8740218724559022,0.0,0.0,1.0322851017639079,0.0,0.0,1.2169255359565807,0.0,0.13609626594301222,1.2516511261872456,0.16705563093622794,0.13578545454545454,1.2511543554952511,-0.1740429525101764,0.38702349525101765,1.1859938670284937,0.16705563093622794,0.3861398588873813,1.18457829036635,-0.18692557937584803,0.0,1.436735576662144,0.0,0,0,0,0,0,0,0,0,0,0,0,-0.864371,0.020651,-0.00414178,-0.81582,0,0,0,0,0,0,0,0,0,0,0,0,0,0,0,0,0,0,0,0,0,0,0,0,0.032860633921302576,0.881200868385346,-0.00025854980189959296,0,1,0,0,0,0,0,0,0.0,0.0,0.0,0,0,0
1,0,0,0,1,0,0,0,1,0,0,0,0.989805,0,0,-0.142432,0.989328,0.00483119,0.0243728,-0.143574,1,0,0,0,1,0,0,0,0.706292,-0.0339281,-0.0339281,-0.706292,0.706422,0.0311027,0.0311027,-0.706423,1,0,0,0,1,0,0,0,0.707107,0,0,0.707107,0.707107,0,0,0.707107,0.030773229850746268,0.026950733242876525,0.14073953324287652,0.03077318588873813,0.02637720488466757,-0.1345233052917232,-1.25776184531886e-07,0.2260570420624152,0.12156638263229308,-1.6770187245590232e-07,0.225630170963365,-0.11694333785617367,-4.1925424151967434e-08,0.6089529443690638,0.0846945671641791,-6.2888092265943e-08,0.608807869742198,-0.08313611397557666,0.0,0.8740218724559022,0.0,0.0,1.0322851017639079,0.0,0.0,1.2169255359565807,0.0,0.1349703989145183,1.247597829036635,0.16705563093622794,0.13471146268656717,1.2473340569877884,-0.17403503934871098,0.3838226214382632,1.174467028493894,0.16705563093622794,0.38308581818181814,1.173710881953867,-0.18690315875169608,0.0,1.436735576662144,0.0,0,0,0,0,0,0,0,0,0,0,0,-0.89711,0.0210478,-0.00470649,-0.847385,0,0,0,0,0,0,0,0,0,0,0,0,0,0,0,0,0,0,0,0,0,0,0,0,0.03260583012211669,0.880286458616011,-0.0002576490203527815,0,1,0,0,0,0,0,0,0.0,0.0,0.0,0,0,0
1,0,0,0,1,0,0,0,1,0,0,0,0.987484,0,0,-0.15772,0.987124,0.00518298,0.0242678,-0.158021,1,0,0,0,1,0,0,0,0.706292,-0.0339281,-0.0339281,-0.706292,0.706422,0.0311027,0.0311027,-0.706423,1,0,0,0,1,0,0,0,0.707107,0,0,0.707107,0.707107,0,0,0.707107,0.030773229850746268,0.026950733242876525,0.14073953324287652,0.03077318588873813,0.02637720488466757,-0.1345233052917232,-1.25776184531886e-07,0.2260570420624152,0.12156638263229308,-1.6770187245590232e-07,0.225630170963365,-0.11694333785617367,-4.1925424151967434e-08,0.6089529443690638,0.0846945671641791,-6.2888092265943e-08,0.608807869742198,-0.08313611397557666,0.0,0.8740218724559022,0.0,0.0,1.0322851017639079,0.0,0.0,1.2169255359565807,0.0,0.13367967435549524,1.2434434192672998,0.16705563093622794,0.13348712075983718,1.243412645861601,-0.17402624694708277,0.38015091451831745,1.162650040705563,0.16705563093622794,0.37960402713704205,1.1625577204884667,-0.1868776607869742,0.0,1.436735576662144,0.0,0,0,0,0,0,0,0,0,0,0,0,-0.927776,0.0214131,-0.00524238,-0.876964,0,0,0,0,0,0,0,0,0,0,0,0,0,0,0,0,0,0,0,0,0,0,0,0,0.032314449932157395,0.8793500678426052,-0.0002566071207598372,0,1,0,0,0,0,0,0,0.0,0.0,0.0,0,0,0
1,0,0,0,1,0,0,0,1,0,0,0,0.984845,0,0,-0.173439,0.98463,0.00553923,0.0241521,-0.172888,1,0,0,0,1,0,0,0,0.706292,-0.0339281,-0.0339281,-0.706292,0.706422,0.0311027,0.0311027,-0.706423,1,0,0,0,1,0,0,0,0.707107,0,0,0.707107,0.707107,0,0,0.707107,0.030773229850746268,0.026950733242876525,0.14073953324287652,0.03077318588873813,0.02637720488466757,-0.1345233052917232,-1.25776184531886e-07,0.2260570420624152,0.12156638263229308,-1.6770187245590232e-07,0.225630170963365,-0.11694333785617367,-4.1925424151967434e-08,0.6089529443690638,0.0846945671641791,-6.2888092265943e-08,0.608807869742198,-0.08313611397557666,0.0,0.8740218724559022,0.0,0.0,1.0322851017639079,0.0,0.0,1.2169255359565807,0.0,0.13221486024423337,1.2392054816824964,0.16705563093622794,0.13210451560379918,1.2394077069199456,-0.17401613568521032,0.3759859538670285,1.1506000542740842,0.16705563093622794,0.37567206512890094,1.1511715603799186,-0.1868490854816825,0.0,1.436735576662144,0.0,0,0,0,0,0,0,0,0,0,0,0,-0.956368,0.0217467,-0.00574931,-0.904555,0,0,0,0,0,0,0,0,0,0,0,0,0,0,0,0,0,0,0,0,0,0,0,0,0.03198469090909091,0.878396092265943,-0.0002554425671641791,0,1,0,0,0,0,0,0,0.0,0.0,0.0,0,0,0
1,0,0,0,1,0,0,0,1,0,0,0,0.981871,0,0,-0.189548,0.981832,0.00589927,0.0240263,-0.188134,1,0,0,0,1,0,0,0,0.706292,-0.0339281,-0.0339281,-0.706292,0.706422,0.0311027,0.0311027,-0.706423,1,0,0,0,1,0,0,0,0.707107,0,0,0.707107,0.707107,0,0,0.707107,0.030773229850746268,0.026950733242876525,0.14073953324287652,0.03077318588873813,0.02637720488466757,-0.1345233052917232,-1.25776184531886e-07,0.2260570420624152,0.12156638263229308,-1.6770187245590232e-07,0.225630170963365,-0.11694333785617367,-4.1925424151967434e-08,0.6089529443690638,0.0846945671641791,-6.2888092265943e-08,0.608807869742198,-0.08313611397557666,0.0,0.8740218724559022,0.0,0.0,1.0322851017639079,0.0,0.0,1.2169255359565807,0.0,0.13056980189959294,1.2349016010854816,0.16705563093622794,0.13055749253731344,1.2353324287652647,-0.17400514518317503,0.3713075169606513,1.1383566350067844,0.16705563093622794,0.37127322659430123,1.1395875712347354,-0.1868178724559023,0.0,1.436735576662144,0.0,0,0,0,0,0,0,0,0,0,0,0,-0.982888,0.0220487,-0.00622753,-0.930159,0,0,0,0,0,0,0,0,0,0,0,0,0,0,0,0,0,0,0,0,0,0,0,0,0.03161492645861601,0.8774245318860244,-0.0002541729443690638,0,1,0,0,0,0,0,0,0.0,0.0,0.0,0,0,0
1,0,0,0,1,0,0,0,1,0,0,0,0.978551,0,0,-0.206005,0.978718,0.00626244,0.0238906,-0.20372,1,0,0,0,1,0,0,0,0.706292,-0.0339281,-0.0339281,-0.706292,0.706422,0.0311027,0.0311027,-0.706423,1,0,0,0,1,0,0,0,0.707107,0,0,0.707107,0.707107,0,0,0.707107,0.030773229850746268,0.026950733242876525,0.14073953324287652,0.03077318588873813,0.02637720488466757,-0.1345233052917232,-1.25776184531886e-07,0.2260570420624152,0.12156638263229308,-1.6770187245590232e-07,0.225630170963365,-0.11694333785617367,-4.1925424151967434e-08,0.6089529443690638,0.0846945671641791,-6.2888092265943e-08,0.608807869742198,-0.08313611397557666,0.0,0.8740218724559022,0.0,0.0,1.0322851017639079,0.0,0.0,1.2169255359565807,0.0,0.12873834464043418,1.2305493622795114,0.16705563093622794,0.1288412157394844,1.2312087924016282,-0.17399327544097692,0.36609889823609226,1.1259725373134328,0.16705563093622794,0.36639168521031207,1.1278541112618725,-0.18678490094979647,0.0,1.436735576662144,0.0,0,0,0,0,0,0,0,0,0,0,0,-1.00733,0.022319,-0.0066768,-0.953772,0,0,0,0,0,0,0,0,0,0,0,0,0,0,0,0,0,0,0,0,0,0,0,0,0.03120392564450475,0.8764441791044776,-0.0002528149579375848,0,1,0,0,0,0,0,0,0.0,0.0,0.0,0,0,0
1,0,0,0,1,0,0,0,1,0,0,0,0.974872,0,0,-0.222768,0.975277,0.00662804,0.0237456,-0.219606,1,0,0,0,1,0,0,0,0.706292,-0.0339281,-0.0339281,-0.706292,0.706422,0.0311027,0.0311027,-0.706423,1,0,0,0,1,0,0,0,0.707107,0,0,0.707107,0.707107,0,0,0.707107,0.030773229850746268,0.026950733242876525,0.14073953324287652,0.03077318588873813,0.02637720488466757,-0.1345233052917232,-1.25776184531886e-07,0.2260570420624152,0.12156638263229308,-1.6770187245590232e-07,0.225630170963365,-0.11694333785617367,-4.1925424151967434e-08,0.6089529443690638,0.0846945671641791,-6.2888092265943e-08,0.608807869742198,-0.08313611397557666,0.0,0.8740218724559022,0.0,0.0,1.0322851017639079,0.0,0.0,1.2169255359565807,0.0,0.12671609226594302,1.2261619538670285,0.16705563093622794,0.12695084938941656,1.227049986431479,-0.17398096607869742,0.36034866757123474,1.1135049118046134,0.16705563093622794,0.3610164504748982,1.116028331071913,-0.1867497313432836,0.0,1.436735576662144,0.0,0,0,0,0,0,0,0,0,0,0,0,-1.02971,0.0225577,-0.00709701,-0.9754,0,0,0,0,0,0,0,0,0,0,0,0,0,0,0,0,0,0,0,0,0,0,0,0,0.03075072130257802,0.8754550339213026,-0.00025138663229308007,0,1,0,0,0,0,0,0,0.0,0.0,0.0,0,0,0
1,0,0,0,1,0,0,0,1,0,0,0,0.970824,0,0,-0.239793,0.971501,0.0069954,0.0235918,-0.235753,1,0,0,0,1,0,0,0,0.706292,-0.0339281,-0.0339281,-0.706292,0.706422,0.0311027,0.0311027,-0.706423,1,0,0,0,1,0,0,0,0.707107,0,0,0.707107,0.707107,0,0,0.707107,0.030773229850746268,0.026950733242876525,0.14073953324287652,0.03077318588873813,0.02637720488466757,-0.1345233052917232,-1.25776184531886e-07,0.2260570420624152,0.12156638263229308,-1.6770187245590232e-07,0.225630170963365,-0.11694333785617367,-4.1925424151967434e-08,0.6089529443690638,0.0846945671641791,-6.2888092265943e-08,0.608807869742198,-0.08313611397557666,0.0,0.8740218724559022,0.0,0.0,1.0322851017639079,0.0,0.0,1.2169255359565807,0.0,0.12450040705563092,1.2217657530529171,0.16705563093622794,0.12488419538670285,1.2228735956580734,-0.1739682170963365,0.35404759294436905,1.101002116689281,0.16705563093622794,0.3551391696065129,1.1041454002713704,-0.18671324287652646,0.0,1.436735576662144,0.0,0,0,0,0,0,0,0,0,0,0,0,-1.05,0.0227647,-0.00748862,-0.995039,0,0,0,0,0,0,0,0,0,0,0,0,0,0,0,0,0,0,0,0,0,0,0,0,0.030254697964721845,0.8744614925373134,-0.0002499042333785617,0,1,0,0,0,0,0,0,0.0,0.0,0.0,0,0,0
1,0,0,0,1,0,0,0,1,0,0,0,0.966401,0,0,-0.257039,0.967384,0.00736383,0.0234295,-0.252119,1,0,0,0,1,0,0,0,0.706292,-0.0339281,-0.0339281,-0.706292,0.706422,0.0311027,0.0311027,-0.706423,1,0,0,0,1,0,0,0,0.707107,0,0,0.707107,0.707107,0,0,0.707107,0.030773229850746268,0.026950777204884667,0.14073953324287652,0.03077318588873813,0.02637720488466757,-0.1345233052917232,-1.25776184531886e-07,0.2260570420624152,0.12156638263229308,-1.6770187245590232e-07,0.225630170963365,-0.11694333785617367,-4.1925424151967434e-08,0.6089529443690638,0.0846945671641791,-6.2888092265943e-08,0.608807869742198,-0.08313611397557666,0.0,0.8740218724559022,0.0,0.0,1.0322851017639079,0.0,0.0,1.2169255359565807,0.0,0.12208953052917232,1.2173739484396202,0.16705563093622794,0.12263993487109906,1.2186928086838533,-0.17395502849389416,0.34719215739484394,1.0885169063772049,0.16705563093622794,0.34875676526458615,1.0922580732700136,-0.1866758751696065,0.0,1.436735576662144,0.0,0,0,0,0,0,0,0,0,0,0,0,-1.06823,0.02294,-0.00785116,-1.01269,0,0,0,0,0,0,0,0,0,0,0,3.57628e-06,0,0,0,0,0,0,0,0,0,0,0,0,0.029715459972862956,0.8734679511533243,-0.0002483822686567164,0,1,0,0,0,0,0,0,0.0,2.5155280868385346e-06,0.0,0,0,0
1,0,0,0,1,0,0,0,1,0,0,0,0.961598,0,0,-0.274462,0.962922,0.00773267,0.0232594,-0.268665,1,0,0,0,1,0,0,0,0.706292,-0.0339281,-0.0339281,-0.706292,0.706422,0.0311027,0.0311027,-0.706423,1,0,0,0,1,0,0,0,0.707107,0,0,0.707107,0.707107,0,0,0.707107,0.030773229850746268,0.026950777204884667,0.14073953324287652,0.03077318588873813,0.02637720488466757,-0.1345233052917232,-1.25776184531886e-07,0.2260570420624152,0.12156638263229308,-1.6770187245590232e-07,0.225630170963365,-0.11694333785617367,-4.1925424151967434e-08,0.6089529443690638,0.0846945671641791,-6.2888092265943e-08,0.608807869742198,-0.08313611397557666,0.0,0.8740218724559022,0.0,0.0,1.0322851017639079,0.0,0.0,1.2169255359565807,0.0,0.11948390230664858,1.2130085210312076,0.16705563093622794,0.12021762822252373,1.21452960651289,-0.17394183989145184,0.33978280054274085,1.0760976390773407,0.16705563093622794,0.3418687978290366,1.080419104477612,-0.18663806784260517,0.0,1.436735576662144,0.0,0,0,0,0,0,0,0,0,0,0,0,-1.08438,0.0230839,-0.00818487,-1.02836,0,0,0,0,0,0,0,0,0,0,0,0,0,0,0,0,0,0,0,0,0,0,0,0,0.029133095251017642,0.8724788059701493,-0.0002468356852103121,0,1,0,0,0,0,0,0,0.0,0.0,0.0,0,0,0
1,0,0,0,1,0,0,0,1,0,0,0,0.956412,0,0,-0.292019,0.958111,0.00810123,0.0230819,-0.285351,1,0,0,0,1,0,0,0,0.706292,-0.0339281,-0.0339281,-0.706292,0.706422,0.0311027,0.0311027,-0.706423,1,0,0,0,1,0,0,0,0.707107,0,0,0.707107,0.707107,0,0,0.707107,0.030773229850746268,0.026950777204884667,0.14073953324287652,0.03077318588873813,0.02637720488466757,-0.1345233052917232,-1.25776184531886e-07,0.2260570420624152,0.12156638263229308,-1.6770187245590232e-07,0.225630170963365,-0.11694333785617367,-4.1925424151967434e-08,0.6089529443690638,0.0846945671641791,-6.2888092265943e-08,0.608807869742198,-0.08313611397557666,0.0,0.8740218724559022,0.0,0.0,1.0322851017639079,0.0,0.0,1.2169255359565807,0.0,0.11668572048846676,1.2086870556309361,0.16705563093622794,0.11761903392130257,1.2103971777476257,-0.17392821166892808,0.3318247978290367,1.0638014654002714,0.16705563093622794,0.33447922388059703,1.0686680597014926,-0.1865998208955224,0.0,1.436735576662144,0.0,0,0,0,0,0,0,0,0,0,0,0,-1.09846,0.023196,-0.00848975,-1.04203,0,0,0,0,0,0,0,0,0,0,0,0,0,0,0,0,0,0,0,0,0,0,0,0,0.02850795549525102,0.8714984531886024,-0.0002452798697421981,0,1,0,0,0,0,0,0,0.0,0.0,0.0,0,0,0
1,0,0,0,1,0,0,0,1,0,0,0,0.950844,0,0,-0.309669,0.952952,0.00846886,0.0228976,-0.302136,1,0,0,0,1,0,0,0,0.706292,-0.0339281,-0.0339281,-0.706292,0.706422,0.0311027,0.0311027,-0.706423,1,0,0,0,1,0,0,0,0.707107,0,0,0.707107,0.707107,0,0,0.707107,0.030773229850746268,0.026950777204884667,0.14073953324287652,0.03077318588873813,0.02637720488466757,-0.1345233052917232,-1.25776184531886e-07,0.2260570420624152,0.12156638263229308,-1.6770187245590232e-07,0.225630170963365,-0.11694333785617367,-4.1925424151967434e-08,0.6089529443690638,0.0846945671641791,-6.2888092265943e-08,0.608807869742198,-0.08313611397557666,0.0,0.8740218724559022,0.0,0.0,1.0322851017639079,0.0,0.0,1.2169255359565807,0.0,0.11369762279511532,1.2044227408412482,0.16705563093622794,0.11484678968792401,1.2063131071913162,-0.17391502306648576,0.32332782089552237,1.0516767435549526,0.16705563093622794,0.3265959565807327,1.0570532971506106,-0.1865615739484396,0.0,1.436735576662144,0.0,0,0,0,0,0,0,0,0,0,0,0,-1.11047,0.0232764,-0.00876579,-1.05372,0,0,0,0,0,0,0,0,0,0,0,0,0,0,0,0,0,0,0,0,0,0,0,0,0.027840744097693354,0.8705312890094979,-0.0002437266919945726,0,1,0,0,0,0,0,0,0.0,0.0,0.0,0,0,0
1,0,0,0,1,0,0,0,1,0,0,0,0.944896,0,0,-0.32737,0.947448,0.00883488,0.0227071,-0.318981,1,0,0,0,1,0,0,0,0.706292,-0.0339281,-0.0339281,-0.706292,0.706422,0.0311027,0.0311027,-0.706423,1,0,0,0,1,0,0,0,0.707107,0,0,0.707107,0.707107,0,0,0.707107,0.030773229850746268,0.026950777204884667,0.14073953324287652,0.03077318588873813,0.02637720488466757,-0.1345233052917232,-1.25776184531886e-07,0.2260570420624152,0.12156638263229308,-1.6770187245590232e-07,0.225630170963365,-0.11694333785617367,-4.1925424151967434e-08,0.6089529443690638,0.0846945671641791,-6.2888092265943e-08,0.608807869742198,-0.08313611397557666,0.0,0.8740218724559022,0.0,0.0,1.0322851017639079,0.0,0.0,1.2169255359565807,0.0,0.11052532428765265,1.2002331614654003,0.16705563093622794,0.11190573134328359,1.2022905834464044,-0.173901394843962,0.31430593758480324,1.039767435549525,0.16705563093622794,0.3182317449118046,1.0456187788331073,-0.18652376662143827,0.0,1.436735576662144,0.0,0,0,0,0,0,0,0,0,0,0,0,-1.1204,0.0233253,-0.00901289,-1.06342,0,0,0,0,0,0,0,0,0,0,0,0,0,0,0,0,0,0,0,0,0,0,0,0,0.027132560108548167,0.8695817096336499,-0.00024219021981004073,0,1,0,0,0,0,0,0,0.0,0.0,0.0,0,0,0
1,0,0,0,1,0,0,0,1,0,0,0,0.938574,0,0,-0.345079,0.941603,0.00919867,0.0225109,-0.335847,1,0,0,0,1,0,0,0,0.706292,-0.0339281,-0.0339281,-0.706292,0.706422,0.0311027,0.0311027,-0.706423,1,0,0,0,1,0,0,0,0.707107,0,0,0.707107,0.707107,0,0,0.707107,0.030773229850746268,0.026950821166892812,0.14073953324287652,0.03077318588873813,0.02637720488466757,-0.1345233052917232,-1.25776184531886e-07,0.2260570420624152,0.12156638263229308,-1.6770187245590232e-07,0.225630170963365,-0.11694333785617367,-4.1925424151967434e-08,0.6089529443690638,0.0846945671641791,-6.2888092265943e-08,0.608807869742198,-0.08313611397557666,0.0,0.8740218724559022,0.0,0.0,1.0322851017639079,0.0,0.0,1.2169255359565807,0.0,0.10717454002713704,1.1961402985074627,0.16705563093622794,0.1088006947082768,1.1983471913161465,-0.17388864586160108,0.3047776119402985,1.0281262957937585,0.16705563093622794,0.30940241519674355,1.0344084667571234,-0.1864868385345997,0.0,1.436735576662144,0.0,0,0,0,0,0,0,0,0,0,0,0,-1.12826,0.0233424,-0.00923116,-1.07113,0,0,0,0,0,0,0,0,-3.57628e-06,-2.23517e-07,0,0,0,0,0,0,0,0,0,0,3.57628e-06,0,0,3.57628e-06,0.02638481031207598,0.8686497150610584,-0.00024068144369063775,0,1,0,0,0,0,0,0,0.0,0.0,0.0,0,0,0
1,0,0,0,1,0,0,0,1,0,0,0,0.931884,0,0,-0.362756,0.935424,0.00955958,0.0223096,-0.352695,1,0,0,0,1,0,0,0,0.706292,-0.0339281,-0.0339281,-0.706292,0.706422,0.0311027,0.0311027,-0.706423,1,0,0,0,1,0,0,0,0.707107,0,0,0.707107,0.707107,0,0,0.707107,0.030773229850746268,0.026950821166892812,0.14073953324287652,0.03077318588873813,0.02637720488466757,-0.1345233052917232,-1.25776184531886e-07,0.2260570420624152,0.12156638263229308,-1.6770187245590232e-07,0.225630170963365,-0.11694333785617367,-4.1925424151967434e-08,0.6089529443690638,0.0846945671641791,-6.2888092265943e-08,0.608807869742198,-0.08313611397557666,0.0,0.8740218724559022,0.0,0.0,1.0322851017639079,0.0,0.0,1.2169255359565807,0.0,0.10365406241519676,1.1921529443690637,0.16705563093622794,0.10553915332428765,1.194500515603799,-0.17387589687924015,0.29476614382632293,1.0167928900949796,0.16705563093622794,0.300127750339213,1.0234663229308005,-0.186450789687924,0.0,1.436735576662144,0.0,0,0,0,0,0,0,0,0,0,0,0,-1.13405,0.023328,-0.00942059,-1.07686,0,0,0,0,0,0,0,0,0,0,0,0,0,0,0,0,0,0,0,0,0,0,0,0,0.025599253188602445,0.8677440976933514,-0.00023921003527815467,0,1,0,0,0,0,0,0,0.0,0.0,0.0,0,0,0
1,0,0,0,1,0,0,0,1,0,0,0,0.924838,0,0,-0.380361,0.92892,0.00991699,0.0221038,-0.369487,1,0,0,0,1,0,0,0,0.706292,-0.0339281,-0.0339281,-0.706292,0.706422,0.0311027,0.0311027,-0.706423,1,0,0,0,1,0,0,0,0.707107,0,0,0.707107,0.707107,0,0,0.707107,0.030773229850746268,0.026950821166892812,0.14073953324287652,0.03077318588873813,0.02637720488466757,-0.1345233052917232,-1.25776184531886e-07,0.2260570420624152,0.12156638263229308,-1.6770187245590232e-07,0.225630170963365,-0.11694333785617367,-4.1925424151967434e-08,0.6089529443690638,0.0846945671641791,-6.2888092265943e-08,0.608807869742198,-0.08313611397557666,0.0,0.8740218724559022,0.0,0.0,1.0322851017639079,0.0,0.0,1.2169255359565807,0.0,0.09997312347354138,1.1882930800542741,0.16705563093622794,0.10212989959294437,1.1907593487109904,-0.17386358751696065,0.2842992293080054,1.0058111804613297,0.16705563093622794,0.2904319294436906,1.012823120759837,-0.18641562008141113,0.0,1.436735576662144,0.0,0,0,0,0,0,0,0,0,0,0,0,-1.13776,0.0232818,-0.00958096,-1.08059,0,0,0,0,0,0,0,0,0,0,0,0,0,0,0,0,0,0,0,0,0,0,0,0,0.024777954952510173,0.8668648575305291,-0.00023778698507462688,0,1,0,0,0,0,0,0,0.0,0.0,0.0,0,0,0
1,0,0,0,1,0,0,0,1,0,0,0,0.917449,0,0,-0.397854,0.922104,0.0102703,0.0218942,-0.386187,1,0,0,0,1,0,0,0,0.706292,-0.0339281,-0.0339281,-0.706292,0.706422,0.0311027,0.0311027,-0.706423,1,0,0,0,1,0,0,0,0.707107,0,0,0.707107,0.707107,0,0,0.707107,0.030773229850746268,0.026950821166892812,0.14073953324287652,0.03077318588873813,0.02637720488466757,-0.1345233052917232,-1.25776184531886e-07,0.2260570420624152,0.12156638263229308,-1.6770187245590232e-07,0.225630170963365,-0.11694333785617367,-4.1925424151967434e-08,0.6089529443690638,0.0846945671641791,-6.2888092265943e-08,0.608807869742198,-0.08313611397557666,0.0,0.8740218724559022,0.0,0.0,1.0322851017639079,0.0,0.0,1.2169255359565807,0.0,0.09614315332428765,1.1845651017639076,0.16705563093622794,0.09858172591587518,1.1871368792401626,-0.17385171777476255,0.2734067625508819,0.9952163364993216,0.16705563093622794,0.2803422089552239,1.0025228222523745,-0.1863822089552239,0.0,1.436735576662144,0.0,0,0,0,0,0,0,0,0,0,0,0,-1.1394,0.0232041,-0.00971261,-1.08235,0,0,0,0,0,0,0,0,0,0,0,0,0,0,0,0,0,0,0,0,0,0,0,0,0.02392333351424695,0.8660119945725916,-0.00023642152510176392,0,1,0,0,0,0,0,0,0.0,0.0,0.0,0,0,0
1,0,0,0,1,0,0,0,1,0,0,0,0.909732,0,0,-0.415197,0.914989,0.010619,0.0216813,-0.402757,1,0,0,0,1,0,0,0,0.706292,-0.0339281,-0.0339281,-0.706292,0.706422,0.0311027,0.0311027,-0.706423,1,0,0,0,1,0,0,0,0.707107,0,0,0.707107,0.707107,0,0,0.707107,0.030773229850746268,0.026950821166892812,0.14073953324287652,0.03077318588873813,0.02637720488466757,-0.1345233052917232,-1.25776184531886e-07,0.2260570420624152,0.12156638263229308,-1.6770187245590232e-07,0.225630170963365,-0.11694333785617367,-4.1925424151967434e-08,0.6089529443690638,0.0846945671641791,-6.2888092265943e-08,0.608807869742198,-0.08313611397557666,0.0,0.8740218724559022,0.0,0.0,1.0322851017639079,0.0,0.0,1.2169255359565807,0.0,0.09217558208955223,1.1809909905020353,0.16705563093622794,0.09490650203527816,1.1836462957937584,-0.17384072727272729,0.2621247924016282,0.9850523202170963,0.16705563093622794,0.26988980189959294,0.9925962008141112,-0.18635011668928084,0.0,1.436735576662144,0.0,0,0,0,0,0,0,0,0,0,0,0,-1.13896,0.0230947,-0.00981543,-1.08211,0,0,0,0,0,0,0,0,0,0,0,0,0,0,0,0,0,0,0,0,0,0,0,0,0.02303802659430122,0.8651943012211668,-0.00023512068928086837,0,1,0,0,0,0,0,0,0.0,0.0,0.0,0,0,0
1,0,0,0,1,0,0,0,1,0,0,0,0.901705,0,0,-0.432353,0.907591,0.0109624,0.0214659,-0.419162,1,0,0,0,1,0,0,0,0.706292,-0.0339281,-0.0339281,-0.706292,0.706422,0.0311027,0.0311027,-0.706423,1,0,0,0,1,0,0,0,0.707107,0,0,0.707107,0.707107,0,0,0.707107,0.030773229850746268,0.026950821166892812,0.14073953324287652,0.03077318588873813,0.02637720488466757,-0.1345233052917232,-1.25776184531886e-07,0.2260570420624152,0.12156638263229308,-1.6770187245590232e-07,0.225630170963365,-0.11694333785617367,-4.1925424151967434e-08,0.6089529443690638,0.0846945671641791,-6.2888092265943e-08,0.608807869742198,-0.08313611397557666,0.0,0.8740218724559022,0.0,0.0,1.0322851017639079,0.0,0.0,1.2169255359565807,0.0,0.0880849172320217,1.177575142469471,0.16705563093622794,0.0911152184531886,1.1802963907734056,-0.173829736770692,0.25049112618724556,0.9753411126187246,0.16705563093622794,0.2591089986431479,0.983069633649932,-0.1863202225237449,0.0,1.436735576662144,0.0,0,0,0,0,0,0,0,0,0,0,0,-1.13646,0.0229536,-0.00988919,-1.07988,0,0,0,0,0,0,0,0,0,0,0,0,0,0,0,0,0,0,0,0,0,0,0,0,0.022124979647218455,0.8644117774762551,-0.00023389063229308006,0,1,0,0,0,0,0,0,0.0,0.0,0.0,0,0,0
1,0,0,0,1,0,0,0,1,0,0,0,0.893388,0,0,-0.449285,0.89993,0.0113,0.0212486,-0.435369,1,0,0,0,1,0,0,0,0.706292,-0.0339281,-0.0339281,-0.706292,0.706422,0.0311027,0.0311027,-0.706423,1,0,0,0,1,0,0,0,0.707107,0,0,0.707107,0.707107,0,0,0.707107,0.030773229850746268,0.026950821166892812,0.14073953324287652,0.03077318588873813,0.02637720488466757,-0.1345233052917232,-1.25776184531886e-07,0.2260570420624152,0.12156638263229308,-1.6770187245590232e-07,0.225630170963365,-0.11694333785617367,-4.1925424151967434e-08,0.6089529443690638,0.0846945671641791,-6.2888092265943e-08,0.608807869742198,-0.08313611397557666,0.0,0.8740218724559022,0.0,0.0,1.0322851017639079,0.0,0.0,1.2169255359565807,0.0,0.0838847869742198,1.1743307462686567,0.16705563093622794,0.08722150339213025,1.1770959565807328,-0.17382006512890097,0.23854664857530528,0.966113487109905,0.16705563093622794,0.24803584803256445,0.973973894165536,-0.1862916472184532,0.0,1.436735576662144,0.0,0,0,0,0,0,0,0,0,0,0,0,-1.13188,0.0227809,-0.00993434,-1.07567,0,0,0,0,0,0,0,0,0,0,0,0,0,0,0,0,0,0,0,0,0,0,0,0,0.021187445861601085,0.8636644233378562,-0.00023273838805970147,0,1,0,0,0,0,0,0,0.0,0.0,0.0,0,0,0
1,0,0,0,1,0,0,0,1,0,0,0,0.884806,0,0,-0.465959,0.892027,0.0116314,0.02103,-0.451343,1,0,0,0,1,0,0,0,0.706292,-0.0339281,-0.0339281,-0.706292,0.706422,0.0311027,0.0311027,-0.706423,1,0,0,0,1,0,0,0,0.707107,0,0,0.707107,0.707107,0,0,0.707107,0.030773229850746268,0.026950821166892812,0.14073953324287652,0.03077318588873813,0.02637720488466757,-0.1345233052917232,-1.25776184531886e-07,0.2260570420624152,0.12156638263229308,-1.6770187245590232e-07,0.225630170963365,-0.11694333785617367,-4.1925424151967434e-08,0.6089529443690638,0.0846945671641791,-6.2888092265943e-08,0.608807869742198,-0.08313611397557666,0.0,0.8740218724559022,0.0,0.0,1.0322851017639079,0.0,0.0,1.2169255359565807,0.0,0.07959057801899592,1.1712665943012213,0.16705563093622794,0.08323854545454545,1.1740581818181817,-0.1738108331071913,0.22633620081411127,0.9573958208955223,0.16705563093622794,0.23670991587516962,0.9653309633649932,-0.18626570963364994,0.0,1.436735576662144,0.0,0,0,0,0,0,0,0,0,0,0,0,-1.12522,0.0225766,-0.00995032,-1.06946,0,0,0,0,0,0,0,0,0,0,0,0,0,0,0,0,0,0,0,0,0,0,0,0,0.02022876635006784,0.8629566350067842,-0.000231667473541384,0,1,0,0,0,0,0,0,0.0,0.0,0.0,0,0,0
1,0,0,0,1,0,0,0,1,0,0,0,0.875983,0,0,-0.482343,0.883904,0.0119561,0.0208108,-0.467053,1,0,0,0,1,0,0,0,0.706292,-0.0339281,-0.0339281,-0.706292,0.706422,0.0311027,0.0311027,-0.706423,1,0,0,0,1,0,0,0,0.707107,0,0,0.707107,0.707107,0,0,0.707107,0.030773229850746268,0.026950777204884667,0.14073953324287652,0.03077318588873813,0.02637720488466757,-0.1345233052917232,-1.25776184531886e-07,0.2260570420624152,0.12156638263229308,-1.6770187245590232e-07,0.225630170963365,-0.11694333785617367,-4.1925424151967434e-08,0.6089529443690638,0.0846945671641791,-6.2888092265943e-08,0.608807869742198,-0.08313611397557666,0.0,0.8740218724559022,0.0,0.0,1.0322851017639079,0.0,0.0,1.2169255359565807,0.0,0.0752194355495251,1.1683870827679783,0.16705563093622794,0.07918173134328357,1.171183066485753,-0.1738020407055631,0.21390550339213024,0.949201302578019,0.16705563093622794,0.22517340569877883,0.9571540298507463,-0.1862415305291723,0.0,1.436735576662144,0.0,0,0,0,0,0,0,0,0,0,0,0,-1.1165,0.0223407,-0.00993781,-1.06128,0,0,0,0,0,0,0,0,3.57628e-06,0,0,0,0,0,0,0,0,0,0,0,-3.57628e-06,0,0,-3.57628e-06,0.019252502035278157,0.8622884124830393,-0.00023068316417910448,0,1,0,0,0,0,0,0,0.0,0.0,0.0,0,0,0
1,0,0,0,1,0,0,0,1,0,0,0,0.866946,0,0,-0.498403,0.875585,0.0122735,0.0205917,-0.482469,1,0,0,0,1,0,0,0,0.706292,-0.0339281,-0.0339281,-0.706292,0.706422,0.0311027,0.0311027,-0.706423,1,0,0,0,1,0,0,0,0.707107,0,0,0.707107,0.707107,0,0,0.707107,0.030773229850746268,0.026950777204884667,0.14073953324287652,0.03077318588873813,0.02637720488466757,-0.1345233052917232,-1.25776184531886e-07,0.2260570420624152,0.12156638263229308,-1.6770187245590232e-07,0.225630170963365,-0.11694333785617367,-4.1925424151967434e-08,0.6089529443690638,0.0846945671641791,-6.2888092265943e-08,0.608807869742198,-0.08313611397557666,0.0,0.8740218724559022,0.0,0.0,1.0322851017639079,0.0,0.0,1.2169255359565807,0.0,0.07078806512890094,1.1656966078697422,0.16705563093622794,0.07506600814111261,1.1684794029850747,-0.1737945671641791,0.20130335413839892,0.9415475169606513,0.16705563093622794,0.213468960651289,0.9494694708276797,-0.18621954952510178,0.0,1.436735576662144,0.0,0,0,0,0,0,0,0,0,0,0,0,-1.1057,0.0220731,-0.00989601,-1.0511,0,0,0,0,0,0,0,0,0,0,0,0,0,0,0,0,0,0,0,0,0,0,0,0,0.018262433649932158,0.8616641519674356,-0.0002297872184531886,0,1,0,0,0,0,0,0,0.0,0.0,0.0,0,0,0
1,0,0,0,1,0,0,0,1,0,0,0,0.857725,0,0,-0.514109,0.867099,0.0125833,0.0203734,-0.49756,1,0,0,0,1,0,0,0,0.706292,-0.0339281,-0.0339281,-0.706292,0.706422,0.0311027,0.0311027,-0.706423,1,0,0,0,1,0,0,0,0.707107,0,0,0.707107,0.707107,0,0,0.707107,0.030773229850746268,0.026950777204884667,0.14073953324287652,0.03077318588873813,0.02637720488466757,-0.1345233052917232,-1.25776184531886e-07,0.2260570420624152,0.12156638263229308,-1.6770187245590232e-07,0.225630170963365,-0.11694333785617367,-4.1925424151967434e-08,0.6089529443690638,0.0846945671641791,-6.2888092265943e-08,0.608807869742198,-0.08313611397557666,0.0,0.8740218724559022,0.0,0.0,1.0322851017639079,0.0,0.0,1.2169255359565807,0.0,0.0663136119402985,1.1631951696065128,0.16705563093622794,0.07090720217096336,1.1659515875169606,-0.17378753324287652,0.18857899050203525,0.9344476526458616,0.16705563093622794,0.2016427408412483,0.9422772862957938,-0.18619976662143828,0.0,1.436735576662144,0.0,0,0,0,0,0,0,0,0,0,0,0,-1.09282,0.0217738,-0.00982571,-1.03893,0,0,0,0,0,0,0,0,0,0,0,0,0,0,0,0,0,0,0,0,0,0,0,0,0.017262429850746268,0.8610838534599728,-0.00022898271370420625,0,1,0,0,0,0,0,0,0.0,0.0,0.0,0,0,0
1,0,0,0,1,0,0,0,1,0,0,0,0.848351,0,0,-0.529434,0.858473,0.012885,0.0201565,-0.5123,1,0,0,0,1,0,0,0,0.706292,-0.0339281,-0.0339281,-0.706292,0.706422,0.0311027,0.0311027,-0.706423,1,0,0,0,1,0,0,0,0.707107,0,0,0.707107,0.707107,0,0,0.707107,0.030773229850746268,0.026950777204884667,0.14073953324287652,0.03077318588873813,0.02637720488466757,-0.1345233052917232,-1.25776184531886e-07,0.2260570420624152,0.12156638263229308,-1.6770187245590232e-07,0.225630170963365,-0.11694333785617367,-4.1925424151967434e-08,0.6089529443690638,0.0846945671641791,-6.2888092265943e-08,0.608807869742198,-0.08313611397557666,0.0,0.8740218724559022,0.0,0.0,1.0322851017639079,0.0,0.0,1.2169255359565807,0.0,0.06181410040705563,1.1608959565807326,0.16705563093622794,0.06672157937584802,1.1635996200814112,-0.17378137856173675,0.17578340841248305,0.9279017096336499,0.16705563093622794,0.18974002713704205,0.9355906648575305,-0.18618218181818183,0.0,1.436735576662144,0.0,0,0,0,0,0,0,0,0,0,0,0,-1.07788,0.0214429,-0.00972625,-1.02478,0,0,0,0,0,0,0,0,0,0,0,0,0,0,0,0,0,0,0,0,0,0,0,0,0.016256403256445045,0.8605431207598372,-0.00022827052917232023,0,1,0,0,0,0,0,0,0.0,0.0,0.0,0,0,0
1,0,0,0,1,0,0,0,1,0,0,0,0.838858,0,0,-0.54435,0.849739,0.0131784,0.0199418,-0.526661,1,0,0,0,1,0,0,0,0.706292,-0.0339281,-0.0339281,-0.706292,0.706422,0.0311027,0.0311027,-0.706422,1,0,0,0,1,0,0,0,0.707107,0,0,0.707107,0.707107,0,0,0.707107,0.030773229850746268,0.026950733242876525,0.14073953324287652,0.03077327381275441,0.02637720488466757,-0.1345233052917232,-1.25776184531886e-07,0.2260570420624152,0.12156638263229308,-1.048137801899593e-07,0.225630170963365,-0.11694333785617367,-4.1925424151967434e-08,0.6089529443690638,0.0846945671641791,-4.1925424151967434e-08,0.608807869742198,-0.08313611397557666,0.0,0.8740218724559022,0.0,0.0,1.0322851017639079,0.0,0.0,1.2169255359565807,0.0,0.05730755495251017,1.1587901763907733,0.16705563093622794,0.06252584531886024,1.1614235006784261,-0.17377610312075983,0.16296848303934872,0.9219096879240163,0.16705563093622794,0.17780829850746271,0.929405210312076,-0.18616679511533243,0.0,1.436735576662144,0.0,0,0,0,0,0,0,0,0,0,0,0,-1.06085,0.0210803,-0.00959784,-1.00864,0,0,0,0,0,0,0,0,0,0,0,3.57628e-06,0,0,0,0,0,0,0,0,0,0,0,0,0.015248398371777477,0.8600463500678427,-0.00022765154409769335,0,1,0,0,0,0,0,0,0.0,-2.5155280868385346e-06,0.0,0,0,0
1,0,0,0,1,0,0,0,1,0,0,0,0.829281,0,0,-0.558832,0.840928,0.013463,0.0197298,-0.54062,1,0,0,0,1,0,0,0,0.706292,-0.0339281,-0.0339281,-0.706292,0.706422,0.0311027,0.0311027,-0.706422,1,0,0,0,1,0,0,0,0.707107,0,0,0.707107,0.707107,0,0,0.707107,0.030773229850746268,0.026950733242876525,0.14073953324287652,0.03077327381275441,0.02637720488466757,-0.1345233052917232,-1.25776184531886e-07,0.2260570420624152,0.12156638263229308,-1.048137801899593e-07,0.225630170963365,-0.11694333785617367,-4.1925424151967434e-08,0.6089529443690638,0.0846945671641791,-4.1925424151967434e-08,0.608807869742198,-0.08313611397557666,0.0,0.8740218724559022,0.0,0.0,1.0322851017639079,0.0,0.0,1.2169255359565807,0.0,0.052812439620081406,1.156877829036635,0.16705563093622794,0.05833670556309362,1.1594276255088196,-0.17377170691994573,0.15018564993215738,0.9164715875169607,0.16705563093622794,0.1658950339213026,0.9237297150610584,-0.18615404613297148,0.0,1.436735576662144,0.0,0,0,0,0,0,0,0,0,0,0,0,-1.04176,0.0206863,-0.00944093,-0.990515,0,0,0,0,0,0,0,0,0,0,0,0,0,0,0,0,0,0,0,0,0,0,0,0,0.014242459701492537,0.8595935413839891,-0.00022712619810040703,0,1,0,0,0,0,0,0,0.0,0.0,0.0,0,0,0
1,0,0,0,1,0,0,0,1,0,0,0,0.819655,0,0,-0.572857,0.832073,0.0137386,0.0195213,-0.554152,1,0,0,0,1,0,0,0,0.706292,-0.0339281,-0.0339281,-0.706292,0.706422,0.0311027,0.0311027,-0.706422,1,0,0,0,1,0,0,0,0.707107,0,0,0.707107,0.707107,0,0,0.707107,0.030773229850746268,0.026950733242876525,0.14073953324287652,0.03077327381275441,0.02637720488466757,-0.1345233052917232,-1.25776184531886e-07,0.2260570420624152,0.12156638263229308,-1.048137801899593e-07,0.225630170963365,-0.11694333785617367,-4.1925424151967434e-08,0.6089529443690638,0.0846945671641791,-4.1925424151967434e-08,0.608807869742198,-0.08313611397557666,0.0,0.8740218724559022,0.0,0.0,1.0322851017639079,0.0,0.0,1.2169255359565807,0.0,0.04834677883310719,1.1551545183175034,0.16705563093622794,0.054170865671641796,1.1576075983717775,-0.17376775033921302,0.1374867842605156,0.9115786160108549,0.16705563093622794,0.15404815196743554,0.9185553867028494,-0.18614349525101764,0.0,1.436735576662144,0.0,0,0,0,0,0,0,0,0,0,0,0,-1.0206,0.0202603,-0.00925496,-0.970398,0,0,0,0,0,0,0,0,0,0,0,0,0,0,0,0,0,0,0,0,0,0,0,0,0.013242675712347354,0.8591846947082769,-0.0002266931723202171,0,1,0,0,0,0,0,0,0.0,0.0,0.0,0,0,0
1,0,0,0,1,0,0,0,1,0,0,0,0.81002,0,0,-0.586402,0.823209,0.0140049,0.019317,-0.567236,1,0,0,0,1,0,0,0,0.706292,-0.0339281,-0.0339281,-0.706292,0.706422,0.0311027,0.0311027,-0.706422,1,0,0,0,1,0,0,0,0.707107,0,0,0.707107,0.707107,0,0,0.707107,0.030773229850746268,0.026950733242876525,0.14073953324287652,0.03077327381275441,0.02637720488466757,-0.1345233052917232,-1.25776184531886e-07,0.2260570420624152,0.12156638263229308,-1.048137801899593e-07,0.225630170963365,-0.11694333785617367,-4.1925424151967434e-08,0.6089529443690638,0.0846945671641791,-4.1925424151967434e-08,0.608807869742198,-0.08313611397557666,0.0,0.8740218724559022,0.0,0.0,1.0322851017639079,0.0,0.0,1.2169255359565807,0.0,0.04392903663500678,1.1536202442333785,0.16705563093622794,0.05004503120759837,1.1559590230664858,-0.17376467299864315,0.12492332157394843,0.9072175848032563,0.16705563093622794,0.142315131614654,0.9138690366350068,-0.18613514246947083,0.0,1.436735576662144,0.0,0,0,0,0,0,0,0,0,0,0,0,-0.997356,0.0198028,-0.00904005,-0.948293,0,0,0,0,0,0,0,0,0,0,0,0,0,0,0,0,0,0,0,0,0,0,0,0,0.012253002985074628,0.8588154138398915,-0.00022635422523744912,0,1,0,0,0,0,0,0,0.0,0.0,0.0,0,0,0
1,0,0,0,1,0,0,0,1,0,0,0,0.800414,0,0,-0.599447,0.814373,0.0142616,0.0191175,-0.579852,1,0,0,0,1,0,0,0,0.706292,-0.0339281,-0.0339281,-0.706292,0.706422,0.0311027,0.0311027,-0.706422,1,0,0,0,1,0,0,0,0.707107,0,0,0.707107,0.707107,0,0,0.707107,0.030773229850746268,0.026950733242876525,0.14073953324287652,0.03077327381275441,0.02637720488466757,-0.1345233052917232,-1.25776184531886e-07,0.2260570420624152,0.12156638263229308,-1.048137801899593e-07,0.225630170963365,-0.11694333785617367,-4.1925424151967434e-08,0.6089529443690638,0.0846945671641791,-4.1925424151967434e-08,0.608807869742198,-0.08313611397557666,0.0,0.8740218724559022,0.0,0.0,1.0322851017639079,0.0,0.0,1.2169255359565807,0.0,0.03957649009497965,1.1522706105834464,0.16705563093622794,0.04597546811397558,1.1544818995929444,-0.17376291451831752,0.11254581818181818,0.903366512890095,0.16705563093622794,0.13074301221166892,0.9096618724559024,-0.18612898778833106,0.0,1.436735576662144,0.0,0,0,0,0,0,0,0,0,0,0,0,-0.972047,0.0193139,-0.00879642,-0.92421,0,0,0,0,0,0,0,0,0,0,0,0,0,0,0,0,0,0,0,0,0,0,0,0,0.011277442062415197,0.8584900949796471,-0.00022610583989145182,0,1,0,0,0,0,0,0,0.0,0.0,0.0,0,0,0
1,0,0,0,1,0,0,0,1,0,0,0,0.790878,0,0,-0.611974,0.805601,0.0145085,0.0189235,-0.591979,1,0,0,0,1,0,0,0,0.706292,-0.0339281,-0.0339281,-0.706292,0.706422,0.0311027,0.0311027,-0.706422,1,0,0,0,1,0,0,0,0.707107,0,0,0.707107,0.707107,0,0,0.707107,0.030773229850746268,0.026950733242876525,0.14073953324287652,0.03077327381275441,0.02637720488466757,-0.1345233052917232,-1.25776184531886e-07,0.2260570420624152,0.12156638263229308,-1.048137801899593e-07,0.225630170963365,-0.11694333785617367,-4.1925424151967434e-08,0.6089529443690638,0.0846945671641791,-4.1925424151967434e-08,0.608807869742198,-0.08313611397557666,0.0,0.8740218724559022,0.0,0.0,1.0322851017639079,0.0,0.0,1.2169255359565807,0.0,0.03530672401628222,1.1510880325644506,0.16705563093622794,0.0419792776119403,1.153163039348711,-0.17376115603799186,0.10040351153324287,0.9000166078697421,0.16705563093622794,0.11937839348710991,0.9059163093622795,-0.18612503120759835,0.0,1.436735576662144,0.0,0,0,0,0,0,0,0,0,0,0,0,-0.944656,0.0187928,-0.00852372,-0.898114,0,0,0,0,0,0,0,0,0,0,0,0,0,0,0,0,0,0,0,0,0,0,0,0,0.010319993487109906,0.8581999457259158,-0.00022594757666214384,0,1,0,0,0,0,0,0,0.0,0.0,0.0,0,0,0
1,0,0,0,1,0,0,0,1,0,0,0,0.781451,0,0,-0.623966,0.79693,0.0147455,0.0187357,-0.603601,1,0,0,0,1,0,0,0,0.706292,-0.0339281,-0.0339281,-0.706292,0.706422,0.0311027,0.0311027,-0.706423,1,0,0,0,1,0,0,0,0.707107,0,0,0.707107,0.707107,0,0,0.707107,0.030773229850746268,0.026950777204884667,0.14073953324287652,0.03077318588873813,0.02637720488466757,-0.1345233052917232,-1.25776184531886e-07,0.2260570420624152,0.12156638263229308,-1.6770187245590232e-07,0.225630170963365,-0.11694333785617367,-4.1925424151967434e-08,0.6089529443690638,0.0846945671641791,-6.2888092265943e-08,0.608807869742198,-0.08313611397557666,0.0,0.8740218724559022,0.0,0.0,1.0322851017639079,0.0,0.0,1.2169255359565807,0.0,0.031136663772048847,1.1500769063772047,0.16705563093622794,0.03807180244233378,1.1520024423337856,-0.17376071641791044,0.08854475983717776,0.8971327001356852,0.16705563093622794,0.10826655630936229,0.9026103663500679,-0.18612327272727275,0.0,1.436735576662144,0.0,0,0,0,0,0,0,0,0,0,0,0,-0.915195,0.0182408,-0.00822231,-0.870062,0,0,0,0,0,0,0,0,0,0,0,-3.57628e-06,0,0,0,0,0,0,0,0,0,0,0,0,0.009384306105834463,0.8579493622795115,-0.00022587855630936229,0,1,0,0,0,0,0,0,0.0,2.5155280868385346e-06,0.0,0,0,0
1,0,0,0,1,0,0,0,1,0,0,0,0.772177,0,0,-0.635407,0.7884,0.0149724,0.0185547,-0.614701,1,0,0,0,1,0,0,0,0.706292,-0.0339281,-0.0339281,-0.706292,0.706422,0.0311027,0.0311027,-0.706423,1,0,0,0,1,0,0,0,0.707107,0,0,0.707107,0.707107,0,0,0.707107,0.030773229850746268,0.026950777204884667,0.14073953324287652,0.03077318588873813,0.02637720488466757,-0.1345233052917232,-1.25776184531886e-07,0.2260570420624152,0.12156638263229308,-1.6770187245590232e-07,0.225630170963365,-0.11694333785617367,-4.1925424151967434e-08,0.6089529443690638,0.0846945671641791,-6.2888092265943e-08,0.608807869742198,-0.08313611397557666,0.0,0.8740218724559022,0.0,0.0,1.0322851017639079,0.0,0.0,1.2169255359565807,0.0,0.027082795115332427,1.1492196472184533,0.16705563093622794,0.03426886892808684,1.15099131614654,-0.17376071641791044,0.07701660244233378,0.8946928086838535,0.16705563093622794,0.09745190230664857,0.899730854816825,-0.18612371234735414,0.0,1.436735576662144,0.0,0,0,0,0,0,0,0,0,0,0,0,-0.883663,0.0176563,-0.00789195,-0.839996,0,0,0,0,0,0,0,0,0,0,0,0,0,0,0,0,0,0,0,0,0,0,0,0,0.008474248575305291,0.857729552238806,-0.00022589789959294438,0,1,0,0,0,0,0,0,0.0,0.0,0.0,0,0,0
1,0,0,0,1,0,0,0,1,0,0,0,0.763098,0,0,-0.646283,0.780049,0.0151889,0.0183811,-0.625264,1,0,0,0,1,0,0,0,0.706292,-0.0339281,-0.0339281,-0.706292,0.706422,0.0311027,0.0311027,-0.706423,1,0,0,0,1,0,0,0,0.707107,0,0,0.707107,0.707107,0,0,0.707107,0.030773229850746268,0.026950777204884667,0.14073953324287652,0.03077318588873813,0.02637720488466757,-0.1345233052917232,-1.25776184531886e-07,0.2260570420624152,0.12156638263229308,-1.6770187245590232e-07,0.225630170963365,-0.11694333785617367,-4.1925424151967434e-08,0.6089529443690638,0.0846945671641791,-6.2888092265943e-08,0.608807869742198,-0.08313611397557666,0.0,0.8740218724559022,0.0,0.0,1.0322851017639079,0.0,0.0,1.2169255359565807,0.0,0.023160856445047492,1.1485074626865672,0.16705563093622794,0.0305856,1.1501164721845318,-0.17376203527815468,0.06586344097693352,0.8926705563093622,0.16705563093622794,0.08697795386702849,0.8972470013568521,-0.1861263500678426,0.0,1.436735576662144,0.0,0,0,0,0,0,0,0,0,0,0,0,-0.850056,0.017041,-0.00753265,-0.807956,0,0,0,0,0,0,0,0,0,0,0,0,0,0,0,0,0,0,0,0,0,0,0,0,0.007593293894165535,0.8575493080054274,-0.00022600340841248302,0,1,0,0,0,0,0,0,0.0,0.0,0.0,0,0,0
1,0,0,0,1,0,0,0,1,0,0,0,0.754256,0,0,-0.656581,0.771917,0.0153951,0.0182157,-0.635275,1,0,0,0,1,0,0,0,0.706292,-0.0339281,-0.0339281,-0.706292,0.706422,0.0311027,0.0311027,-0.706423,1,0,0,0,1,0,0,0,0.707107,0,0,0.707107,0.707107,0,0,0.707107,0.030773229850746268,0.026950777204884667,0.14073953324287652,0.03077318588873813,0.02637720488466757,-0.1345233052917232,-1.25776184531886e-07,0.2260570420624152,0.12156638263229308,-1.6770187245590232e-07,0.225630170963365,-0.11694333785617367,-4.1925424151967434e-08,0.6089529443690638,0.0846945671641791,-6.2888092265943e-08,0.608807869742198,-0.08313611397557666,0.0,0.8740218724559022,0.0,0.0,1.0322851017639079,0.0,0.0,1.2169255359565807,0.0,0.019386058616010855,1.1479271641791045,0.16705563093622794,0.02703654708276798,1.149373514246947,-0.1737633541383989,0.05512923744911804,0.8910263772048846,0.16705563093622794,0.07688515603799186,0.8951324287652646,-0.18613118588873812,0.0,1.436735576662144,0.0,0,0,0,0,0,0,0,0,0,0,0,-0.814376,0.0163935,-0.00714462,-0.773928,0,0,0,0,0,0,0,0,0,0,0,0,0,0,0,0,0,0,0,0,0,0,0,0,0.006744959023066486,0.8573954409769335,-0.00022619376390773405,0,1,0,0,0,0,0,0,0.0,0.0,0.0,0,0,0
1,0,0,0,1,0,0,0,1,0,0,0,0.745694,0,0,-0.666288,0.764044,0.0155908,0.0180589,-0.644723,1,0,0,0,1,0,0,0,0.706292,-0.0339281,-0.0339281,-0.706292,0.706422,0.0311027,0.0311027,-0.706423,1,0,0,0,1,0,0,0,0.707107,0,0,0.707107,0.707107,0,0,0.707107,0.030773229850746268,0.026950821166892812,0.14073953324287652,0.03077318588873813,0.02637720488466757,-0.1345233052917232,-1.25776184531886e-07,0.2260570420624152,0.12156638263229308,-1.6770187245590232e-07,0.225630170963365,-0.11694333785617367,-4.1925424151967434e-08,0.6089529443690638,0.0846945671641791,-6.2888092265943e-08,0.608807869742198,-0.08313611397557666,0.0,0.8740218724559022,0.0,0.0,1.0322851017639079,0.0,0.0,1.2169255359565807,0.0,0.015772953052917232,1.1474743554952511,0.16705563093622794,0.023635821981004067,1.1487492537313433,-0.1737659918588874,0.04485443690637721,0.889733894165536,0.16705563093622794,0.0672143934871099,0.8933607598371778,-0.1861377801899593,0.0,1.436735576662144,0.0,0,0,0,0,0,0,0,0,0,0,0,-0.776617,0.0157145,-0.00672765,-0.737911,0,0,0,0,0,0,0,0,-3.57628e-06,-2.23517e-07,0,0,0,0,0,0,0,0,0,0,3.57628e-06,0,0,3.57628e-06,0.005932541112618725,0.8572679511533242,-0.00022646940569877883,0,1,0,0,0,0,0,0,0.0,0.0,0.0,0,0,0
1,0,0,0,1,0,0,0,1,0,0,0,0.737456,0,0,-0.675395,0.756469,0.015776,0.0179116,-0.653593,1,0,0,0,1,0,0,0,0.706292,-0.0339281,-0.0339281,-0.706292,0.706422,0.0311027,0.0311027,-0.706423,1,0,0,0,1,0,0,0,0.707107,0,0,0.707107,0.707107,0,0,0.707107,0.030773229850746268,0.026950821166892812,0.14073953324287652,0.03077318588873813,0.02637720488466757,-0.1345233052917232,-1.25776184531886e-07,0.2260570420624152,0.12156638263229308,-1.6770187245590232e-07,0.225630170963365,-0.11694333785617367,-4.1925424151967434e-08,0.6089529443690638,0.0846945671641791,-6.2888092265943e-08,0.608807869742198,-0.08313611397557666,0.0,0.8740218724559022,0.0,0.0,1.0322851017639079,0.0,0.0,1.2169255359565807,0.0,0.012335255902306648,1.147127055630936,0.16705563093622794,0.02039696499321574,1.1482348982360924,-0.17376906919945725,0.035078341383989145,0.8887535413839891,0.16705563093622794,0.0580039131614654,0.8919012211668929,-0.1861465725915875,0.0,1.436735576662144,0.0,0,0,0,0,0,0,0,0,0,0,0,-0.736803,0.0150042,-0.00628184,-0.69991,0,0,0,0,0,0,0,0,0,0,0,0,0,0,0,0,0,0,0,0,0,0,0,0,0.005159161465400271,0.8571712347354139,-0.00022683033378561736,0,1,0,0,0,0,0,0,0.0,0.0,0.0,0,0,0
1,0,0,0,1,0,0,0,1,0,0,0,0.729585,0,0,-0.68389,0.749233,0.0159505,0.0177742,-0.661875,1,0,0,0,1,0,0,0,0.706292,-0.0339281,-0.0339281,-0.706292,0.706422,0.0311027,0.0311027,-0.706423,1,0,0,0,1,0,0,0,0.707107,0,0,0.707107,0.707107,0,0,0.707107,0.030773229850746268,0.026950777204884667,0.14073953324287652,0.03077318588873813,0.02637720488466757,-0.1345233052917232,-1.25776184531886e-07,0.2260570420624152,0.12156638263229308,-1.6770187245590232e-07,0.225630170963365,-0.11694333785617367,-4.1925424151967434e-08,0.6089529443690638,0.0846945671641791,-6.2888092265943e-08,0.608807869742198,-0.08313611397557666,0.0,0.8740218724559022,0.0,0.0,1.0322851017639079,0.0,0.0,1.2169255359565807,0.0,0.009086243690637721,1.146880868385346,0.16705563093622794,0.017332988873812755,1.147821655359566,-0.17377302578018997,0.02583897801899593,0.8880457530529172,0.16705563093622794,0.04929064314789688,0.8907186431478968,-0.1861575630936228,0.0,1.436735576662144,0.0,0,0,0,0,0,0,0,0,0,0,0,-0.694889,0.0142615,-0.00580709,-0.659906,0,0,0,0,0,0,0,0,3.57628e-06,0,0,0,0,0,0,0,0,0,0,0,-3.57628e-06,0,0,-3.57628e-06,0.004427897421981004,0.8570921031207599,-0.00022727391044776119,0,1,0,0,0,0,0,0,0.0,0.0,0.0,0,0,0
1,0,0,0,1,0,0,0,1,0,0,0,0.722123,0,0,-0.691765,0.742375,0.0161143,0.0176475,-0.669558,1,0,0,0,1,0,0,0,0.706292,-0.0339281,-0.0339281,-0.706292,0.706422,0.0311027,0.0311027,-0.706422,1,0,0,0,1,0,0,0,0.707107,0,0,0.707107,0.707107,0,0,0.707107,0.030773229850746268,0.026950733242876525,0.14073953324287652,0.03077327381275441,0.02637720488466757,-0.1345233052917232,-1.25776184531886e-07,0.2260570420624152,0.12156638263229308,-1.048137801899593e-07,0.225630170963365,-0.11694333785617367,-4.1925424151967434e-08,0.6089529443690638,0.0846945671641791,-4.1925424151967434e-08,0.608807869742198,-0.08313611397557666,0.0,0.8740218724559022,0.0,0.0,1.0322851017639079,0.0,0.0,1.2169255359565807,0.0,0.006038313704206242,1.146718208955224,0.16705563093622794,0.01445629090909091,1.1474919402985075,-0.17377742198100407,0.017171472455902306,0.8875797557666214,0.16705563093622794,0.04111010474898236,0.8897866485753052,-0.18617075169606515,0.0,1.436735576662144,0.0,0,0,0,0,0,0,0,0,0,0,0,-0.650929,0.013488,-0.00530351,-0.617927,0,0,0,0,0,0,0,0,0,0,0,3.57628e-06,0,0,0,0,0,0,0,0,0,0,0,0,0.0037416372862957934,0.8570349525101765,-0.00022780145454545455,0,1,0,0,0,0,0,0,0.0,-2.5155280868385346e-06,0.0,0,0,0
1,0,0,0,1,0,0,0,1,0,0,0,0.715112,0,0,-0.69901,0.735934,0.0162673,0.017532,-0.67663,1,0,0,0,1,0,0,0,0.706292,-0.0339281,-0.0339281,-0.706292,0.706422,0.0311027,0.0311027,-0.706422,1,0,0,0,1,0,0,0,0.707107,0,0,0.707107,0.707107,0,0,0.707107,0.030773229850746268,0.026950733242876525,0.14073953324287652,0.03077327381275441,0.02637720488466757,-0.1345233052917232,-1.25776184531886e-07,0.2260570420624152,0.12156638263229308,-1.048137801899593e-07,0.225630170963365,-0.11694333785617367,-4.1925424151967434e-08,0.6089529443690638,0.0846945671641791,-4.1925424151967434e-08,0.608807869742198,-0.08313611397557666,0.0,0.8740218724559022,0.0,0.0,1.0322851017639079,0.0,0.0,1.2169255359565807,0.0,0.0032034367978290364,1.1466214925373135,0.16705563093622794,0.011778652917232022,1.1472413568521032,-0.173782697421981,0.009109763364993214,0.8873159837177749,0.16705563093622794,0.03349557720488466,0.8890744640434193,-0.1861856987788331,0.0,1.436735576662144,0.0,0,0,0,0,0,0,0,0,0,0,0,-0.604881,0.0126822,-0.00477109,-0.573968,0,0,0,0,0,0,0,0,0,0,0,0,0,0,0,0,0,0,0,0,0,0,0,0,0.0031031067028493894,0.8569953867028494,-0.00022841516417910446,0,1,0,0,0,0,0,0,0.0,0.0,0.0,0,0,0
1,0,0,0,1,0,0,0,1,0,0,0,0.708595,0,0,-0.705615,0.729949,0.0164095,0.0174283,-0.683082,1,0,0,0,1,0,0,0,0.706292,-0.0339281,-0.0339281,-0.706292,0.706422,0.0311027,0.0311027,-0.706422,1,0,0,0,1,0,0,0,0.707107,0,0,0.707107,0.707107,0,0,0.707107,0.030773229850746268,0.026950733242876525,0.14073953324287652,0.03077327381275441,0.02637720488466757,-0.1345233052917232,-1.25776184531886e-07,0.2260570420624152,0.12156638263229308,-1.048137801899593e-07,0.225630170963365,-0.11694333785617367,-4.1925424151967434e-08,0.6089529443690638,0.0846945671641791,-4.1925424151967434e-08,0.608807869742198,-0.08313611397557666,0.0,0.8740218724559022,0.0,0.0,1.0322851017639079,0.0,0.0,1.2169255359565807,0.0,0.0005929287924016282,1.1465863229308004,0.16705563093622794,0.009311636906377204,1.1470567164179104,-0.17378885210312076,0.001686145237449118,0.8872148710990502,0.16705563093622794,0.02647990013568521,0.8885469199457259,-0.18620284396200815,0.0,1.436735576662144,0.0,0,0,0,0,0,0,0,0,0,0,0,-0.556755,0.0118449,-0.00420973,-0.528005,0,0,0,0,0,0,0,0,0,0,0,0,0,0,0,0,0,0,0,0,0,0,0,0,0.0025149565807327003,0.8569690094979647,-0.0002291167978290366,0,1,0,0,0,0,0,0,0.0,0.0,0.0,0,0,0
1,0,0,0,1,0,0,0,1,0,0,0,0.702613,0,0,-0.711572,0.724459,0.016541,0.0173371,-0.688901,1,0,0,0,1,0,0,0,0.706292,-0.0339281,-0.0339281,-0.706292,0.706422,0.0311027,0.0311027,-0.706422,1,0,0,0,1,0,0,0,0.707107,0,0,0.707107,0.707107,0,0,0.707107,0.030773229850746268,0.026950733242876525,0.14073953324287652,0.03077327381275441,0.02637720488466757,-0.1345233052917232,-1.25776184531886e-07,0.2260570420624152,0.12156638263229308,-1.048137801899593e-07,0.225630170963365,-0.11694333785617367,-4.1925424151967434e-08,0.6089529443690638,0.0846945671641791,-4.1925424151967434e-08,0.608807869742198,-0.08313611397557666,0.0,0.8740218724559022,0.0,0.0,1.0322851017639079,0.0,0.0,1.2169255359565807,0.0,-0.0017824616010854817,1.146599511533243,0.16705563093622794,0.007066057530529173,1.1469248303934871,-0.17379544640434194,-0.005068863500678426,0.8872412483039348,0.16705563093622794,0.020094110719131614,0.8881776390773405,-0.18622218724559023,0.0,1.436735576662144,0.0,0,0,0,0,0,0,0,0,0,0,0,-0.506566,0.0109763,-0.00361953,-0.480051,0,0,0,0,0,0,0,0,0,0,0,0,0,0,0,0,0,0,0,0,0,0,0,0,0.0019796971506105833,0.8569558208955224,-0.00022990811397557667,0,1,0,0,0,0,0,0,0.0,0.0,0.0,0,0,0
1,0,0,0,1,0,0,0,1,0,0,0,0.697205,0,0,-0.716872,0.7195,0.0166615,0.017259,-0.694078,1,0,0,0,1,0,0,0,0.706292,-0.0339281,-0.0339281,-0.706292,0.706422,0.0311027,0.0311027,-0.706422,1,0,0,0,1,0,0,0,0.707107,0,0,0.707107,0.707107,0,0,0.707107,0.030773229850746268,0.026950733242876525,0.14073953324287652,0.03077327381275441,0.02637720488466757,-0.1345233052917232,-1.25776184531886e-07,0.2260570420624152,0.12156638263229308,-1.048137801899593e-07,0.225630170963365,-0.11694333785617367,-4.1925424151967434e-08,0.6089529443690638,0.0846945671641791,-4.1925424151967434e-08,0.608807869742198,-0.08313611397557666,0.0,0.8740218724559022,0.0,0.0,1.0322851017639079,0.0,0.0,1.2169255359565807,0.0,-0.003912293405698779,1.146643473541384,0.16705563093622794,0.005052465671641791,1.1468413025780189,-0.17380335956580734,-0.011125597286295794,0.88736434192673,0.16705563093622794,0.014368015196743555,0.8879314518317504,-0.1862441682496608,0.0,1.436735576662144,0.0,0,0,0,0,0,0,0,0,0,0,0,-0.454295,0.0100757,-0.00300072,-0.430126,0,0,0,0,0,0,0,0,0,0,0,0,0,0,0,0,0,0,0,0,0,0,0,0,0.0014997507191316145,0.8569514246947082,-0.00023078867299864314,1,1,0,0,0,0,0,0,0.0,0.0,0.0,0,0,0
